{"type":"FeatureCollection","features":[{"type":"Feature","properties":{"Type":"OTF","PlateA":"AF","PlateB":"AN"},"geometry":{"type":"LineString","coordinates":[[-0.44,-54.85],[-0.04,-54.68]]}},{"type":"Feature","properties":{"Type":"OTF","PlateA":"AF","PlateB":"AN"},"geometry":{"type":"LineString","coordinates":[[-0.04,-54.68],[0.44,-54.45]]}},{"type":"Feature","properties":{"Type":"OSR","PlateA":"AF","PlateB":"AN"},"geometry":{"type":"LineString","coordinates":[[0.44,-54.45],[0.97,-54.83]]}},{"type":"Feature","properties":{"Type":"OTF","PlateA":"AF","PlateB":"AN"},"geometry":{"type":"LineString","coordinates":[[0.97,-54.83],[1.7,-54.4]]}},{"type":"Feature","properties":{"Type":"OTF","PlateA":"AF","PlateB":"AN"},"geometry":{"type":"LineString","coordinates":[[1.7,-54.4],[2.36,-54.04]]}},{"type":"Feature","properties":{"Type":"OTF","PlateA":"AF","PlateB":"AN"},"geometry":{"type":"LineString","coordinates":[[2.36,-54.04],[3.03,-53.65]]}},{"type":"Feature","properties":{"Type":"OSR","PlateA":"AF","PlateB":"AN"},"geometry":{"type":"LineString","coordinates":[[3.03,-53.65],[3.37,-53.83]]}},{"type":"Feature","properties":{"Type":"OSR","PlateA":"AF","PlateB":"AN"},"geometry":{"type":"LineString","coordinates":[[3.37,-53.83],[3.96,-54.13]]}},{"type":"Feature","properties":{"Type":"OSR","PlateA":"AF","PlateB":"AN"},"geometry":{"type":"LineString","coordinates":[[3.96,-54.13],[4.42,-54.43]]}},{"type":"Feature","properties":{"Type":"OTF","PlateA":"AF","PlateB":"AN"},"geometry":{"type":"LineString","coordinates":[[4.42,-54.43],[4.83,-54.16]]}},{"type":"Feature","properties":{"Type":"OSR","PlateA":"AF","PlateB":"AN"},"geometry":{"type":"LineString","coordinates":[[4.83,-54.16],[5.08,-54.31]]}},{"type":"Feature","properties":{"Type":"OSR","PlateA":"AF","PlateB":"AN"},"geometry":{"type":"LineString","coordinates":[[5.08,-54.31],[5.5,-54.54]]}},{"type":"Feature","properties":{"Type":"OTF","PlateA":"AF","PlateB":"AN"},"geometry":{"type":"LineString","coordinates":[[5.5,-54.54],[6.18,-54.11]]}},{"type":"Feature","properties":{"Type":"OTF","PlateA":"AF","PlateB":"AN"},"geometry":{"type":"LineString","coordinates":[[6.18,-54.11],[6.63,-53.81]]}},{"type":"Feature","properties":{"Type":"OSR","PlateA":"AF","PlateB":"AN"},"geometry":{"type":"LineString","coordinates":[[6.63,-53.81],[7.24,-54.1]]}},{"type":"Feature","properties":{"Type":"OSR","PlateA":"AF","PlateB":"AN"},"geometry":{"type":"LineString","coordinates":[[7.24,-54.1],[7.77,-54.4]]}},{"type":"Feature","properties":{"Type":"OTF","PlateA":"AF","PlateB":"AN"},"geometry":{"type":"LineString","coordinates":[[7.77,-54.4],[8.29,-54.03]]}},{"type":"Feature","properties":{"Type":"OTF","PlateA":"AF","PlateB":"AN"},"geometry":{"type":"LineString","coordinates":[[8.29,-54.03],[8.8,-53.67]]}},{"type":"Feature","properties":{"Type":"OTF","PlateA":"AF","PlateB":"AN"},"geometry":{"type":"LineString","coordinates":[[8.8,-53.67],[9.43,-53.23]]}},{"type":"Feature","properties":{"Type":"OTF","PlateA":"AF","PlateB":"AN"},"geometry":{"type":"LineString","coordinates":[[9.43,-53.23],[9.99,-52.79]]}},{"type":"Feature","properties":{"Type":"OSR","PlateA":"AF","PlateB":"AN"},"geometry":{"type":"LineString","coordinates":[[9.99,-52.79],[10.54,-53.06]]}},{"type":"Feature","properties":{"Type":"OSR","PlateA":"AF","PlateB":"AN"},"geometry":{"type":"LineString","coordinates":[[10.54,-53.06],[10.98,-53.33]]}},{"type":"Feature","properties":{"Type":"OTF","PlateA":"AF","PlateB":"AN"},"geometry":{"type":"LineString","coordinates":[[10.98,-53.33],[11.71,-52.78]]}},{"type":"Feature","properties":{"Type":"OTF","PlateA":"AF","PlateB":"AN"},"geometry":{"type":"LineString","coordinates":[[11.71,-52.78],[12.3,-52.37]]}},{"type":"Feature","properties":{"Type":"OTF","PlateA":"AF","PlateB":"AN"},"geometry":{"type":"LineString","coordinates":[[12.3,-52.37],[12.9,-51.96]]}},{"type":"Feature","properties":{"Type":"OSR","PlateA":"AF","PlateB":"AN"},"geometry":{"type":"LineString","coordinates":[[12.9,-51.96],[13.2,-52.14]]}},{"type":"Feature","properties":{"Type":"OSR","PlateA":"AF","PlateB":"AN"},"geometry":{"type":"LineString","coordinates":[[13.2,-52.14],[13.79,-52.48]]}},{"type":"Feature","properties":{"Type":"OTF","PlateA":"AF","PlateB":"AN"},"geometry":{"type":"LineString","coordinates":[[13.79,-52.48],[14.46,-52]]}},{"type":"Feature","properties":{"Type":"OSR","PlateA":"AF","PlateB":"AN"},"geometry":{"type":"LineString","coordinates":[[14.46,-52],[15.11,-52.31]]}},{"type":"Feature","properties":{"Type":"OTF","PlateA":"AF","PlateB":"AN"},"geometry":{"type":"LineString","coordinates":[[15.11,-52.31],[15.43,-52.08]]}},{"type":"Feature","properties":{"Type":"OTF","PlateA":"AF","PlateB":"AN"},"geometry":{"type":"LineString","coordinates":[[15.43,-52.08],[15.82,-51.79]]}},{"type":"Feature","properties":{"Type":"OSR","PlateA":"AF","PlateB":"AN"},"geometry":{"type":"LineString","coordinates":[[15.82,-51.79],[16.91,-52.17]]}},{"type":"Feature","properties":{"Type":"OSR","PlateA":"AF","PlateB":"AN"},"geometry":{"type":"LineString","coordinates":[[16.91,-52.17],[17.81,-52.47]]}},{"type":"Feature","properties":{"Type":"OSR","PlateA":"AF","PlateB":"AN"},"geometry":{"type":"LineString","coordinates":[[17.81,-52.47],[18.54,-52.73]]}},{"type":"Feature","properties":{"Type":"OTF","PlateA":"AF","PlateB":"AN"},"geometry":{"type":"LineString","coordinates":[[18.54,-52.73],[18.71,-52.55]]}},{"type":"Feature","properties":{"Type":"OSR","PlateA":"AF","PlateB":"AN"},"geometry":{"type":"LineString","coordinates":[[18.71,-52.55],[19.99,-52.82]]}},{"type":"Feature","properties":{"Type":"OSR","PlateA":"AF","PlateB":"AN"},"geometry":{"type":"LineString","coordinates":[[19.99,-52.82],[21.25,-52.91]]}},{"type":"Feature","properties":{"Type":"OSR","PlateA":"AF","PlateB":"AN"},"geometry":{"type":"LineString","coordinates":[[21.25,-52.91],[22.5,-53.05]]}},{"type":"Feature","properties":{"Type":"OSR","PlateA":"AF","PlateB":"AN"},"geometry":{"type":"LineString","coordinates":[[22.5,-53.05],[23.08,-53.1]]}},{"type":"Feature","properties":{"Type":"OTF","PlateA":"AF","PlateB":"AN"},"geometry":{"type":"LineString","coordinates":[[23.08,-53.1],[23.02,-53.2]]}},{"type":"Feature","properties":{"Type":"OSR","PlateA":"AF","PlateB":"AN"},"geometry":{"type":"LineString","coordinates":[[23.02,-53.2],[23.89,-53.31]]}},{"type":"Feature","properties":{"Type":"OSR","PlateA":"AF","PlateB":"AN"},"geometry":{"type":"LineString","coordinates":[[23.89,-53.31],[24.69,-53.42]]}},{"type":"Feature","properties":{"Type":"OSR","PlateA":"AF","PlateB":"AN"},"geometry":{"type":"LineString","coordinates":[[24.69,-53.42],[24.87,-53.34]]}},{"type":"Feature","properties":{"Type":"OSR","PlateA":"AN","PlateB":"AF"},"geometry":{"type":"LineString","coordinates":[[32.13,-47],[31.87,-47.2]]}},{"type":"Feature","properties":{"Type":"OTF","PlateA":"AN","PlateB":"AF"},"geometry":{"type":"LineString","coordinates":[[31.87,-47.2],[31.59,-47.68]]}},{"type":"Feature","properties":{"Type":"OTF","PlateA":"AN","PlateB":"AF"},"geometry":{"type":"LineString","coordinates":[[31.59,-47.68],[31.31,-48.16]]}},{"type":"Feature","properties":{"Type":"OTF","PlateA":"AN","PlateB":"AF"},"geometry":{"type":"LineString","coordinates":[[31.31,-48.16],[31.01,-48.59]]}},{"type":"Feature","properties":{"Type":"OTF","PlateA":"AN","PlateB":"AF"},"geometry":{"type":"LineString","coordinates":[[31.01,-48.59],[30.71,-49.01]]}},{"type":"Feature","properties":{"Type":"OSR","PlateA":"AN","PlateB":"AF"},"geometry":{"type":"LineString","coordinates":[[30.71,-49.01],[30.36,-49.21]]}},{"type":"Feature","properties":{"Type":"OTF","PlateA":"AN","PlateB":"AF"},"geometry":{"type":"LineString","coordinates":[[30.36,-49.21],[30.01,-49.61]]}},{"type":"Feature","properties":{"Type":"OTF","PlateA":"AN","PlateB":"AF"},"geometry":{"type":"LineString","coordinates":[[30.01,-49.61],[29.71,-49.93]]}},{"type":"Feature","properties":{"Type":"OTF","PlateA":"AN","PlateB":"AF"},"geometry":{"type":"LineString","coordinates":[[29.71,-49.93],[29.34,-50.51]]}},{"type":"Feature","properties":{"Type":"OTF","PlateA":"AN","PlateB":"AF"},"geometry":{"type":"LineString","coordinates":[[29.34,-50.51],[28.97,-51.14]]}},{"type":"Feature","properties":{"Type":"OTF","PlateA":"AN","PlateB":"AF"},"geometry":{"type":"LineString","coordinates":[[28.97,-51.14],[28.61,-51.77]]}},{"type":"Feature","properties":{"Type":"OTF","PlateA":"AN","PlateB":"AF"},"geometry":{"type":"LineString","coordinates":[[28.61,-51.77],[28.4,-52.28]]}},{"type":"Feature","properties":{"Type":"OTF","PlateA":"AN","PlateB":"AF"},"geometry":{"type":"LineString","coordinates":[[28.4,-52.28],[28.31,-52.54]]}},{"type":"Feature","properties":{"Type":"OTF","PlateA":"AN","PlateB":"AF"},"geometry":{"type":"LineString","coordinates":[[28.31,-52.54],[28.11,-52.9]]}},{"type":"Feature","properties":{"Type":"OSR","PlateA":"AN","PlateB":"AF"},"geometry":{"type":"LineString","coordinates":[[28.11,-52.9],[27.48,-52.77]]}},{"type":"Feature","properties":{"Type":"OSR","PlateA":"AN","PlateB":"AF"},"geometry":{"type":"LineString","coordinates":[[27.48,-52.77],[27.37,-52.67]]}},{"type":"Feature","properties":{"Type":"OSR","PlateA":"AN","PlateB":"AF"},"geometry":{"type":"LineString","coordinates":[[27.37,-52.67],[27.32,-52.55]]}},{"type":"Feature","properties":{"Type":"OSR","PlateA":"AN","PlateB":"AF"},"geometry":{"type":"LineString","coordinates":[[27.32,-52.55],[26.71,-52.38]]}},{"type":"Feature","properties":{"Type":"OTF","PlateA":"AN","PlateB":"AF"},"geometry":{"type":"LineString","coordinates":[[26.71,-52.38],[26.51,-52.62]]}},{"type":"Feature","properties":{"Type":"OTF","PlateA":"AN","PlateB":"AF"},"geometry":{"type":"LineString","coordinates":[[26.51,-52.62],[26.34,-53.06]]}},{"type":"Feature","properties":{"Type":"OTF","PlateA":"AN","PlateB":"AF"},"geometry":{"type":"LineString","coordinates":[[26.34,-53.06],[26.18,-53.43]]}},{"type":"Feature","properties":{"Type":"OTF","PlateA":"AN","PlateB":"AF"},"geometry":{"type":"LineString","coordinates":[[26.18,-53.43],[25.99,-53.58]]}},{"type":"Feature","properties":{"Type":"OSR","PlateA":"AN","PlateB":"AF"},"geometry":{"type":"LineString","coordinates":[[25.99,-53.58],[25.86,-53.48]]}},{"type":"Feature","properties":{"Type":"OSR","PlateA":"AN","PlateB":"AF"},"geometry":{"type":"LineString","coordinates":[[25.86,-53.48],[25.65,-53.41]]}},{"type":"Feature","properties":{"Type":"OSR","PlateA":"AN","PlateB":"AF"},"geometry":{"type":"LineString","coordinates":[[25.65,-53.41],[25.18,-53.44]]}},{"type":"Feature","properties":{"Type":"OSR","PlateA":"AN","PlateB":"AF"},"geometry":{"type":"LineString","coordinates":[[25.18,-53.44],[24.87,-53.34]]}},{"type":"Feature","properties":{"Type":"OSR","PlateA":"SO","PlateB":"AN"},"geometry":{"type":"LineString","coordinates":[[32.13,-47],[33.17,-47.26]]}},{"type":"Feature","properties":{"Type":"OTF","PlateA":"SO","PlateB":"AN"},"geometry":{"type":"LineString","coordinates":[[33.17,-47.26],[33.36,-46.81]]}},{"type":"Feature","properties":{"Type":"OTF","PlateA":"SO","PlateB":"AN"},"geometry":{"type":"LineString","coordinates":[[33.36,-46.81],[33.54,-46.35]]}},{"type":"Feature","properties":{"Type":"OSR","PlateA":"SO","PlateB":"AN"},"geometry":{"type":"LineString","coordinates":[[33.54,-46.35],[33.82,-45.98]]}},{"type":"Feature","properties":{"Type":"OSR","PlateA":"SO","PlateB":"AN"},"geometry":{"type":"LineString","coordinates":[[33.82,-45.98],[33.98,-46.08]]}},{"type":"Feature","properties":{"Type":"OSR","PlateA":"SO","PlateB":"AN"},"geometry":{"type":"LineString","coordinates":[[33.98,-46.08],[34.09,-46.09]]}},{"type":"Feature","properties":{"Type":"OSR","PlateA":"SO","PlateB":"AN"},"geometry":{"type":"LineString","coordinates":[[34.09,-46.09],[34.27,-46.21]]}},{"type":"Feature","properties":{"Type":"OSR","PlateA":"SO","PlateB":"AN"},"geometry":{"type":"LineString","coordinates":[[34.27,-46.21],[34.5,-46.22]]}},{"type":"Feature","properties":{"Type":"OSR","PlateA":"SO","PlateB":"AN"},"geometry":{"type":"LineString","coordinates":[[34.5,-46.22],[34.7,-45.97]]}},{"type":"Feature","properties":{"Type":"OTF","PlateA":"SO","PlateB":"AN"},"geometry":{"type":"LineString","coordinates":[[34.7,-45.97],[34.87,-45.47]]}},{"type":"Feature","properties":{"Type":"OTF","PlateA":"SO","PlateB":"AN"},"geometry":{"type":"LineString","coordinates":[[34.87,-45.47],[35.01,-45.11]]}},{"type":"Feature","properties":{"Type":"OSR","PlateA":"SO","PlateB":"AN"},"geometry":{"type":"LineString","coordinates":[[35.01,-45.11],[35.18,-44.85]]}},{"type":"Feature","properties":{"Type":"OSR","PlateA":"SO","PlateB":"AN"},"geometry":{"type":"LineString","coordinates":[[35.18,-44.85],[35.66,-44.87]]}},{"type":"Feature","properties":{"Type":"OSR","PlateA":"SO","PlateB":"AN"},"geometry":{"type":"LineString","coordinates":[[35.66,-44.87],[35.97,-44.96]]}},{"type":"Feature","properties":{"Type":"OSR","PlateA":"SO","PlateB":"AN"},"geometry":{"type":"LineString","coordinates":[[35.97,-44.96],[36.3,-44.97]]}},{"type":"Feature","properties":{"Type":"OSR","PlateA":"SO","PlateB":"AN"},"geometry":{"type":"LineString","coordinates":[[36.3,-44.97],[36.68,-44.92]]}},{"type":"Feature","properties":{"Type":"OSR","PlateA":"SO","PlateB":"AN"},"geometry":{"type":"LineString","coordinates":[[36.68,-44.92],[37.09,-44.8]]}},{"type":"Feature","properties":{"Type":"OSR","PlateA":"SO","PlateB":"AN"},"geometry":{"type":"LineString","coordinates":[[37.09,-44.8],[37.51,-44.87]]}},{"type":"Feature","properties":{"Type":"OSR","PlateA":"SO","PlateB":"AN"},"geometry":{"type":"LineString","coordinates":[[37.51,-44.87],[38.08,-44.62]]}},{"type":"Feature","properties":{"Type":"OTF","PlateA":"SO","PlateB":"AN"},"geometry":{"type":"LineString","coordinates":[[38.08,-44.62],[38.19,-44.4]]}},{"type":"Feature","properties":{"Type":"OTF","PlateA":"SO","PlateB":"AN"},"geometry":{"type":"LineString","coordinates":[[38.19,-44.4],[38.34,-44.05]]}},{"type":"Feature","properties":{"Type":"OSR","PlateA":"SO","PlateB":"AN"},"geometry":{"type":"LineString","coordinates":[[38.34,-44.05],[39.07,-44.16]]}},{"type":"Feature","properties":{"Type":"OTF","PlateA":"SO","PlateB":"AN"},"geometry":{"type":"LineString","coordinates":[[39.07,-44.16],[39.27,-43.73]]}},{"type":"Feature","properties":{"Type":"OTF","PlateA":"SO","PlateB":"AN"},"geometry":{"type":"LineString","coordinates":[[39.27,-43.73],[39.46,-43.29]]}},{"type":"Feature","properties":{"Type":"OSR","PlateA":"SO","PlateB":"AN"},"geometry":{"type":"LineString","coordinates":[[39.46,-43.29],[40.51,-43.44]]}},{"type":"Feature","properties":{"Type":"OSR","PlateA":"SO","PlateB":"AN"},"geometry":{"type":"LineString","coordinates":[[40.51,-43.44],[41.56,-43.58]]}},{"type":"Feature","properties":{"Type":"OTF","PlateA":"SO","PlateB":"AN"},"geometry":{"type":"LineString","coordinates":[[41.56,-43.58],[41.69,-43.12]]}},{"type":"Feature","properties":{"Type":"OTF","PlateA":"SO","PlateB":"AN"},"geometry":{"type":"LineString","coordinates":[[41.69,-43.12],[41.81,-42.65]]}},{"type":"Feature","properties":{"Type":"OSR","PlateA":"SO","PlateB":"AN"},"geometry":{"type":"LineString","coordinates":[[41.81,-42.65],[42.47,-42.73]]}},{"type":"Feature","properties":{"Type":"OTF","PlateA":"SO","PlateB":"AN"},"geometry":{"type":"LineString","coordinates":[[42.47,-42.73],[42.57,-42.26]]}},{"type":"Feature","properties":{"Type":"OTF","PlateA":"SO","PlateB":"AN"},"geometry":{"type":"LineString","coordinates":[[42.57,-42.26],[42.67,-41.79]]}},{"type":"Feature","properties":{"Type":"OTF","PlateA":"SO","PlateB":"AN"},"geometry":{"type":"LineString","coordinates":[[42.67,-41.79],[42.77,-41.32]]}},{"type":"Feature","properties":{"Type":"OTF","PlateA":"SO","PlateB":"AN"},"geometry":{"type":"LineString","coordinates":[[42.77,-41.32],[42.87,-40.85]]}},{"type":"Feature","properties":{"Type":"OSR","PlateA":"SO","PlateB":"AN"},"geometry":{"type":"LineString","coordinates":[[42.87,-40.85],[44.01,-40.91]]}},{"type":"Feature","properties":{"Type":"OTF","PlateA":"SO","PlateB":"AN"},"geometry":{"type":"LineString","coordinates":[[44.01,-40.91],[44.02,-40.67]]}},{"type":"Feature","properties":{"Type":"OSR","PlateA":"SO","PlateB":"AN"},"geometry":{"type":"LineString","coordinates":[[44.02,-40.67],[44.69,-40.69]]}},{"type":"Feature","properties":{"Type":"OTF","PlateA":"SO","PlateB":"AN"},"geometry":{"type":"LineString","coordinates":[[44.69,-40.69],[44.72,-40.37]]}},{"type":"Feature","properties":{"Type":"OSR","PlateA":"SO","PlateB":"AN"},"geometry":{"type":"LineString","coordinates":[[44.72,-40.37],[45.3,-40.37]]}},{"type":"Feature","properties":{"Type":"OTF","PlateA":"SO","PlateB":"AN"},"geometry":{"type":"LineString","coordinates":[[45.3,-40.37],[45.33,-40.11]]}},{"type":"Feature","properties":{"Type":"OSR","PlateA":"SO","PlateB":"AN"},"geometry":{"type":"LineString","coordinates":[[45.33,-40.11],[46.07,-40.12]]}},{"type":"Feature","properties":{"Type":"OTF","PlateA":"SO","PlateB":"AN"},"geometry":{"type":"LineString","coordinates":[[46.07,-40.12],[46.16,-39.49]]}},{"type":"Feature","properties":{"Type":"OTF","PlateA":"SO","PlateB":"AN"},"geometry":{"type":"LineString","coordinates":[[46.16,-39.49],[46.24,-38.87]]}},{"type":"Feature","properties":{"Type":"OSR","PlateA":"SO","PlateB":"AN"},"geometry":{"type":"LineString","coordinates":[[46.24,-38.87],[47.14,-38.76]]}},{"type":"Feature","properties":{"Type":"OSR","PlateA":"SO","PlateB":"AN"},"geometry":{"type":"LineString","coordinates":[[47.14,-38.76],[48.02,-38.65]]}},{"type":"Feature","properties":{"Type":"OTF","PlateA":"SO","PlateB":"AN"},"geometry":{"type":"LineString","coordinates":[[48.02,-38.65],[48.02,-38.48]]}},{"type":"Feature","properties":{"Type":"OSR","PlateA":"SO","PlateB":"AN"},"geometry":{"type":"LineString","coordinates":[[48.02,-38.48],[48.63,-38.01]]}},{"type":"Feature","properties":{"Type":"OSR","PlateA":"SO","PlateB":"AN"},"geometry":{"type":"LineString","coordinates":[[48.63,-38.01],[49.03,-38]]}},{"type":"Feature","properties":{"Type":"OTF","PlateA":"SO","PlateB":"AN"},"geometry":{"type":"LineString","coordinates":[[49.03,-38],[49.04,-37.79]]}},{"type":"Feature","properties":{"Type":"OSR","PlateA":"SO","PlateB":"AN"},"geometry":{"type":"LineString","coordinates":[[49.04,-37.79],[49.95,-37.79]]}},{"type":"Feature","properties":{"Type":"OTF","PlateA":"SO","PlateB":"AN"},"geometry":{"type":"LineString","coordinates":[[49.95,-37.79],[49.96,-37.6]]}},{"type":"Feature","properties":{"Type":"OSR","PlateA":"SO","PlateB":"AN"},"geometry":{"type":"LineString","coordinates":[[49.96,-37.6],[50.82,-37.58]]}},{"type":"Feature","properties":{"Type":"OTF","PlateA":"SO","PlateB":"AN"},"geometry":{"type":"LineString","coordinates":[[50.82,-37.58],[50.83,-37.45]]}},{"type":"Feature","properties":{"Type":"OSR","PlateA":"SO","PlateB":"AN"},"geometry":{"type":"LineString","coordinates":[[50.83,-37.45],[51.56,-37.44]]}},{"type":"Feature","properties":{"Type":"OSR","PlateA":"SO","PlateB":"AN"},"geometry":{"type":"LineString","coordinates":[[51.56,-37.44],[52.28,-37.43]]}},{"type":"Feature","properties":{"Type":"OTF","PlateA":"SO","PlateB":"AN"},"geometry":{"type":"LineString","coordinates":[[52.28,-37.43],[52.31,-36.8]]}},{"type":"Feature","properties":{"Type":"OTF","PlateA":"SO","PlateB":"AN"},"geometry":{"type":"LineString","coordinates":[[52.31,-36.8],[52.34,-36.16]]}},{"type":"Feature","properties":{"Type":"OSR","PlateA":"SO","PlateB":"AN"},"geometry":{"type":"LineString","coordinates":[[52.34,-36.16],[52.9,-36.15]]}},{"type":"Feature","properties":{"Type":"OSR","PlateA":"SO","PlateB":"AN"},"geometry":{"type":"LineString","coordinates":[[52.9,-36.15],[53.47,-36.14]]}},{"type":"Feature","properties":{"Type":"OTF","PlateA":"SO","PlateB":"AN"},"geometry":{"type":"LineString","coordinates":[[53.47,-36.14],[53.47,-35.52]]}},{"type":"Feature","properties":{"Type":"OSR","PlateA":"SO","PlateB":"AN"},"geometry":{"type":"LineString","coordinates":[[53.47,-35.52],[54.22,-35.3]]}},{"type":"Feature","properties":{"Type":"OTF","PlateA":"SO","PlateB":"AN"},"geometry":{"type":"LineString","coordinates":[[54.22,-35.3],[54.26,-34.54]]}},{"type":"Feature","properties":{"Type":"OSR","PlateA":"SO","PlateB":"AN"},"geometry":{"type":"LineString","coordinates":[[54.26,-34.54],[55.28,-34.56]]}},{"type":"Feature","properties":{"Type":"OTF","PlateA":"SO","PlateB":"AN"},"geometry":{"type":"LineString","coordinates":[[55.28,-34.56],[55.3,-34.29]]}},{"type":"Feature","properties":{"Type":"OSR","PlateA":"SO","PlateB":"AN"},"geometry":{"type":"LineString","coordinates":[[55.3,-34.29],[55.7,-34.23]]}},{"type":"Feature","properties":{"Type":"OTF","PlateA":"SO","PlateB":"AN"},"geometry":{"type":"LineString","coordinates":[[55.7,-34.23],[55.74,-33.65]]}},{"type":"Feature","properties":{"Type":"OSR","PlateA":"SO","PlateB":"AN"},"geometry":{"type":"LineString","coordinates":[[55.74,-33.65],[56.4,-33.63]]}},{"type":"Feature","properties":{"Type":"OSR","PlateA":"SO","PlateB":"AN"},"geometry":{"type":"LineString","coordinates":[[56.4,-33.63],[57.06,-33.55]]}},{"type":"Feature","properties":{"Type":"OTF","PlateA":"SO","PlateB":"AN"},"geometry":{"type":"LineString","coordinates":[[57.06,-33.55],[57.09,-32.83]]}},{"type":"Feature","properties":{"Type":"OTF","PlateA":"SO","PlateB":"AN"},"geometry":{"type":"LineString","coordinates":[[57.09,-32.83],[57.12,-32.3]]}},{"type":"Feature","properties":{"Type":"OTF","PlateA":"SO","PlateB":"AN"},"geometry":{"type":"LineString","coordinates":[[57.12,-32.3],[57.15,-31.77]]}},{"type":"Feature","properties":{"Type":"OSR","PlateA":"SO","PlateB":"AN"},"geometry":{"type":"LineString","coordinates":[[57.15,-31.77],[57.8,-31.72]]}},{"type":"Feature","properties":{"Type":"OSR","PlateA":"SO","PlateB":"AN"},"geometry":{"type":"LineString","coordinates":[[57.8,-31.72],[58.46,-31.69]]}},{"type":"Feature","properties":{"Type":"OTF","PlateA":"SO","PlateB":"AN"},"geometry":{"type":"LineString","coordinates":[[58.46,-31.69],[58.53,-31.05]]}},{"type":"Feature","properties":{"Type":"OSR","PlateA":"SO","PlateB":"AN"},"geometry":{"type":"LineString","coordinates":[[58.53,-31.05],[59.17,-31.05]]}},{"type":"Feature","properties":{"Type":"OTF","PlateA":"SO","PlateB":"AN"},"geometry":{"type":"LineString","coordinates":[[59.17,-31.05],[59.19,-30.57]]}},{"type":"Feature","properties":{"Type":"OSR","PlateA":"SO","PlateB":"AN"},"geometry":{"type":"LineString","coordinates":[[59.19,-30.57],[60.01,-30.56]]}},{"type":"Feature","properties":{"Type":"OSR","PlateA":"SO","PlateB":"AN"},"geometry":{"type":"LineString","coordinates":[[60.01,-30.56],[60.76,-30.53]]}},{"type":"Feature","properties":{"Type":"OTF","PlateA":"SO","PlateB":"AN"},"geometry":{"type":"LineString","coordinates":[[60.76,-30.53],[60.75,-30.01]]}},{"type":"Feature","properties":{"Type":"OSR","PlateA":"SO","PlateB":"AN"},"geometry":{"type":"LineString","coordinates":[[60.75,-30.01],[60.76,-30]]}},{"type":"Feature","properties":{"Type":"OTF","PlateA":"SO","PlateB":"AN"},"geometry":{"type":"LineString","coordinates":[[60.76,-30],[60.79,-29.46]]}},{"type":"Feature","properties":{"Type":"OTF","PlateA":"SO","PlateB":"AN"},"geometry":{"type":"LineString","coordinates":[[60.79,-29.46],[60.81,-28.93]]}},{"type":"Feature","properties":{"Type":"OSR","PlateA":"SO","PlateB":"AN"},"geometry":{"type":"LineString","coordinates":[[60.81,-28.93],[61.53,-28.92]]}},{"type":"Feature","properties":{"Type":"OTF","PlateA":"SO","PlateB":"AN"},"geometry":{"type":"LineString","coordinates":[[61.53,-28.92],[61.52,-28.78]]}},{"type":"Feature","properties":{"Type":"OSR","PlateA":"SO","PlateB":"AN"},"geometry":{"type":"LineString","coordinates":[[61.52,-28.78],[62.16,-28.81]]}},{"type":"Feature","properties":{"Type":"OTF","PlateA":"SO","PlateB":"AN"},"geometry":{"type":"LineString","coordinates":[[62.16,-28.81],[62.14,-28.49]]}},{"type":"Feature","properties":{"Type":"OSR","PlateA":"SO","PlateB":"AN"},"geometry":{"type":"LineString","coordinates":[[62.14,-28.49],[62.75,-28.46]]}},{"type":"Feature","properties":{"Type":"OTF","PlateA":"SO","PlateB":"AN"},"geometry":{"type":"LineString","coordinates":[[62.75,-28.46],[62.7,-28.15]]}},{"type":"Feature","properties":{"Type":"OSR","PlateA":"SO","PlateB":"AN"},"geometry":{"type":"LineString","coordinates":[[62.7,-28.15],[63.21,-28.16]]}},{"type":"Feature","properties":{"Type":"OTF","PlateA":"SO","PlateB":"AN"},"geometry":{"type":"LineString","coordinates":[[63.21,-28.16],[63.19,-28.02]]}},{"type":"Feature","properties":{"Type":"OSR","PlateA":"SO","PlateB":"AN"},"geometry":{"type":"LineString","coordinates":[[63.19,-28.02],[63.62,-28.04]]}},{"type":"Feature","properties":{"Type":"OTF","PlateA":"SO","PlateB":"AN"},"geometry":{"type":"LineString","coordinates":[[63.62,-28.04],[63.6,-27.83]]}},{"type":"Feature","properties":{"Type":"OSR","PlateA":"SO","PlateB":"AN"},"geometry":{"type":"LineString","coordinates":[[63.6,-27.83],[64.47,-27.82]]}},{"type":"Feature","properties":{"Type":"OSR","PlateA":"SO","PlateB":"AN"},"geometry":{"type":"LineString","coordinates":[[64.47,-27.82],[65.33,-27.81]]}},{"type":"Feature","properties":{"Type":"OTF","PlateA":"SO","PlateB":"AN"},"geometry":{"type":"LineString","coordinates":[[65.33,-27.81],[65.35,-27.51]]}},{"type":"Feature","properties":{"Type":"OSR","PlateA":"SO","PlateB":"AN"},"geometry":{"type":"LineString","coordinates":[[65.35,-27.51],[66.36,-27.51]]}},{"type":"Feature","properties":{"Type":"OTF","PlateA":"SO","PlateB":"AN"},"geometry":{"type":"LineString","coordinates":[[66.36,-27.51],[66.37,-27.28]]}},{"type":"Feature","properties":{"Type":"OSR","PlateA":"SO","PlateB":"AN"},"geometry":{"type":"LineString","coordinates":[[66.37,-27.28],[67.13,-27.27]]}},{"type":"Feature","properties":{"Type":"OTF","PlateA":"SO","PlateB":"AN"},"geometry":{"type":"LineString","coordinates":[[67.13,-27.27],[67.16,-26.87]]}},{"type":"Feature","properties":{"Type":"OSR","PlateA":"SO","PlateB":"AN"},"geometry":{"type":"LineString","coordinates":[[67.16,-26.87],[67.42,-26.87]]}},{"type":"Feature","properties":{"Type":"OTF","PlateA":"SO","PlateB":"AN"},"geometry":{"type":"LineString","coordinates":[[67.42,-26.87],[67.43,-26.57]]}},{"type":"Feature","properties":{"Type":"OSR","PlateA":"SO","PlateB":"AN"},"geometry":{"type":"LineString","coordinates":[[67.43,-26.57],[67.96,-26.58]]}},{"type":"Feature","properties":{"Type":"OTF","PlateA":"SO","PlateB":"AN"},"geometry":{"type":"LineString","coordinates":[[67.96,-26.58],[67.98,-26.29]]}},{"type":"Feature","properties":{"Type":"OSR","PlateA":"SO","PlateB":"AN"},"geometry":{"type":"LineString","coordinates":[[67.98,-26.29],[68.62,-26.26]]}},{"type":"Feature","properties":{"Type":"OTF","PlateA":"SO","PlateB":"AN"},"geometry":{"type":"LineString","coordinates":[[68.62,-26.26],[68.6,-26.12]]}},{"type":"Feature","properties":{"Type":"OSR","PlateA":"SO","PlateB":"AN"},"geometry":{"type":"LineString","coordinates":[[68.6,-26.12],[68.82,-26.14]]}},{"type":"Feature","properties":{"Type":"OTF","PlateA":"SO","PlateB":"AN"},"geometry":{"type":"LineString","coordinates":[[68.82,-26.14],[68.83,-26.01]]}},{"type":"Feature","properties":{"Type":"OSR","PlateA":"SO","PlateB":"AN"},"geometry":{"type":"LineString","coordinates":[[68.83,-26.01],[69.15,-25.99]]}},{"type":"Feature","properties":{"Type":"OTF","PlateA":"SO","PlateB":"AN"},"geometry":{"type":"LineString","coordinates":[[69.15,-25.99],[69.14,-25.78]]}},{"type":"Feature","properties":{"Type":"OSR","PlateA":"SO","PlateB":"AN"},"geometry":{"type":"LineString","coordinates":[[69.14,-25.78],[69.46,-25.78]]}},{"type":"Feature","properties":{"Type":"OTF","PlateA":"SO","PlateB":"AN"},"geometry":{"type":"LineString","coordinates":[[69.46,-25.78],[69.49,-25.68]]}},{"type":"Feature","properties":{"Type":"OSR","PlateA":"SO","PlateB":"AN"},"geometry":{"type":"LineString","coordinates":[[69.49,-25.68],[69.96,-25.65]]}},{"type":"Feature","properties":{"Type":"OSR","PlateA":"SO","PlateB":"IN"},"geometry":{"type":"LineString","coordinates":[[58.24,12.75],[57.87,13]]}},{"type":"Feature","properties":{"Type":"OSR","PlateA":"SO","PlateB":"IN"},"geometry":{"type":"LineString","coordinates":[[57.87,13],[57.64,13.14]]}},{"type":"Feature","properties":{"Type":"OCB","PlateA":"SO","PlateB":"IN"},"geometry":{"type":"LineString","coordinates":[[57.64,13.14],[57.73,13.31]]}},{"type":"Feature","properties":{"Type":"OCB","PlateA":"SO","PlateB":"IN"},"geometry":{"type":"LineString","coordinates":[[57.73,13.31],[57.81,13.45]]}},{"type":"Feature","properties":{"Type":"OSR","PlateA":"SO","PlateB":"IN"},"geometry":{"type":"LineString","coordinates":[[57.81,13.45],[57.69,13.52]]}},{"type":"Feature","properties":{"Type":"OSR","PlateA":"SO","PlateB":"IN"},"geometry":{"type":"LineString","coordinates":[[57.69,13.52],[57.48,13.64]]}},{"type":"Feature","properties":{"Type":"OSR","PlateA":"SO","PlateB":"IN"},"geometry":{"type":"LineString","coordinates":[[57.48,13.64],[57.3,13.74]]}},{"type":"Feature","properties":{"Type":"OTF","PlateA":"SO","PlateB":"IN"},"geometry":{"type":"LineString","coordinates":[[57.3,13.74],[57.3,13.77]]}},{"type":"Feature","properties":{"Type":"OSR","PlateA":"SO","PlateB":"IN"},"geometry":{"type":"LineString","coordinates":[[57.3,13.77],[57.14,13.85]]}},{"type":"Feature","properties":{"Type":"OSR","PlateA":"SO","PlateB":"IN"},"geometry":{"type":"LineString","coordinates":[[57.14,13.85],[56.97,13.94]]}},{"type":"Feature","properties":{"Type":"OCB","PlateA":"SO","PlateB":"IN"},"geometry":{"type":"LineString","coordinates":[[56.97,13.94],[57.04,14.07]]}},{"type":"Feature","properties":{"Type":"OSR","PlateA":"SO","PlateB":"IN"},"geometry":{"type":"LineString","coordinates":[[57.04,14.07],[56.9,14.14]]}},{"type":"Feature","properties":{"Type":"OSR","PlateA":"SO","PlateB":"IN"},"geometry":{"type":"LineString","coordinates":[[56.9,14.14],[56.76,14.21]]}},{"type":"Feature","properties":{"Type":"OCB","PlateA":"SO","PlateB":"IN"},"geometry":{"type":"LineString","coordinates":[[56.76,14.21],[56.82,14.3]]}},{"type":"Feature","properties":{"Type":"OSR","PlateA":"SO","PlateB":"IN"},"geometry":{"type":"LineString","coordinates":[[56.82,14.3],[56.27,14.62]]}},{"type":"Feature","properties":{"Type":"OTF","PlateA":"AU","PlateB":"SO"},"geometry":{"type":"LineString","coordinates":[[68.27,-6.81],[67.81,-7.25]]}},{"type":"Feature","properties":{"Type":"OSR","PlateA":"AU","PlateB":"SO"},"geometry":{"type":"LineString","coordinates":[[67.81,-7.25],[68.07,-7.65]]}},{"type":"Feature","properties":{"Type":"OTF","PlateA":"AU","PlateB":"SO"},"geometry":{"type":"LineString","coordinates":[[68.07,-7.65],[67.64,-8.03]]}},{"type":"Feature","properties":{"Type":"OSR","PlateA":"AU","PlateB":"SO"},"geometry":{"type":"LineString","coordinates":[[67.64,-8.03],[68.04,-8.49]]}},{"type":"Feature","properties":{"Type":"OTF","PlateA":"AU","PlateB":"SO"},"geometry":{"type":"LineString","coordinates":[[68.04,-8.49],[67.57,-8.88]]}},{"type":"Feature","properties":{"Type":"OTF","PlateA":"AU","PlateB":"SO"},"geometry":{"type":"LineString","coordinates":[[67.57,-8.88],[67.09,-9.27]]}},{"type":"Feature","properties":{"Type":"OSR","PlateA":"AU","PlateB":"SO"},"geometry":{"type":"LineString","coordinates":[[67.09,-9.27],[67.38,-9.63]]}},{"type":"Feature","properties":{"Type":"OTF","PlateA":"AU","PlateB":"SO"},"geometry":{"type":"LineString","coordinates":[[67.38,-9.63],[66.92,-9.99]]}},{"type":"Feature","properties":{"Type":"OTF","PlateA":"AU","PlateB":"SO"},"geometry":{"type":"LineString","coordinates":[[66.92,-9.99],[66.46,-10.35]]}},{"type":"Feature","properties":{"Type":"OSR","PlateA":"AU","PlateB":"SO"},"geometry":{"type":"LineString","coordinates":[[66.46,-10.35],[66.79,-10.76]]}},{"type":"Feature","properties":{"Type":"OTF","PlateA":"AU","PlateB":"SO"},"geometry":{"type":"LineString","coordinates":[[66.79,-10.76],[66.17,-11.21]]}},{"type":"Feature","properties":{"Type":"OSR","PlateA":"AU","PlateB":"SO"},"geometry":{"type":"LineString","coordinates":[[66.17,-11.21],[66.42,-11.56]]}},{"type":"Feature","properties":{"Type":"OTF","PlateA":"AU","PlateB":"SO"},"geometry":{"type":"LineString","coordinates":[[66.42,-11.56],[65.7,-12.02]]}},{"type":"Feature","properties":{"Type":"OSR","PlateA":"AU","PlateB":"SO"},"geometry":{"type":"LineString","coordinates":[[65.7,-12.02],[66.03,-12.43]]}},{"type":"Feature","properties":{"Type":"OSR","PlateA":"AU","PlateB":"SO"},"geometry":{"type":"LineString","coordinates":[[66.03,-12.43],[66.37,-12.83]]}},{"type":"Feature","properties":{"Type":"OTF","PlateA":"AU","PlateB":"SO"},"geometry":{"type":"LineString","coordinates":[[66.37,-12.83],[65.82,-13.27]]}},{"type":"Feature","properties":{"Type":"OSR","PlateA":"AU","PlateB":"SO"},"geometry":{"type":"LineString","coordinates":[[65.82,-13.27],[66.21,-13.78]]}},{"type":"Feature","properties":{"Type":"OTF","PlateA":"AU","PlateB":"SO"},"geometry":{"type":"LineString","coordinates":[[66.21,-13.78],[65.93,-13.98]]}},{"type":"Feature","properties":{"Type":"OSR","PlateA":"AU","PlateB":"SO"},"geometry":{"type":"LineString","coordinates":[[65.93,-13.98],[66.21,-14.34]]}},{"type":"Feature","properties":{"Type":"OSR","PlateA":"AU","PlateB":"SO"},"geometry":{"type":"LineString","coordinates":[[66.21,-14.34],[66.49,-14.7]]}},{"type":"Feature","properties":{"Type":"OSR","PlateA":"AU","PlateB":"SO"},"geometry":{"type":"LineString","coordinates":[[66.49,-14.7],[66.89,-15.27]]}},{"type":"Feature","properties":{"Type":"OSR","PlateA":"AU","PlateB":"SO"},"geometry":{"type":"LineString","coordinates":[[66.89,-15.27],[67.29,-15.82]]}},{"type":"Feature","properties":{"Type":"OSR","PlateA":"AU","PlateB":"SO"},"geometry":{"type":"LineString","coordinates":[[67.29,-15.82],[67.38,-15.94]]}},{"type":"Feature","properties":{"Type":"OTF","PlateA":"AU","PlateB":"SO"},"geometry":{"type":"LineString","coordinates":[[67.38,-15.94],[67.03,-16.14]]}},{"type":"Feature","properties":{"Type":"OSR","PlateA":"AU","PlateB":"SO"},"geometry":{"type":"LineString","coordinates":[[67.03,-16.14],[67.41,-16.66]]}},{"type":"Feature","properties":{"Type":"OTF","PlateA":"AU","PlateB":"SO"},"geometry":{"type":"LineString","coordinates":[[67.41,-16.66],[66.71,-17.09]]}},{"type":"Feature","properties":{"Type":"OTF","PlateA":"AU","PlateB":"SO"},"geometry":{"type":"LineString","coordinates":[[66.71,-17.09],[66.14,-17.45]]}},{"type":"Feature","properties":{"Type":"OTF","PlateA":"AU","PlateB":"SO"},"geometry":{"type":"LineString","coordinates":[[66.14,-17.45],[65.54,-17.78]]}},{"type":"Feature","properties":{"Type":"OTF","PlateA":"AU","PlateB":"SO"},"geometry":{"type":"LineString","coordinates":[[65.54,-17.78],[65.01,-18.06]]}},{"type":"Feature","properties":{"Type":"OSR","PlateA":"AU","PlateB":"SO"},"geometry":{"type":"LineString","coordinates":[[65.01,-18.06],[65.26,-18.44]]}},{"type":"Feature","properties":{"Type":"OSR","PlateA":"AU","PlateB":"SO"},"geometry":{"type":"LineString","coordinates":[[65.26,-18.44],[65.52,-18.83]]}},{"type":"Feature","properties":{"Type":"OSR","PlateA":"AU","PlateB":"SO"},"geometry":{"type":"LineString","coordinates":[[65.52,-18.83],[66.03,-19.58]]}},{"type":"Feature","properties":{"Type":"OSR","PlateA":"AU","PlateB":"SO"},"geometry":{"type":"LineString","coordinates":[[66.03,-19.58],[66.43,-20.08]]}},{"type":"Feature","properties":{"Type":"OTF","PlateA":"AU","PlateB":"SO"},"geometry":{"type":"LineString","coordinates":[[66.43,-20.08],[66.75,-19.87]]}},{"type":"Feature","properties":{"Type":"OSR","PlateA":"AU","PlateB":"SO"},"geometry":{"type":"LineString","coordinates":[[66.75,-19.87],[67.04,-20.22]]}},{"type":"Feature","properties":{"Type":"OTF","PlateA":"AU","PlateB":"SO"},"geometry":{"type":"LineString","coordinates":[[67.04,-20.22],[67.31,-20.07]]}},{"type":"Feature","properties":{"Type":"OSR","PlateA":"AU","PlateB":"SO"},"geometry":{"type":"LineString","coordinates":[[67.31,-20.07],[67.59,-20.37]]}},{"type":"Feature","properties":{"Type":"OTF","PlateA":"AU","PlateB":"SO"},"geometry":{"type":"LineString","coordinates":[[67.59,-20.37],[67.77,-20.28]]}},{"type":"Feature","properties":{"Type":"OSR","PlateA":"AU","PlateB":"SO"},"geometry":{"type":"LineString","coordinates":[[67.77,-20.28],[67.9,-20.47]]}},{"type":"Feature","properties":{"Type":"OTF","PlateA":"AU","PlateB":"SO"},"geometry":{"type":"LineString","coordinates":[[67.9,-20.47],[68.21,-20.29]]}},{"type":"Feature","properties":{"Type":"OSR","PlateA":"AU","PlateB":"SO"},"geometry":{"type":"LineString","coordinates":[[68.21,-20.29],[68.56,-20.71]]}},{"type":"Feature","properties":{"Type":"OTF","PlateA":"AU","PlateB":"SO"},"geometry":{"type":"LineString","coordinates":[[68.56,-20.71],[68.28,-20.88]]}},{"type":"Feature","properties":{"Type":"OSR","PlateA":"AU","PlateB":"SO"},"geometry":{"type":"LineString","coordinates":[[68.28,-20.88],[68.65,-21.45]]}},{"type":"Feature","properties":{"Type":"OSR","PlateA":"AU","PlateB":"SO"},"geometry":{"type":"LineString","coordinates":[[68.65,-21.45],[69.2,-22.09]]}},{"type":"Feature","properties":{"Type":"OTF","PlateA":"AU","PlateB":"SO"},"geometry":{"type":"LineString","coordinates":[[69.2,-22.09],[68.8,-22.39]]}},{"type":"Feature","properties":{"Type":"OSR","PlateA":"AU","PlateB":"SO"},"geometry":{"type":"LineString","coordinates":[[68.8,-22.39],[69.16,-22.83]]}},{"type":"Feature","properties":{"Type":"OSR","PlateA":"AU","PlateB":"SO"},"geometry":{"type":"LineString","coordinates":[[69.16,-22.83],[69.56,-23.37]]}},{"type":"Feature","properties":{"Type":"OSR","PlateA":"AU","PlateB":"SO"},"geometry":{"type":"LineString","coordinates":[[69.56,-23.37],[69.85,-23.71]]}},{"type":"Feature","properties":{"Type":"OTF","PlateA":"AU","PlateB":"SO"},"geometry":{"type":"LineString","coordinates":[[69.85,-23.71],[69.4,-24.04]]}},{"type":"Feature","properties":{"Type":"OSR","PlateA":"AU","PlateB":"SO"},"geometry":{"type":"LineString","coordinates":[[69.4,-24.04],[69.68,-24.37]]}},{"type":"Feature","properties":{"Type":"OSR","PlateA":"AU","PlateB":"SO"},"geometry":{"type":"LineString","coordinates":[[69.68,-24.37],[69.94,-24.68]]}},{"type":"Feature","properties":{"Type":"OTF","PlateA":"AU","PlateB":"SO"},"geometry":{"type":"LineString","coordinates":[[69.94,-24.68],[69.59,-24.97]]}},{"type":"Feature","properties":{"Type":"OSR","PlateA":"AU","PlateB":"SO"},"geometry":{"type":"LineString","coordinates":[[69.59,-24.97],[70.09,-25.48]]}},{"type":"Feature","properties":{"Type":"OTF","PlateA":"AU","PlateB":"SO"},"geometry":{"type":"LineString","coordinates":[[70.09,-25.48],[69.96,-25.65]]}},{"type":"Feature","properties":{"Type":"OSR","PlateA":"EU","PlateB":"AF"},"geometry":{"type":"LineString","coordinates":[[-29.77,39.4],[-29.33,39.32]]}},{"type":"Feature","properties":{"Type":"OSR","PlateA":"EU","PlateB":"AF"},"geometry":{"type":"LineString","coordinates":[[-29.33,39.32],[-29.3,39.26]]}},{"type":"Feature","properties":{"Type":"OSR","PlateA":"EU","PlateB":"AF"},"geometry":{"type":"LineString","coordinates":[[-29.3,39.26],[-29.26,39.25]]}},{"type":"Feature","properties":{"Type":"OTF","PlateA":"EU","PlateB":"AF"},"geometry":{"type":"LineString","coordinates":[[-29.26,39.25],[-29.19,39.28]]}},{"type":"Feature","properties":{"Type":"OTF","PlateA":"EU","PlateB":"AF"},"geometry":{"type":"LineString","coordinates":[[-29.19,39.28],[-29.15,39.29]]}},{"type":"Feature","properties":{"Type":"OTF","PlateA":"EU","PlateB":"AF"},"geometry":{"type":"LineString","coordinates":[[-29.15,39.29],[-29.09,39.32]]}},{"type":"Feature","properties":{"Type":"OTF","PlateA":"EU","PlateB":"AF"},"geometry":{"type":"LineString","coordinates":[[-29.09,39.32],[-29.05,39.34]]}},{"type":"Feature","properties":{"Type":"OTF","PlateA":"EU","PlateB":"AF"},"geometry":{"type":"LineString","coordinates":[[-29.05,39.34],[-28.98,39.37]]}},{"type":"Feature","properties":{"Type":"OTF","PlateA":"EU","PlateB":"AF"},"geometry":{"type":"LineString","coordinates":[[-28.98,39.37],[-28.95,39.38]]}},{"type":"Feature","properties":{"Type":"OTF","PlateA":"EU","PlateB":"AF"},"geometry":{"type":"LineString","coordinates":[[-28.95,39.38],[-28.89,39.41]]}},{"type":"Feature","properties":{"Type":"OSR","PlateA":"EU","PlateB":"AF"},"geometry":{"type":"LineString","coordinates":[[-28.89,39.41],[-28.85,39.37]]}},{"type":"Feature","properties":{"Type":"OSR","PlateA":"EU","PlateB":"AF"},"geometry":{"type":"LineString","coordinates":[[-28.85,39.37],[-28.78,39.3]]}},{"type":"Feature","properties":{"Type":"OSR","PlateA":"EU","PlateB":"AF"},"geometry":{"type":"LineString","coordinates":[[-28.78,39.3],[-28.74,39.26]]}},{"type":"Feature","properties":{"Type":"OSR","PlateA":"EU","PlateB":"AF"},"geometry":{"type":"LineString","coordinates":[[-28.74,39.26],[-28.69,39.21]]}},{"type":"Feature","properties":{"Type":"OSR","PlateA":"EU","PlateB":"AF"},"geometry":{"type":"LineString","coordinates":[[-28.69,39.21],[-28.67,39.18]]}},{"type":"Feature","properties":{"Type":"OSR","PlateA":"EU","PlateB":"AF"},"geometry":{"type":"LineString","coordinates":[[-28.67,39.18],[-28.62,39.12]]}},{"type":"Feature","properties":{"Type":"OTF","PlateA":"EU","PlateB":"AF"},"geometry":{"type":"LineString","coordinates":[[-28.62,39.12],[-28.57,39.13]]}},{"type":"Feature","properties":{"Type":"OTF","PlateA":"EU","PlateB":"AF"},"geometry":{"type":"LineString","coordinates":[[-28.57,39.13],[-28.48,39.16]]}},{"type":"Feature","properties":{"Type":"OSR","PlateA":"EU","PlateB":"AF"},"geometry":{"type":"LineString","coordinates":[[-28.48,39.16],[-28.45,39.13]]}},{"type":"Feature","properties":{"Type":"OSR","PlateA":"EU","PlateB":"AF"},"geometry":{"type":"LineString","coordinates":[[-28.45,39.13],[-28.42,39.09]]}},{"type":"Feature","properties":{"Type":"OSR","PlateA":"EU","PlateB":"AF"},"geometry":{"type":"LineString","coordinates":[[-28.42,39.09],[-28.4,39.06]]}},{"type":"Feature","properties":{"Type":"OSR","PlateA":"EU","PlateB":"AF"},"geometry":{"type":"LineString","coordinates":[[-28.4,39.06],[-28.36,39.02]]}},{"type":"Feature","properties":{"Type":"OSR","PlateA":"EU","PlateB":"AF"},"geometry":{"type":"LineString","coordinates":[[-28.36,39.02],[-28.34,38.99]]}},{"type":"Feature","properties":{"Type":"OSR","PlateA":"EU","PlateB":"AF"},"geometry":{"type":"LineString","coordinates":[[-28.34,38.99],[-28.29,38.94]]}},{"type":"Feature","properties":{"Type":"OTF","PlateA":"EU","PlateB":"AF"},"geometry":{"type":"LineString","coordinates":[[-28.29,38.94],[-28.21,38.95]]}},{"type":"Feature","properties":{"Type":"OTF","PlateA":"EU","PlateB":"AF"},"geometry":{"type":"LineString","coordinates":[[-28.21,38.95],[-28.12,38.97]]}},{"type":"Feature","properties":{"Type":"OTF","PlateA":"EU","PlateB":"AF"},"geometry":{"type":"LineString","coordinates":[[-28.12,38.97],[-28.06,38.98]]}},{"type":"Feature","properties":{"Type":"OTF","PlateA":"EU","PlateB":"AF"},"geometry":{"type":"LineString","coordinates":[[-28.06,38.98],[-27.95,39]]}},{"type":"Feature","properties":{"Type":"OSR","PlateA":"EU","PlateB":"AF"},"geometry":{"type":"LineString","coordinates":[[-27.95,39],[-27.79,39]]}},{"type":"Feature","properties":{"Type":"OSR","PlateA":"EU","PlateB":"AF"},"geometry":{"type":"LineString","coordinates":[[-27.79,39],[-27.72,38.94]]}},{"type":"Feature","properties":{"Type":"OSR","PlateA":"EU","PlateB":"AF"},"geometry":{"type":"LineString","coordinates":[[-27.72,38.94],[-27.68,38.91]]}},{"type":"Feature","properties":{"Type":"OSR","PlateA":"EU","PlateB":"AF"},"geometry":{"type":"LineString","coordinates":[[-27.68,38.91],[-27.61,38.86]]}},{"type":"Feature","properties":{"Type":"OSR","PlateA":"EU","PlateB":"AF"},"geometry":{"type":"LineString","coordinates":[[-27.61,38.86],[-27.56,38.84]]}},{"type":"Feature","properties":{"Type":"OSR","PlateA":"EU","PlateB":"AF"},"geometry":{"type":"LineString","coordinates":[[-27.56,38.84],[-27.48,38.78]]}},{"type":"Feature","properties":{"Type":"OSR","PlateA":"EU","PlateB":"AF"},"geometry":{"type":"LineString","coordinates":[[-27.48,38.78],[-27.24,38.78]]}},{"type":"Feature","properties":{"Type":"OSR","PlateA":"EU","PlateB":"AF"},"geometry":{"type":"LineString","coordinates":[[-27.24,38.78],[-27.2,38.7]]}},{"type":"Feature","properties":{"Type":"OSR","PlateA":"EU","PlateB":"AF"},"geometry":{"type":"LineString","coordinates":[[-27.2,38.7],[-27.17,38.67]]}},{"type":"Feature","properties":{"Type":"OSR","PlateA":"EU","PlateB":"AF"},"geometry":{"type":"LineString","coordinates":[[-27.17,38.67],[-27.13,38.61]]}},{"type":"Feature","properties":{"Type":"OSR","PlateA":"EU","PlateB":"AF"},"geometry":{"type":"LineString","coordinates":[[-27.13,38.61],[-27.09,38.57]]}},{"type":"Feature","properties":{"Type":"OSR","PlateA":"EU","PlateB":"AF"},"geometry":{"type":"LineString","coordinates":[[-27.09,38.57],[-27.03,38.49]]}},{"type":"Feature","properties":{"Type":"OSR","PlateA":"EU","PlateB":"AF"},"geometry":{"type":"LineString","coordinates":[[-27.03,38.49],[-27.01,38.46]]}},{"type":"Feature","properties":{"Type":"OSR","PlateA":"EU","PlateB":"AF"},"geometry":{"type":"LineString","coordinates":[[-27.01,38.46],[-26.94,38.4]]}},{"type":"Feature","properties":{"Type":"OSR","PlateA":"EU","PlateB":"AF"},"geometry":{"type":"LineString","coordinates":[[-26.94,38.4],[-26.9,38.36]]}},{"type":"Feature","properties":{"Type":"OSR","PlateA":"EU","PlateB":"AF"},"geometry":{"type":"LineString","coordinates":[[-26.9,38.36],[-26.83,38.28]]}},{"type":"Feature","properties":{"Type":"OCB","PlateA":"EU","PlateB":"AF"},"geometry":{"type":"LineString","coordinates":[[-26.83,38.28],[-26.72,38.42]]}},{"type":"Feature","properties":{"Type":"OSR","PlateA":"EU","PlateB":"AF"},"geometry":{"type":"LineString","coordinates":[[-26.72,38.42],[-26.65,38.36]]}},{"type":"Feature","properties":{"Type":"OSR","PlateA":"EU","PlateB":"AF"},"geometry":{"type":"LineString","coordinates":[[-26.65,38.36],[-26.61,38.32]]}},{"type":"Feature","properties":{"Type":"OSR","PlateA":"EU","PlateB":"AF"},"geometry":{"type":"LineString","coordinates":[[-26.61,38.32],[-26.53,38.26]]}},{"type":"Feature","properties":{"Type":"OSR","PlateA":"EU","PlateB":"AF"},"geometry":{"type":"LineString","coordinates":[[-26.53,38.26],[-26.49,38.22]]}},{"type":"Feature","properties":{"Type":"OSR","PlateA":"EU","PlateB":"AF"},"geometry":{"type":"LineString","coordinates":[[-26.49,38.22],[-26.42,38.15]]}},{"type":"Feature","properties":{"Type":"OSR","PlateA":"EU","PlateB":"AF"},"geometry":{"type":"LineString","coordinates":[[-26.42,38.15],[-26.38,38.12]]}},{"type":"Feature","properties":{"Type":"OSR","PlateA":"EU","PlateB":"AF"},"geometry":{"type":"LineString","coordinates":[[-26.38,38.12],[-26.3,38.05]]}},{"type":"Feature","properties":{"Type":"OSR","PlateA":"EU","PlateB":"AF"},"geometry":{"type":"LineString","coordinates":[[-26.3,38.05],[-26.17,38.04]]}},{"type":"Feature","properties":{"Type":"OSR","PlateA":"EU","PlateB":"AF"},"geometry":{"type":"LineString","coordinates":[[-26.17,38.04],[-26.07,37.97]]}},{"type":"Feature","properties":{"Type":"OSR","PlateA":"EU","PlateB":"AF"},"geometry":{"type":"LineString","coordinates":[[-26.07,37.97],[-26.04,37.94]]}},{"type":"Feature","properties":{"Type":"OSR","PlateA":"EU","PlateB":"AF"},"geometry":{"type":"LineString","coordinates":[[-26.04,37.94],[-25.92,37.84]]}},{"type":"Feature","properties":{"Type":"OTF","PlateA":"EU","PlateB":"AF"},"geometry":{"type":"LineString","coordinates":[[-25.92,37.84],[-25.81,37.88]]}},{"type":"Feature","properties":{"Type":"OSR","PlateA":"EU","PlateB":"AF"},"geometry":{"type":"LineString","coordinates":[[-25.81,37.88],[-25.73,37.82]]}},{"type":"Feature","properties":{"Type":"OSR","PlateA":"EU","PlateB":"AF"},"geometry":{"type":"LineString","coordinates":[[-25.73,37.82],[-25.7,37.79]]}},{"type":"Feature","properties":{"Type":"OSR","PlateA":"EU","PlateB":"AF"},"geometry":{"type":"LineString","coordinates":[[-25.7,37.79],[-25.63,37.72]]}},{"type":"Feature","properties":{"Type":"OCB","PlateA":"EU","PlateB":"AF"},"geometry":{"type":"LineString","coordinates":[[-25.63,37.72],[-25.54,37.82]]}},{"type":"Feature","properties":{"Type":"OSR","PlateA":"EU","PlateB":"AF"},"geometry":{"type":"LineString","coordinates":[[-25.54,37.82],[-25.46,37.75]]}},{"type":"Feature","properties":{"Type":"OSR","PlateA":"EU","PlateB":"AF"},"geometry":{"type":"LineString","coordinates":[[-25.46,37.75],[-25.43,37.72]]}},{"type":"Feature","properties":{"Type":"OSR","PlateA":"EU","PlateB":"AF"},"geometry":{"type":"LineString","coordinates":[[-25.43,37.72],[-25.35,37.66]]}},{"type":"Feature","properties":{"Type":"OCB","PlateA":"EU","PlateB":"AF"},"geometry":{"type":"LineString","coordinates":[[-25.35,37.66],[-25.27,37.77]]}},{"type":"Feature","properties":{"Type":"OSR","PlateA":"EU","PlateB":"AF"},"geometry":{"type":"LineString","coordinates":[[-25.27,37.77],[-25.1,37.65]]}},{"type":"Feature","properties":{"Type":"OTF","PlateA":"EU","PlateB":"AF"},"geometry":{"type":"LineString","coordinates":[[-25.1,37.65],[-24.98,37.64]]}},{"type":"Feature","properties":{"Type":"OSR","PlateA":"EU","PlateB":"AF"},"geometry":{"type":"LineString","coordinates":[[-24.98,37.64],[-24.93,37.61]]}},{"type":"Feature","properties":{"Type":"OSR","PlateA":"EU","PlateB":"AF"},"geometry":{"type":"LineString","coordinates":[[-24.93,37.61],[-24.89,37.58]]}},{"type":"Feature","properties":{"Type":"OSR","PlateA":"EU","PlateB":"AF"},"geometry":{"type":"LineString","coordinates":[[-24.89,37.58],[-24.84,37.55]]}},{"type":"Feature","properties":{"Type":"OSR","PlateA":"EU","PlateB":"AF"},"geometry":{"type":"LineString","coordinates":[[-24.84,37.55],[-24.82,37.53]]}},{"type":"Feature","properties":{"Type":"OSR","PlateA":"EU","PlateB":"AF"},"geometry":{"type":"LineString","coordinates":[[-24.82,37.53],[-24.77,37.5]]}},{"type":"Feature","properties":{"Type":"OSR","PlateA":"EU","PlateB":"AF"},"geometry":{"type":"LineString","coordinates":[[-24.77,37.5],[-24.73,37.47]]}},{"type":"Feature","properties":{"Type":"OSR","PlateA":"EU","PlateB":"AF"},"geometry":{"type":"LineString","coordinates":[[-24.73,37.47],[-24.67,37.41]]}},{"type":"Feature","properties":{"Type":"OSR","PlateA":"EU","PlateB":"AF"},"geometry":{"type":"LineString","coordinates":[[-24.67,37.41],[-24.7,37.35]]}},{"type":"Feature","properties":{"Type":"OSR","PlateA":"EU","PlateB":"AF"},"geometry":{"type":"LineString","coordinates":[[-24.7,37.35],[-24.74,37.27]]}},{"type":"Feature","properties":{"Type":"OSR","PlateA":"EU","PlateB":"AF"},"geometry":{"type":"LineString","coordinates":[[-24.74,37.27],[-24.75,37.22]]}},{"type":"Feature","properties":{"Type":"OSR","PlateA":"EU","PlateB":"AF"},"geometry":{"type":"LineString","coordinates":[[-24.75,37.22],[-24.68,37.13]]}},{"type":"Feature","properties":{"Type":"OSR","PlateA":"EU","PlateB":"AF"},"geometry":{"type":"LineString","coordinates":[[-24.68,37.13],[-24.63,37.1]]}},{"type":"Feature","properties":{"Type":"OSR","PlateA":"EU","PlateB":"AF"},"geometry":{"type":"LineString","coordinates":[[-24.63,37.1],[-24.55,37.02]]}},{"type":"Feature","properties":{"Type":"OSR","PlateA":"EU","PlateB":"AF"},"geometry":{"type":"LineString","coordinates":[[-24.55,37.02],[-24.5,36.97]]}},{"type":"Feature","properties":{"Type":"OSR","PlateA":"EU","PlateB":"AF"},"geometry":{"type":"LineString","coordinates":[[-24.5,36.97],[-24.43,36.91]]}},{"type":"Feature","properties":{"Type":"OSR","PlateA":"EU","PlateB":"AF"},"geometry":{"type":"LineString","coordinates":[[-24.43,36.91],[-24.38,36.86]]}},{"type":"Feature","properties":{"Type":"OSR","PlateA":"EU","PlateB":"AF"},"geometry":{"type":"LineString","coordinates":[[-24.38,36.86],[-24.31,36.79]]}},{"type":"Feature","properties":{"Type":"OSR","PlateA":"EU","PlateB":"AF"},"geometry":{"type":"LineString","coordinates":[[-24.31,36.79],[-24.25,36.78]]}},{"type":"Feature","properties":{"Type":"OTF","PlateA":"EU","PlateB":"AF"},"geometry":{"type":"LineString","coordinates":[[-24.25,36.78],[-24.15,36.79]]}},{"type":"Feature","properties":{"Type":"OSR","PlateA":"EU","PlateB":"AF"},"geometry":{"type":"LineString","coordinates":[[-24.15,36.79],[-24.05,36.76]]}},{"type":"Feature","properties":{"Type":"OSR","PlateA":"EU","PlateB":"AF"},"geometry":{"type":"LineString","coordinates":[[-24.05,36.76],[-23.57,36.65]]}},{"type":"Feature","properties":{"Type":"OTF","PlateA":"EU","PlateB":"AF"},"geometry":{"type":"LineString","coordinates":[[-23.57,36.65],[-22.89,36.7]]}},{"type":"Feature","properties":{"Type":"OTF","PlateA":"EU","PlateB":"AF"},"geometry":{"type":"LineString","coordinates":[[-22.89,36.7],[-22.22,36.75]]}},{"type":"Feature","properties":{"Type":"OTF","PlateA":"EU","PlateB":"AF"},"geometry":{"type":"LineString","coordinates":[[-22.22,36.75],[-21.51,36.82]]}},{"type":"Feature","properties":{"Type":"OTF","PlateA":"EU","PlateB":"AF"},"geometry":{"type":"LineString","coordinates":[[-21.51,36.82],[-20.8,36.88]]}},{"type":"Feature","properties":{"Type":"OTF","PlateA":"EU","PlateB":"AF"},"geometry":{"type":"LineString","coordinates":[[-20.8,36.88],[-20.24,36.95]]}},{"type":"Feature","properties":{"Type":"OTF","PlateA":"EU","PlateB":"AF"},"geometry":{"type":"LineString","coordinates":[[-20.24,36.95],[-19.68,37.03]]}},{"type":"Feature","properties":{"Type":"OCB","PlateA":"EU","PlateB":"AF"},"geometry":{"type":"LineString","coordinates":[[-19.68,37.03],[-18.62,37.31]]}},{"type":"Feature","properties":{"Type":"OCB","PlateA":"EU","PlateB":"AF"},"geometry":{"type":"LineString","coordinates":[[-18.62,37.31],[-18.12,37.47]]}},{"type":"Feature","properties":{"Type":"OTF","PlateA":"EU","PlateB":"AF"},"geometry":{"type":"LineString","coordinates":[[-18.12,37.47],[-17.58,37.5]]}},{"type":"Feature","properties":{"Type":"OTF","PlateA":"EU","PlateB":"AF"},"geometry":{"type":"LineString","coordinates":[[-17.58,37.5],[-16.74,37.44]]}},{"type":"Feature","properties":{"Type":"OTF","PlateA":"EU","PlateB":"AF"},"geometry":{"type":"LineString","coordinates":[[-16.74,37.44],[-15.84,37.3]]}},{"type":"Feature","properties":{"Type":"OTF","PlateA":"EU","PlateB":"AF"},"geometry":{"type":"LineString","coordinates":[[-15.84,37.3],[-15.39,37.21]]}},{"type":"Feature","properties":{"Type":"OSR","PlateA":"EU","PlateB":"AF"},"geometry":{"type":"LineString","coordinates":[[-15.39,37.21],[-15.14,37.02]]}},{"type":"Feature","properties":{"Type":"OCB","PlateA":"EU","PlateB":"AF"},"geometry":{"type":"LineString","coordinates":[[-15.14,37.02],[-14.41,37.21]]}},{"type":"Feature","properties":{"Type":"OCB","PlateA":"EU","PlateB":"AF"},"geometry":{"type":"LineString","coordinates":[[-14.41,37.21],[-13.67,37.4]]}},{"type":"Feature","properties":{"Type":"OTF","PlateA":"EU","PlateB":"AF"},"geometry":{"type":"LineString","coordinates":[[-13.67,37.4],[-12.9,36.86]]}},{"type":"Feature","properties":{"Type":"OTF","PlateA":"EU","PlateB":"AF"},"geometry":{"type":"LineString","coordinates":[[-12.9,36.86],[-12.14,36.33]]}},{"type":"Feature","properties":{"Type":"OTF","PlateA":"EU","PlateB":"AF"},"geometry":{"type":"LineString","coordinates":[[-12.14,36.33],[-11.58,35.85]]}},{"type":"Feature","properties":{"Type":"OCB","PlateA":"EU","PlateB":"AF"},"geometry":{"type":"LineString","coordinates":[[-11.58,35.85],[-10.92,36.1]]}},{"type":"Feature","properties":{"Type":"OCB","PlateA":"EU","PlateB":"AF"},"geometry":{"type":"LineString","coordinates":[[-10.92,36.1],[-10.43,36.39]]}},{"type":"Feature","properties":{"Type":"OCB","PlateA":"EU","PlateB":"AF"},"geometry":{"type":"LineString","coordinates":[[-10.43,36.39],[-9.98,36.65]]}},{"type":"Feature","properties":{"Type":"OTF","PlateA":"EU","PlateB":"AF"},"geometry":{"type":"LineString","coordinates":[[-9.98,36.65],[-9.54,36.43]]}},{"type":"Feature","properties":{"Type":"OTF","PlateA":"EU","PlateB":"AF"},"geometry":{"type":"LineString","coordinates":[[-9.54,36.43],[-8.78,36.05]]}},{"type":"Feature","properties":{"Type":"CTF","PlateA":"EU","PlateB":"AF"},"geometry":{"type":"LineString","coordinates":[[-8.78,36.05],[-8.03,35.67]]}},{"type":"Feature","properties":{"Type":"CTF","PlateA":"EU","PlateB":"AF"},"geometry":{"type":"LineString","coordinates":[[-8.03,35.67],[-7.19,35.27]]}},{"type":"Feature","properties":{"Type":"CTF","PlateA":"EU","PlateB":"AF"},"geometry":{"type":"LineString","coordinates":[[-7.19,35.27],[-6.73,35.06]]}},{"type":"Feature","properties":{"Type":"CTF","PlateA":"EU","PlateB":"AF"},"geometry":{"type":"LineString","coordinates":[[-6.73,35.06],[-6.06,34.78]]}},{"type":"Feature","properties":{"Type":"CRB","PlateA":"EU","PlateB":"AF"},"geometry":{"type":"LineString","coordinates":[[-6.06,34.78],[-6.04,34.52]]}},{"type":"Feature","properties":{"Type":"CRB","PlateA":"EU","PlateB":"AF"},"geometry":{"type":"LineString","coordinates":[[-6.04,34.52],[-6,34.26]]}},{"type":"Feature","properties":{"Type":"CTF","PlateA":"EU","PlateB":"AF"},"geometry":{"type":"LineString","coordinates":[[-6,34.26],[-5.81,34.02]]}},{"type":"Feature","properties":{"Type":"CCB","PlateA":"EU","PlateB":"AF"},"geometry":{"type":"LineString","coordinates":[[-5.81,34.02],[-5.4,33.99]]}},{"type":"Feature","properties":{"Type":"CCB","PlateA":"EU","PlateB":"AF"},"geometry":{"type":"LineString","coordinates":[[-5.4,33.99],[-5.07,34.08]]}},{"type":"Feature","properties":{"Type":"CCB","PlateA":"EU","PlateB":"AF"},"geometry":{"type":"LineString","coordinates":[[-5.07,34.08],[-4.71,34.07]]}},{"type":"Feature","properties":{"Type":"CCB","PlateA":"EU","PlateB":"AF"},"geometry":{"type":"LineString","coordinates":[[-4.71,34.07],[-4.06,34.2]]}},{"type":"Feature","properties":{"Type":"CCB","PlateA":"EU","PlateB":"AF"},"geometry":{"type":"LineString","coordinates":[[-4.06,34.2],[-3.78,35.01]]}},{"type":"Feature","properties":{"Type":"CCB","PlateA":"EU","PlateB":"AF"},"geometry":{"type":"LineString","coordinates":[[-3.78,35.01],[-3.75,35.6]]}},{"type":"Feature","properties":{"Type":"CCB","PlateA":"EU","PlateB":"AF"},"geometry":{"type":"LineString","coordinates":[[-3.75,35.6],[-3.3,35.86]]}},{"type":"Feature","properties":{"Type":"CCB","PlateA":"EU","PlateB":"AF"},"geometry":{"type":"LineString","coordinates":[[-3.3,35.86],[-2.89,36.02]]}},{"type":"Feature","properties":{"Type":"CCB","PlateA":"EU","PlateB":"AF"},"geometry":{"type":"LineString","coordinates":[[-2.89,36.02],[-2.57,36.1]]}},{"type":"Feature","properties":{"Type":"CCB","PlateA":"EU","PlateB":"AF"},"geometry":{"type":"LineString","coordinates":[[-2.57,36.1],[-1.99,35.9]]}},{"type":"Feature","properties":{"Type":"CCB","PlateA":"EU","PlateB":"AF"},"geometry":{"type":"LineString","coordinates":[[-1.99,35.9],[-1.52,35.77]]}},{"type":"Feature","properties":{"Type":"CCB","PlateA":"EU","PlateB":"AF"},"geometry":{"type":"LineString","coordinates":[[-1.52,35.77],[-0.75,35.78]]}},{"type":"Feature","properties":{"Type":"CCB","PlateA":"EU","PlateB":"AF"},"geometry":{"type":"LineString","coordinates":[[-0.75,35.78],[0,35.9]]}},{"type":"Feature","properties":{"Type":"CCB","PlateA":"EU","PlateB":"AF"},"geometry":{"type":"LineString","coordinates":[[0,35.9],[0.67,36.07]]}},{"type":"Feature","properties":{"Type":"CCB","PlateA":"EU","PlateB":"AF"},"geometry":{"type":"LineString","coordinates":[[0.67,36.07],[1.25,36.28]]}},{"type":"Feature","properties":{"Type":"CCB","PlateA":"EU","PlateB":"AF"},"geometry":{"type":"LineString","coordinates":[[1.25,36.28],[1.97,36.5]]}},{"type":"Feature","properties":{"Type":"CCB","PlateA":"EU","PlateB":"AF"},"geometry":{"type":"LineString","coordinates":[[1.97,36.5],[2.38,36.59]]}},{"type":"Feature","properties":{"Type":"CCB","PlateA":"EU","PlateB":"AF"},"geometry":{"type":"LineString","coordinates":[[2.38,36.59],[3.45,36.85]]}},{"type":"Feature","properties":{"Type":"CCB","PlateA":"EU","PlateB":"AF"},"geometry":{"type":"LineString","coordinates":[[3.45,36.85],[4.3,36.97]]}},{"type":"Feature","properties":{"Type":"CCB","PlateA":"EU","PlateB":"AF"},"geometry":{"type":"LineString","coordinates":[[4.3,36.97],[5.14,37.08]]}},{"type":"Feature","properties":{"Type":"OCB","PlateA":"EU","PlateB":"AF"},"geometry":{"type":"LineString","coordinates":[[5.14,37.08],[5.97,37.15]]}},{"type":"Feature","properties":{"Type":"OCB","PlateA":"EU","PlateB":"AF"},"geometry":{"type":"LineString","coordinates":[[5.97,37.15],[6.78,37.32]]}},{"type":"Feature","properties":{"Type":"OCB","PlateA":"EU","PlateB":"AF"},"geometry":{"type":"LineString","coordinates":[[6.78,37.32],[7.22,37.32]]}},{"type":"Feature","properties":{"Type":"OCB","PlateA":"EU","PlateB":"AF"},"geometry":{"type":"LineString","coordinates":[[7.22,37.32],[7.81,37.36]]}},{"type":"Feature","properties":{"Type":"OCB","PlateA":"EU","PlateB":"AF"},"geometry":{"type":"LineString","coordinates":[[7.81,37.36],[8.27,37.47]]}},{"type":"Feature","properties":{"Type":"CCB","PlateA":"EU","PlateB":"AF"},"geometry":{"type":"LineString","coordinates":[[8.27,37.47],[8.63,37.79]]}},{"type":"Feature","properties":{"Type":"CCB","PlateA":"EU","PlateB":"AF"},"geometry":{"type":"LineString","coordinates":[[8.63,37.79],[8.94,38.21]]}},{"type":"Feature","properties":{"Type":"CCB","PlateA":"EU","PlateB":"AF"},"geometry":{"type":"LineString","coordinates":[[8.94,38.21],[9.26,38.34]]}},{"type":"Feature","properties":{"Type":"CCB","PlateA":"EU","PlateB":"AF"},"geometry":{"type":"LineString","coordinates":[[9.26,38.34],[9.7,38.47]]}},{"type":"Feature","properties":{"Type":"CCB","PlateA":"EU","PlateB":"AF"},"geometry":{"type":"LineString","coordinates":[[9.7,38.47],[10.09,38.57]]}},{"type":"Feature","properties":{"Type":"CCB","PlateA":"EU","PlateB":"AF"},"geometry":{"type":"LineString","coordinates":[[10.09,38.57],[10.37,38.69]]}},{"type":"Feature","properties":{"Type":"SUB","PlateA":"EU","PlateB":"AF"},"geometry":{"type":"LineString","coordinates":[[10.37,38.69],[10.61,38.82]]}},{"type":"Feature","properties":{"Type":"SUB","PlateA":"EU","PlateB":"AF"},"geometry":{"type":"LineString","coordinates":[[10.61,38.82],[10.83,38.99]]}},{"type":"Feature","properties":{"Type":"SUB","PlateA":"EU","PlateB":"AF"},"geometry":{"type":"LineString","coordinates":[[10.83,38.99],[11.12,39.07]]}},{"type":"Feature","properties":{"Type":"SUB","PlateA":"EU","PlateB":"AF"},"geometry":{"type":"LineString","coordinates":[[11.12,39.07],[11.36,39.08]]}},{"type":"Feature","properties":{"Type":"SUB","PlateA":"EU","PlateB":"AF"},"geometry":{"type":"LineString","coordinates":[[11.36,39.08],[11.66,39.03]]}},{"type":"Feature","properties":{"Type":"SUB","PlateA":"EU","PlateB":"AF"},"geometry":{"type":"LineString","coordinates":[[11.66,39.03],[11.78,38.93]]}},{"type":"Feature","properties":{"Type":"SUB","PlateA":"EU","PlateB":"AF"},"geometry":{"type":"LineString","coordinates":[[11.78,38.93],[12.06,38.88]]}},{"type":"Feature","properties":{"Type":"SUB","PlateA":"EU","PlateB":"AF"},"geometry":{"type":"LineString","coordinates":[[12.06,38.88],[12.43,38.85]]}},{"type":"Feature","properties":{"Type":"SUB","PlateA":"EU","PlateB":"AF"},"geometry":{"type":"LineString","coordinates":[[12.43,38.85],[12.71,38.6]]}},{"type":"Feature","properties":{"Type":"SUB","PlateA":"EU","PlateB":"AF"},"geometry":{"type":"LineString","coordinates":[[12.71,38.6],[13.31,38.61]]}},{"type":"Feature","properties":{"Type":"SUB","PlateA":"EU","PlateB":"AF"},"geometry":{"type":"LineString","coordinates":[[13.31,38.61],[13.81,38.63]]}},{"type":"Feature","properties":{"Type":"SUB","PlateA":"EU","PlateB":"AF"},"geometry":{"type":"LineString","coordinates":[[13.81,38.63],[14.11,38.7]]}},{"type":"Feature","properties":{"Type":"SUB","PlateA":"EU","PlateB":"AF"},"geometry":{"type":"LineString","coordinates":[[14.11,38.7],[14.51,38.77]]}},{"type":"Feature","properties":{"Type":"CCB","PlateA":"EU","PlateB":"AF"},"geometry":{"type":"LineString","coordinates":[[14.51,38.77],[15.18,38.29]]}},{"type":"Feature","properties":{"Type":"CCB","PlateA":"EU","PlateB":"AF"},"geometry":{"type":"LineString","coordinates":[[15.18,38.29],[15.5,38.4]]}},{"type":"Feature","properties":{"Type":"CCB","PlateA":"EU","PlateB":"AF"},"geometry":{"type":"LineString","coordinates":[[15.5,38.4],[15.64,38.3]]}},{"type":"Feature","properties":{"Type":"CRB","PlateA":"EU","PlateB":"AF"},"geometry":{"type":"LineString","coordinates":[[15.64,38.3],[15.55,38.11]]}},{"type":"Feature","properties":{"Type":"CRB","PlateA":"EU","PlateB":"AF"},"geometry":{"type":"LineString","coordinates":[[15.55,38.11],[15.42,37.89]]}},{"type":"Feature","properties":{"Type":"CRB","PlateA":"EU","PlateB":"AF"},"geometry":{"type":"LineString","coordinates":[[15.42,37.89],[15.34,37.62]]}},{"type":"Feature","properties":{"Type":"CTF","PlateA":"EU","PlateB":"AF"},"geometry":{"type":"LineString","coordinates":[[15.34,37.62],[15.38,37.34]]}},{"type":"Feature","properties":{"Type":"SUB","PlateA":"EU","PlateB":"AF"},"geometry":{"type":"LineString","coordinates":[[15.38,37.34],[15.83,37.27]]}},{"type":"Feature","properties":{"Type":"SUB","PlateA":"EU","PlateB":"AF"},"geometry":{"type":"LineString","coordinates":[[15.83,37.27],[16.24,37.31]]}},{"type":"Feature","properties":{"Type":"SUB","PlateA":"EU","PlateB":"AF"},"geometry":{"type":"LineString","coordinates":[[16.24,37.31],[16.82,37.4]]}},{"type":"Feature","properties":{"Type":"SUB","PlateA":"EU","PlateB":"AF"},"geometry":{"type":"LineString","coordinates":[[16.82,37.4],[17.17,37.5]]}},{"type":"Feature","properties":{"Type":"SUB","PlateA":"EU","PlateB":"AF"},"geometry":{"type":"LineString","coordinates":[[17.17,37.5],[17.42,37.7]]}},{"type":"Feature","properties":{"Type":"SUB","PlateA":"EU","PlateB":"AF"},"geometry":{"type":"LineString","coordinates":[[17.42,37.7],[17.61,37.99]]}},{"type":"Feature","properties":{"Type":"SUB","PlateA":"EU","PlateB":"AF"},"geometry":{"type":"LineString","coordinates":[[17.61,37.99],[17.77,38.28]]}},{"type":"Feature","properties":{"Type":"SUB","PlateA":"EU","PlateB":"AF"},"geometry":{"type":"LineString","coordinates":[[17.77,38.28],[17.85,38.46]]}},{"type":"Feature","properties":{"Type":"SUB","PlateA":"EU","PlateB":"AF"},"geometry":{"type":"LineString","coordinates":[[17.85,38.46],[18.03,38.52]]}},{"type":"Feature","properties":{"Type":"SUB","PlateA":"EU","PlateB":"AF"},"geometry":{"type":"LineString","coordinates":[[18.03,38.52],[18.09,38.79]]}},{"type":"Feature","properties":{"Type":"SUB","PlateA":"EU","PlateB":"AF"},"geometry":{"type":"LineString","coordinates":[[18.09,38.79],[18.06,39.01]]}},{"type":"Feature","properties":{"Type":"OTF","PlateA":"EU","PlateB":"AF"},"geometry":{"type":"LineString","coordinates":[[18.06,39.01],[17.96,39.17]]}},{"type":"Feature","properties":{"Type":"OCB","PlateA":"EU","PlateB":"AF"},"geometry":{"type":"LineString","coordinates":[[17.96,39.17],[18.36,38.95]]}},{"type":"Feature","properties":{"Type":"OCB","PlateA":"EU","PlateB":"AF"},"geometry":{"type":"LineString","coordinates":[[18.36,38.95],[18.9,38.69]]}},{"type":"Feature","properties":{"Type":"OCB","PlateA":"EU","PlateB":"AF"},"geometry":{"type":"LineString","coordinates":[[18.9,38.69],[19.58,38.27]]}},{"type":"Feature","properties":{"Type":"OCB","PlateA":"EU","PlateB":"AF"},"geometry":{"type":"LineString","coordinates":[[19.58,38.27],[20,37.91]]}},{"type":"Feature","properties":{"Type":"OTF","PlateA":"IN","PlateB":"SO"},"geometry":{"type":"LineString","coordinates":[[58.24,12.75],[58.02,12.28]]}},{"type":"Feature","properties":{"Type":"OTF","PlateA":"IN","PlateB":"SO"},"geometry":{"type":"LineString","coordinates":[[58.02,12.28],[57.8,11.82]]}},{"type":"Feature","properties":{"Type":"OTF","PlateA":"IN","PlateB":"SO"},"geometry":{"type":"LineString","coordinates":[[57.8,11.82],[57.58,11.36]]}},{"type":"Feature","properties":{"Type":"OTF","PlateA":"IN","PlateB":"SO"},"geometry":{"type":"LineString","coordinates":[[57.58,11.36],[57.36,10.9]]}},{"type":"Feature","properties":{"Type":"OTF","PlateA":"IN","PlateB":"SO"},"geometry":{"type":"LineString","coordinates":[[57.36,10.9],[57.14,10.43]]}},{"type":"Feature","properties":{"Type":"OTF","PlateA":"IN","PlateB":"SO"},"geometry":{"type":"LineString","coordinates":[[57.14,10.43],[56.92,9.97]]}},{"type":"Feature","properties":{"Type":"OSR","PlateA":"IN","PlateB":"SO"},"geometry":{"type":"LineString","coordinates":[[56.92,9.97],[56.98,9.86]]}},{"type":"Feature","properties":{"Type":"OSR","PlateA":"IN","PlateB":"SO"},"geometry":{"type":"LineString","coordinates":[[56.98,9.86],[57.03,9.86]]}},{"type":"Feature","properties":{"Type":"OSR","PlateA":"IN","PlateB":"SO"},"geometry":{"type":"LineString","coordinates":[[57.03,9.86],[57.26,9.68]]}},{"type":"Feature","properties":{"Type":"OSR","PlateA":"IN","PlateB":"SO"},"geometry":{"type":"LineString","coordinates":[[57.26,9.68],[57.49,9.94]]}},{"type":"Feature","properties":{"Type":"OSR","PlateA":"IN","PlateB":"SO"},"geometry":{"type":"LineString","coordinates":[[57.49,9.94],[58.06,9.53]]}},{"type":"Feature","properties":{"Type":"OTF","PlateA":"IN","PlateB":"SO"},"geometry":{"type":"LineString","coordinates":[[58.06,9.53],[58.02,9.45]]}},{"type":"Feature","properties":{"Type":"OSR","PlateA":"IN","PlateB":"SO"},"geometry":{"type":"LineString","coordinates":[[58.02,9.45],[58.26,9.29]]}},{"type":"Feature","properties":{"Type":"OTF","PlateA":"IN","PlateB":"SO"},"geometry":{"type":"LineString","coordinates":[[58.26,9.29],[58.15,9.09]]}},{"type":"Feature","properties":{"Type":"OSR","PlateA":"IN","PlateB":"SO"},"geometry":{"type":"LineString","coordinates":[[58.15,9.09],[58.43,8.86]]}},{"type":"Feature","properties":{"Type":"OCB","PlateA":"IN","PlateB":"SO"},"geometry":{"type":"LineString","coordinates":[[58.43,8.86],[58.25,8.65]]}},{"type":"Feature","properties":{"Type":"OSR","PlateA":"IN","PlateB":"SO"},"geometry":{"type":"LineString","coordinates":[[58.25,8.65],[58.61,8.4]]}},{"type":"Feature","properties":{"Type":"OSR","PlateA":"IN","PlateB":"SO"},"geometry":{"type":"LineString","coordinates":[[58.61,8.4],[58.92,8.17]]}},{"type":"Feature","properties":{"Type":"OTF","PlateA":"IN","PlateB":"SO"},"geometry":{"type":"LineString","coordinates":[[58.92,8.17],[58.88,8.1]]}},{"type":"Feature","properties":{"Type":"OSR","PlateA":"IN","PlateB":"SO"},"geometry":{"type":"LineString","coordinates":[[58.88,8.1],[59.31,7.77]]}},{"type":"Feature","properties":{"Type":"OCB","PlateA":"IN","PlateB":"SO"},"geometry":{"type":"LineString","coordinates":[[59.31,7.77],[59.22,7.67]]}},{"type":"Feature","properties":{"Type":"OSR","PlateA":"IN","PlateB":"SO"},"geometry":{"type":"LineString","coordinates":[[59.22,7.67],[59.7,7.31]]}},{"type":"Feature","properties":{"Type":"OSR","PlateA":"IN","PlateB":"SO"},"geometry":{"type":"LineString","coordinates":[[59.7,7.31],[60.18,6.95]]}},{"type":"Feature","properties":{"Type":"OTF","PlateA":"IN","PlateB":"SO"},"geometry":{"type":"LineString","coordinates":[[60.18,6.95],[60.04,6.77]]}},{"type":"Feature","properties":{"Type":"OSR","PlateA":"IN","PlateB":"SO"},"geometry":{"type":"LineString","coordinates":[[60.04,6.77],[60.67,6.31]]}},{"type":"Feature","properties":{"Type":"OSR","PlateA":"IN","PlateB":"SO"},"geometry":{"type":"LineString","coordinates":[[60.67,6.31],[61.14,5.91]]}},{"type":"Feature","properties":{"Type":"OSR","PlateA":"IN","PlateB":"SO"},"geometry":{"type":"LineString","coordinates":[[61.14,5.91],[61.66,5.49]]}},{"type":"Feature","properties":{"Type":"OTF","PlateA":"IN","PlateB":"SO"},"geometry":{"type":"LineString","coordinates":[[61.66,5.49],[61.53,5.26]]}},{"type":"Feature","properties":{"Type":"OSR","PlateA":"IN","PlateB":"SO"},"geometry":{"type":"LineString","coordinates":[[61.53,5.26],[62,4.91]]}},{"type":"Feature","properties":{"Type":"OSR","PlateA":"IN","PlateB":"SO"},"geometry":{"type":"LineString","coordinates":[[62,4.91],[62.46,4.52]]}},{"type":"Feature","properties":{"Type":"OSR","PlateA":"IN","PlateB":"SO"},"geometry":{"type":"LineString","coordinates":[[62.46,4.52],[63,4.11]]}},{"type":"Feature","properties":{"Type":"OTF","PlateA":"IN","PlateB":"SO"},"geometry":{"type":"LineString","coordinates":[[63,4.11],[62.87,3.89]]}},{"type":"Feature","properties":{"Type":"OSR","PlateA":"IN","PlateB":"SO"},"geometry":{"type":"LineString","coordinates":[[62.87,3.89],[63.33,3.63]]}},{"type":"Feature","properties":{"Type":"OTF","PlateA":"IN","PlateB":"SO"},"geometry":{"type":"LineString","coordinates":[[63.33,3.63],[63.39,3.7]]}},{"type":"Feature","properties":{"Type":"OSR","PlateA":"IN","PlateB":"SO"},"geometry":{"type":"LineString","coordinates":[[63.39,3.7],[63.82,3.48]]}},{"type":"Feature","properties":{"Type":"OTF","PlateA":"IN","PlateB":"SO"},"geometry":{"type":"LineString","coordinates":[[63.82,3.48],[63.89,3.6]]}},{"type":"Feature","properties":{"Type":"OSR","PlateA":"IN","PlateB":"SO"},"geometry":{"type":"LineString","coordinates":[[63.89,3.6],[64.62,3.22]]}},{"type":"Feature","properties":{"Type":"OTF","PlateA":"IN","PlateB":"SO"},"geometry":{"type":"LineString","coordinates":[[64.62,3.22],[64.68,3.3]]}},{"type":"Feature","properties":{"Type":"OSR","PlateA":"IN","PlateB":"SO"},"geometry":{"type":"LineString","coordinates":[[64.68,3.3],[65.21,2.92]]}},{"type":"Feature","properties":{"Type":"OTF","PlateA":"IN","PlateB":"SO"},"geometry":{"type":"LineString","coordinates":[[65.21,2.92],[65.49,3.3]]}},{"type":"Feature","properties":{"Type":"OSR","PlateA":"IN","PlateB":"SO"},"geometry":{"type":"LineString","coordinates":[[65.49,3.3],[65.96,2.97]]}},{"type":"Feature","properties":{"Type":"OSR","PlateA":"IN","PlateB":"SO"},"geometry":{"type":"LineString","coordinates":[[65.96,2.97],[66.38,2.75]]}},{"type":"Feature","properties":{"Type":"OTF","PlateA":"IN","PlateB":"SO"},"geometry":{"type":"LineString","coordinates":[[66.38,2.75],[66.18,2.39]]}},{"type":"Feature","properties":{"Type":"OTF","PlateA":"IN","PlateB":"SO"},"geometry":{"type":"LineString","coordinates":[[66.18,2.39],[65.99,2.05]]}},{"type":"Feature","properties":{"Type":"OSR","PlateA":"IN","PlateB":"SO"},"geometry":{"type":"LineString","coordinates":[[65.99,2.05],[66.33,1.86]]}},{"type":"Feature","properties":{"Type":"OSR","PlateA":"IN","PlateB":"SO"},"geometry":{"type":"LineString","coordinates":[[66.33,1.86],[66.67,1.62]]}},{"type":"Feature","properties":{"Type":"OTF","PlateA":"IN","PlateB":"SO"},"geometry":{"type":"LineString","coordinates":[[66.67,1.62],[66.49,1.33]]}},{"type":"Feature","properties":{"Type":"OSR","PlateA":"IN","PlateB":"SO"},"geometry":{"type":"LineString","coordinates":[[66.49,1.33],[66.87,1.07]]}},{"type":"Feature","properties":{"Type":"OTF","PlateA":"IN","PlateB":"SO"},"geometry":{"type":"LineString","coordinates":[[66.87,1.07],[66.66,0.72]]}},{"type":"Feature","properties":{"Type":"OSR","PlateA":"IN","PlateB":"SO"},"geometry":{"type":"LineString","coordinates":[[66.66,0.72],[67.16,0.34]]}},{"type":"Feature","properties":{"Type":"OTF","PlateA":"IN","PlateB":"SO"},"geometry":{"type":"LineString","coordinates":[[67.16,0.34],[66.84,-0.04]]}},{"type":"Feature","properties":{"Type":"OSR","PlateA":"IN","PlateB":"SO"},"geometry":{"type":"LineString","coordinates":[[66.84,-0.04],[67.21,-0.34]]}},{"type":"Feature","properties":{"Type":"OTF","PlateA":"IN","PlateB":"SO"},"geometry":{"type":"LineString","coordinates":[[67.21,-0.34],[67.02,-0.58]]}},{"type":"Feature","properties":{"Type":"OSR","PlateA":"IN","PlateB":"SO"},"geometry":{"type":"LineString","coordinates":[[67.02,-0.58],[67.66,-1.04]]}},{"type":"Feature","properties":{"Type":"OTF","PlateA":"IN","PlateB":"SO"},"geometry":{"type":"LineString","coordinates":[[67.66,-1.04],[67.37,-1.44]]}},{"type":"Feature","properties":{"Type":"OSR","PlateA":"IN","PlateB":"SO"},"geometry":{"type":"LineString","coordinates":[[67.37,-1.44],[67.93,-1.91]]}},{"type":"Feature","properties":{"Type":"OTF","PlateA":"IN","PlateB":"SO"},"geometry":{"type":"LineString","coordinates":[[67.93,-1.91],[67.79,-2.09]]}},{"type":"Feature","properties":{"Type":"OSR","PlateA":"IN","PlateB":"SO"},"geometry":{"type":"LineString","coordinates":[[67.79,-2.09],[68.25,-2.54]]}},{"type":"Feature","properties":{"Type":"OTF","PlateA":"IN","PlateB":"SO"},"geometry":{"type":"LineString","coordinates":[[68.25,-2.54],[67.89,-2.89]]}},{"type":"Feature","properties":{"Type":"OSR","PlateA":"IN","PlateB":"SO"},"geometry":{"type":"LineString","coordinates":[[67.89,-2.89],[68.27,-3.35]]}},{"type":"Feature","properties":{"Type":"OSR","PlateA":"IN","PlateB":"SO"},"geometry":{"type":"LineString","coordinates":[[68.27,-3.35],[68.67,-3.77]]}},{"type":"Feature","properties":{"Type":"OTF","PlateA":"IN","PlateB":"SO"},"geometry":{"type":"LineString","coordinates":[[68.67,-3.77],[68.35,-4.12]]}},{"type":"Feature","properties":{"Type":"OSR","PlateA":"IN","PlateB":"SO"},"geometry":{"type":"LineString","coordinates":[[68.35,-4.12],[68.75,-4.55]]}},{"type":"Feature","properties":{"Type":"OTF","PlateA":"IN","PlateB":"SO"},"geometry":{"type":"LineString","coordinates":[[68.75,-4.55],[68.2,-5.04]]}},{"type":"Feature","properties":{"Type":"OSR","PlateA":"IN","PlateB":"SO"},"geometry":{"type":"LineString","coordinates":[[68.2,-5.04],[68.61,-5.47]]}},{"type":"Feature","properties":{"Type":"OTF","PlateA":"IN","PlateB":"SO"},"geometry":{"type":"LineString","coordinates":[[68.61,-5.47],[68.22,-5.89]]}},{"type":"Feature","properties":{"Type":"OTF","PlateA":"IN","PlateB":"SO"},"geometry":{"type":"LineString","coordinates":[[68.22,-5.89],[67.78,-6.26]]}},{"type":"Feature","properties":{"Type":"OSR","PlateA":"IN","PlateB":"SO"},"geometry":{"type":"LineString","coordinates":[[67.78,-6.26],[68.27,-6.81]]}},{"type":"Feature","properties":{"Type":"OSR","PlateA":"NA","PlateB":"AF"},"geometry":{"type":"LineString","coordinates":[[-46.77,15.45],[-46.65,16.02]]}},{"type":"Feature","properties":{"Type":"OSR","PlateA":"NA","PlateB":"AF"},"geometry":{"type":"LineString","coordinates":[[-46.65,16.02],[-46.53,16.59]]}},{"type":"Feature","properties":{"Type":"OTF","PlateA":"NA","PlateB":"AF"},"geometry":{"type":"LineString","coordinates":[[-46.53,16.59],[-46.59,16.61]]}},{"type":"Feature","properties":{"Type":"OSR","PlateA":"NA","PlateB":"AF"},"geometry":{"type":"LineString","coordinates":[[-46.59,16.61],[-46.5,17.09]]}},{"type":"Feature","properties":{"Type":"OSR","PlateA":"NA","PlateB":"AF"},"geometry":{"type":"LineString","coordinates":[[-46.5,17.09],[-46.41,17.57]]}},{"type":"Feature","properties":{"Type":"OTF","PlateA":"NA","PlateB":"AF"},"geometry":{"type":"LineString","coordinates":[[-46.41,17.57],[-46.52,17.59]]}},{"type":"Feature","properties":{"Type":"OSR","PlateA":"NA","PlateB":"AF"},"geometry":{"type":"LineString","coordinates":[[-46.52,17.59],[-46.39,18.42]]}},{"type":"Feature","properties":{"Type":"OTF","PlateA":"NA","PlateB":"AF"},"geometry":{"type":"LineString","coordinates":[[-46.39,18.42],[-46.32,18.42]]}},{"type":"Feature","properties":{"Type":"OSR","PlateA":"NA","PlateB":"AF"},"geometry":{"type":"LineString","coordinates":[[-46.32,18.42],[-46.22,18.93]]}},{"type":"Feature","properties":{"Type":"OTF","PlateA":"NA","PlateB":"AF"},"geometry":{"type":"LineString","coordinates":[[-46.22,18.93],[-46.18,18.93]]}},{"type":"Feature","properties":{"Type":"OSR","PlateA":"NA","PlateB":"AF"},"geometry":{"type":"LineString","coordinates":[[-46.18,18.93],[-46.09,19.38]]}},{"type":"Feature","properties":{"Type":"OSR","PlateA":"NA","PlateB":"AF"},"geometry":{"type":"LineString","coordinates":[[-46.09,19.38],[-46,19.82]]}},{"type":"Feature","properties":{"Type":"OTF","PlateA":"NA","PlateB":"AF"},"geometry":{"type":"LineString","coordinates":[[-46,19.82],[-45.94,19.8]]}},{"type":"Feature","properties":{"Type":"OSR","PlateA":"NA","PlateB":"AF"},"geometry":{"type":"LineString","coordinates":[[-45.94,19.8],[-45.77,20.62]]}},{"type":"Feature","properties":{"Type":"OTF","PlateA":"NA","PlateB":"AF"},"geometry":{"type":"LineString","coordinates":[[-45.77,20.62],[-45.56,20.6]]}},{"type":"Feature","properties":{"Type":"OSR","PlateA":"NA","PlateB":"AF"},"geometry":{"type":"LineString","coordinates":[[-45.56,20.6],[-45.42,21.22]]}},{"type":"Feature","properties":{"Type":"OTF","PlateA":"NA","PlateB":"AF"},"geometry":{"type":"LineString","coordinates":[[-45.42,21.22],[-45.51,21.25]]}},{"type":"Feature","properties":{"Type":"OSR","PlateA":"NA","PlateB":"AF"},"geometry":{"type":"LineString","coordinates":[[-45.51,21.25],[-45.38,21.82]]}},{"type":"Feature","properties":{"Type":"OTF","PlateA":"NA","PlateB":"AF"},"geometry":{"type":"LineString","coordinates":[[-45.38,21.82],[-45.25,21.81]]}},{"type":"Feature","properties":{"Type":"OSR","PlateA":"NA","PlateB":"AF"},"geometry":{"type":"LineString","coordinates":[[-45.25,21.81],[-45.16,22.39]]}},{"type":"Feature","properties":{"Type":"OSR","PlateA":"NA","PlateB":"AF"},"geometry":{"type":"LineString","coordinates":[[-45.16,22.39],[-45.07,22.97]]}},{"type":"Feature","properties":{"Type":"OTF","PlateA":"NA","PlateB":"AF"},"geometry":{"type":"LineString","coordinates":[[-45.07,22.97],[-45.02,22.96]]}},{"type":"Feature","properties":{"Type":"OSR","PlateA":"NA","PlateB":"AF"},"geometry":{"type":"LineString","coordinates":[[-45.02,22.96],[-44.92,23.65]]}},{"type":"Feature","properties":{"Type":"OTF","PlateA":"NA","PlateB":"AF"},"geometry":{"type":"LineString","coordinates":[[-44.92,23.65],[-45.7,23.78]]}},{"type":"Feature","properties":{"Type":"OTF","PlateA":"NA","PlateB":"AF"},"geometry":{"type":"LineString","coordinates":[[-45.7,23.78],[-46.48,23.92]]}},{"type":"Feature","properties":{"Type":"OSR","PlateA":"NA","PlateB":"AF"},"geometry":{"type":"LineString","coordinates":[[-46.48,23.92],[-46.2,24.6]]}},{"type":"Feature","properties":{"Type":"OTF","PlateA":"NA","PlateB":"AF"},"geometry":{"type":"LineString","coordinates":[[-46.2,24.6],[-46.12,24.59]]}},{"type":"Feature","properties":{"Type":"OSR","PlateA":"NA","PlateB":"AF"},"geometry":{"type":"LineString","coordinates":[[-46.12,24.59],[-45.79,25.25]]}},{"type":"Feature","properties":{"Type":"OTF","PlateA":"NA","PlateB":"AF"},"geometry":{"type":"LineString","coordinates":[[-45.79,25.25],[-45.5,25.19]]}},{"type":"Feature","properties":{"Type":"OSR","PlateA":"NA","PlateB":"AF"},"geometry":{"type":"LineString","coordinates":[[-45.5,25.19],[-45.3,25.64]]}},{"type":"Feature","properties":{"Type":"OSR","PlateA":"NA","PlateB":"AF"},"geometry":{"type":"LineString","coordinates":[[-45.3,25.64],[-45.09,26.08]]}},{"type":"Feature","properties":{"Type":"OTF","PlateA":"NA","PlateB":"AF"},"geometry":{"type":"LineString","coordinates":[[-45.09,26.08],[-44.9,26.06]]}},{"type":"Feature","properties":{"Type":"OSR","PlateA":"NA","PlateB":"AF"},"geometry":{"type":"LineString","coordinates":[[-44.9,26.06],[-44.82,26.27]]}},{"type":"Feature","properties":{"Type":"OTF","PlateA":"NA","PlateB":"AF"},"geometry":{"type":"LineString","coordinates":[[-44.82,26.27],[-44.87,26.28]]}},{"type":"Feature","properties":{"Type":"OSR","PlateA":"NA","PlateB":"AF"},"geometry":{"type":"LineString","coordinates":[[-44.87,26.28],[-44.69,26.77]]}},{"type":"Feature","properties":{"Type":"OSR","PlateA":"NA","PlateB":"AF"},"geometry":{"type":"LineString","coordinates":[[-44.69,26.77],[-44.51,27.25]]}},{"type":"Feature","properties":{"Type":"OTF","PlateA":"NA","PlateB":"AF"},"geometry":{"type":"LineString","coordinates":[[-44.51,27.25],[-44.38,27.24]]}},{"type":"Feature","properties":{"Type":"OSR","PlateA":"NA","PlateB":"AF"},"geometry":{"type":"LineString","coordinates":[[-44.38,27.24],[-44.2,27.67]]}},{"type":"Feature","properties":{"Type":"OSR","PlateA":"NA","PlateB":"AF"},"geometry":{"type":"LineString","coordinates":[[-44.2,27.67],[-44.02,28.11]]}},{"type":"Feature","properties":{"Type":"OTF","PlateA":"NA","PlateB":"AF"},"geometry":{"type":"LineString","coordinates":[[-44.02,28.11],[-43.94,28.11]]}},{"type":"Feature","properties":{"Type":"OSR","PlateA":"NA","PlateB":"AF"},"geometry":{"type":"LineString","coordinates":[[-43.94,28.11],[-43.56,28.81]]}},{"type":"Feature","properties":{"Type":"OTF","PlateA":"NA","PlateB":"AF"},"geometry":{"type":"LineString","coordinates":[[-43.56,28.81],[-43.48,28.8]]}},{"type":"Feature","properties":{"Type":"OSR","PlateA":"NA","PlateB":"AF"},"geometry":{"type":"LineString","coordinates":[[-43.48,28.8],[-43.09,29.47]]}},{"type":"Feature","properties":{"Type":"OTF","PlateA":"NA","PlateB":"AF"},"geometry":{"type":"LineString","coordinates":[[-43.09,29.47],[-43.04,29.47]]}},{"type":"Feature","properties":{"Type":"OSR","PlateA":"NA","PlateB":"AF"},"geometry":{"type":"LineString","coordinates":[[-43.04,29.47],[-42.73,30.07]]}},{"type":"Feature","properties":{"Type":"OTF","PlateA":"NA","PlateB":"AF"},"geometry":{"type":"LineString","coordinates":[[-42.73,30.07],[-42.14,29.97]]}},{"type":"Feature","properties":{"Type":"OSR","PlateA":"NA","PlateB":"AF"},"geometry":{"type":"LineString","coordinates":[[-42.14,29.97],[-41.79,30.61]]}},{"type":"Feature","properties":{"Type":"OSR","PlateA":"NA","PlateB":"AF"},"geometry":{"type":"LineString","coordinates":[[-41.79,30.61],[-41.43,31.24]]}},{"type":"Feature","properties":{"Type":"OTF","PlateA":"NA","PlateB":"AF"},"geometry":{"type":"LineString","coordinates":[[-41.43,31.24],[-41.18,31.19]]}},{"type":"Feature","properties":{"Type":"OSR","PlateA":"NA","PlateB":"AF"},"geometry":{"type":"LineString","coordinates":[[-41.18,31.19],[-40.71,31.82]]}},{"type":"Feature","properties":{"Type":"OTF","PlateA":"NA","PlateB":"AF"},"geometry":{"type":"LineString","coordinates":[[-40.71,31.82],[-40.55,31.8]]}},{"type":"Feature","properties":{"Type":"OSR","PlateA":"NA","PlateB":"AF"},"geometry":{"type":"LineString","coordinates":[[-40.55,31.8],[-40.13,32.44]]}},{"type":"Feature","properties":{"Type":"OSR","PlateA":"NA","PlateB":"AF"},"geometry":{"type":"LineString","coordinates":[[-40.13,32.44],[-39.7,33.08]]}},{"type":"Feature","properties":{"Type":"OTF","PlateA":"NA","PlateB":"AF"},"geometry":{"type":"LineString","coordinates":[[-39.7,33.08],[-39.59,33.07]]}},{"type":"Feature","properties":{"Type":"OSR","PlateA":"NA","PlateB":"AF"},"geometry":{"type":"LineString","coordinates":[[-39.59,33.07],[-39.4,33.77]]}},{"type":"Feature","properties":{"Type":"OTF","PlateA":"NA","PlateB":"AF"},"geometry":{"type":"LineString","coordinates":[[-39.4,33.77],[-38.6,33.64]]}},{"type":"Feature","properties":{"Type":"OTF","PlateA":"NA","PlateB":"AF"},"geometry":{"type":"LineString","coordinates":[[-38.6,33.64],[-37.8,33.5]]}},{"type":"Feature","properties":{"Type":"OSR","PlateA":"NA","PlateB":"AF"},"geometry":{"type":"LineString","coordinates":[[-37.8,33.5],[-37.68,33.74]]}},{"type":"Feature","properties":{"Type":"OTF","PlateA":"NA","PlateB":"AF"},"geometry":{"type":"LineString","coordinates":[[-37.68,33.74],[-37.53,33.71]]}},{"type":"Feature","properties":{"Type":"OSR","PlateA":"NA","PlateB":"AF"},"geometry":{"type":"LineString","coordinates":[[-37.53,33.71],[-37.34,34.14]]}},{"type":"Feature","properties":{"Type":"OTF","PlateA":"NA","PlateB":"AF"},"geometry":{"type":"LineString","coordinates":[[-37.34,34.14],[-37.24,34.12]]}},{"type":"Feature","properties":{"Type":"OSR","PlateA":"NA","PlateB":"AF"},"geometry":{"type":"LineString","coordinates":[[-37.24,34.12],[-37.05,34.57]]}},{"type":"Feature","properties":{"Type":"OTF","PlateA":"NA","PlateB":"AF"},"geometry":{"type":"LineString","coordinates":[[-37.05,34.57],[-36.86,34.55]]}},{"type":"Feature","properties":{"Type":"OSR","PlateA":"NA","PlateB":"AF"},"geometry":{"type":"LineString","coordinates":[[-36.86,34.55],[-36.78,34.71]]}},{"type":"Feature","properties":{"Type":"OTF","PlateA":"NA","PlateB":"AF"},"geometry":{"type":"LineString","coordinates":[[-36.78,34.71],[-36.62,34.69]]}},{"type":"Feature","properties":{"Type":"OSR","PlateA":"NA","PlateB":"AF"},"geometry":{"type":"LineString","coordinates":[[-36.62,34.69],[-36.37,35.28]]}},{"type":"Feature","properties":{"Type":"OTF","PlateA":"NA","PlateB":"AF"},"geometry":{"type":"LineString","coordinates":[[-36.37,35.28],[-35.56,35.15]]}},{"type":"Feature","properties":{"Type":"OTF","PlateA":"NA","PlateB":"AF"},"geometry":{"type":"LineString","coordinates":[[-35.56,35.15],[-34.75,35.01]]}},{"type":"Feature","properties":{"Type":"OSR","PlateA":"NA","PlateB":"AF"},"geometry":{"type":"LineString","coordinates":[[-34.75,35.01],[-34.46,35.63]]}},{"type":"Feature","properties":{"Type":"OTF","PlateA":"NA","PlateB":"AF"},"geometry":{"type":"LineString","coordinates":[[-34.46,35.63],[-34.33,35.62]]}},{"type":"Feature","properties":{"Type":"OSR","PlateA":"NA","PlateB":"AF"},"geometry":{"type":"LineString","coordinates":[[-34.33,35.62],[-34.14,36.08]]}},{"type":"Feature","properties":{"Type":"OTF","PlateA":"NA","PlateB":"AF"},"geometry":{"type":"LineString","coordinates":[[-34.14,36.08],[-34.06,36.07]]}},{"type":"Feature","properties":{"Type":"OSR","PlateA":"NA","PlateB":"AF"},"geometry":{"type":"LineString","coordinates":[[-34.06,36.07],[-33.98,36.22]]}},{"type":"Feature","properties":{"Type":"OTF","PlateA":"NA","PlateB":"AF"},"geometry":{"type":"LineString","coordinates":[[-33.98,36.22],[-33.77,36.19]]}},{"type":"Feature","properties":{"Type":"OSR","PlateA":"NA","PlateB":"AF"},"geometry":{"type":"LineString","coordinates":[[-33.77,36.19],[-33.59,36.74]]}},{"type":"Feature","properties":{"Type":"OTF","PlateA":"NA","PlateB":"AF"},"geometry":{"type":"LineString","coordinates":[[-33.59,36.74],[-33.31,36.69]]}},{"type":"Feature","properties":{"Type":"OSR","PlateA":"NA","PlateB":"AF"},"geometry":{"type":"LineString","coordinates":[[-33.31,36.69],[-33.22,36.94]]}},{"type":"Feature","properties":{"Type":"OTF","PlateA":"NA","PlateB":"AF"},"geometry":{"type":"LineString","coordinates":[[-33.22,36.94],[-33.01,36.92]]}},{"type":"Feature","properties":{"Type":"OSR","PlateA":"NA","PlateB":"AF"},"geometry":{"type":"LineString","coordinates":[[-33.01,36.92],[-32.94,37.07]]}},{"type":"Feature","properties":{"Type":"OTF","PlateA":"NA","PlateB":"AF"},"geometry":{"type":"LineString","coordinates":[[-32.94,37.07],[-32.71,37.03]]}},{"type":"Feature","properties":{"Type":"OSR","PlateA":"NA","PlateB":"AF"},"geometry":{"type":"LineString","coordinates":[[-32.71,37.03],[-32.65,37.18]]}},{"type":"Feature","properties":{"Type":"OTF","PlateA":"NA","PlateB":"AF"},"geometry":{"type":"LineString","coordinates":[[-32.65,37.18],[-32.4,37.14]]}},{"type":"Feature","properties":{"Type":"OSR","PlateA":"NA","PlateB":"AF"},"geometry":{"type":"LineString","coordinates":[[-32.4,37.14],[-32.28,37.39]]}},{"type":"Feature","properties":{"Type":"OTF","PlateA":"NA","PlateB":"AF"},"geometry":{"type":"LineString","coordinates":[[-32.28,37.39],[-31.52,37.28]]}},{"type":"Feature","properties":{"Type":"OSR","PlateA":"NA","PlateB":"AF"},"geometry":{"type":"LineString","coordinates":[[-31.52,37.28],[-31.37,37.71]]}},{"type":"Feature","properties":{"Type":"OTF","PlateA":"NA","PlateB":"AF"},"geometry":{"type":"LineString","coordinates":[[-31.37,37.71],[-31.07,37.68]]}},{"type":"Feature","properties":{"Type":"OSR","PlateA":"NA","PlateB":"AF"},"geometry":{"type":"LineString","coordinates":[[-31.07,37.68],[-30.6,38.4]]}},{"type":"Feature","properties":{"Type":"OTF","PlateA":"NA","PlateB":"AF"},"geometry":{"type":"LineString","coordinates":[[-30.6,38.4],[-30.43,38.39]]}},{"type":"Feature","properties":{"Type":"OSR","PlateA":"NA","PlateB":"AF"},"geometry":{"type":"LineString","coordinates":[[-30.43,38.39],[-30.17,38.89]]}},{"type":"Feature","properties":{"Type":"OSR","PlateA":"NA","PlateB":"AF"},"geometry":{"type":"LineString","coordinates":[[-30.17,38.89],[-29.91,39.39]]}},{"type":"Feature","properties":{"Type":"OSR","PlateA":"NA","PlateB":"AF"},"geometry":{"type":"LineString","coordinates":[[-29.91,39.39],[-29.77,39.4]]}},{"type":"Feature","properties":{"Type":"OTF","PlateA":"AF","PlateB":"SA"},"geometry":{"type":"LineString","coordinates":[[-46.77,15.45],[-45.95,15.36]]}},{"type":"Feature","properties":{"Type":"OTF","PlateA":"AF","PlateB":"SA"},"geometry":{"type":"LineString","coordinates":[[-45.95,15.36],[-45.13,15.27]]}},{"type":"Feature","properties":{"Type":"OSR","PlateA":"AF","PlateB":"SA"},"geometry":{"type":"LineString","coordinates":[[-45.13,15.27],[-45.14,14.65]]}},{"type":"Feature","properties":{"Type":"OSR","PlateA":"AF","PlateB":"SA"},"geometry":{"type":"LineString","coordinates":[[-45.14,14.65],[-45.14,14.03]]}},{"type":"Feature","properties":{"Type":"OSR","PlateA":"AF","PlateB":"SA"},"geometry":{"type":"LineString","coordinates":[[-45.14,14.03],[-45.06,13.99]]}},{"type":"Feature","properties":{"Type":"OSR","PlateA":"AF","PlateB":"SA"},"geometry":{"type":"LineString","coordinates":[[-45.06,13.99],[-45.05,13.34]]}},{"type":"Feature","properties":{"Type":"OSR","PlateA":"AF","PlateB":"SA"},"geometry":{"type":"LineString","coordinates":[[-45.05,13.34],[-45.04,12.68]]}},{"type":"Feature","properties":{"Type":"OTF","PlateA":"AF","PlateB":"SA"},"geometry":{"type":"LineString","coordinates":[[-45.04,12.68],[-44.26,12.63]]}},{"type":"Feature","properties":{"Type":"OSR","PlateA":"AF","PlateB":"SA"},"geometry":{"type":"LineString","coordinates":[[-44.26,12.63],[-44.28,12.1]]}},{"type":"Feature","properties":{"Type":"OTF","PlateA":"AF","PlateB":"SA"},"geometry":{"type":"LineString","coordinates":[[-44.28,12.1],[-43.88,12.09]]}},{"type":"Feature","properties":{"Type":"OSR","PlateA":"AF","PlateB":"SA"},"geometry":{"type":"LineString","coordinates":[[-43.88,12.09],[-43.9,11.51]]}},{"type":"Feature","properties":{"Type":"OSR","PlateA":"AF","PlateB":"SA"},"geometry":{"type":"LineString","coordinates":[[-43.9,11.51],[-43.92,10.93]]}},{"type":"Feature","properties":{"Type":"OTF","PlateA":"AF","PlateB":"SA"},"geometry":{"type":"LineString","coordinates":[[-43.92,10.93],[-43.45,10.91]]}},{"type":"Feature","properties":{"Type":"OTF","PlateA":"AF","PlateB":"SA"},"geometry":{"type":"LineString","coordinates":[[-43.45,10.91],[-42.98,10.88]]}},{"type":"Feature","properties":{"Type":"OTF","PlateA":"AF","PlateB":"SA"},"geometry":{"type":"LineString","coordinates":[[-42.98,10.88],[-42.5,10.86]]}},{"type":"Feature","properties":{"Type":"OTF","PlateA":"AF","PlateB":"SA"},"geometry":{"type":"LineString","coordinates":[[-42.5,10.86],[-42.03,10.84]]}},{"type":"Feature","properties":{"Type":"OTF","PlateA":"AF","PlateB":"SA"},"geometry":{"type":"LineString","coordinates":[[-42.03,10.84],[-41.56,10.81]]}},{"type":"Feature","properties":{"Type":"OTF","PlateA":"AF","PlateB":"SA"},"geometry":{"type":"LineString","coordinates":[[-41.56,10.81],[-41.09,10.79]]}},{"type":"Feature","properties":{"Type":"OSR","PlateA":"AF","PlateB":"SA"},"geometry":{"type":"LineString","coordinates":[[-41.09,10.79],[-41.08,9.98]]}},{"type":"Feature","properties":{"Type":"OTF","PlateA":"AF","PlateB":"SA"},"geometry":{"type":"LineString","coordinates":[[-41.08,9.98],[-40.86,9.97]]}},{"type":"Feature","properties":{"Type":"OSR","PlateA":"AF","PlateB":"SA"},"geometry":{"type":"LineString","coordinates":[[-40.86,9.97],[-40.86,9.39]]}},{"type":"Feature","properties":{"Type":"OTF","PlateA":"AF","PlateB":"SA"},"geometry":{"type":"LineString","coordinates":[[-40.86,9.39],[-40.64,9.37]]}},{"type":"Feature","properties":{"Type":"OSR","PlateA":"AF","PlateB":"SA"},"geometry":{"type":"LineString","coordinates":[[-40.64,9.37],[-40.65,8.84]]}},{"type":"Feature","properties":{"Type":"OTF","PlateA":"AF","PlateB":"SA"},"geometry":{"type":"LineString","coordinates":[[-40.65,8.84],[-40.12,8.82]]}},{"type":"Feature","properties":{"Type":"OSR","PlateA":"AF","PlateB":"SA"},"geometry":{"type":"LineString","coordinates":[[-40.12,8.82],[-40.14,8.22]]}},{"type":"Feature","properties":{"Type":"OTF","PlateA":"AF","PlateB":"SA"},"geometry":{"type":"LineString","coordinates":[[-40.14,8.22],[-39.66,8.2]]}},{"type":"Feature","properties":{"Type":"OTF","PlateA":"AF","PlateB":"SA"},"geometry":{"type":"LineString","coordinates":[[-39.66,8.2],[-39.18,8.18]]}},{"type":"Feature","properties":{"Type":"OTF","PlateA":"AF","PlateB":"SA"},"geometry":{"type":"LineString","coordinates":[[-39.18,8.18],[-38.7,8.16]]}},{"type":"Feature","properties":{"Type":"OTF","PlateA":"AF","PlateB":"SA"},"geometry":{"type":"LineString","coordinates":[[-38.7,8.16],[-38.22,8.14]]}},{"type":"Feature","properties":{"Type":"OSR","PlateA":"AF","PlateB":"SA"},"geometry":{"type":"LineString","coordinates":[[-38.22,8.14],[-38.21,7.7]]}},{"type":"Feature","properties":{"Type":"OTF","PlateA":"AF","PlateB":"SA"},"geometry":{"type":"LineString","coordinates":[[-38.21,7.7],[-37.54,7.68]]}},{"type":"Feature","properties":{"Type":"OTF","PlateA":"AF","PlateB":"SA"},"geometry":{"type":"LineString","coordinates":[[-37.54,7.68],[-36.86,7.65]]}},{"type":"Feature","properties":{"Type":"OSR","PlateA":"AF","PlateB":"SA"},"geometry":{"type":"LineString","coordinates":[[-36.86,7.65],[-36.85,7.4]]}},{"type":"Feature","properties":{"Type":"OTF","PlateA":"AF","PlateB":"SA"},"geometry":{"type":"LineString","coordinates":[[-36.85,7.4],[-36.06,7.36]]}},{"type":"Feature","properties":{"Type":"OSR","PlateA":"AF","PlateB":"SA"},"geometry":{"type":"LineString","coordinates":[[-36.06,7.36],[-36.05,7.02]]}},{"type":"Feature","properties":{"Type":"OTF","PlateA":"AF","PlateB":"SA"},"geometry":{"type":"LineString","coordinates":[[-36.05,7.02],[-35.37,6.94]]}},{"type":"Feature","properties":{"Type":"OSR","PlateA":"AF","PlateB":"SA"},"geometry":{"type":"LineString","coordinates":[[-35.37,6.94],[-35.36,6.61]]}},{"type":"Feature","properties":{"Type":"OTF","PlateA":"AF","PlateB":"SA"},"geometry":{"type":"LineString","coordinates":[[-35.36,6.61],[-34.49,6.62]]}},{"type":"Feature","properties":{"Type":"OTF","PlateA":"AF","PlateB":"SA"},"geometry":{"type":"LineString","coordinates":[[-34.49,6.62],[-33.62,6.62]]}},{"type":"Feature","properties":{"Type":"OSR","PlateA":"AF","PlateB":"SA"},"geometry":{"type":"LineString","coordinates":[[-33.62,6.62],[-33.62,6.1]]}},{"type":"Feature","properties":{"Type":"OTF","PlateA":"AF","PlateB":"SA"},"geometry":{"type":"LineString","coordinates":[[-33.62,6.1],[-33.51,6.08]]}},{"type":"Feature","properties":{"Type":"OSR","PlateA":"AF","PlateB":"SA"},"geometry":{"type":"LineString","coordinates":[[-33.51,6.08],[-33.51,5.65]]}},{"type":"Feature","properties":{"Type":"OTF","PlateA":"AF","PlateB":"SA"},"geometry":{"type":"LineString","coordinates":[[-33.51,5.65],[-32.98,5.65]]}},{"type":"Feature","properties":{"Type":"OSR","PlateA":"AF","PlateB":"SA"},"geometry":{"type":"LineString","coordinates":[[-32.98,5.65],[-32.92,4.8]]}},{"type":"Feature","properties":{"Type":"OSR","PlateA":"AF","PlateB":"SA"},"geometry":{"type":"LineString","coordinates":[[-32.92,4.8],[-32.86,3.96]]}},{"type":"Feature","properties":{"Type":"OTF","PlateA":"AF","PlateB":"SA"},"geometry":{"type":"LineString","coordinates":[[-32.86,3.96],[-32.39,3.99]]}},{"type":"Feature","properties":{"Type":"OTF","PlateA":"AF","PlateB":"SA"},"geometry":{"type":"LineString","coordinates":[[-32.39,3.99],[-31.91,4.01]]}},{"type":"Feature","properties":{"Type":"OTF","PlateA":"AF","PlateB":"SA"},"geometry":{"type":"LineString","coordinates":[[-31.91,4.01],[-31.44,4.04]]}},{"type":"Feature","properties":{"Type":"OTF","PlateA":"AF","PlateB":"SA"},"geometry":{"type":"LineString","coordinates":[[-31.44,4.04],[-30.96,4.06]]}},{"type":"Feature","properties":{"Type":"OSR","PlateA":"AF","PlateB":"SA"},"geometry":{"type":"LineString","coordinates":[[-30.96,4.06],[-30.89,3.26]]}},{"type":"Feature","properties":{"Type":"OSR","PlateA":"AF","PlateB":"SA"},"geometry":{"type":"LineString","coordinates":[[-30.89,3.26],[-30.81,2.45]]}},{"type":"Feature","properties":{"Type":"OSR","PlateA":"AF","PlateB":"SA"},"geometry":{"type":"LineString","coordinates":[[-30.81,2.45],[-30.74,1.64]]}},{"type":"Feature","properties":{"Type":"OTF","PlateA":"AF","PlateB":"SA"},"geometry":{"type":"LineString","coordinates":[[-30.74,1.64],[-30.03,1.61]]}},{"type":"Feature","properties":{"Type":"OSR","PlateA":"AF","PlateB":"SA"},"geometry":{"type":"LineString","coordinates":[[-30.03,1.61],[-29.92,0.8]]}},{"type":"Feature","properties":{"Type":"OTF","PlateA":"AF","PlateB":"SA"},"geometry":{"type":"LineString","coordinates":[[-29.92,0.8],[-29.21,0.85]]}},{"type":"Feature","properties":{"Type":"OTF","PlateA":"AF","PlateB":"SA"},"geometry":{"type":"LineString","coordinates":[[-29.21,0.85],[-28.35,0.95]]}},{"type":"Feature","properties":{"Type":"OTF","PlateA":"AF","PlateB":"SA"},"geometry":{"type":"LineString","coordinates":[[-28.35,0.95],[-27.83,1.01]]}},{"type":"Feature","properties":{"Type":"OTF","PlateA":"AF","PlateB":"SA"},"geometry":{"type":"LineString","coordinates":[[-27.83,1.01],[-27.31,1.06]]}},{"type":"Feature","properties":{"Type":"OTF","PlateA":"AF","PlateB":"SA"},"geometry":{"type":"LineString","coordinates":[[-27.31,1.06],[-26.47,1.16]]}},{"type":"Feature","properties":{"Type":"OSR","PlateA":"AF","PlateB":"SA"},"geometry":{"type":"LineString","coordinates":[[-26.47,1.16],[-26.29,0.5]]}},{"type":"Feature","properties":{"Type":"OTF","PlateA":"AF","PlateB":"SA"},"geometry":{"type":"LineString","coordinates":[[-26.29,0.5],[-25.66,0.56]]}},{"type":"Feature","properties":{"Type":"OTF","PlateA":"AF","PlateB":"SA"},"geometry":{"type":"LineString","coordinates":[[-25.66,0.56],[-25.03,0.61]]}},{"type":"Feature","properties":{"Type":"OSR","PlateA":"AF","PlateB":"SA"},"geometry":{"type":"LineString","coordinates":[[-25.03,0.61],[-24.82,-0.24]]}},{"type":"Feature","properties":{"Type":"OSR","PlateA":"AF","PlateB":"SA"},"geometry":{"type":"LineString","coordinates":[[-24.82,-0.24],[-24.61,-1.1]]}},{"type":"Feature","properties":{"Type":"OTF","PlateA":"AF","PlateB":"SA"},"geometry":{"type":"LineString","coordinates":[[-24.61,-1.1],[-24.05,-1.03]]}},{"type":"Feature","properties":{"Type":"OTF","PlateA":"AF","PlateB":"SA"},"geometry":{"type":"LineString","coordinates":[[-24.05,-1.03],[-23.49,-0.96]]}},{"type":"Feature","properties":{"Type":"OTF","PlateA":"AF","PlateB":"SA"},"geometry":{"type":"LineString","coordinates":[[-23.49,-0.96],[-22.93,-0.88]]}},{"type":"Feature","properties":{"Type":"OTF","PlateA":"AF","PlateB":"SA"},"geometry":{"type":"LineString","coordinates":[[-22.93,-0.88],[-22.38,-0.8]]}},{"type":"Feature","properties":{"Type":"OTF","PlateA":"AF","PlateB":"SA"},"geometry":{"type":"LineString","coordinates":[[-22.38,-0.8],[-21.54,-0.68]]}},{"type":"Feature","properties":{"Type":"OTF","PlateA":"AF","PlateB":"SA"},"geometry":{"type":"LineString","coordinates":[[-21.54,-0.68],[-21.02,-0.59]]}},{"type":"Feature","properties":{"Type":"OTF","PlateA":"AF","PlateB":"SA"},"geometry":{"type":"LineString","coordinates":[[-21.02,-0.59],[-20.49,-0.5]]}},{"type":"Feature","properties":{"Type":"OTF","PlateA":"AF","PlateB":"SA"},"geometry":{"type":"LineString","coordinates":[[-20.49,-0.5],[-19.67,-0.33]]}},{"type":"Feature","properties":{"Type":"OTF","PlateA":"AF","PlateB":"SA"},"geometry":{"type":"LineString","coordinates":[[-19.67,-0.33],[-18.85,-0.18]]}},{"type":"Feature","properties":{"Type":"OTF","PlateA":"AF","PlateB":"SA"},"geometry":{"type":"LineString","coordinates":[[-18.85,-0.18],[-18.37,-0.07]]}},{"type":"Feature","properties":{"Type":"OTF","PlateA":"AF","PlateB":"SA"},"geometry":{"type":"LineString","coordinates":[[-18.37,-0.07],[-17.89,0.03]]}},{"type":"Feature","properties":{"Type":"OTF","PlateA":"AF","PlateB":"SA"},"geometry":{"type":"LineString","coordinates":[[-17.89,0.03],[-17.32,0.15]]}},{"type":"Feature","properties":{"Type":"OTF","PlateA":"AF","PlateB":"SA"},"geometry":{"type":"LineString","coordinates":[[-17.32,0.15],[-16.76,0.27]]}},{"type":"Feature","properties":{"Type":"OTF","PlateA":"AF","PlateB":"SA"},"geometry":{"type":"LineString","coordinates":[[-16.76,0.27],[-16.5,0.3]]}},{"type":"Feature","properties":{"Type":"OSR","PlateA":"AF","PlateB":"SA"},"geometry":{"type":"LineString","coordinates":[[-16.5,0.3],[-16.25,-0.56]]}},{"type":"Feature","properties":{"Type":"OTF","PlateA":"AF","PlateB":"SA"},"geometry":{"type":"LineString","coordinates":[[-16.25,-0.56],[-16.04,-0.52]]}},{"type":"Feature","properties":{"Type":"OSR","PlateA":"AF","PlateB":"SA"},"geometry":{"type":"LineString","coordinates":[[-16.04,-0.52],[-15.84,-1.14]]}},{"type":"Feature","properties":{"Type":"OTF","PlateA":"AF","PlateB":"SA"},"geometry":{"type":"LineString","coordinates":[[-15.84,-1.14],[-15.56,-1.07]]}},{"type":"Feature","properties":{"Type":"OSR","PlateA":"AF","PlateB":"SA"},"geometry":{"type":"LineString","coordinates":[[-15.56,-1.07],[-15.41,-1.49]]}},{"type":"Feature","properties":{"Type":"OTF","PlateA":"AF","PlateB":"SA"},"geometry":{"type":"LineString","coordinates":[[-15.41,-1.49],[-14.66,-1.3]]}},{"type":"Feature","properties":{"Type":"OTF","PlateA":"AF","PlateB":"SA"},"geometry":{"type":"LineString","coordinates":[[-14.66,-1.3],[-13.91,-1.11]]}},{"type":"Feature","properties":{"Type":"OTF","PlateA":"AF","PlateB":"SA"},"geometry":{"type":"LineString","coordinates":[[-13.91,-1.11],[-13.16,-0.91]]}},{"type":"Feature","properties":{"Type":"OSR","PlateA":"AF","PlateB":"SA"},"geometry":{"type":"LineString","coordinates":[[-13.16,-0.91],[-12.93,-1.51]]}},{"type":"Feature","properties":{"Type":"OSR","PlateA":"AF","PlateB":"SA"},"geometry":{"type":"LineString","coordinates":[[-12.93,-1.51],[-12.7,-2.1]]}},{"type":"Feature","properties":{"Type":"OTF","PlateA":"AF","PlateB":"SA"},"geometry":{"type":"LineString","coordinates":[[-12.7,-2.1],[-12.16,-1.94]]}},{"type":"Feature","properties":{"Type":"OSR","PlateA":"AF","PlateB":"SA"},"geometry":{"type":"LineString","coordinates":[[-12.16,-1.94],[-12,-2.4]]}},{"type":"Feature","properties":{"Type":"OSR","PlateA":"AF","PlateB":"SA"},"geometry":{"type":"LineString","coordinates":[[-12,-2.4],[-11.83,-2.85]]}},{"type":"Feature","properties":{"Type":"OSR","PlateA":"AF","PlateB":"SA"},"geometry":{"type":"LineString","coordinates":[[-11.83,-2.85],[-12.03,-3.01]]}},{"type":"Feature","properties":{"Type":"OSR","PlateA":"AF","PlateB":"SA"},"geometry":{"type":"LineString","coordinates":[[-12.03,-3.01],[-11.9,-3.49]]}},{"type":"Feature","properties":{"Type":"OSR","PlateA":"AF","PlateB":"SA"},"geometry":{"type":"LineString","coordinates":[[-11.9,-3.49],[-11.77,-3.97]]}},{"type":"Feature","properties":{"Type":"OTF","PlateA":"AF","PlateB":"SA"},"geometry":{"type":"LineString","coordinates":[[-11.77,-3.97],[-12.1,-4.1]]}},{"type":"Feature","properties":{"Type":"OSR","PlateA":"AF","PlateB":"SA"},"geometry":{"type":"LineString","coordinates":[[-12.1,-4.1],[-12.04,-4.59]]}},{"type":"Feature","properties":{"Type":"OTF","PlateA":"AF","PlateB":"SA"},"geometry":{"type":"LineString","coordinates":[[-12.04,-4.59],[-12.14,-4.61]]}},{"type":"Feature","properties":{"Type":"OSR","PlateA":"AF","PlateB":"SA"},"geometry":{"type":"LineString","coordinates":[[-12.14,-4.61],[-12.02,-5.03]]}},{"type":"Feature","properties":{"Type":"OTF","PlateA":"AF","PlateB":"SA"},"geometry":{"type":"LineString","coordinates":[[-12.02,-5.03],[-11.6,-4.94]]}},{"type":"Feature","properties":{"Type":"OSR","PlateA":"AF","PlateB":"SA"},"geometry":{"type":"LineString","coordinates":[[-11.6,-4.94],[-11.52,-5.41]]}},{"type":"Feature","properties":{"Type":"OTF","PlateA":"AF","PlateB":"SA"},"geometry":{"type":"LineString","coordinates":[[-11.52,-5.41],[-11.17,-5.38]]}},{"type":"Feature","properties":{"Type":"OSR","PlateA":"AF","PlateB":"SA"},"geometry":{"type":"LineString","coordinates":[[-11.17,-5.38],[-11.02,-5.93]]}},{"type":"Feature","properties":{"Type":"OTF","PlateA":"AF","PlateB":"SA"},"geometry":{"type":"LineString","coordinates":[[-11.02,-5.93],[-11.27,-6.02]]}},{"type":"Feature","properties":{"Type":"OSR","PlateA":"AF","PlateB":"SA"},"geometry":{"type":"LineString","coordinates":[[-11.27,-6.02],[-11.18,-6.75]]}},{"type":"Feature","properties":{"Type":"OTF","PlateA":"AF","PlateB":"SA"},"geometry":{"type":"LineString","coordinates":[[-11.18,-6.75],[-11.99,-6.96]]}},{"type":"Feature","properties":{"Type":"OTF","PlateA":"AF","PlateB":"SA"},"geometry":{"type":"LineString","coordinates":[[-11.99,-6.96],[-12.81,-7.16]]}},{"type":"Feature","properties":{"Type":"OTF","PlateA":"AF","PlateB":"SA"},"geometry":{"type":"LineString","coordinates":[[-12.81,-7.16],[-13.62,-7.37]]}},{"type":"Feature","properties":{"Type":"OSR","PlateA":"AF","PlateB":"SA"},"geometry":{"type":"LineString","coordinates":[[-13.62,-7.37],[-13.49,-7.89]]}},{"type":"Feature","properties":{"Type":"OSR","PlateA":"AF","PlateB":"SA"},"geometry":{"type":"LineString","coordinates":[[-13.49,-7.89],[-13.36,-8.41]]}},{"type":"Feature","properties":{"Type":"OTF","PlateA":"AF","PlateB":"SA"},"geometry":{"type":"LineString","coordinates":[[-13.36,-8.41],[-13.19,-8.37]]}},{"type":"Feature","properties":{"Type":"OSR","PlateA":"AF","PlateB":"SA"},"geometry":{"type":"LineString","coordinates":[[-13.19,-8.37],[-13.02,-9.22]]}},{"type":"Feature","properties":{"Type":"OTF","PlateA":"AF","PlateB":"SA"},"geometry":{"type":"LineString","coordinates":[[-13.02,-9.22],[-13.25,-9.28]]}},{"type":"Feature","properties":{"Type":"OSR","PlateA":"AF","PlateB":"SA"},"geometry":{"type":"LineString","coordinates":[[-13.25,-9.28],[-13.17,-9.79]]}},{"type":"Feature","properties":{"Type":"OTF","PlateA":"AF","PlateB":"SA"},"geometry":{"type":"LineString","coordinates":[[-13.17,-9.79],[-13.31,-9.82]]}},{"type":"Feature","properties":{"Type":"OSR","PlateA":"AF","PlateB":"SA"},"geometry":{"type":"LineString","coordinates":[[-13.31,-9.82],[-13.17,-10.62]]}},{"type":"Feature","properties":{"Type":"OSR","PlateA":"AF","PlateB":"SA"},"geometry":{"type":"LineString","coordinates":[[-13.17,-10.62],[-13.03,-11.42]]}},{"type":"Feature","properties":{"Type":"OTF","PlateA":"AF","PlateB":"SA"},"geometry":{"type":"LineString","coordinates":[[-13.03,-11.42],[-13.52,-11.54]]}},{"type":"Feature","properties":{"Type":"OTF","PlateA":"AF","PlateB":"SA"},"geometry":{"type":"LineString","coordinates":[[-13.52,-11.54],[-14.02,-11.65]]}},{"type":"Feature","properties":{"Type":"OTF","PlateA":"AF","PlateB":"SA"},"geometry":{"type":"LineString","coordinates":[[-14.02,-11.65],[-14.51,-11.77]]}},{"type":"Feature","properties":{"Type":"OTF","PlateA":"AF","PlateB":"SA"},"geometry":{"type":"LineString","coordinates":[[-14.51,-11.77],[-15.01,-11.88]]}},{"type":"Feature","properties":{"Type":"OSR","PlateA":"AF","PlateB":"SA"},"geometry":{"type":"LineString","coordinates":[[-15.01,-11.88],[-14.91,-12.34]]}},{"type":"Feature","properties":{"Type":"OTF","PlateA":"AF","PlateB":"SA"},"geometry":{"type":"LineString","coordinates":[[-14.91,-12.34],[-14.86,-12.32]]}},{"type":"Feature","properties":{"Type":"OSR","PlateA":"AF","PlateB":"SA"},"geometry":{"type":"LineString","coordinates":[[-14.86,-12.32],[-14.79,-12.66]]}},{"type":"Feature","properties":{"Type":"OTF","PlateA":"AF","PlateB":"SA"},"geometry":{"type":"LineString","coordinates":[[-14.79,-12.66],[-14.55,-12.58]]}},{"type":"Feature","properties":{"Type":"OSR","PlateA":"AF","PlateB":"SA"},"geometry":{"type":"LineString","coordinates":[[-14.55,-12.58],[-14.41,-13.22]]}},{"type":"Feature","properties":{"Type":"OTF","PlateA":"AF","PlateB":"SA"},"geometry":{"type":"LineString","coordinates":[[-14.41,-13.22],[-14.6,-13.27]]}},{"type":"Feature","properties":{"Type":"OSR","PlateA":"AF","PlateB":"SA"},"geometry":{"type":"LineString","coordinates":[[-14.6,-13.27],[-14.54,-13.74]]}},{"type":"Feature","properties":{"Type":"OSR","PlateA":"AF","PlateB":"SA"},"geometry":{"type":"LineString","coordinates":[[-14.54,-13.74],[-14.48,-14.21]]}},{"type":"Feature","properties":{"Type":"OTF","PlateA":"AF","PlateB":"SA"},"geometry":{"type":"LineString","coordinates":[[-14.48,-14.21],[-13.64,-14.03]]}},{"type":"Feature","properties":{"Type":"OSR","PlateA":"AF","PlateB":"SA"},"geometry":{"type":"LineString","coordinates":[[-13.64,-14.03],[-13.43,-14.85]]}},{"type":"Feature","properties":{"Type":"OSR","PlateA":"AF","PlateB":"SA"},"geometry":{"type":"LineString","coordinates":[[-13.43,-14.85],[-13.23,-15.66]]}},{"type":"Feature","properties":{"Type":"OTF","PlateA":"AF","PlateB":"SA"},"geometry":{"type":"LineString","coordinates":[[-13.23,-15.66],[-13.38,-15.69]]}},{"type":"Feature","properties":{"Type":"OSR","PlateA":"AF","PlateB":"SA"},"geometry":{"type":"LineString","coordinates":[[-13.38,-15.69],[-13.24,-16.21]]}},{"type":"Feature","properties":{"Type":"OTF","PlateA":"AF","PlateB":"SA"},"geometry":{"type":"LineString","coordinates":[[-13.24,-16.21],[-13.77,-16.32]]}},{"type":"Feature","properties":{"Type":"OTF","PlateA":"AF","PlateB":"SA"},"geometry":{"type":"LineString","coordinates":[[-13.77,-16.32],[-14.3,-16.43]]}},{"type":"Feature","properties":{"Type":"OSR","PlateA":"AF","PlateB":"SA"},"geometry":{"type":"LineString","coordinates":[[-14.3,-16.43],[-14.24,-16.76]]}},{"type":"Feature","properties":{"Type":"OTF","PlateA":"AF","PlateB":"SA"},"geometry":{"type":"LineString","coordinates":[[-14.24,-16.76],[-14.37,-16.78]]}},{"type":"Feature","properties":{"Type":"OSR","PlateA":"AF","PlateB":"SA"},"geometry":{"type":"LineString","coordinates":[[-14.37,-16.78],[-14.22,-17.39]]}},{"type":"Feature","properties":{"Type":"OSR","PlateA":"AF","PlateB":"SA"},"geometry":{"type":"LineString","coordinates":[[-14.22,-17.39],[-14.08,-17.99]]}},{"type":"Feature","properties":{"Type":"OTF","PlateA":"AF","PlateB":"SA"},"geometry":{"type":"LineString","coordinates":[[-14.08,-17.99],[-13.52,-17.89]]}},{"type":"Feature","properties":{"Type":"OTF","PlateA":"AF","PlateB":"SA"},"geometry":{"type":"LineString","coordinates":[[-13.52,-17.89],[-12.96,-17.79]]}},{"type":"Feature","properties":{"Type":"OSR","PlateA":"AF","PlateB":"SA"},"geometry":{"type":"LineString","coordinates":[[-12.96,-17.79],[-12.86,-18.29]]}},{"type":"Feature","properties":{"Type":"OSR","PlateA":"AF","PlateB":"SA"},"geometry":{"type":"LineString","coordinates":[[-12.86,-18.29],[-12.76,-18.78]]}},{"type":"Feature","properties":{"Type":"OTF","PlateA":"AF","PlateB":"SA"},"geometry":{"type":"LineString","coordinates":[[-12.76,-18.78],[-12.48,-18.75]]}},{"type":"Feature","properties":{"Type":"OSR","PlateA":"AF","PlateB":"SA"},"geometry":{"type":"LineString","coordinates":[[-12.48,-18.75],[-12.37,-19.34]]}},{"type":"Feature","properties":{"Type":"OSR","PlateA":"AF","PlateB":"SA"},"geometry":{"type":"LineString","coordinates":[[-12.37,-19.34],[-12.26,-19.93]]}},{"type":"Feature","properties":{"Type":"OTF","PlateA":"AF","PlateB":"SA"},"geometry":{"type":"LineString","coordinates":[[-12.26,-19.93],[-11.94,-19.82]]}},{"type":"Feature","properties":{"Type":"OSR","PlateA":"AF","PlateB":"SA"},"geometry":{"type":"LineString","coordinates":[[-11.94,-19.82],[-11.85,-20.28]]}},{"type":"Feature","properties":{"Type":"OTF","PlateA":"AF","PlateB":"SA"},"geometry":{"type":"LineString","coordinates":[[-11.85,-20.28],[-11.97,-20.3]]}},{"type":"Feature","properties":{"Type":"OSR","PlateA":"AF","PlateB":"SA"},"geometry":{"type":"LineString","coordinates":[[-11.97,-20.3],[-11.76,-21.18]]}},{"type":"Feature","properties":{"Type":"OTF","PlateA":"AF","PlateB":"SA"},"geometry":{"type":"LineString","coordinates":[[-11.76,-21.18],[-12.01,-21.21]]}},{"type":"Feature","properties":{"Type":"OSR","PlateA":"AF","PlateB":"SA"},"geometry":{"type":"LineString","coordinates":[[-12.01,-21.21],[-11.85,-21.73]]}},{"type":"Feature","properties":{"Type":"OTF","PlateA":"AF","PlateB":"SA"},"geometry":{"type":"LineString","coordinates":[[-11.85,-21.73],[-11.94,-21.75]]}},{"type":"Feature","properties":{"Type":"OSR","PlateA":"AF","PlateB":"SA"},"geometry":{"type":"LineString","coordinates":[[-11.94,-21.75],[-11.82,-22.15]]}},{"type":"Feature","properties":{"Type":"OTF","PlateA":"AF","PlateB":"SA"},"geometry":{"type":"LineString","coordinates":[[-11.82,-22.15],[-12.36,-22.27]]}},{"type":"Feature","properties":{"Type":"OTF","PlateA":"AF","PlateB":"SA"},"geometry":{"type":"LineString","coordinates":[[-12.36,-22.27],[-12.91,-22.38]]}},{"type":"Feature","properties":{"Type":"OSR","PlateA":"AF","PlateB":"SA"},"geometry":{"type":"LineString","coordinates":[[-12.91,-22.38],[-12.85,-22.63]]}},{"type":"Feature","properties":{"Type":"OTF","PlateA":"AF","PlateB":"SA"},"geometry":{"type":"LineString","coordinates":[[-12.85,-22.63],[-13.34,-22.73]]}},{"type":"Feature","properties":{"Type":"OTF","PlateA":"AF","PlateB":"SA"},"geometry":{"type":"LineString","coordinates":[[-13.34,-22.73],[-13.83,-22.83]]}},{"type":"Feature","properties":{"Type":"OSR","PlateA":"AF","PlateB":"SA"},"geometry":{"type":"LineString","coordinates":[[-13.83,-22.83],[-13.66,-23.54]]}},{"type":"Feature","properties":{"Type":"OTF","PlateA":"AF","PlateB":"SA"},"geometry":{"type":"LineString","coordinates":[[-13.66,-23.54],[-13.57,-23.51]]}},{"type":"Feature","properties":{"Type":"OSR","PlateA":"AF","PlateB":"SA"},"geometry":{"type":"LineString","coordinates":[[-13.57,-23.51],[-13.43,-24.15]]}},{"type":"Feature","properties":{"Type":"OSR","PlateA":"AF","PlateB":"SA"},"geometry":{"type":"LineString","coordinates":[[-13.43,-24.15],[-13.28,-24.78]]}},{"type":"Feature","properties":{"Type":"OTF","PlateA":"AF","PlateB":"SA"},"geometry":{"type":"LineString","coordinates":[[-13.28,-24.78],[-13.81,-24.89]]}},{"type":"Feature","properties":{"Type":"OSR","PlateA":"AF","PlateB":"SA"},"geometry":{"type":"LineString","coordinates":[[-13.81,-24.89],[-13.66,-25.65]]}},{"type":"Feature","properties":{"Type":"OTF","PlateA":"AF","PlateB":"SA"},"geometry":{"type":"LineString","coordinates":[[-13.66,-25.65],[-14.05,-25.74]]}},{"type":"Feature","properties":{"Type":"OSR","PlateA":"AF","PlateB":"SA"},"geometry":{"type":"LineString","coordinates":[[-14.05,-25.74],[-13.82,-26.59]]}},{"type":"Feature","properties":{"Type":"OTF","PlateA":"AF","PlateB":"SA"},"geometry":{"type":"LineString","coordinates":[[-13.82,-26.59],[-13.69,-26.56]]}},{"type":"Feature","properties":{"Type":"OSR","PlateA":"AF","PlateB":"SA"},"geometry":{"type":"LineString","coordinates":[[-13.69,-26.56],[-13.48,-27.44]]}},{"type":"Feature","properties":{"Type":"OSR","PlateA":"AF","PlateB":"SA"},"geometry":{"type":"LineString","coordinates":[[-13.48,-27.44],[-13.27,-28.32]]}},{"type":"Feature","properties":{"Type":"OTF","PlateA":"AF","PlateB":"SA"},"geometry":{"type":"LineString","coordinates":[[-13.27,-28.32],[-12.75,-28.21]]}},{"type":"Feature","properties":{"Type":"OSR","PlateA":"AF","PlateB":"SA"},"geometry":{"type":"LineString","coordinates":[[-12.75,-28.21],[-12.53,-28.94]]}},{"type":"Feature","properties":{"Type":"OTF","PlateA":"AF","PlateB":"SA"},"geometry":{"type":"LineString","coordinates":[[-12.53,-28.94],[-13.26,-29.1]]}},{"type":"Feature","properties":{"Type":"OTF","PlateA":"AF","PlateB":"SA"},"geometry":{"type":"LineString","coordinates":[[-13.26,-29.1],[-13.99,-29.25]]}},{"type":"Feature","properties":{"Type":"OSR","PlateA":"AF","PlateB":"SA"},"geometry":{"type":"LineString","coordinates":[[-13.99,-29.25],[-13.82,-29.85]]}},{"type":"Feature","properties":{"Type":"OTF","PlateA":"AF","PlateB":"SA"},"geometry":{"type":"LineString","coordinates":[[-13.82,-29.85],[-13.72,-29.83]]}},{"type":"Feature","properties":{"Type":"OSR","PlateA":"AF","PlateB":"SA"},"geometry":{"type":"LineString","coordinates":[[-13.72,-29.83],[-13.54,-30.49]]}},{"type":"Feature","properties":{"Type":"OSR","PlateA":"AF","PlateB":"SA"},"geometry":{"type":"LineString","coordinates":[[-13.54,-30.49],[-13.37,-31.16]]}},{"type":"Feature","properties":{"Type":"OTF","PlateA":"AF","PlateB":"SA"},"geometry":{"type":"LineString","coordinates":[[-13.37,-31.16],[-13.5,-31.18]]}},{"type":"Feature","properties":{"Type":"OSR","PlateA":"AF","PlateB":"SA"},"geometry":{"type":"LineString","coordinates":[[-13.5,-31.18],[-13.37,-31.66]]}},{"type":"Feature","properties":{"Type":"OSR","PlateA":"AF","PlateB":"SA"},"geometry":{"type":"LineString","coordinates":[[-13.37,-31.66],[-13.24,-32.14]]}},{"type":"Feature","properties":{"Type":"OTF","PlateA":"AF","PlateB":"SA"},"geometry":{"type":"LineString","coordinates":[[-13.24,-32.14],[-13.88,-32.27]]}},{"type":"Feature","properties":{"Type":"OTF","PlateA":"AF","PlateB":"SA"},"geometry":{"type":"LineString","coordinates":[[-13.88,-32.27],[-14.52,-32.4]]}},{"type":"Feature","properties":{"Type":"OSR","PlateA":"AF","PlateB":"SA"},"geometry":{"type":"LineString","coordinates":[[-14.52,-32.4],[-14.45,-32.9]]}},{"type":"Feature","properties":{"Type":"OSR","PlateA":"AF","PlateB":"SA"},"geometry":{"type":"LineString","coordinates":[[-14.45,-32.9],[-14.37,-33.5]]}},{"type":"Feature","properties":{"Type":"OTF","PlateA":"AF","PlateB":"SA"},"geometry":{"type":"LineString","coordinates":[[-14.37,-33.5],[-14.7,-33.57]]}},{"type":"Feature","properties":{"Type":"OSR","PlateA":"AF","PlateB":"SA"},"geometry":{"type":"LineString","coordinates":[[-14.7,-33.57],[-14.51,-34.04]]}},{"type":"Feature","properties":{"Type":"OTF","PlateA":"AF","PlateB":"SA"},"geometry":{"type":"LineString","coordinates":[[-14.51,-34.04],[-15.27,-34.24]]}},{"type":"Feature","properties":{"Type":"OSR","PlateA":"AF","PlateB":"SA"},"geometry":{"type":"LineString","coordinates":[[-15.27,-34.24],[-15.08,-34.69]]}},{"type":"Feature","properties":{"Type":"OTF","PlateA":"AF","PlateB":"SA"},"geometry":{"type":"LineString","coordinates":[[-15.08,-34.69],[-15.27,-34.77]]}},{"type":"Feature","properties":{"Type":"OSR","PlateA":"AF","PlateB":"SA"},"geometry":{"type":"LineString","coordinates":[[-15.27,-34.77],[-15.1,-35.18]]}},{"type":"Feature","properties":{"Type":"OTF","PlateA":"AF","PlateB":"SA"},"geometry":{"type":"LineString","coordinates":[[-15.1,-35.18],[-16.03,-35.34]]}},{"type":"Feature","properties":{"Type":"OTF","PlateA":"AF","PlateB":"SA"},"geometry":{"type":"LineString","coordinates":[[-16.03,-35.34],[-16.96,-35.5]]}},{"type":"Feature","properties":{"Type":"OTF","PlateA":"AF","PlateB":"SA"},"geometry":{"type":"LineString","coordinates":[[-16.96,-35.5],[-17.7,-35.66]]}},{"type":"Feature","properties":{"Type":"OSR","PlateA":"AF","PlateB":"SA"},"geometry":{"type":"LineString","coordinates":[[-17.7,-35.66],[-17.42,-36.07]]}},{"type":"Feature","properties":{"Type":"OSR","PlateA":"AF","PlateB":"SA"},"geometry":{"type":"LineString","coordinates":[[-17.42,-36.07],[-17.08,-36.47]]}},{"type":"Feature","properties":{"Type":"OTF","PlateA":"AF","PlateB":"SA"},"geometry":{"type":"LineString","coordinates":[[-17.08,-36.47],[-17.44,-36.56]]}},{"type":"Feature","properties":{"Type":"OSR","PlateA":"AF","PlateB":"SA"},"geometry":{"type":"LineString","coordinates":[[-17.44,-36.56],[-17.33,-36.94]]}},{"type":"Feature","properties":{"Type":"OSR","PlateA":"AF","PlateB":"SA"},"geometry":{"type":"LineString","coordinates":[[-17.33,-36.94],[-17.23,-37.37]]}},{"type":"Feature","properties":{"Type":"OTF","PlateA":"AF","PlateB":"SA"},"geometry":{"type":"LineString","coordinates":[[-17.23,-37.37],[-17.53,-37.47]]}},{"type":"Feature","properties":{"Type":"OSR","PlateA":"AF","PlateB":"SA"},"geometry":{"type":"LineString","coordinates":[[-17.53,-37.47],[-17.39,-38.02]]}},{"type":"Feature","properties":{"Type":"OSR","PlateA":"AF","PlateB":"SA"},"geometry":{"type":"LineString","coordinates":[[-17.39,-38.02],[-17.05,-38.45]]}},{"type":"Feature","properties":{"Type":"OTF","PlateA":"AF","PlateB":"SA"},"geometry":{"type":"LineString","coordinates":[[-17.05,-38.45],[-16.8,-38.4]]}},{"type":"Feature","properties":{"Type":"OSR","PlateA":"AF","PlateB":"SA"},"geometry":{"type":"LineString","coordinates":[[-16.8,-38.4],[-16.36,-38.56]]}},{"type":"Feature","properties":{"Type":"OSR","PlateA":"AF","PlateB":"SA"},"geometry":{"type":"LineString","coordinates":[[-16.36,-38.56],[-16.04,-38.88]]}},{"type":"Feature","properties":{"Type":"OSR","PlateA":"AF","PlateB":"SA"},"geometry":{"type":"LineString","coordinates":[[-16.04,-38.88],[-15.96,-39.35]]}},{"type":"Feature","properties":{"Type":"OSR","PlateA":"AF","PlateB":"SA"},"geometry":{"type":"LineString","coordinates":[[-15.96,-39.35],[-15.92,-39.68]]}},{"type":"Feature","properties":{"Type":"OTF","PlateA":"AF","PlateB":"SA"},"geometry":{"type":"LineString","coordinates":[[-15.92,-39.68],[-16.41,-39.79]]}},{"type":"Feature","properties":{"Type":"OSR","PlateA":"AF","PlateB":"SA"},"geometry":{"type":"LineString","coordinates":[[-16.41,-39.79],[-16.47,-40.27]]}},{"type":"Feature","properties":{"Type":"OTF","PlateA":"AF","PlateB":"SA"},"geometry":{"type":"LineString","coordinates":[[-16.47,-40.27],[-16.87,-40.37]]}},{"type":"Feature","properties":{"Type":"OSR","PlateA":"AF","PlateB":"SA"},"geometry":{"type":"LineString","coordinates":[[-16.87,-40.37],[-16.82,-40.79]]}},{"type":"Feature","properties":{"Type":"OSR","PlateA":"AF","PlateB":"SA"},"geometry":{"type":"LineString","coordinates":[[-16.82,-40.79],[-16.74,-41.18]]}},{"type":"Feature","properties":{"Type":"OSR","PlateA":"AF","PlateB":"SA"},"geometry":{"type":"LineString","coordinates":[[-16.74,-41.18],[-16.68,-41.52]]}},{"type":"Feature","properties":{"Type":"OSR","PlateA":"AF","PlateB":"SA"},"geometry":{"type":"LineString","coordinates":[[-16.68,-41.52],[-16.33,-41.81]]}},{"type":"Feature","properties":{"Type":"OSR","PlateA":"AF","PlateB":"SA"},"geometry":{"type":"LineString","coordinates":[[-16.33,-41.81],[-16.21,-42.34]]}},{"type":"Feature","properties":{"Type":"OSR","PlateA":"AF","PlateB":"SA"},"geometry":{"type":"LineString","coordinates":[[-16.21,-42.34],[-16.43,-42.87]]}},{"type":"Feature","properties":{"Type":"OSR","PlateA":"AF","PlateB":"SA"},"geometry":{"type":"LineString","coordinates":[[-16.43,-42.87],[-16.33,-43.39]]}},{"type":"Feature","properties":{"Type":"OSR","PlateA":"AF","PlateB":"SA"},"geometry":{"type":"LineString","coordinates":[[-16.33,-43.39],[-16.24,-43.68]]}},{"type":"Feature","properties":{"Type":"OSR","PlateA":"AF","PlateB":"SA"},"geometry":{"type":"LineString","coordinates":[[-16.24,-43.68],[-16.09,-44.13]]}},{"type":"Feature","properties":{"Type":"OSR","PlateA":"AF","PlateB":"SA"},"geometry":{"type":"LineString","coordinates":[[-16.09,-44.13],[-15.92,-44.58]]}},{"type":"Feature","properties":{"Type":"OSR","PlateA":"AF","PlateB":"SA"},"geometry":{"type":"LineString","coordinates":[[-15.92,-44.58],[-15.76,-45.03]]}},{"type":"Feature","properties":{"Type":"OSR","PlateA":"AF","PlateB":"SA"},"geometry":{"type":"LineString","coordinates":[[-15.76,-45.03],[-15.59,-45.48]]}},{"type":"Feature","properties":{"Type":"OTF","PlateA":"AF","PlateB":"SA"},"geometry":{"type":"LineString","coordinates":[[-15.59,-45.48],[-14.89,-45.37]]}},{"type":"Feature","properties":{"Type":"OSR","PlateA":"AF","PlateB":"SA"},"geometry":{"type":"LineString","coordinates":[[-14.89,-45.37],[-14.71,-45.9]]}},{"type":"Feature","properties":{"Type":"OTF","PlateA":"AF","PlateB":"SA"},"geometry":{"type":"LineString","coordinates":[[-14.71,-45.9],[-13.81,-45.8]]}},{"type":"Feature","properties":{"Type":"OSR","PlateA":"AF","PlateB":"SA"},"geometry":{"type":"LineString","coordinates":[[-13.81,-45.8],[-13.57,-46.69]]}},{"type":"Feature","properties":{"Type":"OSR","PlateA":"AF","PlateB":"SA"},"geometry":{"type":"LineString","coordinates":[[-13.57,-46.69],[-13.32,-47.58]]}},{"type":"Feature","properties":{"Type":"OTF","PlateA":"AF","PlateB":"SA"},"geometry":{"type":"LineString","coordinates":[[-13.32,-47.58],[-12.61,-47.47]]}},{"type":"Feature","properties":{"Type":"OTF","PlateA":"AF","PlateB":"SA"},"geometry":{"type":"LineString","coordinates":[[-12.61,-47.47],[-11.9,-47.36]]}},{"type":"Feature","properties":{"Type":"OTF","PlateA":"AF","PlateB":"SA"},"geometry":{"type":"LineString","coordinates":[[-11.9,-47.36],[-11.19,-47.24]]}},{"type":"Feature","properties":{"Type":"OTF","PlateA":"AF","PlateB":"SA"},"geometry":{"type":"LineString","coordinates":[[-11.19,-47.24],[-10.48,-47.13]]}},{"type":"Feature","properties":{"Type":"OSR","PlateA":"AF","PlateB":"SA"},"geometry":{"type":"LineString","coordinates":[[-10.48,-47.13],[-10.3,-47.65]]}},{"type":"Feature","properties":{"Type":"OSR","PlateA":"AF","PlateB":"SA"},"geometry":{"type":"LineString","coordinates":[[-10.3,-47.65],[-10.1,-48.17]]}},{"type":"Feature","properties":{"Type":"OSR","PlateA":"AF","PlateB":"SA"},"geometry":{"type":"LineString","coordinates":[[-10.1,-48.17],[-9.91,-48.69]]}},{"type":"Feature","properties":{"Type":"OSR","PlateA":"AF","PlateB":"SA"},"geometry":{"type":"LineString","coordinates":[[-9.91,-48.69],[-9.71,-49.22]]}},{"type":"Feature","properties":{"Type":"OTF","PlateA":"AF","PlateB":"SA"},"geometry":{"type":"LineString","coordinates":[[-9.71,-49.22],[-8.92,-49.09]]}},{"type":"Feature","properties":{"Type":"OTF","PlateA":"AF","PlateB":"SA"},"geometry":{"type":"LineString","coordinates":[[-8.92,-49.09],[-8.14,-48.96]]}},{"type":"Feature","properties":{"Type":"OSR","PlateA":"AF","PlateB":"SA"},"geometry":{"type":"LineString","coordinates":[[-8.14,-48.96],[-8.02,-49.28]]}},{"type":"Feature","properties":{"Type":"OTF","PlateA":"AF","PlateB":"SA"},"geometry":{"type":"LineString","coordinates":[[-8.02,-49.28],[-7.96,-49.27]]}},{"type":"Feature","properties":{"Type":"OSR","PlateA":"AF","PlateB":"SA"},"geometry":{"type":"LineString","coordinates":[[-7.96,-49.27],[-7.64,-50.06]]}},{"type":"Feature","properties":{"Type":"OTF","PlateA":"AF","PlateB":"SA"},"geometry":{"type":"LineString","coordinates":[[-7.64,-50.06],[-7.43,-50]]}},{"type":"Feature","properties":{"Type":"OSR","PlateA":"AF","PlateB":"SA"},"geometry":{"type":"LineString","coordinates":[[-7.43,-50],[-7.16,-50.61]]}},{"type":"Feature","properties":{"Type":"OTF","PlateA":"AF","PlateB":"SA"},"geometry":{"type":"LineString","coordinates":[[-7.16,-50.61],[-6.16,-50.42]]}},{"type":"Feature","properties":{"Type":"OTF","PlateA":"AF","PlateB":"SA"},"geometry":{"type":"LineString","coordinates":[[-6.16,-50.42],[-5.17,-50.22]]}},{"type":"Feature","properties":{"Type":"OSR","PlateA":"AF","PlateB":"SA"},"geometry":{"type":"LineString","coordinates":[[-5.17,-50.22],[-4.94,-50.67]]}},{"type":"Feature","properties":{"Type":"OSR","PlateA":"AF","PlateB":"SA"},"geometry":{"type":"LineString","coordinates":[[-4.94,-50.67],[-4.71,-51.13]]}},{"type":"Feature","properties":{"Type":"OSR","PlateA":"AF","PlateB":"SA"},"geometry":{"type":"LineString","coordinates":[[-4.71,-51.13],[-4.48,-51.59]]}},{"type":"Feature","properties":{"Type":"OSR","PlateA":"AF","PlateB":"SA"},"geometry":{"type":"LineString","coordinates":[[-4.48,-51.59],[-4.24,-52.05]]}},{"type":"Feature","properties":{"Type":"OTF","PlateA":"AF","PlateB":"SA"},"geometry":{"type":"LineString","coordinates":[[-4.24,-52.05],[-3.96,-51.98]]}},{"type":"Feature","properties":{"Type":"OSR","PlateA":"AF","PlateB":"SA"},"geometry":{"type":"LineString","coordinates":[[-3.96,-51.98],[-3.45,-52.76]]}},{"type":"Feature","properties":{"Type":"OSR","PlateA":"AF","PlateB":"SA"},"geometry":{"type":"LineString","coordinates":[[-3.45,-52.76],[-2.92,-53.55]]}},{"type":"Feature","properties":{"Type":"OSR","PlateA":"AF","PlateB":"SA"},"geometry":{"type":"LineString","coordinates":[[-2.92,-53.55],[-2.37,-54.33]]}},{"type":"Feature","properties":{"Type":"OTF","PlateA":"AF","PlateB":"SA"},"geometry":{"type":"LineString","coordinates":[[-2.37,-54.33],[-1.38,-54.05]]}},{"type":"Feature","properties":{"Type":"OSR","PlateA":"AF","PlateB":"SA"},"geometry":{"type":"LineString","coordinates":[[-1.38,-54.05],[-0.91,-54.45]]}},{"type":"Feature","properties":{"Type":"OSR","PlateA":"AF","PlateB":"SA"},"geometry":{"type":"LineString","coordinates":[[-0.91,-54.45],[-0.44,-54.85]]}},{"type":"Feature","properties":{"Type":"OSR","PlateA":"AU","PlateB":"AN"},"geometry":{"type":"LineString","coordinates":[[69.96,-25.65],[70.41,-26.06]]}},{"type":"Feature","properties":{"Type":"OTF","PlateA":"AU","PlateB":"AN"},"geometry":{"type":"LineString","coordinates":[[70.41,-26.06],[70.67,-25.91]]}},{"type":"Feature","properties":{"Type":"OSR","PlateA":"AU","PlateB":"AN"},"geometry":{"type":"LineString","coordinates":[[70.67,-25.91],[70.99,-26.19]]}},{"type":"Feature","properties":{"Type":"OTF","PlateA":"AU","PlateB":"AN"},"geometry":{"type":"LineString","coordinates":[[70.99,-26.19],[71.14,-26.08]]}},{"type":"Feature","properties":{"Type":"OSR","PlateA":"AU","PlateB":"AN"},"geometry":{"type":"LineString","coordinates":[[71.14,-26.08],[71.58,-26.45]]}},{"type":"Feature","properties":{"Type":"OTF","PlateA":"AU","PlateB":"AN"},"geometry":{"type":"LineString","coordinates":[[71.58,-26.45],[71.72,-26.39]]}},{"type":"Feature","properties":{"Type":"OSR","PlateA":"AU","PlateB":"AN"},"geometry":{"type":"LineString","coordinates":[[71.72,-26.39],[72.07,-26.66]]}},{"type":"Feature","properties":{"Type":"OTF","PlateA":"AU","PlateB":"AN"},"geometry":{"type":"LineString","coordinates":[[72.07,-26.66],[72.01,-26.72]]}},{"type":"Feature","properties":{"Type":"OSR","PlateA":"AU","PlateB":"AN"},"geometry":{"type":"LineString","coordinates":[[72.01,-26.72],[72.46,-27.15]]}},{"type":"Feature","properties":{"Type":"OSR","PlateA":"AU","PlateB":"AN"},"geometry":{"type":"LineString","coordinates":[[72.46,-27.15],[72.92,-27.57]]}},{"type":"Feature","properties":{"Type":"OTF","PlateA":"AU","PlateB":"AN"},"geometry":{"type":"LineString","coordinates":[[72.92,-27.57],[73.12,-27.45]]}},{"type":"Feature","properties":{"Type":"OSR","PlateA":"AU","PlateB":"AN"},"geometry":{"type":"LineString","coordinates":[[73.12,-27.45],[73.4,-27.65]]}},{"type":"Feature","properties":{"Type":"OTF","PlateA":"AU","PlateB":"AN"},"geometry":{"type":"LineString","coordinates":[[73.4,-27.65],[73.53,-27.57]]}},{"type":"Feature","properties":{"Type":"OSR","PlateA":"AU","PlateB":"AN"},"geometry":{"type":"LineString","coordinates":[[73.53,-27.57],[73.97,-27.94]]}},{"type":"Feature","properties":{"Type":"OSR","PlateA":"AU","PlateB":"AN"},"geometry":{"type":"LineString","coordinates":[[73.97,-27.94],[74.41,-28.32]]}},{"type":"Feature","properties":{"Type":"OTF","PlateA":"AU","PlateB":"AN"},"geometry":{"type":"LineString","coordinates":[[74.41,-28.32],[74.19,-28.54]]}},{"type":"Feature","properties":{"Type":"OSR","PlateA":"AU","PlateB":"AN"},"geometry":{"type":"LineString","coordinates":[[74.19,-28.54],[74.59,-28.9]]}},{"type":"Feature","properties":{"Type":"OSR","PlateA":"AU","PlateB":"AN"},"geometry":{"type":"LineString","coordinates":[[74.59,-28.9],[74.99,-29.26]]}},{"type":"Feature","properties":{"Type":"OTF","PlateA":"AU","PlateB":"AN"},"geometry":{"type":"LineString","coordinates":[[74.99,-29.26],[74.94,-29.33]]}},{"type":"Feature","properties":{"Type":"OSR","PlateA":"AU","PlateB":"AN"},"geometry":{"type":"LineString","coordinates":[[74.94,-29.33],[75.55,-29.84]]}},{"type":"Feature","properties":{"Type":"OTF","PlateA":"AU","PlateB":"AN"},"geometry":{"type":"LineString","coordinates":[[75.55,-29.84],[75.36,-30.01]]}},{"type":"Feature","properties":{"Type":"OSR","PlateA":"AU","PlateB":"AN"},"geometry":{"type":"LineString","coordinates":[[75.36,-30.01],[75.52,-30.12]]}},{"type":"Feature","properties":{"Type":"OTF","PlateA":"AU","PlateB":"AN"},"geometry":{"type":"LineString","coordinates":[[75.52,-30.12],[75.39,-30.24]]}},{"type":"Feature","properties":{"Type":"OSR","PlateA":"AU","PlateB":"AN"},"geometry":{"type":"LineString","coordinates":[[75.39,-30.24],[75.8,-30.57]]}},{"type":"Feature","properties":{"Type":"OSR","PlateA":"AU","PlateB":"AN"},"geometry":{"type":"LineString","coordinates":[[75.8,-30.57],[76.2,-30.91]]}},{"type":"Feature","properties":{"Type":"OTF","PlateA":"AU","PlateB":"AN"},"geometry":{"type":"LineString","coordinates":[[76.2,-30.91],[76.15,-30.97]]}},{"type":"Feature","properties":{"Type":"OSR","PlateA":"AU","PlateB":"AN"},"geometry":{"type":"LineString","coordinates":[[76.15,-30.97],[76.69,-31.46]]}},{"type":"Feature","properties":{"Type":"OTF","PlateA":"AU","PlateB":"AN"},"geometry":{"type":"LineString","coordinates":[[76.69,-31.46],[76.4,-31.72]]}},{"type":"Feature","properties":{"Type":"OSR","PlateA":"AU","PlateB":"AN"},"geometry":{"type":"LineString","coordinates":[[76.4,-31.72],[76.81,-32.09]]}},{"type":"Feature","properties":{"Type":"OSR","PlateA":"AU","PlateB":"AN"},"geometry":{"type":"LineString","coordinates":[[76.81,-32.09],[77.23,-32.46]]}},{"type":"Feature","properties":{"Type":"OSR","PlateA":"AU","PlateB":"AN"},"geometry":{"type":"LineString","coordinates":[[77.23,-32.46],[77.66,-32.83]]}},{"type":"Feature","properties":{"Type":"OSR","PlateA":"AU","PlateB":"AN"},"geometry":{"type":"LineString","coordinates":[[77.66,-32.83],[78.09,-33.19]]}},{"type":"Feature","properties":{"Type":"OTF","PlateA":"AU","PlateB":"AN"},"geometry":{"type":"LineString","coordinates":[[78.09,-33.19],[77.35,-33.84]]}},{"type":"Feature","properties":{"Type":"OSR","PlateA":"AU","PlateB":"AN"},"geometry":{"type":"LineString","coordinates":[[77.35,-33.84],[77.92,-34.32]]}},{"type":"Feature","properties":{"Type":"OSR","PlateA":"AU","PlateB":"AN"},"geometry":{"type":"LineString","coordinates":[[77.92,-34.32],[78.49,-34.81]]}},{"type":"Feature","properties":{"Type":"OTF","PlateA":"AU","PlateB":"AN"},"geometry":{"type":"LineString","coordinates":[[78.49,-34.81],[78.44,-34.84]]}},{"type":"Feature","properties":{"Type":"OSR","PlateA":"AU","PlateB":"AN"},"geometry":{"type":"LineString","coordinates":[[78.44,-34.84],[78.8,-35.16]]}},{"type":"Feature","properties":{"Type":"OTF","PlateA":"AU","PlateB":"AN"},"geometry":{"type":"LineString","coordinates":[[78.8,-35.16],[78.2,-35.68]]}},{"type":"Feature","properties":{"Type":"OSR","PlateA":"AU","PlateB":"AN"},"geometry":{"type":"LineString","coordinates":[[78.2,-35.68],[78.69,-36.1]]}},{"type":"Feature","properties":{"Type":"OSR","PlateA":"AU","PlateB":"AN"},"geometry":{"type":"LineString","coordinates":[[78.69,-36.1],[79.18,-36.51]]}},{"type":"Feature","properties":{"Type":"OTF","PlateA":"AU","PlateB":"AN"},"geometry":{"type":"LineString","coordinates":[[79.18,-36.51],[78.61,-37]]}},{"type":"Feature","properties":{"Type":"OTF","PlateA":"AU","PlateB":"AN"},"geometry":{"type":"LineString","coordinates":[[78.61,-37],[78.02,-37.48]]}},{"type":"Feature","properties":{"Type":"OSR","PlateA":"AU","PlateB":"AN"},"geometry":{"type":"LineString","coordinates":[[78.02,-37.48],[78.71,-38]]}},{"type":"Feature","properties":{"Type":"OTF","PlateA":"AU","PlateB":"AN"},"geometry":{"type":"LineString","coordinates":[[78.71,-38],[78.18,-38.39]]}},{"type":"Feature","properties":{"Type":"OSR","PlateA":"AU","PlateB":"AN"},"geometry":{"type":"LineString","coordinates":[[78.18,-38.39],[78.53,-38.66]]}},{"type":"Feature","properties":{"Type":"OTF","PlateA":"AU","PlateB":"AN"},"geometry":{"type":"LineString","coordinates":[[78.53,-38.66],[78.07,-39.01]]}},{"type":"Feature","properties":{"Type":"OSR","PlateA":"AU","PlateB":"AN"},"geometry":{"type":"LineString","coordinates":[[78.07,-39.01],[78.38,-39.26]]}},{"type":"Feature","properties":{"Type":"OTF","PlateA":"AU","PlateB":"AN"},"geometry":{"type":"LineString","coordinates":[[78.38,-39.26],[78,-39.54]]}},{"type":"Feature","properties":{"Type":"OSR","PlateA":"AU","PlateB":"AN"},"geometry":{"type":"LineString","coordinates":[[78,-39.54],[78.43,-39.9]]}},{"type":"Feature","properties":{"Type":"OTF","PlateA":"AU","PlateB":"AN"},"geometry":{"type":"LineString","coordinates":[[78.43,-39.9],[77.83,-40.33]]}},{"type":"Feature","properties":{"Type":"OSR","PlateA":"AU","PlateB":"AN"},"geometry":{"type":"LineString","coordinates":[[77.83,-40.33],[78.48,-40.87]]}},{"type":"Feature","properties":{"Type":"OSR","PlateA":"AU","PlateB":"AN"},"geometry":{"type":"LineString","coordinates":[[78.48,-40.87],[78.66,-40.87]]}},{"type":"Feature","properties":{"Type":"OSR","PlateA":"AU","PlateB":"AN"},"geometry":{"type":"LineString","coordinates":[[78.66,-40.87],[79.32,-41.38]]}},{"type":"Feature","properties":{"Type":"OSR","PlateA":"AU","PlateB":"AN"},"geometry":{"type":"LineString","coordinates":[[79.32,-41.38],[79.99,-41.89]]}},{"type":"Feature","properties":{"Type":"OTF","PlateA":"AU","PlateB":"AN"},"geometry":{"type":"LineString","coordinates":[[79.99,-41.89],[80.46,-41.51]]}},{"type":"Feature","properties":{"Type":"OTF","PlateA":"AU","PlateB":"AN"},"geometry":{"type":"LineString","coordinates":[[80.46,-41.51],[80.93,-41.13]]}},{"type":"Feature","properties":{"Type":"OSR","PlateA":"AU","PlateB":"AN"},"geometry":{"type":"LineString","coordinates":[[80.93,-41.13],[81.75,-41.72]]}},{"type":"Feature","properties":{"Type":"OSR","PlateA":"AU","PlateB":"AN"},"geometry":{"type":"LineString","coordinates":[[81.75,-41.72],[82.59,-42.31]]}},{"type":"Feature","properties":{"Type":"OSR","PlateA":"AU","PlateB":"AN"},"geometry":{"type":"LineString","coordinates":[[82.59,-42.31],[83.44,-42.89]]}},{"type":"Feature","properties":{"Type":"OTF","PlateA":"AU","PlateB":"AN"},"geometry":{"type":"LineString","coordinates":[[83.44,-42.89],[83.85,-42.55]]}},{"type":"Feature","properties":{"Type":"OTF","PlateA":"AU","PlateB":"AN"},"geometry":{"type":"LineString","coordinates":[[83.85,-42.55],[84.26,-42.21]]}},{"type":"Feature","properties":{"Type":"OTF","PlateA":"AU","PlateB":"AN"},"geometry":{"type":"LineString","coordinates":[[84.26,-42.21],[84.67,-41.87]]}},{"type":"Feature","properties":{"Type":"OTF","PlateA":"AU","PlateB":"AN"},"geometry":{"type":"LineString","coordinates":[[84.67,-41.87],[85.07,-41.52]]}},{"type":"Feature","properties":{"Type":"OTF","PlateA":"AU","PlateB":"AN"},"geometry":{"type":"LineString","coordinates":[[85.07,-41.52],[85.47,-41.18]]}},{"type":"Feature","properties":{"Type":"OTF","PlateA":"AU","PlateB":"AN"},"geometry":{"type":"LineString","coordinates":[[85.47,-41.18],[85.86,-40.83]]}},{"type":"Feature","properties":{"Type":"OSR","PlateA":"AU","PlateB":"AN"},"geometry":{"type":"LineString","coordinates":[[85.86,-40.83],[86.4,-41.13]]}},{"type":"Feature","properties":{"Type":"OSR","PlateA":"AU","PlateB":"AN"},"geometry":{"type":"LineString","coordinates":[[86.4,-41.13],[86.95,-41.42]]}},{"type":"Feature","properties":{"Type":"OSR","PlateA":"AU","PlateB":"AN"},"geometry":{"type":"LineString","coordinates":[[86.95,-41.42],[87.5,-41.71]]}},{"type":"Feature","properties":{"Type":"OSR","PlateA":"AU","PlateB":"AN"},"geometry":{"type":"LineString","coordinates":[[87.5,-41.71],[88.06,-42]]}},{"type":"Feature","properties":{"Type":"OTF","PlateA":"AU","PlateB":"AN"},"geometry":{"type":"LineString","coordinates":[[88.06,-42],[88.49,-41.69]]}},{"type":"Feature","properties":{"Type":"OSR","PlateA":"AU","PlateB":"AN"},"geometry":{"type":"LineString","coordinates":[[88.49,-41.69],[89.01,-41.94]]}},{"type":"Feature","properties":{"Type":"OSR","PlateA":"AU","PlateB":"AN"},"geometry":{"type":"LineString","coordinates":[[89.01,-41.94],[89.54,-42.2]]}},{"type":"Feature","properties":{"Type":"OSR","PlateA":"AU","PlateB":"AN"},"geometry":{"type":"LineString","coordinates":[[89.54,-42.2],[90.07,-42.45]]}},{"type":"Feature","properties":{"Type":"OSR","PlateA":"AU","PlateB":"AN"},"geometry":{"type":"LineString","coordinates":[[90.07,-42.45],[90.6,-42.7]]}},{"type":"Feature","properties":{"Type":"OSR","PlateA":"AU","PlateB":"AN"},"geometry":{"type":"LineString","coordinates":[[90.6,-42.7],[91.14,-42.95]]}},{"type":"Feature","properties":{"Type":"OSR","PlateA":"AU","PlateB":"AN"},"geometry":{"type":"LineString","coordinates":[[91.14,-42.95],[91.69,-43.2]]}},{"type":"Feature","properties":{"Type":"OSR","PlateA":"AU","PlateB":"AN"},"geometry":{"type":"LineString","coordinates":[[91.69,-43.2],[92.23,-43.44]]}},{"type":"Feature","properties":{"Type":"OSR","PlateA":"AU","PlateB":"AN"},"geometry":{"type":"LineString","coordinates":[[92.23,-43.44],[92.79,-43.68]]}},{"type":"Feature","properties":{"Type":"OSR","PlateA":"AU","PlateB":"AN"},"geometry":{"type":"LineString","coordinates":[[92.79,-43.68],[93.34,-43.92]]}},{"type":"Feature","properties":{"Type":"OSR","PlateA":"AU","PlateB":"AN"},"geometry":{"type":"LineString","coordinates":[[93.34,-43.92],[93.9,-44.16]]}},{"type":"Feature","properties":{"Type":"OSR","PlateA":"AU","PlateB":"AN"},"geometry":{"type":"LineString","coordinates":[[93.9,-44.16],[94.47,-44.39]]}},{"type":"Feature","properties":{"Type":"OSR","PlateA":"AU","PlateB":"AN"},"geometry":{"type":"LineString","coordinates":[[94.47,-44.39],[95.04,-44.62]]}},{"type":"Feature","properties":{"Type":"OTF","PlateA":"AU","PlateB":"AN"},"geometry":{"type":"LineString","coordinates":[[95.04,-44.62],[94.93,-44.8]]}},{"type":"Feature","properties":{"Type":"OSR","PlateA":"AU","PlateB":"AN"},"geometry":{"type":"LineString","coordinates":[[94.93,-44.8],[95.81,-45.14]]}},{"type":"Feature","properties":{"Type":"OSR","PlateA":"AU","PlateB":"AN"},"geometry":{"type":"LineString","coordinates":[[95.81,-45.14],[96.7,-45.47]]}},{"type":"Feature","properties":{"Type":"OTF","PlateA":"AU","PlateB":"AN"},"geometry":{"type":"LineString","coordinates":[[96.7,-45.47],[96.27,-46]]}},{"type":"Feature","properties":{"Type":"OTF","PlateA":"AU","PlateB":"AN"},"geometry":{"type":"LineString","coordinates":[[96.27,-46],[95.84,-46.52]]}},{"type":"Feature","properties":{"Type":"OSR","PlateA":"AU","PlateB":"AN"},"geometry":{"type":"LineString","coordinates":[[95.84,-46.52],[96.46,-46.77]]}},{"type":"Feature","properties":{"Type":"OSR","PlateA":"AU","PlateB":"AN"},"geometry":{"type":"LineString","coordinates":[[96.46,-46.77],[97.08,-47.02]]}},{"type":"Feature","properties":{"Type":"OSR","PlateA":"AU","PlateB":"AN"},"geometry":{"type":"LineString","coordinates":[[97.08,-47.02],[97.71,-47.26]]}},{"type":"Feature","properties":{"Type":"OSR","PlateA":"AU","PlateB":"AN"},"geometry":{"type":"LineString","coordinates":[[97.71,-47.26],[98.34,-47.51]]}},{"type":"Feature","properties":{"Type":"OSR","PlateA":"AU","PlateB":"AN"},"geometry":{"type":"LineString","coordinates":[[98.34,-47.51],[98.98,-47.74]]}},{"type":"Feature","properties":{"Type":"OSR","PlateA":"AU","PlateB":"AN"},"geometry":{"type":"LineString","coordinates":[[98.98,-47.74],[99.62,-47.98]]}},{"type":"Feature","properties":{"Type":"OTF","PlateA":"AU","PlateB":"AN"},"geometry":{"type":"LineString","coordinates":[[99.62,-47.98],[100.2,-47.27]]}},{"type":"Feature","properties":{"Type":"OSR","PlateA":"AU","PlateB":"AN"},"geometry":{"type":"LineString","coordinates":[[100.2,-47.27],[100.82,-47.46]]}},{"type":"Feature","properties":{"Type":"OSR","PlateA":"AU","PlateB":"AN"},"geometry":{"type":"LineString","coordinates":[[100.82,-47.46],[101.44,-47.66]]}},{"type":"Feature","properties":{"Type":"OSR","PlateA":"AU","PlateB":"AN"},"geometry":{"type":"LineString","coordinates":[[101.44,-47.66],[102.06,-47.85]]}},{"type":"Feature","properties":{"Type":"OSR","PlateA":"AU","PlateB":"AN"},"geometry":{"type":"LineString","coordinates":[[102.06,-47.85],[102.69,-48.04]]}},{"type":"Feature","properties":{"Type":"OSR","PlateA":"AU","PlateB":"AN"},"geometry":{"type":"LineString","coordinates":[[102.69,-48.04],[103.32,-48.23]]}},{"type":"Feature","properties":{"Type":"OSR","PlateA":"AU","PlateB":"AN"},"geometry":{"type":"LineString","coordinates":[[103.32,-48.23],[103.96,-48.41]]}},{"type":"Feature","properties":{"Type":"OSR","PlateA":"AU","PlateB":"AN"},"geometry":{"type":"LineString","coordinates":[[103.96,-48.41],[104.6,-48.59]]}},{"type":"Feature","properties":{"Type":"OSR","PlateA":"AU","PlateB":"AN"},"geometry":{"type":"LineString","coordinates":[[104.6,-48.59],[105.25,-48.76]]}},{"type":"Feature","properties":{"Type":"OSR","PlateA":"AU","PlateB":"AN"},"geometry":{"type":"LineString","coordinates":[[105.25,-48.76],[105.9,-48.93]]}},{"type":"Feature","properties":{"Type":"OSR","PlateA":"AU","PlateB":"AN"},"geometry":{"type":"LineString","coordinates":[[105.9,-48.93],[106.55,-49.1]]}},{"type":"Feature","properties":{"Type":"OTF","PlateA":"AU","PlateB":"AN"},"geometry":{"type":"LineString","coordinates":[[106.55,-49.1],[106.69,-48.84]]}},{"type":"Feature","properties":{"Type":"OSR","PlateA":"AU","PlateB":"AN"},"geometry":{"type":"LineString","coordinates":[[106.69,-48.84],[107.49,-49.01]]}},{"type":"Feature","properties":{"Type":"OSR","PlateA":"AU","PlateB":"AN"},"geometry":{"type":"LineString","coordinates":[[107.49,-49.01],[108.29,-49.18]]}},{"type":"Feature","properties":{"Type":"OTF","PlateA":"AU","PlateB":"AN"},"geometry":{"type":"LineString","coordinates":[[108.29,-49.18],[108.24,-49.26]]}},{"type":"Feature","properties":{"Type":"OSR","PlateA":"AU","PlateB":"AN"},"geometry":{"type":"LineString","coordinates":[[108.24,-49.26],[109.35,-49.52]]}},{"type":"Feature","properties":{"Type":"OSR","PlateA":"AU","PlateB":"AN"},"geometry":{"type":"LineString","coordinates":[[109.35,-49.52],[110.47,-49.78]]}},{"type":"Feature","properties":{"Type":"OSR","PlateA":"AU","PlateB":"AN"},"geometry":{"type":"LineString","coordinates":[[110.47,-49.78],[110.87,-49.83]]}},{"type":"Feature","properties":{"Type":"OSR","PlateA":"AU","PlateB":"AN"},"geometry":{"type":"LineString","coordinates":[[110.87,-49.83],[111.13,-49.8]]}},{"type":"Feature","properties":{"Type":"OSR","PlateA":"AU","PlateB":"AN"},"geometry":{"type":"LineString","coordinates":[[111.13,-49.8],[111.36,-49.93]]}},{"type":"Feature","properties":{"Type":"OSR","PlateA":"AU","PlateB":"AN"},"geometry":{"type":"LineString","coordinates":[[111.36,-49.93],[111.67,-50.08]]}},{"type":"Feature","properties":{"Type":"OSR","PlateA":"AU","PlateB":"AN"},"geometry":{"type":"LineString","coordinates":[[111.67,-50.08],[112.97,-50.2]]}},{"type":"Feature","properties":{"Type":"OSR","PlateA":"AU","PlateB":"AN"},"geometry":{"type":"LineString","coordinates":[[112.97,-50.2],[114.02,-50.39]]}},{"type":"Feature","properties":{"Type":"OTF","PlateA":"AU","PlateB":"AN"},"geometry":{"type":"LineString","coordinates":[[114.02,-50.39],[114.36,-49.88]]}},{"type":"Feature","properties":{"Type":"OSR","PlateA":"AU","PlateB":"AN"},"geometry":{"type":"LineString","coordinates":[[114.36,-49.88],[115.5,-49.97]]}},{"type":"Feature","properties":{"Type":"OSR","PlateA":"AU","PlateB":"AN"},"geometry":{"type":"LineString","coordinates":[[115.5,-49.97],[115.99,-49.85]]}},{"type":"Feature","properties":{"Type":"OTF","PlateA":"AU","PlateB":"AN"},"geometry":{"type":"LineString","coordinates":[[115.99,-49.85],[116.26,-49.54]]}},{"type":"Feature","properties":{"Type":"OSR","PlateA":"AU","PlateB":"AN"},"geometry":{"type":"LineString","coordinates":[[116.26,-49.54],[116.64,-49.27]]}},{"type":"Feature","properties":{"Type":"OSR","PlateA":"AU","PlateB":"AN"},"geometry":{"type":"LineString","coordinates":[[116.64,-49.27],[117.52,-49.62]]}},{"type":"Feature","properties":{"Type":"OSR","PlateA":"AU","PlateB":"AN"},"geometry":{"type":"LineString","coordinates":[[117.52,-49.62],[118.19,-49.86]]}},{"type":"Feature","properties":{"Type":"OSR","PlateA":"AU","PlateB":"AN"},"geometry":{"type":"LineString","coordinates":[[118.19,-49.86],[118.55,-49.8]]}},{"type":"Feature","properties":{"Type":"OSR","PlateA":"AU","PlateB":"AN"},"geometry":{"type":"LineString","coordinates":[[118.55,-49.8],[119.37,-49.94]]}},{"type":"Feature","properties":{"Type":"OSR","PlateA":"AU","PlateB":"AN"},"geometry":{"type":"LineString","coordinates":[[119.37,-49.94],[120.27,-50.04]]}},{"type":"Feature","properties":{"Type":"OTF","PlateA":"AU","PlateB":"AN"},"geometry":{"type":"LineString","coordinates":[[120.27,-50.04],[120.52,-49.52]]}},{"type":"Feature","properties":{"Type":"OTF","PlateA":"AU","PlateB":"AN"},"geometry":{"type":"LineString","coordinates":[[120.52,-49.52],[120.84,-48.89]]}},{"type":"Feature","properties":{"Type":"OSR","PlateA":"AU","PlateB":"AN"},"geometry":{"type":"LineString","coordinates":[[120.84,-48.89],[121.56,-49.01]]}},{"type":"Feature","properties":{"Type":"OTF","PlateA":"AU","PlateB":"AN"},"geometry":{"type":"LineString","coordinates":[[121.56,-49.01],[121.44,-49.62]]}},{"type":"Feature","properties":{"Type":"OSR","PlateA":"AU","PlateB":"AN"},"geometry":{"type":"LineString","coordinates":[[121.44,-49.62],[121.87,-49.74]]}},{"type":"Feature","properties":{"Type":"OSR","PlateA":"AU","PlateB":"AN"},"geometry":{"type":"LineString","coordinates":[[121.87,-49.74],[122.22,-49.85]]}},{"type":"Feature","properties":{"Type":"OSR","PlateA":"AU","PlateB":"AN"},"geometry":{"type":"LineString","coordinates":[[122.22,-49.85],[122.55,-49.81]]}},{"type":"Feature","properties":{"Type":"OSR","PlateA":"AU","PlateB":"AN"},"geometry":{"type":"LineString","coordinates":[[122.55,-49.81],[122.8,-49.73]]}},{"type":"Feature","properties":{"Type":"OSR","PlateA":"AU","PlateB":"AN"},"geometry":{"type":"LineString","coordinates":[[122.8,-49.73],[123.01,-49.54]]}},{"type":"Feature","properties":{"Type":"OSR","PlateA":"AU","PlateB":"AN"},"geometry":{"type":"LineString","coordinates":[[123.01,-49.54],[123.33,-49.58]]}},{"type":"Feature","properties":{"Type":"OTF","PlateA":"AU","PlateB":"AN"},"geometry":{"type":"LineString","coordinates":[[123.33,-49.58],[123.77,-49.12]]}},{"type":"Feature","properties":{"Type":"OSR","PlateA":"AU","PlateB":"AN"},"geometry":{"type":"LineString","coordinates":[[123.77,-49.12],[124.01,-48.91]]}},{"type":"Feature","properties":{"Type":"OSR","PlateA":"AU","PlateB":"AN"},"geometry":{"type":"LineString","coordinates":[[124.01,-48.91],[124.21,-48.85]]}},{"type":"Feature","properties":{"Type":"OSR","PlateA":"AU","PlateB":"AN"},"geometry":{"type":"LineString","coordinates":[[124.21,-48.85],[124.61,-48.98]]}},{"type":"Feature","properties":{"Type":"OSR","PlateA":"AU","PlateB":"AN"},"geometry":{"type":"LineString","coordinates":[[124.61,-48.98],[124.99,-49.15]]}},{"type":"Feature","properties":{"Type":"OSR","PlateA":"AU","PlateB":"AN"},"geometry":{"type":"LineString","coordinates":[[124.99,-49.15],[125.13,-49.36]]}},{"type":"Feature","properties":{"Type":"OSR","PlateA":"AU","PlateB":"AN"},"geometry":{"type":"LineString","coordinates":[[125.13,-49.36],[125.26,-49.6]]}},{"type":"Feature","properties":{"Type":"OSR","PlateA":"AU","PlateB":"AN"},"geometry":{"type":"LineString","coordinates":[[125.26,-49.6],[125.9,-49.72]]}},{"type":"Feature","properties":{"Type":"OTF","PlateA":"AU","PlateB":"AN"},"geometry":{"type":"LineString","coordinates":[[125.9,-49.72],[126.07,-49.4]]}},{"type":"Feature","properties":{"Type":"OTF","PlateA":"AU","PlateB":"AN"},"geometry":{"type":"LineString","coordinates":[[126.07,-49.4],[126.26,-49.04]]}},{"type":"Feature","properties":{"Type":"OTF","PlateA":"AU","PlateB":"AN"},"geometry":{"type":"LineString","coordinates":[[126.26,-49.04],[126.43,-48.63]]}},{"type":"Feature","properties":{"Type":"OSR","PlateA":"AU","PlateB":"AN"},"geometry":{"type":"LineString","coordinates":[[126.43,-48.63],[126.86,-48.7]]}},{"type":"Feature","properties":{"Type":"OSR","PlateA":"AU","PlateB":"AN"},"geometry":{"type":"LineString","coordinates":[[126.86,-48.7],[127.31,-48.76]]}},{"type":"Feature","properties":{"Type":"OTF","PlateA":"AU","PlateB":"AN"},"geometry":{"type":"LineString","coordinates":[[127.31,-48.76],[127.24,-49.29]]}},{"type":"Feature","properties":{"Type":"OTF","PlateA":"AU","PlateB":"AN"},"geometry":{"type":"LineString","coordinates":[[127.24,-49.29],[127.2,-49.64]]}},{"type":"Feature","properties":{"Type":"OTF","PlateA":"AU","PlateB":"AN"},"geometry":{"type":"LineString","coordinates":[[127.2,-49.64],[127.14,-49.98]]}},{"type":"Feature","properties":{"Type":"OSR","PlateA":"AU","PlateB":"AN"},"geometry":{"type":"LineString","coordinates":[[127.14,-49.98],[128.31,-50.16]]}},{"type":"Feature","properties":{"Type":"OSR","PlateA":"AU","PlateB":"AN"},"geometry":{"type":"LineString","coordinates":[[128.31,-50.16],[129.41,-50.35]]}},{"type":"Feature","properties":{"Type":"OSR","PlateA":"AU","PlateB":"AN"},"geometry":{"type":"LineString","coordinates":[[129.41,-50.35],[130.57,-50.52]]}},{"type":"Feature","properties":{"Type":"OSR","PlateA":"AU","PlateB":"AN"},"geometry":{"type":"LineString","coordinates":[[130.57,-50.52],[131.26,-50.6]]}},{"type":"Feature","properties":{"Type":"OTF","PlateA":"AU","PlateB":"AN"},"geometry":{"type":"LineString","coordinates":[[131.26,-50.6],[131.51,-50.22]]}},{"type":"Feature","properties":{"Type":"OSR","PlateA":"AU","PlateB":"AN"},"geometry":{"type":"LineString","coordinates":[[131.51,-50.22],[132.26,-50.22]]}},{"type":"Feature","properties":{"Type":"OSR","PlateA":"AU","PlateB":"AN"},"geometry":{"type":"LineString","coordinates":[[132.26,-50.22],[133.47,-50.31]]}},{"type":"Feature","properties":{"Type":"OSR","PlateA":"AU","PlateB":"AN"},"geometry":{"type":"LineString","coordinates":[[133.47,-50.31],[134.25,-50.35]]}},{"type":"Feature","properties":{"Type":"OSR","PlateA":"AU","PlateB":"AN"},"geometry":{"type":"LineString","coordinates":[[134.25,-50.35],[135.03,-50.38]]}},{"type":"Feature","properties":{"Type":"OSR","PlateA":"AU","PlateB":"AN"},"geometry":{"type":"LineString","coordinates":[[135.03,-50.38],[135.25,-50.21]]}},{"type":"Feature","properties":{"Type":"OSR","PlateA":"AU","PlateB":"AN"},"geometry":{"type":"LineString","coordinates":[[135.25,-50.21],[136.23,-50.25]]}},{"type":"Feature","properties":{"Type":"OSR","PlateA":"AU","PlateB":"AN"},"geometry":{"type":"LineString","coordinates":[[136.23,-50.25],[136.95,-50.22]]}},{"type":"Feature","properties":{"Type":"OSR","PlateA":"AU","PlateB":"AN"},"geometry":{"type":"LineString","coordinates":[[136.95,-50.22],[137.7,-50.23]]}},{"type":"Feature","properties":{"Type":"OSR","PlateA":"AU","PlateB":"AN"},"geometry":{"type":"LineString","coordinates":[[137.7,-50.23],[138.4,-50.23]]}},{"type":"Feature","properties":{"Type":"OSR","PlateA":"AU","PlateB":"AN"},"geometry":{"type":"LineString","coordinates":[[138.4,-50.23],[139.11,-50.26]]}},{"type":"Feature","properties":{"Type":"OSR","PlateA":"AU","PlateB":"AN"},"geometry":{"type":"LineString","coordinates":[[139.11,-50.26],[139.65,-50.28]]}},{"type":"Feature","properties":{"Type":"OTF","PlateA":"AU","PlateB":"AN"},"geometry":{"type":"LineString","coordinates":[[139.65,-50.28],[139.73,-51.17]]}},{"type":"Feature","properties":{"Type":"OTF","PlateA":"AU","PlateB":"AN"},"geometry":{"type":"LineString","coordinates":[[139.73,-51.17],[139.81,-51.84]]}},{"type":"Feature","properties":{"Type":"OSR","PlateA":"AU","PlateB":"AN"},"geometry":{"type":"LineString","coordinates":[[139.81,-51.84],[140.32,-51.8]]}},{"type":"Feature","properties":{"Type":"OTF","PlateA":"AU","PlateB":"AN"},"geometry":{"type":"LineString","coordinates":[[140.32,-51.8],[140.4,-52.27]]}},{"type":"Feature","properties":{"Type":"OTF","PlateA":"AU","PlateB":"AN"},"geometry":{"type":"LineString","coordinates":[[140.4,-52.27],[140.48,-52.75]]}},{"type":"Feature","properties":{"Type":"OTF","PlateA":"AU","PlateB":"AN"},"geometry":{"type":"LineString","coordinates":[[140.48,-52.75],[140.58,-53.5]]}},{"type":"Feature","properties":{"Type":"OTF","PlateA":"AU","PlateB":"AN"},"geometry":{"type":"LineString","coordinates":[[140.58,-53.5],[140.66,-53.88]]}},{"type":"Feature","properties":{"Type":"OSR","PlateA":"AU","PlateB":"AN"},"geometry":{"type":"LineString","coordinates":[[140.66,-53.88],[141.45,-54.05]]}},{"type":"Feature","properties":{"Type":"OSR","PlateA":"AU","PlateB":"AN"},"geometry":{"type":"LineString","coordinates":[[141.45,-54.05],[142.25,-54.21]]}},{"type":"Feature","properties":{"Type":"OSR","PlateA":"AU","PlateB":"AN"},"geometry":{"type":"LineString","coordinates":[[142.25,-54.21],[143.78,-54.23]]}},{"type":"Feature","properties":{"Type":"OSR","PlateA":"AU","PlateB":"AN"},"geometry":{"type":"LineString","coordinates":[[143.78,-54.23],[144.28,-54.8]]}},{"type":"Feature","properties":{"Type":"OSR","PlateA":"AU","PlateB":"AN"},"geometry":{"type":"LineString","coordinates":[[144.28,-54.8],[145.4,-54.76]]}},{"type":"Feature","properties":{"Type":"OSR","PlateA":"AU","PlateB":"AN"},"geometry":{"type":"LineString","coordinates":[[145.4,-54.76],[146.88,-54.69]]}},{"type":"Feature","properties":{"Type":"OTF","PlateA":"AU","PlateB":"AN"},"geometry":{"type":"LineString","coordinates":[[146.88,-54.69],[147.04,-55.17]]}},{"type":"Feature","properties":{"Type":"OTF","PlateA":"AU","PlateB":"AN"},"geometry":{"type":"LineString","coordinates":[[147.04,-55.17],[147.21,-55.65]]}},{"type":"Feature","properties":{"Type":"OTF","PlateA":"AU","PlateB":"AN"},"geometry":{"type":"LineString","coordinates":[[147.21,-55.65],[147.37,-56.13]]}},{"type":"Feature","properties":{"Type":"OTF","PlateA":"AU","PlateB":"AN"},"geometry":{"type":"LineString","coordinates":[[147.37,-56.13],[147.54,-56.61]]}},{"type":"Feature","properties":{"Type":"OTF","PlateA":"AU","PlateB":"AN"},"geometry":{"type":"LineString","coordinates":[[147.54,-56.61],[147.72,-57.09]]}},{"type":"Feature","properties":{"Type":"OTF","PlateA":"AU","PlateB":"AN"},"geometry":{"type":"LineString","coordinates":[[147.72,-57.09],[147.9,-57.57]]}},{"type":"Feature","properties":{"Type":"OSR","PlateA":"AU","PlateB":"AN"},"geometry":{"type":"LineString","coordinates":[[147.9,-57.57],[148.08,-57.53]]}},{"type":"Feature","properties":{"Type":"OSR","PlateA":"AU","PlateB":"AN"},"geometry":{"type":"LineString","coordinates":[[148.08,-57.53],[148.81,-57.44]]}},{"type":"Feature","properties":{"Type":"OTF","PlateA":"AU","PlateB":"AN"},"geometry":{"type":"LineString","coordinates":[[148.81,-57.44],[149.15,-58.1]]}},{"type":"Feature","properties":{"Type":"OTF","PlateA":"AU","PlateB":"AN"},"geometry":{"type":"LineString","coordinates":[[149.15,-58.1],[149.4,-58.55]]}},{"type":"Feature","properties":{"Type":"OTF","PlateA":"AU","PlateB":"AN"},"geometry":{"type":"LineString","coordinates":[[149.4,-58.55],[149.65,-59]]}},{"type":"Feature","properties":{"Type":"OTF","PlateA":"AU","PlateB":"AN"},"geometry":{"type":"LineString","coordinates":[[149.65,-59],[150.01,-59.57]]}},{"type":"Feature","properties":{"Type":"OSR","PlateA":"AU","PlateB":"AN"},"geometry":{"type":"LineString","coordinates":[[150.01,-59.57],[150.73,-59.47]]}},{"type":"Feature","properties":{"Type":"OTF","PlateA":"AU","PlateB":"AN"},"geometry":{"type":"LineString","coordinates":[[150.73,-59.47],[151.01,-59.94]]}},{"type":"Feature","properties":{"Type":"OTF","PlateA":"AU","PlateB":"AN"},"geometry":{"type":"LineString","coordinates":[[151.01,-59.94],[151.29,-60.41]]}},{"type":"Feature","properties":{"Type":"OSR","PlateA":"AU","PlateB":"AN"},"geometry":{"type":"LineString","coordinates":[[151.29,-60.41],[152.47,-60.18]]}},{"type":"Feature","properties":{"Type":"OSR","PlateA":"AU","PlateB":"AN"},"geometry":{"type":"LineString","coordinates":[[152.47,-60.18],[153.64,-59.93]]}},{"type":"Feature","properties":{"Type":"OTF","PlateA":"AU","PlateB":"AN"},"geometry":{"type":"LineString","coordinates":[[153.64,-59.93],[154.29,-60.68]]}},{"type":"Feature","properties":{"Type":"OTF","PlateA":"AU","PlateB":"AN"},"geometry":{"type":"LineString","coordinates":[[154.29,-60.68],[154.98,-61.43]]}},{"type":"Feature","properties":{"Type":"OTF","PlateA":"AU","PlateB":"AN"},"geometry":{"type":"LineString","coordinates":[[154.98,-61.43],[155.7,-62.17]]}},{"type":"Feature","properties":{"Type":"OTF","PlateA":"AU","PlateB":"AN"},"geometry":{"type":"LineString","coordinates":[[155.7,-62.17],[156.46,-62.91]]}},{"type":"Feature","properties":{"Type":"OSR","PlateA":"AU","PlateB":"AN"},"geometry":{"type":"LineString","coordinates":[[156.46,-62.91],[157.97,-62.48]]}},{"type":"Feature","properties":{"Type":"OSR","PlateA":"AU","PlateB":"AN"},"geometry":{"type":"LineString","coordinates":[[157.97,-62.48],[159.44,-62.03]]}},{"type":"Feature","properties":{"Type":"OSR","PlateA":"AU","PlateB":"AN"},"geometry":{"type":"LineString","coordinates":[[159.44,-62.03],[160.87,-61.56]]}},{"type":"Feature","properties":{"Type":"OSR","PlateA":"AU","PlateB":"AN"},"geometry":{"type":"LineString","coordinates":[[160.87,-61.56],[161.23,-61.46]]}},{"type":"Feature","properties":{"Type":"OTF","PlateA":"AN","PlateB":"NZ"},"geometry":{"type":"LineString","coordinates":[[-76.01,-45.66],[-76.67,-45.64]]}},{"type":"Feature","properties":{"Type":"OTF","PlateA":"AN","PlateB":"NZ"},"geometry":{"type":"LineString","coordinates":[[-76.67,-45.64],[-77.66,-45.76]]}},{"type":"Feature","properties":{"Type":"OSR","PlateA":"AN","PlateB":"NZ"},"geometry":{"type":"LineString","coordinates":[[-77.66,-45.76],[-77.76,-45.59]]}},{"type":"Feature","properties":{"Type":"OSR","PlateA":"AN","PlateB":"NZ"},"geometry":{"type":"LineString","coordinates":[[-77.76,-45.59],[-77.99,-45.09]]}},{"type":"Feature","properties":{"Type":"OSR","PlateA":"AN","PlateB":"NZ"},"geometry":{"type":"LineString","coordinates":[[-77.99,-45.09],[-78.21,-44.41]]}},{"type":"Feature","properties":{"Type":"OTF","PlateA":"AN","PlateB":"NZ"},"geometry":{"type":"LineString","coordinates":[[-78.21,-44.41],[-78.89,-44.54]]}},{"type":"Feature","properties":{"Type":"OTF","PlateA":"AN","PlateB":"NZ"},"geometry":{"type":"LineString","coordinates":[[-78.89,-44.54],[-79.59,-44.67]]}},{"type":"Feature","properties":{"Type":"OTF","PlateA":"AN","PlateB":"NZ"},"geometry":{"type":"LineString","coordinates":[[-79.59,-44.67],[-80.28,-44.78]]}},{"type":"Feature","properties":{"Type":"OTF","PlateA":"AN","PlateB":"NZ"},"geometry":{"type":"LineString","coordinates":[[-80.28,-44.78],[-81.11,-44.88]]}},{"type":"Feature","properties":{"Type":"OTF","PlateA":"AN","PlateB":"NZ"},"geometry":{"type":"LineString","coordinates":[[-81.11,-44.88],[-81.93,-44.96]]}},{"type":"Feature","properties":{"Type":"OSR","PlateA":"AN","PlateB":"NZ"},"geometry":{"type":"LineString","coordinates":[[-81.93,-44.96],[-82.14,-44.4]]}},{"type":"Feature","properties":{"Type":"OSR","PlateA":"AN","PlateB":"NZ"},"geometry":{"type":"LineString","coordinates":[[-82.14,-44.4],[-82.35,-43.64]]}},{"type":"Feature","properties":{"Type":"OSR","PlateA":"AN","PlateB":"NZ"},"geometry":{"type":"LineString","coordinates":[[-82.35,-43.64],[-82.51,-42.86]]}},{"type":"Feature","properties":{"Type":"OTF","PlateA":"AN","PlateB":"NZ"},"geometry":{"type":"LineString","coordinates":[[-82.51,-42.86],[-83.45,-42.98]]}},{"type":"Feature","properties":{"Type":"OSR","PlateA":"AN","PlateB":"NZ"},"geometry":{"type":"LineString","coordinates":[[-83.45,-42.98],[-83.45,-42.87]]}},{"type":"Feature","properties":{"Type":"OSR","PlateA":"AN","PlateB":"NZ"},"geometry":{"type":"LineString","coordinates":[[-83.45,-42.87],[-83.6,-42.22]]}},{"type":"Feature","properties":{"Type":"OSR","PlateA":"AN","PlateB":"NZ"},"geometry":{"type":"LineString","coordinates":[[-83.6,-42.22],[-83.72,-41.67]]}},{"type":"Feature","properties":{"Type":"OSR","PlateA":"AN","PlateB":"NZ"},"geometry":{"type":"LineString","coordinates":[[-83.72,-41.67],[-83.83,-41.12]]}},{"type":"Feature","properties":{"Type":"OTF","PlateA":"AN","PlateB":"NZ"},"geometry":{"type":"LineString","coordinates":[[-83.83,-41.12],[-84.49,-41.19]]}},{"type":"Feature","properties":{"Type":"OTF","PlateA":"AN","PlateB":"NZ"},"geometry":{"type":"LineString","coordinates":[[-84.49,-41.19],[-85.15,-41.25]]}},{"type":"Feature","properties":{"Type":"OTF","PlateA":"AN","PlateB":"NZ"},"geometry":{"type":"LineString","coordinates":[[-85.15,-41.25],[-86.24,-41.39]]}},{"type":"Feature","properties":{"Type":"OTF","PlateA":"AN","PlateB":"NZ"},"geometry":{"type":"LineString","coordinates":[[-86.24,-41.39],[-87.34,-41.52]]}},{"type":"Feature","properties":{"Type":"OSR","PlateA":"AN","PlateB":"NZ"},"geometry":{"type":"LineString","coordinates":[[-87.34,-41.52],[-87.42,-41.27]]}},{"type":"Feature","properties":{"Type":"OTF","PlateA":"AN","PlateB":"NZ"},"geometry":{"type":"LineString","coordinates":[[-87.42,-41.27],[-88.45,-41.32]]}},{"type":"Feature","properties":{"Type":"OTF","PlateA":"AN","PlateB":"NZ"},"geometry":{"type":"LineString","coordinates":[[-88.45,-41.32],[-89.25,-41.38]]}},{"type":"Feature","properties":{"Type":"OTF","PlateA":"AN","PlateB":"NZ"},"geometry":{"type":"LineString","coordinates":[[-89.25,-41.38],[-90.05,-41.43]]}},{"type":"Feature","properties":{"Type":"OSR","PlateA":"AN","PlateB":"NZ"},"geometry":{"type":"LineString","coordinates":[[-90.05,-41.43],[-90.09,-41.06]]}},{"type":"Feature","properties":{"Type":"OTF","PlateA":"AN","PlateB":"NZ"},"geometry":{"type":"LineString","coordinates":[[-90.09,-41.06],[-90.74,-41.08]]}},{"type":"Feature","properties":{"Type":"OTF","PlateA":"AN","PlateB":"NZ"},"geometry":{"type":"LineString","coordinates":[[-90.74,-41.08],[-91.39,-41.1]]}},{"type":"Feature","properties":{"Type":"OSR","PlateA":"AN","PlateB":"NZ"},"geometry":{"type":"LineString","coordinates":[[-91.39,-41.1],[-91.48,-40.73]]}},{"type":"Feature","properties":{"Type":"OSR","PlateA":"AN","PlateB":"NZ"},"geometry":{"type":"LineString","coordinates":[[-91.48,-40.73],[-91.51,-40.28]]}},{"type":"Feature","properties":{"Type":"OSR","PlateA":"AN","PlateB":"NZ"},"geometry":{"type":"LineString","coordinates":[[-91.51,-40.28],[-91.55,-39.83]]}},{"type":"Feature","properties":{"Type":"OSR","PlateA":"AN","PlateB":"NZ"},"geometry":{"type":"LineString","coordinates":[[-91.55,-39.83],[-91.6,-39.35]]}},{"type":"Feature","properties":{"Type":"OSR","PlateA":"AN","PlateB":"NZ"},"geometry":{"type":"LineString","coordinates":[[-91.6,-39.35],[-91.66,-38.87]]}},{"type":"Feature","properties":{"Type":"OTF","PlateA":"AN","PlateB":"NZ"},"geometry":{"type":"LineString","coordinates":[[-91.66,-38.87],[-92.34,-38.92]]}},{"type":"Feature","properties":{"Type":"OTF","PlateA":"AN","PlateB":"NZ"},"geometry":{"type":"LineString","coordinates":[[-92.34,-38.92],[-93.02,-38.97]]}},{"type":"Feature","properties":{"Type":"OSR","PlateA":"AN","PlateB":"NZ"},"geometry":{"type":"LineString","coordinates":[[-93.02,-38.97],[-93.07,-38.43]]}},{"type":"Feature","properties":{"Type":"OTF","PlateA":"AN","PlateB":"NZ"},"geometry":{"type":"LineString","coordinates":[[-93.07,-38.43],[-94,-38.48]]}},{"type":"Feature","properties":{"Type":"OSR","PlateA":"AN","PlateB":"NZ"},"geometry":{"type":"LineString","coordinates":[[-94,-38.48],[-94.09,-37.72]]}},{"type":"Feature","properties":{"Type":"OSR","PlateA":"AN","PlateB":"NZ"},"geometry":{"type":"LineString","coordinates":[[-94.09,-37.72],[-94.13,-37]]}},{"type":"Feature","properties":{"Type":"OTF","PlateA":"AN","PlateB":"NZ"},"geometry":{"type":"LineString","coordinates":[[-94.13,-37],[-94.91,-36.98]]}},{"type":"Feature","properties":{"Type":"OTF","PlateA":"AN","PlateB":"NZ"},"geometry":{"type":"LineString","coordinates":[[-94.91,-36.98],[-95.69,-36.97]]}},{"type":"Feature","properties":{"Type":"OTF","PlateA":"AN","PlateB":"NZ"},"geometry":{"type":"LineString","coordinates":[[-95.69,-36.97],[-96.55,-36.92]]}},{"type":"Feature","properties":{"Type":"OTF","PlateA":"AN","PlateB":"NZ"},"geometry":{"type":"LineString","coordinates":[[-96.55,-36.92],[-97.41,-36.87]]}},{"type":"Feature","properties":{"Type":"OSR","PlateA":"AN","PlateB":"NZ"},"geometry":{"type":"LineString","coordinates":[[-97.41,-36.87],[-97.4,-36.29]]}},{"type":"Feature","properties":{"Type":"OTF","PlateA":"AN","PlateB":"NZ"},"geometry":{"type":"LineString","coordinates":[[-97.4,-36.29],[-98.42,-36.19]]}},{"type":"Feature","properties":{"Type":"OTF","PlateA":"AN","PlateB":"NZ"},"geometry":{"type":"LineString","coordinates":[[-98.42,-36.19],[-99.53,-36.13]]}},{"type":"Feature","properties":{"Type":"OTF","PlateA":"AN","PlateB":"NZ"},"geometry":{"type":"LineString","coordinates":[[-99.53,-36.13],[-100.64,-36.06]]}},{"type":"Feature","properties":{"Type":"OTF","PlateA":"AN","PlateB":"NZ"},"geometry":{"type":"LineString","coordinates":[[-100.64,-36.06],[-101.29,-36]]}},{"type":"Feature","properties":{"Type":"OTF","PlateA":"AN","PlateB":"NZ"},"geometry":{"type":"LineString","coordinates":[[-101.29,-36],[-101.93,-35.93]]}},{"type":"Feature","properties":{"Type":"OTF","PlateA":"AN","PlateB":"NZ"},"geometry":{"type":"LineString","coordinates":[[-101.93,-35.93],[-102.56,-35.85]]}},{"type":"Feature","properties":{"Type":"OTF","PlateA":"AN","PlateB":"NZ"},"geometry":{"type":"LineString","coordinates":[[-102.56,-35.85],[-103.2,-35.78]]}},{"type":"Feature","properties":{"Type":"OTF","PlateA":"AN","PlateB":"NZ"},"geometry":{"type":"LineString","coordinates":[[-103.2,-35.78],[-104,-35.69]]}},{"type":"Feature","properties":{"Type":"OTF","PlateA":"AN","PlateB":"NZ"},"geometry":{"type":"LineString","coordinates":[[-104,-35.69],[-104.79,-35.6]]}},{"type":"Feature","properties":{"Type":"OTF","PlateA":"AN","PlateB":"NZ"},"geometry":{"type":"LineString","coordinates":[[-104.79,-35.6],[-105.39,-35.52]]}},{"type":"Feature","properties":{"Type":"OTF","PlateA":"AN","PlateB":"NZ"},"geometry":{"type":"LineString","coordinates":[[-105.39,-35.52],[-105.99,-35.44]]}},{"type":"Feature","properties":{"Type":"OTF","PlateA":"AN","PlateB":"NZ"},"geometry":{"type":"LineString","coordinates":[[-105.99,-35.44],[-106.67,-35.39]]}},{"type":"Feature","properties":{"Type":"OTF","PlateA":"AN","PlateB":"NZ"},"geometry":{"type":"LineString","coordinates":[[-106.67,-35.39],[-107.34,-35.34]]}},{"type":"Feature","properties":{"Type":"OTF","PlateA":"AN","PlateB":"NZ"},"geometry":{"type":"LineString","coordinates":[[-107.34,-35.34],[-108.07,-35.24]]}},{"type":"Feature","properties":{"Type":"OTF","PlateA":"AN","PlateB":"NZ"},"geometry":{"type":"LineString","coordinates":[[-108.07,-35.24],[-108.8,-35.13]]}},{"type":"Feature","properties":{"Type":"OSR","PlateA":"AN","PlateB":"NZ"},"geometry":{"type":"LineString","coordinates":[[-108.8,-35.13],[-109.26,-34.54]]}},{"type":"Feature","properties":{"Type":"OTF","PlateA":"PA","PlateB":"AN"},"geometry":{"type":"LineString","coordinates":[[161.23,-61.46],[161.98,-61.76]]}},{"type":"Feature","properties":{"Type":"OTF","PlateA":"PA","PlateB":"AN"},"geometry":{"type":"LineString","coordinates":[[161.98,-61.76],[162.58,-62.21]]}},{"type":"Feature","properties":{"Type":"OTF","PlateA":"PA","PlateB":"AN"},"geometry":{"type":"LineString","coordinates":[[162.58,-62.21],[163.2,-62.66]]}},{"type":"Feature","properties":{"Type":"OSR","PlateA":"PA","PlateB":"AN"},"geometry":{"type":"LineString","coordinates":[[163.2,-62.66],[163.77,-62.47]]}},{"type":"Feature","properties":{"Type":"OSR","PlateA":"PA","PlateB":"AN"},"geometry":{"type":"LineString","coordinates":[[163.77,-62.47],[164.28,-62.32]]}},{"type":"Feature","properties":{"Type":"OSR","PlateA":"PA","PlateB":"AN"},"geometry":{"type":"LineString","coordinates":[[164.28,-62.32],[164.77,-62.18]]}},{"type":"Feature","properties":{"Type":"OSR","PlateA":"PA","PlateB":"AN"},"geometry":{"type":"LineString","coordinates":[[164.77,-62.18],[165.1,-62.08]]}},{"type":"Feature","properties":{"Type":"OTF","PlateA":"PA","PlateB":"AN"},"geometry":{"type":"LineString","coordinates":[[165.1,-62.08],[165.65,-62.47]]}},{"type":"Feature","properties":{"Type":"OTF","PlateA":"PA","PlateB":"AN"},"geometry":{"type":"LineString","coordinates":[[165.65,-62.47],[165.97,-62.67]]}},{"type":"Feature","properties":{"Type":"OTF","PlateA":"PA","PlateB":"AN"},"geometry":{"type":"LineString","coordinates":[[165.97,-62.67],[166.62,-63.09]]}},{"type":"Feature","properties":{"Type":"OTF","PlateA":"PA","PlateB":"AN"},"geometry":{"type":"LineString","coordinates":[[166.62,-63.09],[166.86,-63.22]]}},{"type":"Feature","properties":{"Type":"OSR","PlateA":"PA","PlateB":"AN"},"geometry":{"type":"LineString","coordinates":[[166.86,-63.22],[167.55,-62.97]]}},{"type":"Feature","properties":{"Type":"CRB","PlateA":"PA","PlateB":"AN"},"geometry":{"type":"LineString","coordinates":[[167.55,-62.97],[168.28,-62.77]]}},{"type":"Feature","properties":{"Type":"CRB","PlateA":"PA","PlateB":"AN"},"geometry":{"type":"LineString","coordinates":[[168.28,-62.77],[168.71,-62.63]]}},{"type":"Feature","properties":{"Type":"CRB","PlateA":"PA","PlateB":"AN"},"geometry":{"type":"LineString","coordinates":[[168.71,-62.63],[169.24,-62.45]]}},{"type":"Feature","properties":{"Type":"OTF","PlateA":"PA","PlateB":"AN"},"geometry":{"type":"LineString","coordinates":[[169.24,-62.45],[169.61,-62.68]]}},{"type":"Feature","properties":{"Type":"OTF","PlateA":"PA","PlateB":"AN"},"geometry":{"type":"LineString","coordinates":[[169.61,-62.68],[170.07,-62.97]]}},{"type":"Feature","properties":{"Type":"OTF","PlateA":"PA","PlateB":"AN"},"geometry":{"type":"LineString","coordinates":[[170.07,-62.97],[170.44,-63.15]]}},{"type":"Feature","properties":{"Type":"OTF","PlateA":"PA","PlateB":"AN"},"geometry":{"type":"LineString","coordinates":[[170.44,-63.15],[171.01,-63.45]]}},{"type":"Feature","properties":{"Type":"OTF","PlateA":"PA","PlateB":"AN"},"geometry":{"type":"LineString","coordinates":[[171.01,-63.45],[171.64,-63.81]]}},{"type":"Feature","properties":{"Type":"OTF","PlateA":"PA","PlateB":"AN"},"geometry":{"type":"LineString","coordinates":[[171.64,-63.81],[172.16,-64.1]]}},{"type":"Feature","properties":{"Type":"OTF","PlateA":"PA","PlateB":"AN"},"geometry":{"type":"LineString","coordinates":[[172.16,-64.1],[172.52,-64.26]]}},{"type":"Feature","properties":{"Type":"OTF","PlateA":"PA","PlateB":"AN"},"geometry":{"type":"LineString","coordinates":[[172.52,-64.26],[173.63,-64.74]]}},{"type":"Feature","properties":{"Type":"OSR","PlateA":"PA","PlateB":"AN"},"geometry":{"type":"LineString","coordinates":[[173.63,-64.74],[174.24,-64.51]]}},{"type":"Feature","properties":{"Type":"OSR","PlateA":"PA","PlateB":"AN"},"geometry":{"type":"LineString","coordinates":[[174.24,-64.51],[174.81,-64.31]]}},{"type":"Feature","properties":{"Type":"OSR","PlateA":"PA","PlateB":"AN"},"geometry":{"type":"LineString","coordinates":[[174.81,-64.31],[175.16,-64.17]]}},{"type":"Feature","properties":{"Type":"OSR","PlateA":"PA","PlateB":"AN"},"geometry":{"type":"LineString","coordinates":[[175.16,-64.17],[175.58,-63.98]]}},{"type":"Feature","properties":{"Type":"OTF","PlateA":"PA","PlateB":"AN"},"geometry":{"type":"LineString","coordinates":[[175.58,-63.98],[176.06,-64.19]]}},{"type":"Feature","properties":{"Type":"OTF","PlateA":"PA","PlateB":"AN"},"geometry":{"type":"LineString","coordinates":[[176.06,-64.19],[176.55,-64.41]]}},{"type":"Feature","properties":{"Type":"OTF","PlateA":"PA","PlateB":"AN"},"geometry":{"type":"LineString","coordinates":[[176.55,-64.41],[176.82,-64.51]]}},{"type":"Feature","properties":{"Type":"OTF","PlateA":"PA","PlateB":"AN"},"geometry":{"type":"LineString","coordinates":[[176.82,-64.51],[177.34,-64.74]]}},{"type":"Feature","properties":{"Type":"OTF","PlateA":"PA","PlateB":"AN"},"geometry":{"type":"LineString","coordinates":[[177.34,-64.74],[177.89,-64.97]]}},{"type":"Feature","properties":{"Type":"OTF","PlateA":"PA","PlateB":"AN"},"geometry":{"type":"LineString","coordinates":[[177.89,-64.97],[178.24,-65.08]]}},{"type":"Feature","properties":{"Type":"OTF","PlateA":"PA","PlateB":"AN"},"geometry":{"type":"LineString","coordinates":[[178.24,-65.08],[178.76,-65.27]]}},{"type":"Feature","properties":{"Type":"OTF","PlateA":"PA","PlateB":"AN"},"geometry":{"type":"LineString","coordinates":[[178.76,-65.27],[179.38,-65.48]]}},{"type":"Feature","properties":{"Type":"OTF","PlateA":"PA","PlateB":"AN"},"geometry":{"type":"LineString","coordinates":[[179.38,-65.48],[179.96,-65.74]]}},{"type":"Feature","properties":{"Type":"OTF","PlateA":"PA","PlateB":"AN"},"geometry":{"type":"LineString","coordinates":[[179.96,-65.74],[180,-65.75]]}},{"type":"Feature","properties":{"Type":"OTF","PlateA":"PA","PlateB":"AN"},"geometry":{"type":"LineString","coordinates":[[-179.2,-65.99],[-178.79,-66.16]]}},{"type":"Feature","properties":{"Type":"OSR","PlateA":"PA","PlateB":"AN"},"geometry":{"type":"LineString","coordinates":[[-178.79,-66.16],[-177.93,-65.86]]}},{"type":"Feature","properties":{"Type":"OSR","PlateA":"PA","PlateB":"AN"},"geometry":{"type":"LineString","coordinates":[[-177.93,-65.86],[-177.07,-65.61]]}},{"type":"Feature","properties":{"Type":"OSR","PlateA":"PA","PlateB":"AN"},"geometry":{"type":"LineString","coordinates":[[-177.07,-65.61],[-175.73,-65.18]]}},{"type":"Feature","properties":{"Type":"OTF","PlateA":"PA","PlateB":"AN"},"geometry":{"type":"LineString","coordinates":[[-175.73,-65.18],[-175.07,-65.5]]}},{"type":"Feature","properties":{"Type":"OTF","PlateA":"PA","PlateB":"AN"},"geometry":{"type":"LineString","coordinates":[[-175.07,-65.5],[-174.42,-65.83]]}},{"type":"Feature","properties":{"Type":"OSR","PlateA":"PA","PlateB":"AN"},"geometry":{"type":"LineString","coordinates":[[-174.42,-65.83],[-173.71,-65.51]]}},{"type":"Feature","properties":{"Type":"OSR","PlateA":"PA","PlateB":"AN"},"geometry":{"type":"LineString","coordinates":[[-173.71,-65.51],[-172.52,-64.98]]}},{"type":"Feature","properties":{"Type":"OSR","PlateA":"PA","PlateB":"AN"},"geometry":{"type":"LineString","coordinates":[[-172.52,-64.98],[-171.3,-64.36]]}},{"type":"Feature","properties":{"Type":"OTF","PlateA":"PA","PlateB":"AN"},"geometry":{"type":"LineString","coordinates":[[-171.3,-64.36],[-170.04,-64.86]]}},{"type":"Feature","properties":{"Type":"OSR","PlateA":"PA","PlateB":"AN"},"geometry":{"type":"LineString","coordinates":[[-170.04,-64.86],[-169.84,-64.76]]}},{"type":"Feature","properties":{"Type":"OSR","PlateA":"PA","PlateB":"AN"},"geometry":{"type":"LineString","coordinates":[[-169.84,-64.76],[-169.11,-64.24]]}},{"type":"Feature","properties":{"Type":"OSR","PlateA":"PA","PlateB":"AN"},"geometry":{"type":"LineString","coordinates":[[-169.11,-64.24],[-168.38,-63.73]]}},{"type":"Feature","properties":{"Type":"OSR","PlateA":"PA","PlateB":"AN"},"geometry":{"type":"LineString","coordinates":[[-168.38,-63.73],[-167.51,-63.11]]}},{"type":"Feature","properties":{"Type":"OSR","PlateA":"PA","PlateB":"AN"},"geometry":{"type":"LineString","coordinates":[[-167.51,-63.11],[-166.61,-62.49]]}},{"type":"Feature","properties":{"Type":"OTF","PlateA":"PA","PlateB":"AN"},"geometry":{"type":"LineString","coordinates":[[-166.61,-62.49],[-166.2,-62.61]]}},{"type":"Feature","properties":{"Type":"OTF","PlateA":"PA","PlateB":"AN"},"geometry":{"type":"LineString","coordinates":[[-166.2,-62.61],[-165.15,-63.01]]}},{"type":"Feature","properties":{"Type":"OTF","PlateA":"PA","PlateB":"AN"},"geometry":{"type":"LineString","coordinates":[[-165.15,-63.01],[-163.92,-63.47]]}},{"type":"Feature","properties":{"Type":"OSR","PlateA":"PA","PlateB":"AN"},"geometry":{"type":"LineString","coordinates":[[-163.92,-63.47],[-163,-62.97]]}},{"type":"Feature","properties":{"Type":"OSR","PlateA":"PA","PlateB":"AN"},"geometry":{"type":"LineString","coordinates":[[-163,-62.97],[-162.06,-62.39]]}},{"type":"Feature","properties":{"Type":"OTF","PlateA":"PA","PlateB":"AN"},"geometry":{"type":"LineString","coordinates":[[-162.06,-62.39],[-161.34,-62.61]]}},{"type":"Feature","properties":{"Type":"OTF","PlateA":"PA","PlateB":"AN"},"geometry":{"type":"LineString","coordinates":[[-161.34,-62.61],[-160.43,-62.92]]}},{"type":"Feature","properties":{"Type":"OSR","PlateA":"PA","PlateB":"AN"},"geometry":{"type":"LineString","coordinates":[[-160.43,-62.92],[-159.89,-62.59]]}},{"type":"Feature","properties":{"Type":"OTF","PlateA":"PA","PlateB":"AN"},"geometry":{"type":"LineString","coordinates":[[-159.89,-62.59],[-158.7,-63]]}},{"type":"Feature","properties":{"Type":"OSR","PlateA":"PA","PlateB":"AN"},"geometry":{"type":"LineString","coordinates":[[-158.7,-63],[-158.39,-62.79]]}},{"type":"Feature","properties":{"Type":"OTF","PlateA":"PA","PlateB":"AN"},"geometry":{"type":"LineString","coordinates":[[-158.39,-62.79],[-157.6,-63.07]]}},{"type":"Feature","properties":{"Type":"OTF","PlateA":"PA","PlateB":"AN"},"geometry":{"type":"LineString","coordinates":[[-157.6,-63.07],[-156.72,-63.32]]}},{"type":"Feature","properties":{"Type":"OSR","PlateA":"PA","PlateB":"AN"},"geometry":{"type":"LineString","coordinates":[[-156.72,-63.32],[-156.02,-62.95]]}},{"type":"Feature","properties":{"Type":"OSR","PlateA":"PA","PlateB":"AN"},"geometry":{"type":"LineString","coordinates":[[-156.02,-62.95],[-155.25,-62.43]]}},{"type":"Feature","properties":{"Type":"OSR","PlateA":"PA","PlateB":"AN"},"geometry":{"type":"LineString","coordinates":[[-155.25,-62.43],[-154.32,-61.78]]}},{"type":"Feature","properties":{"Type":"OTF","PlateA":"PA","PlateB":"AN"},"geometry":{"type":"LineString","coordinates":[[-154.32,-61.78],[-154.18,-61.84]]}},{"type":"Feature","properties":{"Type":"OSR","PlateA":"PA","PlateB":"AN"},"geometry":{"type":"LineString","coordinates":[[-154.18,-61.84],[-153.66,-61.4]]}},{"type":"Feature","properties":{"Type":"OSR","PlateA":"PA","PlateB":"AN"},"geometry":{"type":"LineString","coordinates":[[-153.66,-61.4],[-152.94,-60.84]]}},{"type":"Feature","properties":{"Type":"OSR","PlateA":"PA","PlateB":"AN"},"geometry":{"type":"LineString","coordinates":[[-152.94,-60.84],[-152.12,-60.16]]}},{"type":"Feature","properties":{"Type":"OSR","PlateA":"PA","PlateB":"AN"},"geometry":{"type":"LineString","coordinates":[[-152.12,-60.16],[-151.33,-59.47]]}},{"type":"Feature","properties":{"Type":"OTF","PlateA":"PA","PlateB":"AN"},"geometry":{"type":"LineString","coordinates":[[-151.33,-59.47],[-150.38,-59.72]]}},{"type":"Feature","properties":{"Type":"OSR","PlateA":"PA","PlateB":"AN"},"geometry":{"type":"LineString","coordinates":[[-150.38,-59.72],[-149.81,-59.31]]}},{"type":"Feature","properties":{"Type":"OSR","PlateA":"PA","PlateB":"AN"},"geometry":{"type":"LineString","coordinates":[[-149.81,-59.31],[-149.26,-58.82]]}},{"type":"Feature","properties":{"Type":"OSR","PlateA":"PA","PlateB":"AN"},"geometry":{"type":"LineString","coordinates":[[-149.26,-58.82],[-148.28,-58.13]]}},{"type":"Feature","properties":{"Type":"OSR","PlateA":"PA","PlateB":"AN"},"geometry":{"type":"LineString","coordinates":[[-148.28,-58.13],[-147.69,-57.55]]}},{"type":"Feature","properties":{"Type":"OTF","PlateA":"PA","PlateB":"AN"},"geometry":{"type":"LineString","coordinates":[[-147.69,-57.55],[-147.17,-57.64]]}},{"type":"Feature","properties":{"Type":"OSR","PlateA":"PA","PlateB":"AN"},"geometry":{"type":"LineString","coordinates":[[-147.17,-57.64],[-146.68,-57.31]]}},{"type":"Feature","properties":{"Type":"OSR","PlateA":"PA","PlateB":"AN"},"geometry":{"type":"LineString","coordinates":[[-146.68,-57.31],[-145.98,-56.67]]}},{"type":"Feature","properties":{"Type":"OSR","PlateA":"PA","PlateB":"AN"},"geometry":{"type":"LineString","coordinates":[[-145.98,-56.67],[-145.41,-56.23]]}},{"type":"Feature","properties":{"Type":"OSR","PlateA":"PA","PlateB":"AN"},"geometry":{"type":"LineString","coordinates":[[-145.41,-56.23],[-144.86,-55.78]]}},{"type":"Feature","properties":{"Type":"OTF","PlateA":"PA","PlateB":"AN"},"geometry":{"type":"LineString","coordinates":[[-144.86,-55.78],[-144.48,-55.91]]}},{"type":"Feature","properties":{"Type":"OTF","PlateA":"PA","PlateB":"AN"},"geometry":{"type":"LineString","coordinates":[[-144.48,-55.91],[-143.32,-56.26]]}},{"type":"Feature","properties":{"Type":"OTF","PlateA":"PA","PlateB":"AN"},"geometry":{"type":"LineString","coordinates":[[-143.32,-56.26],[-142.09,-56.62]]}},{"type":"Feature","properties":{"Type":"OTF","PlateA":"PA","PlateB":"AN"},"geometry":{"type":"LineString","coordinates":[[-142.09,-56.62],[-141.21,-56.84]]}},{"type":"Feature","properties":{"Type":"OTF","PlateA":"PA","PlateB":"AN"},"geometry":{"type":"LineString","coordinates":[[-141.21,-56.84],[-140.32,-57.05]]}},{"type":"Feature","properties":{"Type":"OSR","PlateA":"PA","PlateB":"AN"},"geometry":{"type":"LineString","coordinates":[[-140.32,-57.05],[-140.04,-56.77]]}},{"type":"Feature","properties":{"Type":"OSR","PlateA":"PA","PlateB":"AN"},"geometry":{"type":"LineString","coordinates":[[-140.04,-56.77],[-139.54,-56.27]]}},{"type":"Feature","properties":{"Type":"OSR","PlateA":"PA","PlateB":"AN"},"geometry":{"type":"LineString","coordinates":[[-139.54,-56.27],[-139.19,-55.72]]}},{"type":"Feature","properties":{"Type":"OTF","PlateA":"PA","PlateB":"AN"},"geometry":{"type":"LineString","coordinates":[[-139.19,-55.72],[-139.58,-55.61]]}},{"type":"Feature","properties":{"Type":"OSR","PlateA":"PA","PlateB":"AN"},"geometry":{"type":"LineString","coordinates":[[-139.58,-55.61],[-139.25,-55.25]]}},{"type":"Feature","properties":{"Type":"OSR","PlateA":"PA","PlateB":"AN"},"geometry":{"type":"LineString","coordinates":[[-139.25,-55.25],[-138.8,-54.71]]}},{"type":"Feature","properties":{"Type":"OSR","PlateA":"PA","PlateB":"AN"},"geometry":{"type":"LineString","coordinates":[[-138.8,-54.71],[-138.34,-54.14]]}},{"type":"Feature","properties":{"Type":"OSR","PlateA":"PA","PlateB":"AN"},"geometry":{"type":"LineString","coordinates":[[-138.34,-54.14],[-137.89,-53.57]]}},{"type":"Feature","properties":{"Type":"OTF","PlateA":"PA","PlateB":"AN"},"geometry":{"type":"LineString","coordinates":[[-137.89,-53.57],[-137.52,-53.69]]}},{"type":"Feature","properties":{"Type":"OTF","PlateA":"PA","PlateB":"AN"},"geometry":{"type":"LineString","coordinates":[[-137.52,-53.69],[-136.59,-53.91]]}},{"type":"Feature","properties":{"Type":"OSR","PlateA":"PA","PlateB":"AN"},"geometry":{"type":"LineString","coordinates":[[-136.59,-53.91],[-136.18,-53.4]]}},{"type":"Feature","properties":{"Type":"OTF","PlateA":"PA","PlateB":"AN"},"geometry":{"type":"LineString","coordinates":[[-136.18,-53.4],[-135.31,-53.64]]}},{"type":"Feature","properties":{"Type":"OTF","PlateA":"PA","PlateB":"AN"},"geometry":{"type":"LineString","coordinates":[[-135.31,-53.64],[-134.21,-53.89]]}},{"type":"Feature","properties":{"Type":"OTF","PlateA":"PA","PlateB":"AN"},"geometry":{"type":"LineString","coordinates":[[-134.21,-53.89],[-132.87,-54.24]]}},{"type":"Feature","properties":{"Type":"OTF","PlateA":"PA","PlateB":"AN"},"geometry":{"type":"LineString","coordinates":[[-132.87,-54.24],[-132.13,-54.43]]}},{"type":"Feature","properties":{"Type":"OTF","PlateA":"PA","PlateB":"AN"},"geometry":{"type":"LineString","coordinates":[[-132.13,-54.43],[-131.37,-54.62]]}},{"type":"Feature","properties":{"Type":"OTF","PlateA":"PA","PlateB":"AN"},"geometry":{"type":"LineString","coordinates":[[-131.37,-54.62],[-130.06,-54.93]]}},{"type":"Feature","properties":{"Type":"OTF","PlateA":"PA","PlateB":"AN"},"geometry":{"type":"LineString","coordinates":[[-130.06,-54.93],[-129.34,-55.13]]}},{"type":"Feature","properties":{"Type":"OTF","PlateA":"PA","PlateB":"AN"},"geometry":{"type":"LineString","coordinates":[[-129.34,-55.13],[-128.62,-55.32]]}},{"type":"Feature","properties":{"Type":"OTF","PlateA":"PA","PlateB":"AN"},"geometry":{"type":"LineString","coordinates":[[-128.62,-55.32],[-127.23,-55.56]]}},{"type":"Feature","properties":{"Type":"OSR","PlateA":"PA","PlateB":"AN"},"geometry":{"type":"LineString","coordinates":[[-127.23,-55.56],[-126.8,-55.06]]}},{"type":"Feature","properties":{"Type":"OTF","PlateA":"PA","PlateB":"AN"},"geometry":{"type":"LineString","coordinates":[[-126.8,-55.06],[-126.2,-55.14]]}},{"type":"Feature","properties":{"Type":"OTF","PlateA":"PA","PlateB":"AN"},"geometry":{"type":"LineString","coordinates":[[-126.2,-55.14],[-125.08,-55.45]]}},{"type":"Feature","properties":{"Type":"OTF","PlateA":"PA","PlateB":"AN"},"geometry":{"type":"LineString","coordinates":[[-125.08,-55.45],[-124.26,-55.59]]}},{"type":"Feature","properties":{"Type":"OTF","PlateA":"PA","PlateB":"AN"},"geometry":{"type":"LineString","coordinates":[[-124.26,-55.59],[-123.44,-55.71]]}},{"type":"Feature","properties":{"Type":"OTF","PlateA":"PA","PlateB":"AN"},"geometry":{"type":"LineString","coordinates":[[-123.44,-55.71],[-122.65,-55.87]]}},{"type":"Feature","properties":{"Type":"OTF","PlateA":"PA","PlateB":"AN"},"geometry":{"type":"LineString","coordinates":[[-122.65,-55.87],[-121.86,-56.03]]}},{"type":"Feature","properties":{"Type":"OSR","PlateA":"PA","PlateB":"AN"},"geometry":{"type":"LineString","coordinates":[[-121.86,-56.03],[-121.63,-55.83]]}},{"type":"Feature","properties":{"Type":"OSR","PlateA":"PA","PlateB":"AN"},"geometry":{"type":"LineString","coordinates":[[-121.63,-55.83],[-121.23,-55.22]]}},{"type":"Feature","properties":{"Type":"OSR","PlateA":"PA","PlateB":"AN"},"geometry":{"type":"LineString","coordinates":[[-121.23,-55.22],[-120.66,-54.41]]}},{"type":"Feature","properties":{"Type":"OTF","PlateA":"PA","PlateB":"AN"},"geometry":{"type":"LineString","coordinates":[[-120.66,-54.41],[-119.68,-54.64]]}},{"type":"Feature","properties":{"Type":"OTF","PlateA":"PA","PlateB":"AN"},"geometry":{"type":"LineString","coordinates":[[-119.68,-54.64],[-118.58,-54.82]]}},{"type":"Feature","properties":{"Type":"OSR","PlateA":"PA","PlateB":"AN"},"geometry":{"type":"LineString","coordinates":[[-118.58,-54.82],[-118.31,-54.35]]}},{"type":"Feature","properties":{"Type":"OSR","PlateA":"PA","PlateB":"AN"},"geometry":{"type":"LineString","coordinates":[[-118.31,-54.35],[-118.04,-53.69]]}},{"type":"Feature","properties":{"Type":"OSR","PlateA":"PA","PlateB":"AN"},"geometry":{"type":"LineString","coordinates":[[-118.04,-53.69],[-117.66,-53.12]]}},{"type":"Feature","properties":{"Type":"OTF","PlateA":"PA","PlateB":"AN"},"geometry":{"type":"LineString","coordinates":[[-117.66,-53.12],[-118.98,-52.9]]}},{"type":"Feature","properties":{"Type":"OSR","PlateA":"PA","PlateB":"AN"},"geometry":{"type":"LineString","coordinates":[[-118.98,-52.9],[-118.87,-52.75]]}},{"type":"Feature","properties":{"Type":"OSR","PlateA":"PA","PlateB":"AN"},"geometry":{"type":"LineString","coordinates":[[-118.87,-52.75],[-118.42,-52.21]]}},{"type":"Feature","properties":{"Type":"OSR","PlateA":"PA","PlateB":"AN"},"geometry":{"type":"LineString","coordinates":[[-118.42,-52.21],[-118.12,-51.77]]}},{"type":"Feature","properties":{"Type":"OSR","PlateA":"PA","PlateB":"AN"},"geometry":{"type":"LineString","coordinates":[[-118.12,-51.77],[-117.82,-51.33]]}},{"type":"Feature","properties":{"Type":"OSR","PlateA":"PA","PlateB":"AN"},"geometry":{"type":"LineString","coordinates":[[-117.82,-51.33],[-117.52,-50.87]]}},{"type":"Feature","properties":{"Type":"OSR","PlateA":"PA","PlateB":"AN"},"geometry":{"type":"LineString","coordinates":[[-117.52,-50.87],[-117.22,-50.42]]}},{"type":"Feature","properties":{"Type":"OSR","PlateA":"PA","PlateB":"AN"},"geometry":{"type":"LineString","coordinates":[[-117.22,-50.42],[-116.8,-49.89]]}},{"type":"Feature","properties":{"Type":"OSR","PlateA":"PA","PlateB":"AN"},"geometry":{"type":"LineString","coordinates":[[-116.8,-49.89],[-116.39,-49.37]]}},{"type":"Feature","properties":{"Type":"OTF","PlateA":"PA","PlateB":"AN"},"geometry":{"type":"LineString","coordinates":[[-116.39,-49.37],[-115.23,-49.59]]}},{"type":"Feature","properties":{"Type":"OTF","PlateA":"PA","PlateB":"AN"},"geometry":{"type":"LineString","coordinates":[[-115.23,-49.59],[-114.56,-49.72]]}},{"type":"Feature","properties":{"Type":"OTF","PlateA":"PA","PlateB":"AN"},"geometry":{"type":"LineString","coordinates":[[-114.56,-49.72],[-113.87,-49.85]]}},{"type":"Feature","properties":{"Type":"OSR","PlateA":"PA","PlateB":"AN"},"geometry":{"type":"LineString","coordinates":[[-113.87,-49.85],[-113.74,-49.36]]}},{"type":"Feature","properties":{"Type":"OSR","PlateA":"PA","PlateB":"AN"},"geometry":{"type":"LineString","coordinates":[[-113.74,-49.36],[-113.53,-48.84]]}},{"type":"Feature","properties":{"Type":"OSR","PlateA":"PA","PlateB":"AN"},"geometry":{"type":"LineString","coordinates":[[-113.53,-48.84],[-113.31,-48.32]]}},{"type":"Feature","properties":{"Type":"OSR","PlateA":"PA","PlateB":"AN"},"geometry":{"type":"LineString","coordinates":[[-113.31,-48.32],[-113.13,-47.77]]}},{"type":"Feature","properties":{"Type":"OSR","PlateA":"PA","PlateB":"AN"},"geometry":{"type":"LineString","coordinates":[[-113.13,-47.77],[-112.95,-47.22]]}},{"type":"Feature","properties":{"Type":"OSR","PlateA":"PA","PlateB":"AN"},"geometry":{"type":"LineString","coordinates":[[-112.95,-47.22],[-112.68,-46.54]]}},{"type":"Feature","properties":{"Type":"OSR","PlateA":"PA","PlateB":"AN"},"geometry":{"type":"LineString","coordinates":[[-112.68,-46.54],[-112.43,-45.85]]}},{"type":"Feature","properties":{"Type":"OTF","PlateA":"PA","PlateB":"AN"},"geometry":{"type":"LineString","coordinates":[[-112.43,-45.85],[-112.67,-45.83]]}},{"type":"Feature","properties":{"Type":"OSR","PlateA":"PA","PlateB":"AN"},"geometry":{"type":"LineString","coordinates":[[-112.67,-45.83],[-112.55,-45.49]]}},{"type":"Feature","properties":{"Type":"OSR","PlateA":"PA","PlateB":"AN"},"geometry":{"type":"LineString","coordinates":[[-112.55,-45.49],[-112.38,-44.94]]}},{"type":"Feature","properties":{"Type":"OSR","PlateA":"PA","PlateB":"AN"},"geometry":{"type":"LineString","coordinates":[[-112.38,-44.94],[-112.22,-44.38]]}},{"type":"Feature","properties":{"Type":"OSR","PlateA":"PA","PlateB":"AN"},"geometry":{"type":"LineString","coordinates":[[-112.22,-44.38],[-111.97,-43.77]]}},{"type":"Feature","properties":{"Type":"OSR","PlateA":"PA","PlateB":"AN"},"geometry":{"type":"LineString","coordinates":[[-111.97,-43.77],[-111.73,-43.17]]}},{"type":"Feature","properties":{"Type":"OSR","PlateA":"PA","PlateB":"AN"},"geometry":{"type":"LineString","coordinates":[[-111.73,-43.17],[-111.54,-42.68]]}},{"type":"Feature","properties":{"Type":"OSR","PlateA":"PA","PlateB":"AN"},"geometry":{"type":"LineString","coordinates":[[-111.54,-42.68],[-111.35,-42.2]]}},{"type":"Feature","properties":{"Type":"OTF","PlateA":"PA","PlateB":"AN"},"geometry":{"type":"LineString","coordinates":[[-111.35,-42.2],[-110.95,-42.25]]}},{"type":"Feature","properties":{"Type":"OSR","PlateA":"PA","PlateB":"AN"},"geometry":{"type":"LineString","coordinates":[[-110.95,-42.25],[-110.83,-41.35]]}},{"type":"Feature","properties":{"Type":"OSR","PlateA":"PA","PlateB":"AN"},"geometry":{"type":"LineString","coordinates":[[-110.83,-41.35],[-110.75,-40.76]]}},{"type":"Feature","properties":{"Type":"OSR","PlateA":"PA","PlateB":"AN"},"geometry":{"type":"LineString","coordinates":[[-110.75,-40.76],[-110.68,-40.16]]}},{"type":"Feature","properties":{"Type":"OSR","PlateA":"PA","PlateB":"AN"},"geometry":{"type":"LineString","coordinates":[[-110.68,-40.16],[-110.53,-39.58]]}},{"type":"Feature","properties":{"Type":"OSR","PlateA":"PA","PlateB":"AN"},"geometry":{"type":"LineString","coordinates":[[-110.53,-39.58],[-110.39,-38.99]]}},{"type":"Feature","properties":{"Type":"OTF","PlateA":"PA","PlateB":"AN"},"geometry":{"type":"LineString","coordinates":[[-110.39,-38.99],[-111.27,-38.98]]}},{"type":"Feature","properties":{"Type":"OSR","PlateA":"PA","PlateB":"AN"},"geometry":{"type":"LineString","coordinates":[[-111.27,-38.98],[-111.27,-38.88]]}},{"type":"Feature","properties":{"Type":"OSR","PlateA":"PA","PlateB":"AN"},"geometry":{"type":"LineString","coordinates":[[-111.27,-38.88],[-111.07,-38.28]]}},{"type":"Feature","properties":{"Type":"OSR","PlateA":"PA","PlateB":"AN"},"geometry":{"type":"LineString","coordinates":[[-111.07,-38.28],[-110.87,-37.67]]}},{"type":"Feature","properties":{"Type":"OSR","PlateA":"PA","PlateB":"AN"},"geometry":{"type":"LineString","coordinates":[[-110.87,-37.67],[-110.67,-37.04]]}},{"type":"Feature","properties":{"Type":"OSR","PlateA":"PA","PlateB":"AN"},"geometry":{"type":"LineString","coordinates":[[-110.67,-37.04],[-110.47,-36.41]]}},{"type":"Feature","properties":{"Type":"OTF","PlateA":"PA","PlateB":"AN"},"geometry":{"type":"LineString","coordinates":[[-110.47,-36.41],[-110.74,-36.36]]}},{"type":"Feature","properties":{"Type":"OSR","PlateA":"PA","PlateB":"AN"},"geometry":{"type":"LineString","coordinates":[[-110.74,-36.36],[-110.71,-36.22]]}},{"type":"Feature","properties":{"Type":"OSR","PlateA":"PA","PlateB":"AN"},"geometry":{"type":"LineString","coordinates":[[-110.71,-36.22],[-110.58,-35.83]]}},{"type":"Feature","properties":{"Type":"OTF","PlateA":"PA","PlateB":"AN"},"geometry":{"type":"LineString","coordinates":[[-110.58,-35.83],[-110.89,-35.8]]}},{"type":"Feature","properties":{"Type":"OSR","PlateA":"PA","PlateB":"AN"},"geometry":{"type":"LineString","coordinates":[[-110.89,-35.8],[-110.88,-35.32]]}},{"type":"Feature","properties":{"Type":"OSR","PlateA":"PA","PlateB":"AN"},"geometry":{"type":"LineString","coordinates":[[-110.88,-35.32],[-110.83,-35.09]]}},{"type":"Feature","properties":{"Type":"OSR","PlateA":"AN","PlateB":"SA"},"geometry":{"type":"LineString","coordinates":[[-0.44,-54.85],[-1.04,-55.02]]}},{"type":"Feature","properties":{"Type":"OTF","PlateA":"AN","PlateB":"SA"},"geometry":{"type":"LineString","coordinates":[[-1.04,-55.02],[-1.61,-55.13]]}},{"type":"Feature","properties":{"Type":"OSR","PlateA":"AN","PlateB":"SA"},"geometry":{"type":"LineString","coordinates":[[-1.61,-55.13],[-1.61,-55.65]]}},{"type":"Feature","properties":{"Type":"OTF","PlateA":"AN","PlateB":"SA"},"geometry":{"type":"LineString","coordinates":[[-1.61,-55.65],[-2.08,-55.66]]}},{"type":"Feature","properties":{"Type":"OTF","PlateA":"AN","PlateB":"SA"},"geometry":{"type":"LineString","coordinates":[[-2.08,-55.66],[-2.9,-55.71]]}},{"type":"Feature","properties":{"Type":"OTF","PlateA":"AN","PlateB":"SA"},"geometry":{"type":"LineString","coordinates":[[-2.9,-55.71],[-3.72,-55.74]]}},{"type":"Feature","properties":{"Type":"OTF","PlateA":"AN","PlateB":"SA"},"geometry":{"type":"LineString","coordinates":[[-3.72,-55.74],[-4.06,-55.77]]}},{"type":"Feature","properties":{"Type":"OTF","PlateA":"AN","PlateB":"SA"},"geometry":{"type":"LineString","coordinates":[[-4.06,-55.77],[-4.69,-55.81]]}},{"type":"Feature","properties":{"Type":"OSR","PlateA":"AN","PlateB":"SA"},"geometry":{"type":"LineString","coordinates":[[-4.69,-55.81],[-4.67,-56.21]]}},{"type":"Feature","properties":{"Type":"OSR","PlateA":"AN","PlateB":"SA"},"geometry":{"type":"LineString","coordinates":[[-4.67,-56.21],[-4.69,-56.59]]}},{"type":"Feature","properties":{"Type":"OTF","PlateA":"AN","PlateB":"SA"},"geometry":{"type":"LineString","coordinates":[[-4.69,-56.59],[-5.45,-56.63]]}},{"type":"Feature","properties":{"Type":"OTF","PlateA":"AN","PlateB":"SA"},"geometry":{"type":"LineString","coordinates":[[-5.45,-56.63],[-6.06,-56.67]]}},{"type":"Feature","properties":{"Type":"OSR","PlateA":"AN","PlateB":"SA"},"geometry":{"type":"LineString","coordinates":[[-6.06,-56.67],[-6.09,-56.98]]}},{"type":"Feature","properties":{"Type":"OSR","PlateA":"AN","PlateB":"SA"},"geometry":{"type":"LineString","coordinates":[[-6.09,-56.98],[-6.13,-57.24]]}},{"type":"Feature","properties":{"Type":"OTF","PlateA":"AN","PlateB":"SA"},"geometry":{"type":"LineString","coordinates":[[-6.13,-57.24],[-6.54,-57.27]]}},{"type":"Feature","properties":{"Type":"OTF","PlateA":"AN","PlateB":"SA"},"geometry":{"type":"LineString","coordinates":[[-6.54,-57.27],[-7,-57.32]]}},{"type":"Feature","properties":{"Type":"OSR","PlateA":"AN","PlateB":"SA"},"geometry":{"type":"LineString","coordinates":[[-7,-57.32],[-7.01,-57.62]]}},{"type":"Feature","properties":{"Type":"OSR","PlateA":"AN","PlateB":"SA"},"geometry":{"type":"LineString","coordinates":[[-7.01,-57.62],[-7.01,-57.87]]}},{"type":"Feature","properties":{"Type":"OTF","PlateA":"AN","PlateB":"SA"},"geometry":{"type":"LineString","coordinates":[[-7.01,-57.87],[-7.52,-57.92]]}},{"type":"Feature","properties":{"Type":"OTF","PlateA":"AN","PlateB":"SA"},"geometry":{"type":"LineString","coordinates":[[-7.52,-57.92],[-8.61,-57.99]]}},{"type":"Feature","properties":{"Type":"OTF","PlateA":"AN","PlateB":"SA"},"geometry":{"type":"LineString","coordinates":[[-8.61,-57.99],[-9.88,-58.09]]}},{"type":"Feature","properties":{"Type":"OTF","PlateA":"AN","PlateB":"SA"},"geometry":{"type":"LineString","coordinates":[[-9.88,-58.09],[-11.19,-58.16]]}},{"type":"Feature","properties":{"Type":"OTF","PlateA":"AN","PlateB":"SA"},"geometry":{"type":"LineString","coordinates":[[-11.19,-58.16],[-12.65,-58.24]]}},{"type":"Feature","properties":{"Type":"OTF","PlateA":"AN","PlateB":"SA"},"geometry":{"type":"LineString","coordinates":[[-12.65,-58.24],[-13.95,-58.32]]}},{"type":"Feature","properties":{"Type":"OTF","PlateA":"AN","PlateB":"SA"},"geometry":{"type":"LineString","coordinates":[[-13.95,-58.32],[-15.07,-58.39]]}},{"type":"Feature","properties":{"Type":"OTF","PlateA":"AN","PlateB":"SA"},"geometry":{"type":"LineString","coordinates":[[-15.07,-58.39],[-15.97,-58.44]]}},{"type":"Feature","properties":{"Type":"OSR","PlateA":"AN","PlateB":"SA"},"geometry":{"type":"LineString","coordinates":[[-15.97,-58.44],[-16,-58.46]]}},{"type":"Feature","properties":{"Type":"OSR","PlateA":"AN","PlateB":"SA"},"geometry":{"type":"LineString","coordinates":[[-16,-58.46],[-16.23,-58.77]]}},{"type":"Feature","properties":{"Type":"OSR","PlateA":"AN","PlateB":"SA"},"geometry":{"type":"LineString","coordinates":[[-16.23,-58.77],[-16.41,-59.1]]}},{"type":"Feature","properties":{"Type":"OTF","PlateA":"AN","PlateB":"SA"},"geometry":{"type":"LineString","coordinates":[[-16.41,-59.1],[-16.92,-59.1]]}},{"type":"Feature","properties":{"Type":"OTF","PlateA":"AN","PlateB":"SA"},"geometry":{"type":"LineString","coordinates":[[-16.92,-59.1],[-17.67,-59.13]]}},{"type":"Feature","properties":{"Type":"OTF","PlateA":"AN","PlateB":"SA"},"geometry":{"type":"LineString","coordinates":[[-17.67,-59.13],[-18.06,-59.15]]}},{"type":"Feature","properties":{"Type":"OSR","PlateA":"AN","PlateB":"SA"},"geometry":{"type":"LineString","coordinates":[[-18.06,-59.15],[-18.12,-59.51]]}},{"type":"Feature","properties":{"Type":"OTF","PlateA":"AN","PlateB":"SA"},"geometry":{"type":"LineString","coordinates":[[-18.12,-59.51],[-18.43,-59.54]]}},{"type":"Feature","properties":{"Type":"OSR","PlateA":"AN","PlateB":"SA"},"geometry":{"type":"LineString","coordinates":[[-18.43,-59.54],[-18.55,-59.94]]}},{"type":"Feature","properties":{"Type":"OSR","PlateA":"AN","PlateB":"SA"},"geometry":{"type":"LineString","coordinates":[[-18.55,-59.94],[-18.65,-60.25]]}},{"type":"Feature","properties":{"Type":"OTF","PlateA":"AN","PlateB":"SA"},"geometry":{"type":"LineString","coordinates":[[-18.65,-60.25],[-19.37,-60.29]]}},{"type":"Feature","properties":{"Type":"OSR","PlateA":"AN","PlateB":"SA"},"geometry":{"type":"LineString","coordinates":[[-19.37,-60.29],[-19.58,-60.81]]}},{"type":"Feature","properties":{"Type":"OTF","PlateA":"AN","PlateB":"SA"},"geometry":{"type":"LineString","coordinates":[[-19.58,-60.81],[-20.65,-60.78]]}},{"type":"Feature","properties":{"Type":"OTF","PlateA":"AN","PlateB":"SA"},"geometry":{"type":"LineString","coordinates":[[-20.65,-60.78],[-21.72,-60.74]]}},{"type":"Feature","properties":{"Type":"OTF","PlateA":"AN","PlateB":"SA"},"geometry":{"type":"LineString","coordinates":[[-21.72,-60.74],[-22.91,-60.72]]}},{"type":"Feature","properties":{"Type":"OTF","PlateA":"AN","PlateB":"SA"},"geometry":{"type":"LineString","coordinates":[[-22.91,-60.72],[-24.11,-60.69]]}},{"type":"Feature","properties":{"Type":"OTF","PlateA":"AN","PlateB":"SA"},"geometry":{"type":"LineString","coordinates":[[-24.11,-60.69],[-25.09,-60.54]]}},{"type":"Feature","properties":{"Type":"OTF","PlateA":"AN","PlateB":"SA"},"geometry":{"type":"LineString","coordinates":[[-25.09,-60.54],[-26.07,-60.39]]}},{"type":"Feature","properties":{"Type":"SUB","PlateA":"AN","PlateB":"SA"},"geometry":{"type":"LineString","coordinates":[[-76.48,-52.07],[-76.63,-51.38]]}},{"type":"Feature","properties":{"Type":"SUB","PlateA":"AN","PlateB":"SA"},"geometry":{"type":"LineString","coordinates":[[-76.63,-51.38],[-76.76,-50.73]]}},{"type":"Feature","properties":{"Type":"SUB","PlateA":"AN","PlateB":"SA"},"geometry":{"type":"LineString","coordinates":[[-76.76,-50.73],[-76.99,-49.84]]}},{"type":"Feature","properties":{"Type":"SUB","PlateA":"AN","PlateB":"SA"},"geometry":{"type":"LineString","coordinates":[[-76.99,-49.84],[-77.02,-49.19]]}},{"type":"Feature","properties":{"Type":"SUB","PlateA":"AN","PlateB":"SA"},"geometry":{"type":"LineString","coordinates":[[-77.02,-49.19],[-76.92,-48.51]]}},{"type":"Feature","properties":{"Type":"SUB","PlateA":"AN","PlateB":"SA"},"geometry":{"type":"LineString","coordinates":[[-76.92,-48.51],[-76.65,-47.87]]}},{"type":"Feature","properties":{"Type":"SUB","PlateA":"AN","PlateB":"SA"},"geometry":{"type":"LineString","coordinates":[[-76.65,-47.87],[-76.32,-47.48]]}},{"type":"Feature","properties":{"Type":"SUB","PlateA":"AN","PlateB":"SA"},"geometry":{"type":"LineString","coordinates":[[-76.32,-47.48],[-76,-47.08]]}},{"type":"Feature","properties":{"Type":"SUB","PlateA":"AN","PlateB":"SA"},"geometry":{"type":"LineString","coordinates":[[-76,-47.08],[-75.96,-46.42]]}},{"type":"Feature","properties":{"Type":"SUB","PlateA":"AN","PlateB":"SA"},"geometry":{"type":"LineString","coordinates":[[-75.96,-46.42],[-76.01,-45.66]]}},{"type":"Feature","properties":{"Type":"OCB","PlateA":"AR","PlateB":"EU"},"geometry":{"type":"LineString","coordinates":[[65.03,24.38],[64.16,24.35]]}},{"type":"Feature","properties":{"Type":"OCB","PlateA":"AR","PlateB":"EU"},"geometry":{"type":"LineString","coordinates":[[64.16,24.35],[63.37,24.29]]}},{"type":"Feature","properties":{"Type":"OCB","PlateA":"AR","PlateB":"EU"},"geometry":{"type":"LineString","coordinates":[[63.37,24.29],[62.58,24.28]]}},{"type":"Feature","properties":{"Type":"OCB","PlateA":"AR","PlateB":"EU"},"geometry":{"type":"LineString","coordinates":[[62.58,24.28],[61.96,24.09]]}},{"type":"Feature","properties":{"Type":"OCB","PlateA":"AR","PlateB":"EU"},"geometry":{"type":"LineString","coordinates":[[61.96,24.09],[61.37,24.12]]}},{"type":"Feature","properties":{"Type":"OCB","PlateA":"AR","PlateB":"EU"},"geometry":{"type":"LineString","coordinates":[[61.37,24.12],[60.87,24.18]]}},{"type":"Feature","properties":{"Type":"OCB","PlateA":"AR","PlateB":"EU"},"geometry":{"type":"LineString","coordinates":[[60.87,24.18],[60.37,24.23]]}},{"type":"Feature","properties":{"Type":"OCB","PlateA":"AR","PlateB":"EU"},"geometry":{"type":"LineString","coordinates":[[60.37,24.23],[59.6,24.31]]}},{"type":"Feature","properties":{"Type":"OCB","PlateA":"AR","PlateB":"EU"},"geometry":{"type":"LineString","coordinates":[[59.6,24.31],[58.72,24.36]]}},{"type":"Feature","properties":{"Type":"OCB","PlateA":"AR","PlateB":"EU"},"geometry":{"type":"LineString","coordinates":[[58.72,24.36],[57.83,24.44]]}},{"type":"Feature","properties":{"Type":"CCB","PlateA":"AR","PlateB":"EU"},"geometry":{"type":"LineString","coordinates":[[57.83,24.44],[57.35,24.79]]}},{"type":"Feature","properties":{"Type":"CCB","PlateA":"AR","PlateB":"EU"},"geometry":{"type":"LineString","coordinates":[[57.35,24.79],[57.12,25.55]]}},{"type":"Feature","properties":{"Type":"CCB","PlateA":"AR","PlateB":"EU"},"geometry":{"type":"LineString","coordinates":[[57.12,25.55],[57.06,26.05]]}},{"type":"Feature","properties":{"Type":"CTF","PlateA":"AR","PlateB":"EU"},"geometry":{"type":"LineString","coordinates":[[57.06,26.05],[56.99,26.55]]}},{"type":"Feature","properties":{"Type":"CCB","PlateA":"AR","PlateB":"EU"},"geometry":{"type":"LineString","coordinates":[[56.99,26.55],[56.88,27.3]]}},{"type":"Feature","properties":{"Type":"CCB","PlateA":"AR","PlateB":"EU"},"geometry":{"type":"LineString","coordinates":[[56.88,27.3],[56.42,27.37]]}},{"type":"Feature","properties":{"Type":"CCB","PlateA":"AR","PlateB":"EU"},"geometry":{"type":"LineString","coordinates":[[56.42,27.37],[55.66,26.95]]}},{"type":"Feature","properties":{"Type":"CCB","PlateA":"AR","PlateB":"EU"},"geometry":{"type":"LineString","coordinates":[[55.66,26.95],[54.73,26.67]]}},{"type":"Feature","properties":{"Type":"CCB","PlateA":"AR","PlateB":"EU"},"geometry":{"type":"LineString","coordinates":[[54.73,26.67],[53.86,26.72]]}},{"type":"Feature","properties":{"Type":"CCB","PlateA":"AR","PlateB":"EU"},"geometry":{"type":"LineString","coordinates":[[53.86,26.72],[53.24,27.12]]}},{"type":"Feature","properties":{"Type":"CCB","PlateA":"AR","PlateB":"EU"},"geometry":{"type":"LineString","coordinates":[[53.24,27.12],[52.5,27.56]]}},{"type":"Feature","properties":{"Type":"CCB","PlateA":"AR","PlateB":"EU"},"geometry":{"type":"LineString","coordinates":[[52.5,27.56],[51.91,27.96]]}},{"type":"Feature","properties":{"Type":"CCB","PlateA":"AR","PlateB":"EU"},"geometry":{"type":"LineString","coordinates":[[51.91,27.96],[51.28,28.49]]}},{"type":"Feature","properties":{"Type":"CCB","PlateA":"AR","PlateB":"EU"},"geometry":{"type":"LineString","coordinates":[[51.28,28.49],[51,29.07]]}},{"type":"Feature","properties":{"Type":"CTF","PlateA":"AR","PlateB":"EU"},"geometry":{"type":"LineString","coordinates":[[51,29.07],[51.06,29.58]]}},{"type":"Feature","properties":{"Type":"CCB","PlateA":"AR","PlateB":"EU"},"geometry":{"type":"LineString","coordinates":[[51.06,29.58],[50.45,30.1]]}},{"type":"Feature","properties":{"Type":"CCB","PlateA":"AR","PlateB":"EU"},"geometry":{"type":"LineString","coordinates":[[50.45,30.1],[49.97,30.45]]}},{"type":"Feature","properties":{"Type":"CCB","PlateA":"AR","PlateB":"EU"},"geometry":{"type":"LineString","coordinates":[[49.97,30.45],[49.49,30.8]]}},{"type":"Feature","properties":{"Type":"CCB","PlateA":"AR","PlateB":"EU"},"geometry":{"type":"LineString","coordinates":[[49.49,30.8],[49.27,31.21]]}},{"type":"Feature","properties":{"Type":"CCB","PlateA":"AR","PlateB":"EU"},"geometry":{"type":"LineString","coordinates":[[49.27,31.21],[49.04,31.62]]}},{"type":"Feature","properties":{"Type":"CCB","PlateA":"AR","PlateB":"EU"},"geometry":{"type":"LineString","coordinates":[[49.04,31.62],[48.49,32.24]]}},{"type":"Feature","properties":{"Type":"CCB","PlateA":"AR","PlateB":"EU"},"geometry":{"type":"LineString","coordinates":[[48.49,32.24],[48.17,32.31]]}},{"type":"Feature","properties":{"Type":"CCB","PlateA":"AR","PlateB":"EU"},"geometry":{"type":"LineString","coordinates":[[48.17,32.31],[47.77,32.31]]}},{"type":"Feature","properties":{"Type":"CCB","PlateA":"AR","PlateB":"EU"},"geometry":{"type":"LineString","coordinates":[[47.77,32.31],[47.41,32.45]]}},{"type":"Feature","properties":{"Type":"CCB","PlateA":"AR","PlateB":"EU"},"geometry":{"type":"LineString","coordinates":[[47.41,32.45],[46.61,32.89]]}},{"type":"Feature","properties":{"Type":"CCB","PlateA":"AR","PlateB":"EU"},"geometry":{"type":"LineString","coordinates":[[46.61,32.89],[45.92,33.39]]}},{"type":"Feature","properties":{"Type":"CCB","PlateA":"AR","PlateB":"EU"},"geometry":{"type":"LineString","coordinates":[[45.92,33.39],[45.51,33.89]]}},{"type":"Feature","properties":{"Type":"CCB","PlateA":"AR","PlateB":"EU"},"geometry":{"type":"LineString","coordinates":[[45.51,33.89],[45,34.59]]}},{"type":"Feature","properties":{"Type":"SUB","PlateA":"SU","PlateB":"AU"},"geometry":{"type":"LineString","coordinates":[[104.58,-8.17],[104.98,-8.57]]}},{"type":"Feature","properties":{"Type":"SUB","PlateA":"SU","PlateB":"AU"},"geometry":{"type":"LineString","coordinates":[[104.98,-8.57],[105.59,-8.93]]}},{"type":"Feature","properties":{"Type":"SUB","PlateA":"SU","PlateB":"AU"},"geometry":{"type":"LineString","coordinates":[[105.59,-8.93],[106.12,-9.24]]}},{"type":"Feature","properties":{"Type":"SUB","PlateA":"SU","PlateB":"AU"},"geometry":{"type":"LineString","coordinates":[[106.12,-9.24],[106.35,-9.37]]}},{"type":"Feature","properties":{"Type":"SUB","PlateA":"SU","PlateB":"AU"},"geometry":{"type":"LineString","coordinates":[[106.35,-9.37],[106.83,-9.66]]}},{"type":"Feature","properties":{"Type":"SUB","PlateA":"SU","PlateB":"AU"},"geometry":{"type":"LineString","coordinates":[[106.83,-9.66],[107.38,-9.89]]}},{"type":"Feature","properties":{"Type":"SUB","PlateA":"SU","PlateB":"AU"},"geometry":{"type":"LineString","coordinates":[[107.38,-9.89],[107.84,-10.05]]}},{"type":"Feature","properties":{"Type":"SUB","PlateA":"SU","PlateB":"AU"},"geometry":{"type":"LineString","coordinates":[[107.84,-10.05],[108.36,-10.18]]}},{"type":"Feature","properties":{"Type":"SUB","PlateA":"SU","PlateB":"AU"},"geometry":{"type":"LineString","coordinates":[[108.36,-10.18],[109.07,-10.33]]}},{"type":"Feature","properties":{"Type":"SUB","PlateA":"SU","PlateB":"AU"},"geometry":{"type":"LineString","coordinates":[[109.07,-10.33],[109.63,-10.37]]}},{"type":"Feature","properties":{"Type":"SUB","PlateA":"SU","PlateB":"AU"},"geometry":{"type":"LineString","coordinates":[[109.63,-10.37],[110.16,-10.44]]}},{"type":"Feature","properties":{"Type":"SUB","PlateA":"SU","PlateB":"AU"},"geometry":{"type":"LineString","coordinates":[[110.16,-10.44],[110.62,-10.48]]}},{"type":"Feature","properties":{"Type":"SUB","PlateA":"SU","PlateB":"AU"},"geometry":{"type":"LineString","coordinates":[[110.62,-10.48],[111.02,-10.48]]}},{"type":"Feature","properties":{"Type":"SUB","PlateA":"SU","PlateB":"AU"},"geometry":{"type":"LineString","coordinates":[[111.02,-10.48],[111.52,-10.58]]}},{"type":"Feature","properties":{"Type":"SUB","PlateA":"SU","PlateB":"AU"},"geometry":{"type":"LineString","coordinates":[[111.52,-10.58],[112.17,-10.65]]}},{"type":"Feature","properties":{"Type":"SUB","PlateA":"SU","PlateB":"AU"},"geometry":{"type":"LineString","coordinates":[[112.17,-10.65],[112.56,-10.76]]}},{"type":"Feature","properties":{"Type":"SUB","PlateA":"SU","PlateB":"AU"},"geometry":{"type":"LineString","coordinates":[[112.56,-10.76],[113.2,-10.87]]}},{"type":"Feature","properties":{"Type":"SUB","PlateA":"SU","PlateB":"AU"},"geometry":{"type":"LineString","coordinates":[[113.2,-10.87],[113.76,-10.96]]}},{"type":"Feature","properties":{"Type":"SUB","PlateA":"SU","PlateB":"AU"},"geometry":{"type":"LineString","coordinates":[[113.76,-10.96],[114.41,-11.09]]}},{"type":"Feature","properties":{"Type":"SUB","PlateA":"SU","PlateB":"AU"},"geometry":{"type":"LineString","coordinates":[[114.41,-11.09],[115.01,-11.15]]}},{"type":"Feature","properties":{"Type":"SUB","PlateA":"SU","PlateB":"AU"},"geometry":{"type":"LineString","coordinates":[[115.01,-11.15],[115.57,-11.22]]}},{"type":"Feature","properties":{"Type":"SUB","PlateA":"SU","PlateB":"AU"},"geometry":{"type":"LineString","coordinates":[[115.57,-11.22],[116.17,-11.27]]}},{"type":"Feature","properties":{"Type":"SUB","PlateA":"SU","PlateB":"AU"},"geometry":{"type":"LineString","coordinates":[[116.17,-11.27],[116.85,-11.33]]}},{"type":"Feature","properties":{"Type":"SUB","PlateA":"SU","PlateB":"AU"},"geometry":{"type":"LineString","coordinates":[[116.85,-11.33],[117.58,-11.34]]}},{"type":"Feature","properties":{"Type":"SUB","PlateA":"SU","PlateB":"AU"},"geometry":{"type":"LineString","coordinates":[[117.58,-11.34],[118.24,-11.39]]}},{"type":"Feature","properties":{"Type":"SUB","PlateA":"SU","PlateB":"AU"},"geometry":{"type":"LineString","coordinates":[[118.24,-11.39],[118.75,-11.36]]}},{"type":"Feature","properties":{"Type":"SUB","PlateA":"SU","PlateB":"AU"},"geometry":{"type":"LineString","coordinates":[[118.75,-11.36],[119.27,-11.39]]}},{"type":"Feature","properties":{"Type":"SUB","PlateA":"SU","PlateB":"AU"},"geometry":{"type":"LineString","coordinates":[[119.27,-11.39],[119.84,-11.46]]}},{"type":"Feature","properties":{"Type":"SUB","PlateA":"SU","PlateB":"AU"},"geometry":{"type":"LineString","coordinates":[[119.84,-11.46],[120.45,-11.52]]}},{"type":"Feature","properties":{"Type":"SUB","PlateA":"SU","PlateB":"AU"},"geometry":{"type":"LineString","coordinates":[[120.45,-11.52],[120.89,-11.49]]}},{"type":"Feature","properties":{"Type":"OCB","PlateA":"TI","PlateB":"AU"},"geometry":{"type":"LineString","coordinates":[[120.89,-11.49],[121.11,-11.49]]}},{"type":"Feature","properties":{"Type":"OCB","PlateA":"TI","PlateB":"AU"},"geometry":{"type":"LineString","coordinates":[[121.11,-11.49],[121.78,-11.41]]}},{"type":"Feature","properties":{"Type":"CCB","PlateA":"TI","PlateB":"AU"},"geometry":{"type":"LineString","coordinates":[[121.78,-11.41],[122.63,-11.19]]}},{"type":"Feature","properties":{"Type":"CCB","PlateA":"TI","PlateB":"AU"},"geometry":{"type":"LineString","coordinates":[[122.63,-11.19],[123.22,-10.99]]}},{"type":"Feature","properties":{"Type":"CCB","PlateA":"TI","PlateB":"AU"},"geometry":{"type":"LineString","coordinates":[[123.22,-10.99],[123.96,-10.71]]}},{"type":"Feature","properties":{"Type":"CCB","PlateA":"TI","PlateB":"AU"},"geometry":{"type":"LineString","coordinates":[[123.96,-10.71],[124.73,-10.39]]}},{"type":"Feature","properties":{"Type":"OTF","PlateA":"TI","PlateB":"AU"},"geometry":{"type":"LineString","coordinates":[[124.73,-10.39],[125.16,-10.16]]}},{"type":"Feature","properties":{"Type":"OTF","PlateA":"TI","PlateB":"AU"},"geometry":{"type":"LineString","coordinates":[[125.16,-10.16],[125.48,-9.98]]}},{"type":"Feature","properties":{"Type":"CTF","PlateA":"TI","PlateB":"AU"},"geometry":{"type":"LineString","coordinates":[[125.48,-9.98],[125.87,-9.78]]}},{"type":"Feature","properties":{"Type":"CTF","PlateA":"TI","PlateB":"AU"},"geometry":{"type":"LineString","coordinates":[[125.87,-9.78],[126.33,-9.6]]}},{"type":"Feature","properties":{"Type":"OTF","PlateA":"TI","PlateB":"AU"},"geometry":{"type":"LineString","coordinates":[[126.33,-9.6],[126.85,-9.39]]}},{"type":"Feature","properties":{"Type":"OTF","PlateA":"TI","PlateB":"AU"},"geometry":{"type":"LineString","coordinates":[[126.85,-9.39],[127.43,-9.22]]}},{"type":"Feature","properties":{"Type":"OTF","PlateA":"TI","PlateB":"AU"},"geometry":{"type":"LineString","coordinates":[[127.43,-9.22],[127.9,-9.13]]}},{"type":"Feature","properties":{"Type":"OTF","PlateA":"TI","PlateB":"AU"},"geometry":{"type":"LineString","coordinates":[[127.9,-9.13],[128.38,-9.1]]}},{"type":"Feature","properties":{"Type":"CTF","PlateA":"TI","PlateB":"AU"},"geometry":{"type":"LineString","coordinates":[[128.38,-9.1],[129.11,-9.02]]}},{"type":"Feature","properties":{"Type":"CTF","PlateA":"TI","PlateB":"AU"},"geometry":{"type":"LineString","coordinates":[[129.11,-9.02],[129.86,-8.93]]}},{"type":"Feature","properties":{"Type":"CRB","PlateA":"TI","PlateB":"AU"},"geometry":{"type":"LineString","coordinates":[[129.86,-8.93],[130.54,-8.73]]}},{"type":"Feature","properties":{"Type":"CRB","PlateA":"TI","PlateB":"AU"},"geometry":{"type":"LineString","coordinates":[[130.54,-8.73],[130.93,-8.56]]}},{"type":"Feature","properties":{"Type":"CRB","PlateA":"TI","PlateB":"AU"},"geometry":{"type":"LineString","coordinates":[[130.93,-8.56],[131.42,-8.27]]}},{"type":"Feature","properties":{"Type":"CRB","PlateA":"TI","PlateB":"AU"},"geometry":{"type":"LineString","coordinates":[[131.42,-8.27],[131.87,-7.66]]}},{"type":"Feature","properties":{"Type":"CRB","PlateA":"TI","PlateB":"AU"},"geometry":{"type":"LineString","coordinates":[[131.87,-7.66],[132.43,-6.99]]}},{"type":"Feature","properties":{"Type":"CRB","PlateA":"TI","PlateB":"AU"},"geometry":{"type":"LineString","coordinates":[[132.43,-6.99],[132.69,-6.68]]}},{"type":"Feature","properties":{"Type":"OCB","PlateA":"PA","PlateB":"AU"},"geometry":{"type":"LineString","coordinates":[[159.8,-60.01],[160.33,-60.5]]}},{"type":"Feature","properties":{"Type":"OCB","PlateA":"PA","PlateB":"AU"},"geometry":{"type":"LineString","coordinates":[[160.33,-60.5],[160.74,-61.05]]}},{"type":"Feature","properties":{"Type":"OCB","PlateA":"PA","PlateB":"AU"},"geometry":{"type":"LineString","coordinates":[[160.74,-61.05],[161.13,-61.38]]}},{"type":"Feature","properties":{"Type":"OCB","PlateA":"PA","PlateB":"AU"},"geometry":{"type":"LineString","coordinates":[[161.13,-61.38],[161.23,-61.46]]}},{"type":"Feature","properties":{"Type":"SUB","PlateA":"AU","PlateB":"PA"},"geometry":{"type":"LineString","coordinates":[[166.95,-44.99],[167.1,-44.83]]}},{"type":"Feature","properties":{"Type":"SUB","PlateA":"AU","PlateB":"PA"},"geometry":{"type":"LineString","coordinates":[[167.1,-44.83],[167.37,-44.65]]}},{"type":"Feature","properties":{"Type":"SUB","PlateA":"AU","PlateB":"PA"},"geometry":{"type":"LineString","coordinates":[[167.37,-44.65],[167.69,-44.47]]}},{"type":"Feature","properties":{"Type":"SUB","PlateA":"AU","PlateB":"PA"},"geometry":{"type":"LineString","coordinates":[[167.69,-44.47],[168.08,-44.33]]}},{"type":"Feature","properties":{"Type":"SUB","PlateA":"AU","PlateB":"PA"},"geometry":{"type":"LineString","coordinates":[[168.08,-44.33],[168.49,-44.17]]}},{"type":"Feature","properties":{"Type":"SUB","PlateA":"AU","PlateB":"PA"},"geometry":{"type":"LineString","coordinates":[[168.49,-44.17],[168.77,-44.02]]}},{"type":"Feature","properties":{"Type":"CTF","PlateA":"AU","PlateB":"PA"},"geometry":{"type":"LineString","coordinates":[[168.77,-44.02],[169.14,-43.84]]}},{"type":"Feature","properties":{"Type":"CTF","PlateA":"AU","PlateB":"PA"},"geometry":{"type":"LineString","coordinates":[[169.14,-43.84],[169.65,-43.59]]}},{"type":"Feature","properties":{"Type":"CTF","PlateA":"AU","PlateB":"PA"},"geometry":{"type":"LineString","coordinates":[[169.65,-43.59],[170.1,-43.36]]}},{"type":"Feature","properties":{"Type":"CTF","PlateA":"AU","PlateB":"PA"},"geometry":{"type":"LineString","coordinates":[[170.1,-43.36],[170.64,-43.09]]}},{"type":"Feature","properties":{"Type":"CTF","PlateA":"AU","PlateB":"PA"},"geometry":{"type":"LineString","coordinates":[[170.64,-43.09],[171,-42.93]]}},{"type":"Feature","properties":{"Type":"CCB","PlateA":"AU","PlateB":"PA"},"geometry":{"type":"LineString","coordinates":[[171,-42.93],[171.28,-42.74]]}},{"type":"Feature","properties":{"Type":"CTF","PlateA":"AU","PlateB":"PA"},"geometry":{"type":"LineString","coordinates":[[171.28,-42.74],[171.47,-42.67]]}},{"type":"Feature","properties":{"Type":"CTF","PlateA":"AU","PlateB":"PA"},"geometry":{"type":"LineString","coordinates":[[171.47,-42.67],[171.86,-42.62]]}},{"type":"Feature","properties":{"Type":"CTF","PlateA":"AU","PlateB":"PA"},"geometry":{"type":"LineString","coordinates":[[171.86,-42.62],[172.59,-42.48]]}},{"type":"Feature","properties":{"Type":"CTF","PlateA":"AU","PlateB":"PA"},"geometry":{"type":"LineString","coordinates":[[172.59,-42.48],[173.13,-42.39]]}},{"type":"Feature","properties":{"Type":"CTF","PlateA":"AU","PlateB":"PA"},"geometry":{"type":"LineString","coordinates":[[173.13,-42.39],[173.72,-42.29]]}},{"type":"Feature","properties":{"Type":"CTF","PlateA":"AU","PlateB":"PA"},"geometry":{"type":"LineString","coordinates":[[173.72,-42.29],[174.3,-42.2]]}},{"type":"Feature","properties":{"Type":"CTF","PlateA":"AU","PlateB":"PA"},"geometry":{"type":"LineString","coordinates":[[174.3,-42.2],[174.99,-42.12]]}},{"type":"Feature","properties":{"Type":"OTF","PlateA":"AU","PlateB":"PA"},"geometry":{"type":"LineString","coordinates":[[174.99,-42.12],[175.5,-42.06]]}},{"type":"Feature","properties":{"Type":"SUB","PlateA":"KE","PlateB":"PA"},"geometry":{"type":"LineString","coordinates":[[175.5,-42.06],[176.08,-41.91]]}},{"type":"Feature","properties":{"Type":"SUB","PlateA":"KE","PlateB":"PA"},"geometry":{"type":"LineString","coordinates":[[176.08,-41.91],[176.67,-41.76]]}},{"type":"Feature","properties":{"Type":"SUB","PlateA":"KE","PlateB":"PA"},"geometry":{"type":"LineString","coordinates":[[176.67,-41.76],[177.12,-41.66]]}},{"type":"Feature","properties":{"Type":"SUB","PlateA":"KE","PlateB":"PA"},"geometry":{"type":"LineString","coordinates":[[177.12,-41.66],[177.61,-41.5]]}},{"type":"Feature","properties":{"Type":"SUB","PlateA":"KE","PlateB":"PA"},"geometry":{"type":"LineString","coordinates":[[177.61,-41.5],[178.02,-41.19]]}},{"type":"Feature","properties":{"Type":"SUB","PlateA":"KE","PlateB":"PA"},"geometry":{"type":"LineString","coordinates":[[178.02,-41.19],[178.28,-40.81]]}},{"type":"Feature","properties":{"Type":"SUB","PlateA":"KE","PlateB":"PA"},"geometry":{"type":"LineString","coordinates":[[178.28,-40.81],[178.57,-40.42]]}},{"type":"Feature","properties":{"Type":"SUB","PlateA":"KE","PlateB":"PA"},"geometry":{"type":"LineString","coordinates":[[178.57,-40.42],[178.79,-40.09]]}},{"type":"Feature","properties":{"Type":"SUB","PlateA":"KE","PlateB":"PA"},"geometry":{"type":"LineString","coordinates":[[178.79,-40.09],[178.95,-39.68]]}},{"type":"Feature","properties":{"Type":"SUB","PlateA":"KE","PlateB":"PA"},"geometry":{"type":"LineString","coordinates":[[178.95,-39.68],[179.13,-39.23]]}},{"type":"Feature","properties":{"Type":"SUB","PlateA":"KE","PlateB":"PA"},"geometry":{"type":"LineString","coordinates":[[179.13,-39.23],[179.22,-38.89]]}},{"type":"Feature","properties":{"Type":"SUB","PlateA":"KE","PlateB":"PA"},"geometry":{"type":"LineString","coordinates":[[179.22,-38.89],[179.37,-38.54]]}},{"type":"Feature","properties":{"Type":"SUB","PlateA":"KE","PlateB":"PA"},"geometry":{"type":"LineString","coordinates":[[179.37,-38.54],[179.57,-38.2]]}},{"type":"Feature","properties":{"Type":"SUB","PlateA":"KE","PlateB":"PA"},"geometry":{"type":"LineString","coordinates":[[179.57,-38.2],[179.84,-37.48]]}},{"type":"Feature","properties":{"Type":"SUB","PlateA":"KE","PlateB":"PA"},"geometry":{"type":"LineString","coordinates":[[179.84,-37.48],[180,-37.16]]}},{"type":"Feature","properties":{"Type":"SUB","PlateA":"KE","PlateB":"PA"},"geometry":{"type":"LineString","coordinates":[[-179.81,-36.79],[-179.37,-36.18]]}},{"type":"Feature","properties":{"Type":"SUB","PlateA":"KE","PlateB":"PA"},"geometry":{"type":"LineString","coordinates":[[-179.37,-36.18],[-179.04,-35.54]]}},{"type":"Feature","properties":{"Type":"SUB","PlateA":"KE","PlateB":"PA"},"geometry":{"type":"LineString","coordinates":[[-179.04,-35.54],[-178.64,-35.02]]}},{"type":"Feature","properties":{"Type":"SUB","PlateA":"KE","PlateB":"PA"},"geometry":{"type":"LineString","coordinates":[[-178.64,-35.02],[-178.54,-34.71]]}},{"type":"Feature","properties":{"Type":"SUB","PlateA":"KE","PlateB":"PA"},"geometry":{"type":"LineString","coordinates":[[-178.54,-34.71],[-178.41,-34.48]]}},{"type":"Feature","properties":{"Type":"SUB","PlateA":"KE","PlateB":"PA"},"geometry":{"type":"LineString","coordinates":[[-178.41,-34.48],[-178.29,-34.24]]}},{"type":"Feature","properties":{"Type":"SUB","PlateA":"KE","PlateB":"PA"},"geometry":{"type":"LineString","coordinates":[[-178.29,-34.24],[-178.21,-33.85]]}},{"type":"Feature","properties":{"Type":"SUB","PlateA":"KE","PlateB":"PA"},"geometry":{"type":"LineString","coordinates":[[-178.21,-33.85],[-177.98,-33.58]]}},{"type":"Feature","properties":{"Type":"SUB","PlateA":"KE","PlateB":"PA"},"geometry":{"type":"LineString","coordinates":[[-177.98,-33.58],[-177.81,-33.19]]}},{"type":"Feature","properties":{"Type":"SUB","PlateA":"KE","PlateB":"PA"},"geometry":{"type":"LineString","coordinates":[[-177.81,-33.19],[-177.67,-32.7]]}},{"type":"Feature","properties":{"Type":"SUB","PlateA":"KE","PlateB":"PA"},"geometry":{"type":"LineString","coordinates":[[-177.67,-32.7],[-177.65,-32.2]]}},{"type":"Feature","properties":{"Type":"SUB","PlateA":"KE","PlateB":"PA"},"geometry":{"type":"LineString","coordinates":[[-177.65,-32.2],[-177.54,-31.96]]}},{"type":"Feature","properties":{"Type":"SUB","PlateA":"KE","PlateB":"PA"},"geometry":{"type":"LineString","coordinates":[[-177.54,-31.96],[-177.3,-31.79]]}},{"type":"Feature","properties":{"Type":"SUB","PlateA":"KE","PlateB":"PA"},"geometry":{"type":"LineString","coordinates":[[-177.3,-31.79],[-177.11,-31.45]]}},{"type":"Feature","properties":{"Type":"SUB","PlateA":"KE","PlateB":"PA"},"geometry":{"type":"LineString","coordinates":[[-177.11,-31.45],[-176.92,-31.04]]}},{"type":"Feature","properties":{"Type":"SUB","PlateA":"KE","PlateB":"PA"},"geometry":{"type":"LineString","coordinates":[[-176.92,-31.04],[-176.69,-30.68]]}},{"type":"Feature","properties":{"Type":"SUB","PlateA":"KE","PlateB":"PA"},"geometry":{"type":"LineString","coordinates":[[-176.69,-30.68],[-176.55,-30.32]]}},{"type":"Feature","properties":{"Type":"SUB","PlateA":"KE","PlateB":"PA"},"geometry":{"type":"LineString","coordinates":[[-176.55,-30.32],[-176.34,-29.88]]}},{"type":"Feature","properties":{"Type":"SUB","PlateA":"KE","PlateB":"PA"},"geometry":{"type":"LineString","coordinates":[[-176.34,-29.88],[-176.15,-29.47]]}},{"type":"Feature","properties":{"Type":"SUB","PlateA":"KE","PlateB":"PA"},"geometry":{"type":"LineString","coordinates":[[-176.15,-29.47],[-176.08,-29.06]]}},{"type":"Feature","properties":{"Type":"SUB","PlateA":"KE","PlateB":"PA"},"geometry":{"type":"LineString","coordinates":[[-176.08,-29.06],[-175.99,-28.7]]}},{"type":"Feature","properties":{"Type":"SUB","PlateA":"KE","PlateB":"PA"},"geometry":{"type":"LineString","coordinates":[[-175.99,-28.7],[-175.88,-28.26]]}},{"type":"Feature","properties":{"Type":"SUB","PlateA":"KE","PlateB":"PA"},"geometry":{"type":"LineString","coordinates":[[-175.88,-28.26],[-175.78,-27.78]]}},{"type":"Feature","properties":{"Type":"SUB","PlateA":"KE","PlateB":"PA"},"geometry":{"type":"LineString","coordinates":[[-175.78,-27.78],[-175.54,-27.32]]}},{"type":"Feature","properties":{"Type":"SUB","PlateA":"KE","PlateB":"PA"},"geometry":{"type":"LineString","coordinates":[[-175.54,-27.32],[-175.4,-26.86]]}},{"type":"Feature","properties":{"Type":"SUB","PlateA":"KE","PlateB":"PA"},"geometry":{"type":"LineString","coordinates":[[-175.4,-26.86],[-175.42,-26.44]]}},{"type":"Feature","properties":{"Type":"SUB","PlateA":"KE","PlateB":"PA"},"geometry":{"type":"LineString","coordinates":[[-175.42,-26.44],[-175.41,-26.02]]}},{"type":"Feature","properties":{"Type":"SUB","PlateA":"KE","PlateB":"PA"},"geometry":{"type":"LineString","coordinates":[[-175.41,-26.02],[-175.38,-25.73]]}},{"type":"Feature","properties":{"Type":"SUB","PlateA":"KE","PlateB":"PA"},"geometry":{"type":"LineString","coordinates":[[-175.38,-25.73],[-175.3,-25.43]]}},{"type":"Feature","properties":{"Type":"SUB","PlateA":"KE","PlateB":"PA"},"geometry":{"type":"LineString","coordinates":[[-175.3,-25.43],[-175.26,-25.14]]}},{"type":"Feature","properties":{"Type":"SUB","PlateA":"KE","PlateB":"PA"},"geometry":{"type":"LineString","coordinates":[[-175.26,-25.14],[-175.23,-24.84]]}},{"type":"Feature","properties":{"Type":"SUB","PlateA":"KE","PlateB":"PA"},"geometry":{"type":"LineString","coordinates":[[-175.23,-24.84],[-175.21,-24.47]]}},{"type":"Feature","properties":{"Type":"SUB","PlateA":"KE","PlateB":"PA"},"geometry":{"type":"LineString","coordinates":[[-175.21,-24.47],[-175.1,-24.07]]}},{"type":"Feature","properties":{"Type":"SUB","PlateA":"KE","PlateB":"PA"},"geometry":{"type":"LineString","coordinates":[[-175.1,-24.07],[-174.98,-23.75]]}},{"type":"Feature","properties":{"Type":"SUB","PlateA":"TO","PlateB":"PA"},"geometry":{"type":"LineString","coordinates":[[-174.98,-23.75],[-174.84,-23.51]]}},{"type":"Feature","properties":{"Type":"SUB","PlateA":"TO","PlateB":"PA"},"geometry":{"type":"LineString","coordinates":[[-174.84,-23.51],[-174.66,-23.22]]}},{"type":"Feature","properties":{"Type":"SUB","PlateA":"TO","PlateB":"PA"},"geometry":{"type":"LineString","coordinates":[[-174.66,-23.22],[-174.49,-22.91]]}},{"type":"Feature","properties":{"Type":"SUB","PlateA":"TO","PlateB":"PA"},"geometry":{"type":"LineString","coordinates":[[-174.49,-22.91],[-174.32,-22.62]]}},{"type":"Feature","properties":{"Type":"SUB","PlateA":"TO","PlateB":"PA"},"geometry":{"type":"LineString","coordinates":[[-174.32,-22.62],[-174.14,-22.29]]}},{"type":"Feature","properties":{"Type":"SUB","PlateA":"TO","PlateB":"PA"},"geometry":{"type":"LineString","coordinates":[[-174.14,-22.29],[-173.95,-21.91]]}},{"type":"Feature","properties":{"Type":"SUB","PlateA":"TO","PlateB":"PA"},"geometry":{"type":"LineString","coordinates":[[-173.95,-21.91],[-173.82,-21.53]]}},{"type":"Feature","properties":{"Type":"SUB","PlateA":"TO","PlateB":"PA"},"geometry":{"type":"LineString","coordinates":[[-173.82,-21.53],[-173.7,-21.25]]}},{"type":"Feature","properties":{"Type":"SUB","PlateA":"TO","PlateB":"PA"},"geometry":{"type":"LineString","coordinates":[[-173.7,-21.25],[-173.55,-20.89]]}},{"type":"Feature","properties":{"Type":"SUB","PlateA":"TO","PlateB":"PA"},"geometry":{"type":"LineString","coordinates":[[-173.55,-20.89],[-173.4,-20.59]]}},{"type":"Feature","properties":{"Type":"SUB","PlateA":"TO","PlateB":"PA"},"geometry":{"type":"LineString","coordinates":[[-173.4,-20.59],[-173.22,-20.2]]}},{"type":"Feature","properties":{"Type":"SUB","PlateA":"TO","PlateB":"PA"},"geometry":{"type":"LineString","coordinates":[[-173.22,-20.2],[-173.05,-19.78]]}},{"type":"Feature","properties":{"Type":"SUB","PlateA":"TO","PlateB":"PA"},"geometry":{"type":"LineString","coordinates":[[-173.05,-19.78],[-172.97,-19.46]]}},{"type":"Feature","properties":{"Type":"SUB","PlateA":"TO","PlateB":"PA"},"geometry":{"type":"LineString","coordinates":[[-172.97,-19.46],[-172.87,-19.07]]}},{"type":"Feature","properties":{"Type":"SUB","PlateA":"TO","PlateB":"PA"},"geometry":{"type":"LineString","coordinates":[[-172.87,-19.07],[-172.79,-18.78]]}},{"type":"Feature","properties":{"Type":"SUB","PlateA":"TO","PlateB":"PA"},"geometry":{"type":"LineString","coordinates":[[-172.79,-18.78],[-172.7,-18.48]]}},{"type":"Feature","properties":{"Type":"SUB","PlateA":"TO","PlateB":"PA"},"geometry":{"type":"LineString","coordinates":[[-172.7,-18.48],[-172.59,-18.15]]}},{"type":"Feature","properties":{"Type":"SUB","PlateA":"TO","PlateB":"PA"},"geometry":{"type":"LineString","coordinates":[[-172.59,-18.15],[-172.54,-17.93]]}},{"type":"Feature","properties":{"Type":"SUB","PlateA":"TO","PlateB":"PA"},"geometry":{"type":"LineString","coordinates":[[-172.54,-17.93],[-172.44,-17.68]]}},{"type":"Feature","properties":{"Type":"SUB","PlateA":"TO","PlateB":"PA"},"geometry":{"type":"LineString","coordinates":[[-172.44,-17.68],[-172.37,-17.27]]}},{"type":"Feature","properties":{"Type":"SUB","PlateA":"TO","PlateB":"PA"},"geometry":{"type":"LineString","coordinates":[[-172.37,-17.27],[-172.33,-16.96]]}},{"type":"Feature","properties":{"Type":"SUB","PlateA":"TO","PlateB":"PA"},"geometry":{"type":"LineString","coordinates":[[-172.33,-16.96],[-172.31,-16.72]]}},{"type":"Feature","properties":{"Type":"SUB","PlateA":"TO","PlateB":"PA"},"geometry":{"type":"LineString","coordinates":[[-172.31,-16.72],[-172.31,-16.33]]}},{"type":"Feature","properties":{"Type":"SUB","PlateA":"TO","PlateB":"PA"},"geometry":{"type":"LineString","coordinates":[[-172.31,-16.33],[-172.3,-16.04]]}},{"type":"Feature","properties":{"Type":"SUB","PlateA":"TO","PlateB":"PA"},"geometry":{"type":"LineString","coordinates":[[-172.3,-16.04],[-172.33,-15.73]]}},{"type":"Feature","properties":{"Type":"SUB","PlateA":"TO","PlateB":"PA"},"geometry":{"type":"LineString","coordinates":[[-172.33,-15.73],[-172.35,-15.56]]}},{"type":"Feature","properties":{"Type":"SUB","PlateA":"TO","PlateB":"PA"},"geometry":{"type":"LineString","coordinates":[[-172.35,-15.56],[-172.43,-15.37]]}},{"type":"Feature","properties":{"Type":"SUB","PlateA":"TO","PlateB":"PA"},"geometry":{"type":"LineString","coordinates":[[-172.43,-15.37],[-172.6,-15.15]]}},{"type":"Feature","properties":{"Type":"SUB","PlateA":"TO","PlateB":"PA"},"geometry":{"type":"LineString","coordinates":[[-172.6,-15.15],[-172.77,-15.03]]}},{"type":"Feature","properties":{"Type":"SUB","PlateA":"TO","PlateB":"PA"},"geometry":{"type":"LineString","coordinates":[[-172.77,-15.03],[-172.94,-14.87]]}},{"type":"Feature","properties":{"Type":"SUB","PlateA":"TO","PlateB":"PA"},"geometry":{"type":"LineString","coordinates":[[-172.94,-14.87],[-173.13,-14.78]]}},{"type":"Feature","properties":{"Type":"SUB","PlateA":"TO","PlateB":"PA"},"geometry":{"type":"LineString","coordinates":[[-173.13,-14.78],[-173.27,-14.7]]}},{"type":"Feature","properties":{"Type":"SUB","PlateA":"TO","PlateB":"PA"},"geometry":{"type":"LineString","coordinates":[[-173.27,-14.7],[-173.41,-14.58]]}},{"type":"Feature","properties":{"Type":"CRB","PlateA":"KE","PlateB":"AU"},"geometry":{"type":"LineString","coordinates":[[-177.42,-24.1],[-177.45,-24.24]]}},{"type":"Feature","properties":{"Type":"CRB","PlateA":"KE","PlateB":"AU"},"geometry":{"type":"LineString","coordinates":[[-177.45,-24.24],[-177.55,-24.72]]}},{"type":"Feature","properties":{"Type":"CRB","PlateA":"KE","PlateB":"AU"},"geometry":{"type":"LineString","coordinates":[[-177.55,-24.72],[-177.66,-25.2]]}},{"type":"Feature","properties":{"Type":"CRB","PlateA":"KE","PlateB":"AU"},"geometry":{"type":"LineString","coordinates":[[-177.66,-25.2],[-177.79,-25.98]]}},{"type":"Feature","properties":{"Type":"OSR","PlateA":"KE","PlateB":"AU"},"geometry":{"type":"LineString","coordinates":[[-177.79,-25.98],[-178.02,-26.77]]}},{"type":"Feature","properties":{"Type":"OSR","PlateA":"KE","PlateB":"AU"},"geometry":{"type":"LineString","coordinates":[[-178.02,-26.77],[-178.25,-27.38]]}},{"type":"Feature","properties":{"Type":"OSR","PlateA":"KE","PlateB":"AU"},"geometry":{"type":"LineString","coordinates":[[-178.25,-27.38],[-178.48,-27.99]]}},{"type":"Feature","properties":{"Type":"CRB","PlateA":"KE","PlateB":"AU"},"geometry":{"type":"LineString","coordinates":[[-178.48,-27.99],[-178.71,-28.69]]}},{"type":"Feature","properties":{"Type":"OSR","PlateA":"KE","PlateB":"AU"},"geometry":{"type":"LineString","coordinates":[[-178.71,-28.69],[-178.97,-29.5]]}},{"type":"Feature","properties":{"Type":"CRB","PlateA":"KE","PlateB":"AU"},"geometry":{"type":"LineString","coordinates":[[-178.97,-29.5],[-179.07,-29.79]]}},{"type":"Feature","properties":{"Type":"CRB","PlateA":"KE","PlateB":"AU"},"geometry":{"type":"LineString","coordinates":[[-179.07,-29.79],[-179.23,-30.35]]}},{"type":"Feature","properties":{"Type":"OSR","PlateA":"KE","PlateB":"AU"},"geometry":{"type":"LineString","coordinates":[[-179.23,-30.35],[-179.39,-31]]}},{"type":"Feature","properties":{"Type":"OSR","PlateA":"KE","PlateB":"AU"},"geometry":{"type":"LineString","coordinates":[[-179.39,-31],[-179.51,-31.33]]}},{"type":"Feature","properties":{"Type":"OSR","PlateA":"KE","PlateB":"AU"},"geometry":{"type":"LineString","coordinates":[[-179.51,-31.33],[-179.74,-31.75]]}},{"type":"Feature","properties":{"Type":"OSR","PlateA":"KE","PlateB":"AU"},"geometry":{"type":"LineString","coordinates":[[-179.74,-31.75],[-180,-32.3]]}},{"type":"Feature","properties":{"Type":"OSR","PlateA":"KE","PlateB":"AU"},"geometry":{"type":"LineString","coordinates":[[179.98,-32.35],[179.66,-33.02]]}},{"type":"Feature","properties":{"Type":"OSR","PlateA":"KE","PlateB":"AU"},"geometry":{"type":"LineString","coordinates":[[179.66,-33.02],[179.35,-33.6]]}},{"type":"Feature","properties":{"Type":"OSR","PlateA":"KE","PlateB":"AU"},"geometry":{"type":"LineString","coordinates":[[179.35,-33.6],[179,-34.25]]}},{"type":"Feature","properties":{"Type":"CRB","PlateA":"KE","PlateB":"AU"},"geometry":{"type":"LineString","coordinates":[[179,-34.25],[178.68,-34.79]]}},{"type":"Feature","properties":{"Type":"OSR","PlateA":"KE","PlateB":"AU"},"geometry":{"type":"LineString","coordinates":[[178.68,-34.79],[178.4,-35.16]]}},{"type":"Feature","properties":{"Type":"OSR","PlateA":"KE","PlateB":"AU"},"geometry":{"type":"LineString","coordinates":[[178.4,-35.16],[177.89,-35.92]]}},{"type":"Feature","properties":{"Type":"OSR","PlateA":"KE","PlateB":"AU"},"geometry":{"type":"LineString","coordinates":[[177.89,-35.92],[177.51,-36.46]]}},{"type":"Feature","properties":{"Type":"CRB","PlateA":"KE","PlateB":"AU"},"geometry":{"type":"LineString","coordinates":[[177.51,-36.46],[177.05,-37.1]]}},{"type":"Feature","properties":{"Type":"CRB","PlateA":"KE","PlateB":"AU"},"geometry":{"type":"LineString","coordinates":[[177.05,-37.1],[176.77,-37.48]]}},{"type":"Feature","properties":{"Type":"CRB","PlateA":"KE","PlateB":"AU"},"geometry":{"type":"LineString","coordinates":[[176.77,-37.48],[176.51,-37.88]]}},{"type":"Feature","properties":{"Type":"CRB","PlateA":"KE","PlateB":"AU"},"geometry":{"type":"LineString","coordinates":[[176.51,-37.88],[176.24,-38.29]]}},{"type":"Feature","properties":{"Type":"CRB","PlateA":"KE","PlateB":"AU"},"geometry":{"type":"LineString","coordinates":[[176.24,-38.29],[176,-38.67]]}},{"type":"Feature","properties":{"Type":"CRB","PlateA":"KE","PlateB":"AU"},"geometry":{"type":"LineString","coordinates":[[176,-38.67],[175.93,-38.76]]}},{"type":"Feature","properties":{"Type":"CRB","PlateA":"KE","PlateB":"AU"},"geometry":{"type":"LineString","coordinates":[[175.93,-38.76],[175.61,-39.23]]}},{"type":"Feature","properties":{"Type":"CTF","PlateA":"KE","PlateB":"AU"},"geometry":{"type":"LineString","coordinates":[[175.61,-39.23],[176.07,-40.05]]}},{"type":"Feature","properties":{"Type":"CTF","PlateA":"KE","PlateB":"AU"},"geometry":{"type":"LineString","coordinates":[[176.07,-40.05],[175.87,-40.31]]}},{"type":"Feature","properties":{"Type":"CTF","PlateA":"KE","PlateB":"AU"},"geometry":{"type":"LineString","coordinates":[[175.87,-40.31],[175.54,-40.6]]}},{"type":"Feature","properties":{"Type":"CCB","PlateA":"KE","PlateB":"AU"},"geometry":{"type":"LineString","coordinates":[[175.54,-40.6],[175.32,-40.79]]}},{"type":"Feature","properties":{"Type":"CCB","PlateA":"KE","PlateB":"AU"},"geometry":{"type":"LineString","coordinates":[[175.32,-40.79],[175.01,-40.98]]}},{"type":"Feature","properties":{"Type":"CCB","PlateA":"KE","PlateB":"AU"},"geometry":{"type":"LineString","coordinates":[[175.01,-40.98],[174.63,-41.16]]}},{"type":"Feature","properties":{"Type":"CCB","PlateA":"KE","PlateB":"AU"},"geometry":{"type":"LineString","coordinates":[[174.63,-41.16],[174.76,-41.57]]}},{"type":"Feature","properties":{"Type":"CCB","PlateA":"KE","PlateB":"AU"},"geometry":{"type":"LineString","coordinates":[[174.76,-41.57],[174.95,-41.76]]}},{"type":"Feature","properties":{"Type":"CCB","PlateA":"KE","PlateB":"AU"},"geometry":{"type":"LineString","coordinates":[[174.95,-41.76],[175.5,-42.06]]}},{"type":"Feature","properties":{"Type":"OSR","PlateA":"PA","PlateB":"NI"},"geometry":{"type":"LineString","coordinates":[[-176.35,-14.63],[-175.86,-14.48]]}},{"type":"Feature","properties":{"Type":"OSR","PlateA":"PA","PlateB":"NI"},"geometry":{"type":"LineString","coordinates":[[-175.86,-14.48],[-175.31,-14.41]]}},{"type":"Feature","properties":{"Type":"OSR","PlateA":"PA","PlateB":"NI"},"geometry":{"type":"LineString","coordinates":[[-175.31,-14.41],[-174.75,-14.33]]}},{"type":"Feature","properties":{"Type":"OTF","PlateA":"PA","PlateB":"NI"},"geometry":{"type":"LineString","coordinates":[[-174.75,-14.33],[-174.08,-14.38]]}},{"type":"Feature","properties":{"Type":"OTF","PlateA":"PA","PlateB":"NI"},"geometry":{"type":"LineString","coordinates":[[-174.08,-14.38],[-173.84,-14.53]]}},{"type":"Feature","properties":{"Type":"OTF","PlateA":"PA","PlateB":"TO"},"geometry":{"type":"LineString","coordinates":[[-173.84,-14.53],[-173.41,-14.58]]}},{"type":"Feature","properties":{"Type":"CCB","PlateA":"WL","PlateB":"MO"},"geometry":{"type":"LineString","coordinates":[[138.97,-1.61],[139.21,-2.09]]}},{"type":"Feature","properties":{"Type":"CCB","PlateA":"WL","PlateB":"MO"},"geometry":{"type":"LineString","coordinates":[[139.21,-2.09],[139.44,-2.58]]}},{"type":"Feature","properties":{"Type":"CCB","PlateA":"WL","PlateB":"MO"},"geometry":{"type":"LineString","coordinates":[[139.44,-2.58],[139.81,-3.18]]}},{"type":"Feature","properties":{"Type":"CCB","PlateA":"WL","PlateB":"MO"},"geometry":{"type":"LineString","coordinates":[[139.81,-3.18],[140.07,-3.64]]}},{"type":"Feature","properties":{"Type":"CCB","PlateA":"WL","PlateB":"MO"},"geometry":{"type":"LineString","coordinates":[[140.07,-3.64],[140.33,-4.04]]}},{"type":"Feature","properties":{"Type":"CCB","PlateA":"WL","PlateB":"MO"},"geometry":{"type":"LineString","coordinates":[[140.33,-4.04],[140.57,-4.59]]}},{"type":"Feature","properties":{"Type":"CCB","PlateA":"WL","PlateB":"MO"},"geometry":{"type":"LineString","coordinates":[[140.57,-4.59],[140.8,-5.11]]}},{"type":"Feature","properties":{"Type":"CCB","PlateA":"WL","PlateB":"AU"},"geometry":{"type":"LineString","coordinates":[[140.8,-5.11],[140.85,-5.14]]}},{"type":"Feature","properties":{"Type":"CCB","PlateA":"WL","PlateB":"AU"},"geometry":{"type":"LineString","coordinates":[[140.85,-5.14],[141.48,-5.73]]}},{"type":"Feature","properties":{"Type":"CCB","PlateA":"WL","PlateB":"AU"},"geometry":{"type":"LineString","coordinates":[[141.48,-5.73],[142.23,-5.99]]}},{"type":"Feature","properties":{"Type":"CCB","PlateA":"WL","PlateB":"AU"},"geometry":{"type":"LineString","coordinates":[[142.23,-5.99],[142.96,-6.29]]}},{"type":"Feature","properties":{"Type":"CCB","PlateA":"WL","PlateB":"AU"},"geometry":{"type":"LineString","coordinates":[[142.96,-6.29],[143.57,-6.56]]}},{"type":"Feature","properties":{"Type":"CCB","PlateA":"WL","PlateB":"AU"},"geometry":{"type":"LineString","coordinates":[[143.57,-6.56],[144.14,-6.81]]}},{"type":"Feature","properties":{"Type":"CCB","PlateA":"WL","PlateB":"AU"},"geometry":{"type":"LineString","coordinates":[[144.14,-6.81],[144.74,-7.02]]}},{"type":"Feature","properties":{"Type":"CCB","PlateA":"WL","PlateB":"AU"},"geometry":{"type":"LineString","coordinates":[[144.74,-7.02],[145.25,-7.37]]}},{"type":"Feature","properties":{"Type":"CCB","PlateA":"WL","PlateB":"AU"},"geometry":{"type":"LineString","coordinates":[[145.25,-7.37],[145.67,-7.66]]}},{"type":"Feature","properties":{"Type":"CTF","PlateA":"WL","PlateB":"AU"},"geometry":{"type":"LineString","coordinates":[[145.67,-7.66],[146.4,-8.1]]}},{"type":"Feature","properties":{"Type":"CTF","PlateA":"WL","PlateB":"AU"},"geometry":{"type":"LineString","coordinates":[[146.4,-8.1],[146.92,-8.41]]}},{"type":"Feature","properties":{"Type":"CCB","PlateA":"WL","PlateB":"AU"},"geometry":{"type":"LineString","coordinates":[[146.92,-8.41],[146.95,-8.6]]}},{"type":"Feature","properties":{"Type":"SUB","PlateA":"SB","PlateB":"SS"},"geometry":{"type":"LineString","coordinates":[[148.59,-7.39],[149.31,-7.03]]}},{"type":"Feature","properties":{"Type":"SUB","PlateA":"SB","PlateB":"SS"},"geometry":{"type":"LineString","coordinates":[[149.31,-7.03],[149.86,-6.94]]}},{"type":"Feature","properties":{"Type":"SUB","PlateA":"SB","PlateB":"SS"},"geometry":{"type":"LineString","coordinates":[[149.86,-6.94],[150.15,-6.88]]}},{"type":"Feature","properties":{"Type":"SUB","PlateA":"SB","PlateB":"SS"},"geometry":{"type":"LineString","coordinates":[[150.15,-6.88],[150.66,-6.69]]}},{"type":"Feature","properties":{"Type":"SUB","PlateA":"SB","PlateB":"SS"},"geometry":{"type":"LineString","coordinates":[[150.66,-6.69],[151.15,-6.44]]}},{"type":"Feature","properties":{"Type":"SUB","PlateA":"SB","PlateB":"SS"},"geometry":{"type":"LineString","coordinates":[[151.15,-6.44],[151.52,-6.21]]}},{"type":"Feature","properties":{"Type":"SUB","PlateA":"SB","PlateB":"SS"},"geometry":{"type":"LineString","coordinates":[[151.52,-6.21],[151.88,-5.93]]}},{"type":"Feature","properties":{"Type":"SUB","PlateA":"SB","PlateB":"SS"},"geometry":{"type":"LineString","coordinates":[[151.88,-5.93],[152.26,-5.75]]}},{"type":"Feature","properties":{"Type":"SUB","PlateA":"SB","PlateB":"SS"},"geometry":{"type":"LineString","coordinates":[[152.26,-5.75],[152.65,-5.64]]}},{"type":"Feature","properties":{"Type":"SUB","PlateA":"SB","PlateB":"SS"},"geometry":{"type":"LineString","coordinates":[[152.65,-5.64],[153.11,-5.74]]}},{"type":"Feature","properties":{"Type":"SUB","PlateA":"SB","PlateB":"SS"},"geometry":{"type":"LineString","coordinates":[[153.11,-5.74],[153.52,-5.95]]}},{"type":"Feature","properties":{"Type":"SUB","PlateA":"SB","PlateB":"SS"},"geometry":{"type":"LineString","coordinates":[[153.52,-5.95],[153.93,-6.26]]}},{"type":"Feature","properties":{"Type":"SUB","PlateA":"NB","PlateB":"SS"},"geometry":{"type":"LineString","coordinates":[[153.93,-6.26],[154.23,-6.51]]}},{"type":"Feature","properties":{"Type":"SUB","PlateA":"NB","PlateB":"SS"},"geometry":{"type":"LineString","coordinates":[[154.23,-6.51],[154.54,-6.82]]}},{"type":"Feature","properties":{"Type":"SUB","PlateA":"NB","PlateB":"SS"},"geometry":{"type":"LineString","coordinates":[[154.54,-6.82],[154.93,-7.29]]}},{"type":"Feature","properties":{"Type":"SUB","PlateA":"PA","PlateB":"SS"},"geometry":{"type":"LineString","coordinates":[[154.93,-7.29],[155.45,-7.49]]}},{"type":"Feature","properties":{"Type":"SUB","PlateA":"PA","PlateB":"WL"},"geometry":{"type":"LineString","coordinates":[[155.45,-7.49],[155.81,-7.71]]}},{"type":"Feature","properties":{"Type":"SUB","PlateA":"PA","PlateB":"WL"},"geometry":{"type":"LineString","coordinates":[[155.81,-7.71],[156.05,-7.88]]}},{"type":"Feature","properties":{"Type":"SUB","PlateA":"PA","PlateB":"WL"},"geometry":{"type":"LineString","coordinates":[[156.05,-7.88],[156.3,-8.17]]}},{"type":"Feature","properties":{"Type":"SUB","PlateA":"SS","PlateB":"WL"},"geometry":{"type":"LineString","coordinates":[[148.59,-7.39],[148.73,-7.47]]}},{"type":"Feature","properties":{"Type":"SUB","PlateA":"SS","PlateB":"WL"},"geometry":{"type":"LineString","coordinates":[[148.73,-7.47],[148.94,-7.61]]}},{"type":"Feature","properties":{"Type":"SUB","PlateA":"SS","PlateB":"WL"},"geometry":{"type":"LineString","coordinates":[[148.94,-7.61],[149.15,-7.66]]}},{"type":"Feature","properties":{"Type":"SUB","PlateA":"SS","PlateB":"WL"},"geometry":{"type":"LineString","coordinates":[[149.15,-7.66],[149.33,-7.66]]}},{"type":"Feature","properties":{"Type":"SUB","PlateA":"SS","PlateB":"WL"},"geometry":{"type":"LineString","coordinates":[[149.33,-7.66],[149.61,-7.62]]}},{"type":"Feature","properties":{"Type":"SUB","PlateA":"SS","PlateB":"WL"},"geometry":{"type":"LineString","coordinates":[[149.61,-7.62],[149.87,-7.61]]}},{"type":"Feature","properties":{"Type":"SUB","PlateA":"SS","PlateB":"WL"},"geometry":{"type":"LineString","coordinates":[[149.87,-7.61],[150.17,-7.63]]}},{"type":"Feature","properties":{"Type":"SUB","PlateA":"SS","PlateB":"WL"},"geometry":{"type":"LineString","coordinates":[[150.17,-7.63],[150.56,-7.69]]}},{"type":"Feature","properties":{"Type":"SUB","PlateA":"SS","PlateB":"WL"},"geometry":{"type":"LineString","coordinates":[[150.56,-7.69],[150.92,-7.76]]}},{"type":"Feature","properties":{"Type":"SUB","PlateA":"SS","PlateB":"WL"},"geometry":{"type":"LineString","coordinates":[[150.92,-7.76],[151.31,-7.85]]}},{"type":"Feature","properties":{"Type":"SUB","PlateA":"SS","PlateB":"WL"},"geometry":{"type":"LineString","coordinates":[[151.31,-7.85],[151.68,-7.95]]}},{"type":"Feature","properties":{"Type":"SUB","PlateA":"SS","PlateB":"WL"},"geometry":{"type":"LineString","coordinates":[[151.68,-7.95],[152.06,-8.1]]}},{"type":"Feature","properties":{"Type":"SUB","PlateA":"SS","PlateB":"WL"},"geometry":{"type":"LineString","coordinates":[[152.06,-8.1],[152.41,-8.26]]}},{"type":"Feature","properties":{"Type":"SUB","PlateA":"SS","PlateB":"WL"},"geometry":{"type":"LineString","coordinates":[[152.41,-8.26],[152.69,-8.39]]}},{"type":"Feature","properties":{"Type":"SUB","PlateA":"SS","PlateB":"WL"},"geometry":{"type":"LineString","coordinates":[[152.69,-8.39],[152.96,-8.54]]}},{"type":"Feature","properties":{"Type":"SUB","PlateA":"SS","PlateB":"WL"},"geometry":{"type":"LineString","coordinates":[[152.96,-8.54],[153.11,-8.68]]}},{"type":"Feature","properties":{"Type":"SUB","PlateA":"SS","PlateB":"WL"},"geometry":{"type":"LineString","coordinates":[[153.11,-8.68],[153.17,-8.78]]}},{"type":"Feature","properties":{"Type":"SUB","PlateA":"SS","PlateB":"WL"},"geometry":{"type":"LineString","coordinates":[[153.17,-8.78],[153.24,-8.89]]}},{"type":"Feature","properties":{"Type":"SUB","PlateA":"SS","PlateB":"WL"},"geometry":{"type":"LineString","coordinates":[[153.24,-8.89],[153.26,-9.19]]}},{"type":"Feature","properties":{"Type":"OSR","PlateA":"AU","PlateB":"WL"},"geometry":{"type":"LineString","coordinates":[[151.65,-9.76],[151.54,-9.68]]}},{"type":"Feature","properties":{"Type":"CRB","PlateA":"AU","PlateB":"WL"},"geometry":{"type":"LineString","coordinates":[[151.54,-9.68],[151.01,-9.68]]}},{"type":"Feature","properties":{"Type":"CRB","PlateA":"AU","PlateB":"WL"},"geometry":{"type":"LineString","coordinates":[[151.01,-9.68],[150.47,-9.69]]}},{"type":"Feature","properties":{"Type":"CRB","PlateA":"AU","PlateB":"WL"},"geometry":{"type":"LineString","coordinates":[[150.47,-9.69],[150.25,-9.94]]}},{"type":"Feature","properties":{"Type":"CRB","PlateA":"AU","PlateB":"WL"},"geometry":{"type":"LineString","coordinates":[[150.25,-9.94],[149.68,-9.8]]}},{"type":"Feature","properties":{"Type":"CRB","PlateA":"AU","PlateB":"WL"},"geometry":{"type":"LineString","coordinates":[[149.68,-9.8],[149.13,-9.35]]}},{"type":"Feature","properties":{"Type":"CRB","PlateA":"AU","PlateB":"WL"},"geometry":{"type":"LineString","coordinates":[[149.13,-9.35],[148.75,-9.57]]}},{"type":"Feature","properties":{"Type":"CRB","PlateA":"AU","PlateB":"WL"},"geometry":{"type":"LineString","coordinates":[[148.75,-9.57],[148.21,-9.21]]}},{"type":"Feature","properties":{"Type":"CRB","PlateA":"AU","PlateB":"WL"},"geometry":{"type":"LineString","coordinates":[[148.21,-9.21],[147.54,-8.89]]}},{"type":"Feature","properties":{"Type":"CTF","PlateA":"AU","PlateB":"WL"},"geometry":{"type":"LineString","coordinates":[[147.54,-8.89],[146.95,-8.6]]}},{"type":"Feature","properties":{"Type":"SUB","PlateA":"PA","PlateB":"AU"},"geometry":{"type":"LineString","coordinates":[[156.3,-8.17],[156.47,-8.38]]}},{"type":"Feature","properties":{"Type":"SUB","PlateA":"PA","PlateB":"AU"},"geometry":{"type":"LineString","coordinates":[[156.47,-8.38],[156.71,-8.56]]}},{"type":"Feature","properties":{"Type":"SUB","PlateA":"PA","PlateB":"AU"},"geometry":{"type":"LineString","coordinates":[[156.71,-8.56],[156.78,-8.6]]}},{"type":"Feature","properties":{"Type":"SUB","PlateA":"PA","PlateB":"AU"},"geometry":{"type":"LineString","coordinates":[[156.78,-8.6],[156.86,-8.61]]}},{"type":"Feature","properties":{"Type":"SUB","PlateA":"PA","PlateB":"AU"},"geometry":{"type":"LineString","coordinates":[[156.86,-8.61],[156.94,-8.64]]}},{"type":"Feature","properties":{"Type":"SUB","PlateA":"PA","PlateB":"AU"},"geometry":{"type":"LineString","coordinates":[[156.94,-8.64],[157.05,-8.71]]}},{"type":"Feature","properties":{"Type":"SUB","PlateA":"PA","PlateB":"AU"},"geometry":{"type":"LineString","coordinates":[[157.05,-8.71],[157.18,-8.75]]}},{"type":"Feature","properties":{"Type":"SUB","PlateA":"PA","PlateB":"AU"},"geometry":{"type":"LineString","coordinates":[[157.18,-8.75],[157.24,-8.78]]}},{"type":"Feature","properties":{"Type":"SUB","PlateA":"PA","PlateB":"AU"},"geometry":{"type":"LineString","coordinates":[[157.24,-8.78],[157.32,-8.82]]}},{"type":"Feature","properties":{"Type":"SUB","PlateA":"PA","PlateB":"AU"},"geometry":{"type":"LineString","coordinates":[[157.32,-8.82],[157.42,-8.9]]}},{"type":"Feature","properties":{"Type":"SUB","PlateA":"PA","PlateB":"AU"},"geometry":{"type":"LineString","coordinates":[[157.42,-8.9],[157.57,-8.96]]}},{"type":"Feature","properties":{"Type":"SUB","PlateA":"PA","PlateB":"AU"},"geometry":{"type":"LineString","coordinates":[[157.57,-8.96],[157.65,-9]]}},{"type":"Feature","properties":{"Type":"SUB","PlateA":"PA","PlateB":"AU"},"geometry":{"type":"LineString","coordinates":[[157.65,-9],[157.72,-9.07]]}},{"type":"Feature","properties":{"Type":"SUB","PlateA":"PA","PlateB":"AU"},"geometry":{"type":"LineString","coordinates":[[157.72,-9.07],[157.83,-9.11]]}},{"type":"Feature","properties":{"Type":"SUB","PlateA":"PA","PlateB":"AU"},"geometry":{"type":"LineString","coordinates":[[157.83,-9.11],[157.92,-9.16]]}},{"type":"Feature","properties":{"Type":"SUB","PlateA":"PA","PlateB":"AU"},"geometry":{"type":"LineString","coordinates":[[157.92,-9.16],[157.99,-9.21]]}},{"type":"Feature","properties":{"Type":"SUB","PlateA":"PA","PlateB":"AU"},"geometry":{"type":"LineString","coordinates":[[157.99,-9.21],[158.06,-9.25]]}},{"type":"Feature","properties":{"Type":"SUB","PlateA":"PA","PlateB":"AU"},"geometry":{"type":"LineString","coordinates":[[158.06,-9.25],[158.15,-9.31]]}},{"type":"Feature","properties":{"Type":"SUB","PlateA":"PA","PlateB":"AU"},"geometry":{"type":"LineString","coordinates":[[158.15,-9.31],[158.27,-9.39]]}},{"type":"Feature","properties":{"Type":"SUB","PlateA":"PA","PlateB":"AU"},"geometry":{"type":"LineString","coordinates":[[158.27,-9.39],[158.39,-9.44]]}},{"type":"Feature","properties":{"Type":"SUB","PlateA":"PA","PlateB":"AU"},"geometry":{"type":"LineString","coordinates":[[158.39,-9.44],[158.48,-9.48]]}},{"type":"Feature","properties":{"Type":"SUB","PlateA":"PA","PlateB":"AU"},"geometry":{"type":"LineString","coordinates":[[158.48,-9.48],[158.58,-9.51]]}},{"type":"Feature","properties":{"Type":"SUB","PlateA":"PA","PlateB":"AU"},"geometry":{"type":"LineString","coordinates":[[158.58,-9.51],[158.71,-9.55]]}},{"type":"Feature","properties":{"Type":"SUB","PlateA":"PA","PlateB":"AU"},"geometry":{"type":"LineString","coordinates":[[158.71,-9.55],[158.77,-9.56]]}},{"type":"Feature","properties":{"Type":"SUB","PlateA":"PA","PlateB":"AU"},"geometry":{"type":"LineString","coordinates":[[158.77,-9.56],[158.85,-9.59]]}},{"type":"Feature","properties":{"Type":"SUB","PlateA":"PA","PlateB":"AU"},"geometry":{"type":"LineString","coordinates":[[158.85,-9.59],[158.93,-9.62]]}},{"type":"Feature","properties":{"Type":"SUB","PlateA":"PA","PlateB":"AU"},"geometry":{"type":"LineString","coordinates":[[158.93,-9.62],[159,-9.65]]}},{"type":"Feature","properties":{"Type":"SUB","PlateA":"PA","PlateB":"AU"},"geometry":{"type":"LineString","coordinates":[[159,-9.65],[159.07,-9.69]]}},{"type":"Feature","properties":{"Type":"SUB","PlateA":"PA","PlateB":"AU"},"geometry":{"type":"LineString","coordinates":[[159.07,-9.69],[159.12,-9.73]]}},{"type":"Feature","properties":{"Type":"SUB","PlateA":"PA","PlateB":"AU"},"geometry":{"type":"LineString","coordinates":[[159.12,-9.73],[159.17,-9.76]]}},{"type":"Feature","properties":{"Type":"SUB","PlateA":"PA","PlateB":"AU"},"geometry":{"type":"LineString","coordinates":[[159.17,-9.76],[159.22,-9.83]]}},{"type":"Feature","properties":{"Type":"SUB","PlateA":"PA","PlateB":"AU"},"geometry":{"type":"LineString","coordinates":[[159.22,-9.83],[159.29,-9.88]]}},{"type":"Feature","properties":{"Type":"SUB","PlateA":"PA","PlateB":"AU"},"geometry":{"type":"LineString","coordinates":[[159.29,-9.88],[159.36,-9.93]]}},{"type":"Feature","properties":{"Type":"SUB","PlateA":"PA","PlateB":"AU"},"geometry":{"type":"LineString","coordinates":[[159.36,-9.93],[159.44,-9.97]]}},{"type":"Feature","properties":{"Type":"SUB","PlateA":"PA","PlateB":"AU"},"geometry":{"type":"LineString","coordinates":[[159.44,-9.97],[159.5,-10.02]]}},{"type":"Feature","properties":{"Type":"SUB","PlateA":"PA","PlateB":"AU"},"geometry":{"type":"LineString","coordinates":[[159.5,-10.02],[159.58,-10.08]]}},{"type":"Feature","properties":{"Type":"SUB","PlateA":"PA","PlateB":"AU"},"geometry":{"type":"LineString","coordinates":[[159.58,-10.08],[159.64,-10.12]]}},{"type":"Feature","properties":{"Type":"SUB","PlateA":"PA","PlateB":"AU"},"geometry":{"type":"LineString","coordinates":[[159.64,-10.12],[159.71,-10.17]]}},{"type":"Feature","properties":{"Type":"SUB","PlateA":"PA","PlateB":"AU"},"geometry":{"type":"LineString","coordinates":[[159.71,-10.17],[159.77,-10.2]]}},{"type":"Feature","properties":{"Type":"SUB","PlateA":"PA","PlateB":"AU"},"geometry":{"type":"LineString","coordinates":[[159.77,-10.2],[159.84,-10.25]]}},{"type":"Feature","properties":{"Type":"SUB","PlateA":"PA","PlateB":"AU"},"geometry":{"type":"LineString","coordinates":[[159.84,-10.25],[159.91,-10.28]]}},{"type":"Feature","properties":{"Type":"SUB","PlateA":"PA","PlateB":"AU"},"geometry":{"type":"LineString","coordinates":[[159.91,-10.28],[159.98,-10.31]]}},{"type":"Feature","properties":{"Type":"SUB","PlateA":"PA","PlateB":"AU"},"geometry":{"type":"LineString","coordinates":[[159.98,-10.31],[160.07,-10.38]]}},{"type":"Feature","properties":{"Type":"SUB","PlateA":"PA","PlateB":"AU"},"geometry":{"type":"LineString","coordinates":[[160.07,-10.38],[160.13,-10.42]]}},{"type":"Feature","properties":{"Type":"SUB","PlateA":"PA","PlateB":"AU"},"geometry":{"type":"LineString","coordinates":[[160.13,-10.42],[160.21,-10.47]]}},{"type":"Feature","properties":{"Type":"SUB","PlateA":"PA","PlateB":"AU"},"geometry":{"type":"LineString","coordinates":[[160.21,-10.47],[160.29,-10.52]]}},{"type":"Feature","properties":{"Type":"SUB","PlateA":"PA","PlateB":"AU"},"geometry":{"type":"LineString","coordinates":[[160.29,-10.52],[160.36,-10.57]]}},{"type":"Feature","properties":{"Type":"SUB","PlateA":"PA","PlateB":"AU"},"geometry":{"type":"LineString","coordinates":[[160.36,-10.57],[160.49,-10.63]]}},{"type":"Feature","properties":{"Type":"SUB","PlateA":"PA","PlateB":"AU"},"geometry":{"type":"LineString","coordinates":[[160.49,-10.63],[160.54,-10.67]]}},{"type":"Feature","properties":{"Type":"SUB","PlateA":"PA","PlateB":"AU"},"geometry":{"type":"LineString","coordinates":[[160.54,-10.67],[160.62,-10.72]]}},{"type":"Feature","properties":{"Type":"SUB","PlateA":"PA","PlateB":"AU"},"geometry":{"type":"LineString","coordinates":[[160.62,-10.72],[160.73,-10.79]]}},{"type":"Feature","properties":{"Type":"SUB","PlateA":"PA","PlateB":"AU"},"geometry":{"type":"LineString","coordinates":[[160.73,-10.79],[160.78,-10.84]]}},{"type":"Feature","properties":{"Type":"SUB","PlateA":"PA","PlateB":"AU"},"geometry":{"type":"LineString","coordinates":[[160.78,-10.84],[160.87,-10.91]]}},{"type":"Feature","properties":{"Type":"SUB","PlateA":"PA","PlateB":"AU"},"geometry":{"type":"LineString","coordinates":[[160.87,-10.91],[160.93,-10.96]]}},{"type":"Feature","properties":{"Type":"SUB","PlateA":"PA","PlateB":"AU"},"geometry":{"type":"LineString","coordinates":[[160.93,-10.96],[161,-11.03]]}},{"type":"Feature","properties":{"Type":"SUB","PlateA":"PA","PlateB":"AU"},"geometry":{"type":"LineString","coordinates":[[161,-11.03],[161.06,-11.05]]}},{"type":"Feature","properties":{"Type":"SUB","PlateA":"PA","PlateB":"AU"},"geometry":{"type":"LineString","coordinates":[[161.06,-11.05],[161.13,-11.13]]}},{"type":"Feature","properties":{"Type":"SUB","PlateA":"PA","PlateB":"AU"},"geometry":{"type":"LineString","coordinates":[[161.13,-11.13],[161.2,-11.17]]}},{"type":"Feature","properties":{"Type":"SUB","PlateA":"PA","PlateB":"AU"},"geometry":{"type":"LineString","coordinates":[[161.2,-11.17],[161.31,-11.19]]}},{"type":"Feature","properties":{"Type":"SUB","PlateA":"PA","PlateB":"AU"},"geometry":{"type":"LineString","coordinates":[[161.31,-11.19],[161.38,-11.23]]}},{"type":"Feature","properties":{"Type":"SUB","PlateA":"PA","PlateB":"AU"},"geometry":{"type":"LineString","coordinates":[[161.38,-11.23],[161.46,-11.24]]}},{"type":"Feature","properties":{"Type":"SUB","PlateA":"PA","PlateB":"AU"},"geometry":{"type":"LineString","coordinates":[[161.46,-11.24],[161.55,-11.28]]}},{"type":"Feature","properties":{"Type":"SUB","PlateA":"PA","PlateB":"AU"},"geometry":{"type":"LineString","coordinates":[[161.55,-11.28],[161.72,-11.32]]}},{"type":"Feature","properties":{"Type":"SUB","PlateA":"PA","PlateB":"AU"},"geometry":{"type":"LineString","coordinates":[[161.72,-11.32],[161.8,-11.36]]}},{"type":"Feature","properties":{"Type":"SUB","PlateA":"PA","PlateB":"AU"},"geometry":{"type":"LineString","coordinates":[[161.8,-11.36],[161.9,-11.4]]}},{"type":"Feature","properties":{"Type":"SUB","PlateA":"PA","PlateB":"AU"},"geometry":{"type":"LineString","coordinates":[[161.9,-11.4],[162.02,-11.42]]}},{"type":"Feature","properties":{"Type":"SUB","PlateA":"PA","PlateB":"AU"},"geometry":{"type":"LineString","coordinates":[[162.02,-11.42],[162.11,-11.43]]}},{"type":"Feature","properties":{"Type":"SUB","PlateA":"PA","PlateB":"AU"},"geometry":{"type":"LineString","coordinates":[[162.11,-11.43],[162.23,-11.42]]}},{"type":"Feature","properties":{"Type":"SUB","PlateA":"PA","PlateB":"AU"},"geometry":{"type":"LineString","coordinates":[[162.23,-11.42],[162.35,-11.42]]}},{"type":"Feature","properties":{"Type":"SUB","PlateA":"PA","PlateB":"AU"},"geometry":{"type":"LineString","coordinates":[[162.35,-11.42],[162.48,-11.42]]}},{"type":"Feature","properties":{"Type":"OTF","PlateA":"PA","PlateB":"AU"},"geometry":{"type":"LineString","coordinates":[[162.48,-11.42],[162.63,-11.38]]}},{"type":"Feature","properties":{"Type":"SUB","PlateA":"PA","PlateB":"AU"},"geometry":{"type":"LineString","coordinates":[[162.63,-11.38],[162.83,-11.36]]}},{"type":"Feature","properties":{"Type":"SUB","PlateA":"PA","PlateB":"AU"},"geometry":{"type":"LineString","coordinates":[[162.83,-11.36],[163.05,-11.31]]}},{"type":"Feature","properties":{"Type":"SUB","PlateA":"PA","PlateB":"AU"},"geometry":{"type":"LineString","coordinates":[[163.05,-11.31],[163.2,-11.29]]}},{"type":"Feature","properties":{"Type":"OTF","PlateA":"PA","PlateB":"AU"},"geometry":{"type":"LineString","coordinates":[[163.2,-11.29],[163.31,-11.26]]}},{"type":"Feature","properties":{"Type":"SUB","PlateA":"PA","PlateB":"AU"},"geometry":{"type":"LineString","coordinates":[[163.31,-11.26],[163.51,-11.24]]}},{"type":"Feature","properties":{"Type":"OTF","PlateA":"PA","PlateB":"AU"},"geometry":{"type":"LineString","coordinates":[[163.51,-11.24],[163.7,-11.2]]}},{"type":"Feature","properties":{"Type":"SUB","PlateA":"PA","PlateB":"AU"},"geometry":{"type":"LineString","coordinates":[[163.7,-11.2],[163.85,-11.18]]}},{"type":"Feature","properties":{"Type":"SUB","PlateA":"PA","PlateB":"AU"},"geometry":{"type":"LineString","coordinates":[[163.85,-11.18],[164,-11.16]]}},{"type":"Feature","properties":{"Type":"SUB","PlateA":"PA","PlateB":"AU"},"geometry":{"type":"LineString","coordinates":[[164,-11.16],[164.15,-11.14]]}},{"type":"Feature","properties":{"Type":"OTF","PlateA":"PA","PlateB":"AU"},"geometry":{"type":"LineString","coordinates":[[164.15,-11.14],[164.27,-11.12]]}},{"type":"Feature","properties":{"Type":"SUB","PlateA":"PA","PlateB":"AU"},"geometry":{"type":"LineString","coordinates":[[164.27,-11.12],[164.41,-11.09]]}},{"type":"Feature","properties":{"Type":"SUB","PlateA":"PA","PlateB":"AU"},"geometry":{"type":"LineString","coordinates":[[164.41,-11.09],[164.51,-11.09]]}},{"type":"Feature","properties":{"Type":"SUB","PlateA":"PA","PlateB":"AU"},"geometry":{"type":"LineString","coordinates":[[164.51,-11.09],[164.64,-11.11]]}},{"type":"Feature","properties":{"Type":"SUB","PlateA":"PA","PlateB":"AU"},"geometry":{"type":"LineString","coordinates":[[164.64,-11.11],[164.76,-11.16]]}},{"type":"Feature","properties":{"Type":"SUB","PlateA":"PA","PlateB":"AU"},"geometry":{"type":"LineString","coordinates":[[164.76,-11.16],[164.9,-11.2]]}},{"type":"Feature","properties":{"Type":"SUB","PlateA":"PA","PlateB":"AU"},"geometry":{"type":"LineString","coordinates":[[164.9,-11.2],[165.07,-11.29]]}},{"type":"Feature","properties":{"Type":"SUB","PlateA":"PA","PlateB":"AU"},"geometry":{"type":"LineString","coordinates":[[165.07,-11.29],[165.25,-11.41]]}},{"type":"Feature","properties":{"Type":"SUB","PlateA":"PA","PlateB":"AU"},"geometry":{"type":"LineString","coordinates":[[165.25,-11.41],[165.4,-11.55]]}},{"type":"Feature","properties":{"Type":"SUB","PlateA":"PA","PlateB":"AU"},"geometry":{"type":"LineString","coordinates":[[165.4,-11.55],[165.51,-11.69]]}},{"type":"Feature","properties":{"Type":"SUB","PlateA":"PA","PlateB":"AU"},"geometry":{"type":"LineString","coordinates":[[165.51,-11.69],[165.62,-11.89]]}},{"type":"Feature","properties":{"Type":"SUB","PlateA":"PA","PlateB":"AU"},"geometry":{"type":"LineString","coordinates":[[165.62,-11.89],[165.72,-12.13]]}},{"type":"Feature","properties":{"Type":"SUB","PlateA":"PA","PlateB":"AU"},"geometry":{"type":"LineString","coordinates":[[165.72,-12.13],[165.77,-12.32]]}},{"type":"Feature","properties":{"Type":"SUB","PlateA":"PA","PlateB":"AU"},"geometry":{"type":"LineString","coordinates":[[165.77,-12.32],[165.84,-12.52]]}},{"type":"Feature","properties":{"Type":"SUB","PlateA":"PA","PlateB":"AU"},"geometry":{"type":"LineString","coordinates":[[165.84,-12.52],[165.89,-12.74]]}},{"type":"Feature","properties":{"Type":"SUB","PlateA":"PA","PlateB":"AU"},"geometry":{"type":"LineString","coordinates":[[165.89,-12.74],[165.91,-12.87]]}},{"type":"Feature","properties":{"Type":"SUB","PlateA":"PA","PlateB":"AU"},"geometry":{"type":"LineString","coordinates":[[165.91,-12.87],[165.95,-13.07]]}},{"type":"Feature","properties":{"Type":"SUB","PlateA":"PA","PlateB":"AU"},"geometry":{"type":"LineString","coordinates":[[165.95,-13.07],[166.02,-13.26]]}},{"type":"Feature","properties":{"Type":"SUB","PlateA":"PA","PlateB":"AU"},"geometry":{"type":"LineString","coordinates":[[166.02,-13.26],[166.09,-13.51]]}},{"type":"Feature","properties":{"Type":"SUB","PlateA":"PA","PlateB":"AU"},"geometry":{"type":"LineString","coordinates":[[166.09,-13.51],[166.13,-13.68]]}},{"type":"Feature","properties":{"Type":"SUB","PlateA":"PA","PlateB":"AU"},"geometry":{"type":"LineString","coordinates":[[166.13,-13.68],[166.15,-13.78]]}},{"type":"Feature","properties":{"Type":"SUB","PlateA":"NH","PlateB":"AU"},"geometry":{"type":"LineString","coordinates":[[166.15,-13.78],[166.16,-13.83]]}},{"type":"Feature","properties":{"Type":"SUB","PlateA":"NH","PlateB":"AU"},"geometry":{"type":"LineString","coordinates":[[166.16,-13.83],[166.2,-13.99]]}},{"type":"Feature","properties":{"Type":"SUB","PlateA":"NH","PlateB":"AU"},"geometry":{"type":"LineString","coordinates":[[166.2,-13.99],[166.23,-14.18]]}},{"type":"Feature","properties":{"Type":"SUB","PlateA":"NH","PlateB":"AU"},"geometry":{"type":"LineString","coordinates":[[166.23,-14.18],[166.25,-14.34]]}},{"type":"Feature","properties":{"Type":"SUB","PlateA":"NH","PlateB":"AU"},"geometry":{"type":"LineString","coordinates":[[166.25,-14.34],[166.25,-14.42]]}},{"type":"Feature","properties":{"Type":"SUB","PlateA":"NH","PlateB":"AU"},"geometry":{"type":"LineString","coordinates":[[166.25,-14.42],[166.27,-14.56]]}},{"type":"Feature","properties":{"Type":"SUB","PlateA":"NH","PlateB":"AU"},"geometry":{"type":"LineString","coordinates":[[166.27,-14.56],[166.27,-14.69]]}},{"type":"Feature","properties":{"Type":"SUB","PlateA":"NH","PlateB":"AU"},"geometry":{"type":"LineString","coordinates":[[166.27,-14.69],[166.26,-14.89]]}},{"type":"Feature","properties":{"Type":"SUB","PlateA":"NH","PlateB":"AU"},"geometry":{"type":"LineString","coordinates":[[166.26,-14.89],[166.21,-15.04]]}},{"type":"Feature","properties":{"Type":"SUB","PlateA":"NH","PlateB":"AU"},"geometry":{"type":"LineString","coordinates":[[166.21,-15.04],[166.23,-15.13]]}},{"type":"Feature","properties":{"Type":"SUB","PlateA":"NH","PlateB":"AU"},"geometry":{"type":"LineString","coordinates":[[166.23,-15.13],[166.22,-15.24]]}},{"type":"Feature","properties":{"Type":"SUB","PlateA":"NH","PlateB":"AU"},"geometry":{"type":"LineString","coordinates":[[166.22,-15.24],[166.19,-15.34]]}},{"type":"Feature","properties":{"Type":"SUB","PlateA":"NH","PlateB":"AU"},"geometry":{"type":"LineString","coordinates":[[166.19,-15.34],[166.21,-15.43]]}},{"type":"Feature","properties":{"Type":"SUB","PlateA":"NH","PlateB":"AU"},"geometry":{"type":"LineString","coordinates":[[166.21,-15.43],[166.23,-15.56]]}},{"type":"Feature","properties":{"Type":"SUB","PlateA":"NH","PlateB":"AU"},"geometry":{"type":"LineString","coordinates":[[166.23,-15.56],[166.23,-15.67]]}},{"type":"Feature","properties":{"Type":"SUB","PlateA":"NH","PlateB":"AU"},"geometry":{"type":"LineString","coordinates":[[166.23,-15.67],[166.27,-15.8]]}},{"type":"Feature","properties":{"Type":"SUB","PlateA":"NH","PlateB":"AU"},"geometry":{"type":"LineString","coordinates":[[166.27,-15.8],[166.29,-15.89]]}},{"type":"Feature","properties":{"Type":"SUB","PlateA":"NH","PlateB":"AU"},"geometry":{"type":"LineString","coordinates":[[166.29,-15.89],[166.34,-15.97]]}},{"type":"Feature","properties":{"Type":"SUB","PlateA":"NH","PlateB":"AU"},"geometry":{"type":"LineString","coordinates":[[166.34,-15.97],[166.4,-16.09]]}},{"type":"Feature","properties":{"Type":"SUB","PlateA":"NH","PlateB":"AU"},"geometry":{"type":"LineString","coordinates":[[166.4,-16.09],[166.45,-16.19]]}},{"type":"Feature","properties":{"Type":"SUB","PlateA":"NH","PlateB":"AU"},"geometry":{"type":"LineString","coordinates":[[166.45,-16.19],[166.51,-16.3]]}},{"type":"Feature","properties":{"Type":"SUB","PlateA":"NH","PlateB":"AU"},"geometry":{"type":"LineString","coordinates":[[166.51,-16.3],[166.56,-16.44]]}},{"type":"Feature","properties":{"Type":"SUB","PlateA":"NH","PlateB":"AU"},"geometry":{"type":"LineString","coordinates":[[166.56,-16.44],[166.6,-16.54]]}},{"type":"Feature","properties":{"Type":"SUB","PlateA":"NH","PlateB":"AU"},"geometry":{"type":"LineString","coordinates":[[166.6,-16.54],[166.66,-16.62]]}},{"type":"Feature","properties":{"Type":"SUB","PlateA":"NH","PlateB":"AU"},"geometry":{"type":"LineString","coordinates":[[166.66,-16.62],[166.73,-16.74]]}},{"type":"Feature","properties":{"Type":"SUB","PlateA":"NH","PlateB":"AU"},"geometry":{"type":"LineString","coordinates":[[166.73,-16.74],[166.81,-16.84]]}},{"type":"Feature","properties":{"Type":"SUB","PlateA":"NH","PlateB":"AU"},"geometry":{"type":"LineString","coordinates":[[166.81,-16.84],[166.87,-16.99]]}},{"type":"Feature","properties":{"Type":"SUB","PlateA":"NH","PlateB":"AU"},"geometry":{"type":"LineString","coordinates":[[166.87,-16.99],[166.95,-17.1]]}},{"type":"Feature","properties":{"Type":"SUB","PlateA":"NH","PlateB":"AU"},"geometry":{"type":"LineString","coordinates":[[166.95,-17.1],[167.06,-17.21]]}},{"type":"Feature","properties":{"Type":"SUB","PlateA":"NH","PlateB":"AU"},"geometry":{"type":"LineString","coordinates":[[167.06,-17.21],[167.16,-17.31]]}},{"type":"Feature","properties":{"Type":"SUB","PlateA":"NH","PlateB":"AU"},"geometry":{"type":"LineString","coordinates":[[167.16,-17.31],[167.17,-17.4]]}},{"type":"Feature","properties":{"Type":"SUB","PlateA":"NH","PlateB":"AU"},"geometry":{"type":"LineString","coordinates":[[167.17,-17.4],[167.22,-17.52]]}},{"type":"Feature","properties":{"Type":"SUB","PlateA":"NH","PlateB":"AU"},"geometry":{"type":"LineString","coordinates":[[167.22,-17.52],[167.25,-17.63]]}},{"type":"Feature","properties":{"Type":"SUB","PlateA":"NH","PlateB":"AU"},"geometry":{"type":"LineString","coordinates":[[167.25,-17.63],[167.28,-17.76]]}},{"type":"Feature","properties":{"Type":"SUB","PlateA":"NH","PlateB":"AU"},"geometry":{"type":"LineString","coordinates":[[167.28,-17.76],[167.32,-17.92]]}},{"type":"Feature","properties":{"Type":"SUB","PlateA":"NH","PlateB":"AU"},"geometry":{"type":"LineString","coordinates":[[167.32,-17.92],[167.35,-18.02]]}},{"type":"Feature","properties":{"Type":"SUB","PlateA":"NH","PlateB":"AU"},"geometry":{"type":"LineString","coordinates":[[167.35,-18.02],[167.39,-18.15]]}},{"type":"Feature","properties":{"Type":"SUB","PlateA":"NH","PlateB":"AU"},"geometry":{"type":"LineString","coordinates":[[167.39,-18.15],[167.42,-18.25]]}},{"type":"Feature","properties":{"Type":"SUB","PlateA":"NH","PlateB":"AU"},"geometry":{"type":"LineString","coordinates":[[167.42,-18.25],[167.46,-18.36]]}},{"type":"Feature","properties":{"Type":"SUB","PlateA":"NH","PlateB":"AU"},"geometry":{"type":"LineString","coordinates":[[167.46,-18.36],[167.49,-18.49]]}},{"type":"Feature","properties":{"Type":"SUB","PlateA":"NH","PlateB":"AU"},"geometry":{"type":"LineString","coordinates":[[167.49,-18.49],[167.5,-18.61]]}},{"type":"Feature","properties":{"Type":"SUB","PlateA":"NH","PlateB":"AU"},"geometry":{"type":"LineString","coordinates":[[167.5,-18.61],[167.52,-18.71]]}},{"type":"Feature","properties":{"Type":"SUB","PlateA":"NH","PlateB":"AU"},"geometry":{"type":"LineString","coordinates":[[167.52,-18.71],[167.61,-18.89]]}},{"type":"Feature","properties":{"Type":"SUB","PlateA":"NH","PlateB":"AU"},"geometry":{"type":"LineString","coordinates":[[167.61,-18.89],[167.68,-19.05]]}},{"type":"Feature","properties":{"Type":"SUB","PlateA":"NH","PlateB":"AU"},"geometry":{"type":"LineString","coordinates":[[167.68,-19.05],[167.73,-19.24]]}},{"type":"Feature","properties":{"Type":"SUB","PlateA":"NH","PlateB":"AU"},"geometry":{"type":"LineString","coordinates":[[167.73,-19.24],[167.81,-19.37]]}},{"type":"Feature","properties":{"Type":"SUB","PlateA":"NH","PlateB":"AU"},"geometry":{"type":"LineString","coordinates":[[167.81,-19.37],[167.89,-19.53]]}},{"type":"Feature","properties":{"Type":"SUB","PlateA":"NH","PlateB":"AU"},"geometry":{"type":"LineString","coordinates":[[167.89,-19.53],[167.94,-19.63]]}},{"type":"Feature","properties":{"Type":"SUB","PlateA":"NH","PlateB":"AU"},"geometry":{"type":"LineString","coordinates":[[167.94,-19.63],[168,-19.77]]}},{"type":"Feature","properties":{"Type":"SUB","PlateA":"NH","PlateB":"AU"},"geometry":{"type":"LineString","coordinates":[[168,-19.77],[168.08,-19.89]]}},{"type":"Feature","properties":{"Type":"SUB","PlateA":"NH","PlateB":"AU"},"geometry":{"type":"LineString","coordinates":[[168.08,-19.89],[168.16,-20]]}},{"type":"Feature","properties":{"Type":"SUB","PlateA":"NH","PlateB":"AU"},"geometry":{"type":"LineString","coordinates":[[168.16,-20],[168.19,-20.09]]}},{"type":"Feature","properties":{"Type":"SUB","PlateA":"NH","PlateB":"AU"},"geometry":{"type":"LineString","coordinates":[[168.19,-20.09],[168.26,-20.2]]}},{"type":"Feature","properties":{"Type":"SUB","PlateA":"NH","PlateB":"AU"},"geometry":{"type":"LineString","coordinates":[[168.26,-20.2],[168.34,-20.32]]}},{"type":"Feature","properties":{"Type":"SUB","PlateA":"NH","PlateB":"AU"},"geometry":{"type":"LineString","coordinates":[[168.34,-20.32],[168.4,-20.47]]}},{"type":"Feature","properties":{"Type":"SUB","PlateA":"NH","PlateB":"AU"},"geometry":{"type":"LineString","coordinates":[[168.4,-20.47],[168.51,-20.65]]}},{"type":"Feature","properties":{"Type":"SUB","PlateA":"NH","PlateB":"AU"},"geometry":{"type":"LineString","coordinates":[[168.51,-20.65],[168.59,-20.78]]}},{"type":"Feature","properties":{"Type":"SUB","PlateA":"NH","PlateB":"AU"},"geometry":{"type":"LineString","coordinates":[[168.59,-20.78],[168.65,-20.89]]}},{"type":"Feature","properties":{"Type":"SUB","PlateA":"NH","PlateB":"AU"},"geometry":{"type":"LineString","coordinates":[[168.65,-20.89],[168.71,-21.02]]}},{"type":"Feature","properties":{"Type":"SUB","PlateA":"NH","PlateB":"AU"},"geometry":{"type":"LineString","coordinates":[[168.71,-21.02],[168.78,-21.1]]}},{"type":"Feature","properties":{"Type":"SUB","PlateA":"NH","PlateB":"AU"},"geometry":{"type":"LineString","coordinates":[[168.78,-21.1],[168.88,-21.26]]}},{"type":"Feature","properties":{"Type":"SUB","PlateA":"NH","PlateB":"AU"},"geometry":{"type":"LineString","coordinates":[[168.88,-21.26],[169,-21.42]]}},{"type":"Feature","properties":{"Type":"SUB","PlateA":"NH","PlateB":"AU"},"geometry":{"type":"LineString","coordinates":[[169,-21.42],[169.05,-21.51]]}},{"type":"Feature","properties":{"Type":"SUB","PlateA":"NH","PlateB":"AU"},"geometry":{"type":"LineString","coordinates":[[169.05,-21.51],[169.14,-21.64]]}},{"type":"Feature","properties":{"Type":"SUB","PlateA":"NH","PlateB":"AU"},"geometry":{"type":"LineString","coordinates":[[169.14,-21.64],[169.22,-21.72]]}},{"type":"Feature","properties":{"Type":"SUB","PlateA":"NH","PlateB":"AU"},"geometry":{"type":"LineString","coordinates":[[169.22,-21.72],[169.29,-21.82]]}},{"type":"Feature","properties":{"Type":"SUB","PlateA":"NH","PlateB":"AU"},"geometry":{"type":"LineString","coordinates":[[169.29,-21.82],[169.32,-21.91]]}},{"type":"Feature","properties":{"Type":"SUB","PlateA":"NH","PlateB":"AU"},"geometry":{"type":"LineString","coordinates":[[169.32,-21.91],[169.42,-21.98]]}},{"type":"Feature","properties":{"Type":"SUB","PlateA":"NH","PlateB":"AU"},"geometry":{"type":"LineString","coordinates":[[169.42,-21.98],[169.49,-22.05]]}},{"type":"Feature","properties":{"Type":"SUB","PlateA":"NH","PlateB":"AU"},"geometry":{"type":"LineString","coordinates":[[169.49,-22.05],[169.58,-22.12]]}},{"type":"Feature","properties":{"Type":"SUB","PlateA":"NH","PlateB":"AU"},"geometry":{"type":"LineString","coordinates":[[169.58,-22.12],[169.72,-22.23]]}},{"type":"Feature","properties":{"Type":"SUB","PlateA":"NH","PlateB":"AU"},"geometry":{"type":"LineString","coordinates":[[169.72,-22.23],[169.84,-22.35]]}},{"type":"Feature","properties":{"Type":"SUB","PlateA":"NH","PlateB":"AU"},"geometry":{"type":"LineString","coordinates":[[169.84,-22.35],[169.95,-22.44]]}},{"type":"Feature","properties":{"Type":"SUB","PlateA":"NH","PlateB":"AU"},"geometry":{"type":"LineString","coordinates":[[169.95,-22.44],[170.04,-22.52]]}},{"type":"Feature","properties":{"Type":"SUB","PlateA":"NH","PlateB":"AU"},"geometry":{"type":"LineString","coordinates":[[170.04,-22.52],[170.11,-22.59]]}},{"type":"Feature","properties":{"Type":"SUB","PlateA":"NH","PlateB":"AU"},"geometry":{"type":"LineString","coordinates":[[170.11,-22.59],[170.22,-22.64]]}},{"type":"Feature","properties":{"Type":"SUB","PlateA":"NH","PlateB":"AU"},"geometry":{"type":"LineString","coordinates":[[170.22,-22.64],[170.32,-22.7]]}},{"type":"Feature","properties":{"Type":"SUB","PlateA":"NH","PlateB":"AU"},"geometry":{"type":"LineString","coordinates":[[170.32,-22.7],[170.42,-22.76]]}},{"type":"Feature","properties":{"Type":"SUB","PlateA":"NH","PlateB":"AU"},"geometry":{"type":"LineString","coordinates":[[170.42,-22.76],[170.55,-22.83]]}},{"type":"Feature","properties":{"Type":"SUB","PlateA":"NH","PlateB":"AU"},"geometry":{"type":"LineString","coordinates":[[170.55,-22.83],[170.66,-22.88]]}},{"type":"Feature","properties":{"Type":"SUB","PlateA":"NH","PlateB":"AU"},"geometry":{"type":"LineString","coordinates":[[170.66,-22.88],[170.75,-22.92]]}},{"type":"Feature","properties":{"Type":"SUB","PlateA":"NH","PlateB":"AU"},"geometry":{"type":"LineString","coordinates":[[170.75,-22.92],[170.84,-22.95]]}},{"type":"Feature","properties":{"Type":"SUB","PlateA":"NH","PlateB":"AU"},"geometry":{"type":"LineString","coordinates":[[170.84,-22.95],[170.94,-22.97]]}},{"type":"Feature","properties":{"Type":"SUB","PlateA":"NH","PlateB":"AU"},"geometry":{"type":"LineString","coordinates":[[170.94,-22.97],[171.04,-23]]}},{"type":"Feature","properties":{"Type":"SUB","PlateA":"NH","PlateB":"AU"},"geometry":{"type":"LineString","coordinates":[[171.04,-23],[171.16,-23.03]]}},{"type":"Feature","properties":{"Type":"SUB","PlateA":"NH","PlateB":"AU"},"geometry":{"type":"LineString","coordinates":[[171.16,-23.03],[171.29,-23.07]]}},{"type":"Feature","properties":{"Type":"SUB","PlateA":"NH","PlateB":"AU"},"geometry":{"type":"LineString","coordinates":[[171.29,-23.07],[171.39,-23.09]]}},{"type":"Feature","properties":{"Type":"SUB","PlateA":"NH","PlateB":"AU"},"geometry":{"type":"LineString","coordinates":[[171.39,-23.09],[171.5,-23.11]]}},{"type":"Feature","properties":{"Type":"SUB","PlateA":"NH","PlateB":"AU"},"geometry":{"type":"LineString","coordinates":[[171.5,-23.11],[171.62,-23.13]]}},{"type":"Feature","properties":{"Type":"SUB","PlateA":"NH","PlateB":"AU"},"geometry":{"type":"LineString","coordinates":[[171.62,-23.13],[171.7,-23.15]]}},{"type":"Feature","properties":{"Type":"SUB","PlateA":"NH","PlateB":"AU"},"geometry":{"type":"LineString","coordinates":[[171.7,-23.15],[171.85,-23.15]]}},{"type":"Feature","properties":{"Type":"SUB","PlateA":"NH","PlateB":"AU"},"geometry":{"type":"LineString","coordinates":[[171.85,-23.15],[171.95,-23.15]]}},{"type":"Feature","properties":{"Type":"SUB","PlateA":"NH","PlateB":"AU"},"geometry":{"type":"LineString","coordinates":[[171.95,-23.15],[172.06,-23.17]]}},{"type":"Feature","properties":{"Type":"SUB","PlateA":"NH","PlateB":"AU"},"geometry":{"type":"LineString","coordinates":[[172.06,-23.17],[172.2,-23.18]]}},{"type":"Feature","properties":{"Type":"SUB","PlateA":"NH","PlateB":"AU"},"geometry":{"type":"LineString","coordinates":[[172.2,-23.18],[172.28,-23.17]]}},{"type":"Feature","properties":{"Type":"SUB","PlateA":"NH","PlateB":"AU"},"geometry":{"type":"LineString","coordinates":[[172.28,-23.17],[172.36,-23.18]]}},{"type":"Feature","properties":{"Type":"SUB","PlateA":"NH","PlateB":"AU"},"geometry":{"type":"LineString","coordinates":[[172.36,-23.18],[172.44,-23.18]]}},{"type":"Feature","properties":{"Type":"OCB","PlateA":"CA","PlateB":"NA"},"geometry":{"type":"LineString","coordinates":[[-61.55,18.96],[-62.18,19.27]]}},{"type":"Feature","properties":{"Type":"OCB","PlateA":"CA","PlateB":"NA"},"geometry":{"type":"LineString","coordinates":[[-62.18,19.27],[-62.85,19.57]]}},{"type":"Feature","properties":{"Type":"OCB","PlateA":"CA","PlateB":"NA"},"geometry":{"type":"LineString","coordinates":[[-62.85,19.57],[-63.36,19.69]]}},{"type":"Feature","properties":{"Type":"OTF","PlateA":"CA","PlateB":"NA"},"geometry":{"type":"LineString","coordinates":[[-63.36,19.69],[-63.76,19.72]]}},{"type":"Feature","properties":{"Type":"OTF","PlateA":"CA","PlateB":"NA"},"geometry":{"type":"LineString","coordinates":[[-63.76,19.72],[-64.34,19.78]]}},{"type":"Feature","properties":{"Type":"OTF","PlateA":"CA","PlateB":"NA"},"geometry":{"type":"LineString","coordinates":[[-64.34,19.78],[-65.13,19.83]]}},{"type":"Feature","properties":{"Type":"OTF","PlateA":"CA","PlateB":"NA"},"geometry":{"type":"LineString","coordinates":[[-65.13,19.83],[-65.69,19.83]]}},{"type":"Feature","properties":{"Type":"OTF","PlateA":"CA","PlateB":"NA"},"geometry":{"type":"LineString","coordinates":[[-65.69,19.83],[-66.26,19.83]]}},{"type":"Feature","properties":{"Type":"OTF","PlateA":"CA","PlateB":"NA"},"geometry":{"type":"LineString","coordinates":[[-66.26,19.83],[-67.04,19.75]]}},{"type":"Feature","properties":{"Type":"OTF","PlateA":"CA","PlateB":"NA"},"geometry":{"type":"LineString","coordinates":[[-67.04,19.75],[-67.53,19.72]]}},{"type":"Feature","properties":{"Type":"OTF","PlateA":"CA","PlateB":"NA"},"geometry":{"type":"LineString","coordinates":[[-67.53,19.72],[-68.02,19.69]]}},{"type":"Feature","properties":{"Type":"OTF","PlateA":"CA","PlateB":"NA"},"geometry":{"type":"LineString","coordinates":[[-68.02,19.69],[-68.85,19.59]]}},{"type":"Feature","properties":{"Type":"OTF","PlateA":"CA","PlateB":"NA"},"geometry":{"type":"LineString","coordinates":[[-68.85,19.59],[-69.42,19.7]]}},{"type":"Feature","properties":{"Type":"CTF","PlateA":"CA","PlateB":"NA"},"geometry":{"type":"LineString","coordinates":[[-69.42,19.7],[-69.98,19.8]]}},{"type":"Feature","properties":{"Type":"CCB","PlateA":"CA","PlateB":"NA"},"geometry":{"type":"LineString","coordinates":[[-69.98,19.8],[-70.63,20]]}},{"type":"Feature","properties":{"Type":"OCB","PlateA":"CA","PlateB":"NA"},"geometry":{"type":"LineString","coordinates":[[-70.63,20],[-71.28,20.2]]}},{"type":"Feature","properties":{"Type":"OTF","PlateA":"CA","PlateB":"NA"},"geometry":{"type":"LineString","coordinates":[[-71.28,20.2],[-71.8,20.27]]}},{"type":"Feature","properties":{"Type":"OTF","PlateA":"CA","PlateB":"NA"},"geometry":{"type":"LineString","coordinates":[[-71.8,20.27],[-72.33,20.33]]}},{"type":"Feature","properties":{"Type":"OTF","PlateA":"CA","PlateB":"NA"},"geometry":{"type":"LineString","coordinates":[[-72.33,20.33],[-73.24,20.29]]}},{"type":"Feature","properties":{"Type":"CTF","PlateA":"CA","PlateB":"NA"},"geometry":{"type":"LineString","coordinates":[[-73.24,20.29],[-73.99,20.17]]}},{"type":"Feature","properties":{"Type":"CTF","PlateA":"CA","PlateB":"NA"},"geometry":{"type":"LineString","coordinates":[[-73.99,20.17],[-74.75,20.04]]}},{"type":"Feature","properties":{"Type":"CTF","PlateA":"CA","PlateB":"NA"},"geometry":{"type":"LineString","coordinates":[[-74.75,20.04],[-75.24,19.99]]}},{"type":"Feature","properties":{"Type":"CTF","PlateA":"CA","PlateB":"NA"},"geometry":{"type":"LineString","coordinates":[[-75.24,19.99],[-75.73,19.94]]}},{"type":"Feature","properties":{"Type":"CTF","PlateA":"CA","PlateB":"NA"},"geometry":{"type":"LineString","coordinates":[[-75.73,19.94],[-76.36,19.85]]}},{"type":"Feature","properties":{"Type":"OTF","PlateA":"CA","PlateB":"NA"},"geometry":{"type":"LineString","coordinates":[[-76.36,19.85],[-76.98,19.75]]}},{"type":"Feature","properties":{"Type":"OTF","PlateA":"CA","PlateB":"NA"},"geometry":{"type":"LineString","coordinates":[[-76.98,19.75],[-77.67,19.62]]}},{"type":"Feature","properties":{"Type":"OTF","PlateA":"CA","PlateB":"NA"},"geometry":{"type":"LineString","coordinates":[[-77.67,19.62],[-78.36,19.5]]}},{"type":"Feature","properties":{"Type":"OTF","PlateA":"CA","PlateB":"NA"},"geometry":{"type":"LineString","coordinates":[[-78.36,19.5],[-79.01,19.38]]}},{"type":"Feature","properties":{"Type":"OTF","PlateA":"CA","PlateB":"NA"},"geometry":{"type":"LineString","coordinates":[[-79.01,19.38],[-79.66,19.26]]}},{"type":"Feature","properties":{"Type":"OTF","PlateA":"CA","PlateB":"NA"},"geometry":{"type":"LineString","coordinates":[[-79.66,19.26],[-80.21,19.16]]}},{"type":"Feature","properties":{"Type":"OTF","PlateA":"CA","PlateB":"NA"},"geometry":{"type":"LineString","coordinates":[[-80.21,19.16],[-80.76,19.05]]}},{"type":"Feature","properties":{"Type":"OTF","PlateA":"CA","PlateB":"NA"},"geometry":{"type":"LineString","coordinates":[[-80.76,19.05],[-81.26,18.96]]}},{"type":"Feature","properties":{"Type":"OTF","PlateA":"CA","PlateB":"NA"},"geometry":{"type":"LineString","coordinates":[[-81.26,18.96],[-81.75,18.86]]}},{"type":"Feature","properties":{"Type":"OSR","PlateA":"CA","PlateB":"NA"},"geometry":{"type":"LineString","coordinates":[[-81.75,18.86],[-81.69,18.33]]}},{"type":"Feature","properties":{"Type":"OSR","PlateA":"CA","PlateB":"NA"},"geometry":{"type":"LineString","coordinates":[[-81.69,18.33],[-81.62,17.8]]}},{"type":"Feature","properties":{"Type":"OTF","PlateA":"CA","PlateB":"NA"},"geometry":{"type":"LineString","coordinates":[[-81.62,17.8],[-82.24,17.69]]}},{"type":"Feature","properties":{"Type":"OTF","PlateA":"CA","PlateB":"NA"},"geometry":{"type":"LineString","coordinates":[[-82.24,17.69],[-82.86,17.63]]}},{"type":"Feature","properties":{"Type":"OTF","PlateA":"CA","PlateB":"NA"},"geometry":{"type":"LineString","coordinates":[[-82.86,17.63],[-83.71,17.48]]}},{"type":"Feature","properties":{"Type":"OTF","PlateA":"CA","PlateB":"NA"},"geometry":{"type":"LineString","coordinates":[[-83.71,17.48],[-84.25,17.34]]}},{"type":"Feature","properties":{"Type":"OTF","PlateA":"CA","PlateB":"NA"},"geometry":{"type":"LineString","coordinates":[[-84.25,17.34],[-84.91,17.11]]}},{"type":"Feature","properties":{"Type":"OTF","PlateA":"CA","PlateB":"NA"},"geometry":{"type":"LineString","coordinates":[[-84.91,17.11],[-85.67,16.91]]}},{"type":"Feature","properties":{"Type":"OTF","PlateA":"CA","PlateB":"NA"},"geometry":{"type":"LineString","coordinates":[[-85.67,16.91],[-86.32,16.69]]}},{"type":"Feature","properties":{"Type":"OTF","PlateA":"CA","PlateB":"NA"},"geometry":{"type":"LineString","coordinates":[[-86.32,16.69],[-86.97,16.48]]}},{"type":"Feature","properties":{"Type":"CTF","PlateA":"CA","PlateB":"NA"},"geometry":{"type":"LineString","coordinates":[[-86.97,16.48],[-87.72,16.25]]}},{"type":"Feature","properties":{"Type":"CRB","PlateA":"CA","PlateB":"NA"},"geometry":{"type":"LineString","coordinates":[[-87.72,16.25],[-88.35,15.96]]}},{"type":"Feature","properties":{"Type":"CRB","PlateA":"CA","PlateB":"NA"},"geometry":{"type":"LineString","coordinates":[[-88.35,15.96],[-88.88,15.62]]}},{"type":"Feature","properties":{"Type":"CRB","PlateA":"CA","PlateB":"NA"},"geometry":{"type":"LineString","coordinates":[[-88.88,15.62],[-89.37,15.22]]}},{"type":"Feature","properties":{"Type":"CRB","PlateA":"CA","PlateB":"NA"},"geometry":{"type":"LineString","coordinates":[[-89.37,15.22],[-89.72,14.82]]}},{"type":"Feature","properties":{"Type":"CRB","PlateA":"CA","PlateB":"NA"},"geometry":{"type":"LineString","coordinates":[[-89.72,14.82],[-90.04,14.39]]}},{"type":"Feature","properties":{"Type":"CRB","PlateA":"CA","PlateB":"NA"},"geometry":{"type":"LineString","coordinates":[[-90.04,14.39],[-90.43,13.92]]}},{"type":"Feature","properties":{"Type":"CRB","PlateA":"CA","PlateB":"NA"},"geometry":{"type":"LineString","coordinates":[[-90.43,13.92],[-90.81,13.39]]}},{"type":"Feature","properties":{"Type":"CRB","PlateA":"CA","PlateB":"NA"},"geometry":{"type":"LineString","coordinates":[[-90.81,13.39],[-90.9,12.58]]}},{"type":"Feature","properties":{"Type":"SUB","PlateA":"CA","PlateB":"CO"},"geometry":{"type":"LineString","coordinates":[[-90.9,12.58],[-90.29,12.54]]}},{"type":"Feature","properties":{"Type":"SUB","PlateA":"CA","PlateB":"CO"},"geometry":{"type":"LineString","coordinates":[[-90.29,12.54],[-89.62,12.3]]}},{"type":"Feature","properties":{"Type":"SUB","PlateA":"CA","PlateB":"CO"},"geometry":{"type":"LineString","coordinates":[[-89.62,12.3],[-88.92,12]]}},{"type":"Feature","properties":{"Type":"SUB","PlateA":"CA","PlateB":"CO"},"geometry":{"type":"LineString","coordinates":[[-88.92,12],[-88.32,11.7]]}},{"type":"Feature","properties":{"Type":"SUB","PlateA":"CA","PlateB":"CO"},"geometry":{"type":"LineString","coordinates":[[-88.32,11.7],[-87.89,11.4]]}},{"type":"Feature","properties":{"Type":"SUB","PlateA":"CA","PlateB":"CO"},"geometry":{"type":"LineString","coordinates":[[-87.89,11.4],[-87.46,11.1]]}},{"type":"Feature","properties":{"Type":"SUB","PlateA":"CA","PlateB":"CO"},"geometry":{"type":"LineString","coordinates":[[-87.46,11.1],[-86.97,10.55]]}},{"type":"Feature","properties":{"Type":"SUB","PlateA":"CA","PlateB":"CO"},"geometry":{"type":"LineString","coordinates":[[-86.97,10.55],[-86.65,10.24]]}},{"type":"Feature","properties":{"Type":"CTF","PlateA":"CA","PlateB":"SA"},"geometry":{"type":"LineString","coordinates":[[-63.88,10.53],[-63.23,10.51]]}},{"type":"Feature","properties":{"Type":"CTF","PlateA":"CA","PlateB":"SA"},"geometry":{"type":"LineString","coordinates":[[-63.23,10.51],[-62.64,10.48]]}},{"type":"Feature","properties":{"Type":"CTF","PlateA":"CA","PlateB":"SA"},"geometry":{"type":"LineString","coordinates":[[-62.64,10.48],[-62.16,10.46]]}},{"type":"Feature","properties":{"Type":"CTF","PlateA":"CA","PlateB":"SA"},"geometry":{"type":"LineString","coordinates":[[-62.16,10.46],[-61.54,10.43]]}},{"type":"Feature","properties":{"Type":"CTF","PlateA":"CA","PlateB":"SA"},"geometry":{"type":"LineString","coordinates":[[-61.54,10.43],[-60.93,10.4]]}},{"type":"Feature","properties":{"Type":"CTF","PlateA":"CA","PlateB":"SA"},"geometry":{"type":"LineString","coordinates":[[-60.93,10.4],[-60.46,10.35]]}},{"type":"Feature","properties":{"Type":"CTF","PlateA":"CA","PlateB":"SA"},"geometry":{"type":"LineString","coordinates":[[-60.46,10.35],[-59.99,10.3]]}},{"type":"Feature","properties":{"Type":"CTF","PlateA":"CA","PlateB":"SA"},"geometry":{"type":"LineString","coordinates":[[-59.99,10.3],[-59.12,10.22]]}},{"type":"Feature","properties":{"Type":"CTF","PlateA":"CA","PlateB":"SA"},"geometry":{"type":"LineString","coordinates":[[-59.12,10.22],[-58.64,10.19]]}},{"type":"Feature","properties":{"Type":"OTF","PlateA":"CA","PlateB":"SA"},"geometry":{"type":"LineString","coordinates":[[-58.64,10.19],[-58.16,10.16]]}},{"type":"Feature","properties":{"Type":"SUB","PlateA":"CA","PlateB":"SA"},"geometry":{"type":"LineString","coordinates":[[-58.16,10.16],[-57.76,10.63]]}},{"type":"Feature","properties":{"Type":"SUB","PlateA":"CA","PlateB":"SA"},"geometry":{"type":"LineString","coordinates":[[-57.76,10.63],[-57.53,11.14]]}},{"type":"Feature","properties":{"Type":"SUB","PlateA":"CA","PlateB":"SA"},"geometry":{"type":"LineString","coordinates":[[-57.53,11.14],[-57.42,11.66]]}},{"type":"Feature","properties":{"Type":"SUB","PlateA":"CA","PlateB":"SA"},"geometry":{"type":"LineString","coordinates":[[-57.42,11.66],[-57.47,12.43]]}},{"type":"Feature","properties":{"Type":"SUB","PlateA":"CA","PlateB":"SA"},"geometry":{"type":"LineString","coordinates":[[-57.47,12.43],[-57.57,13.1]]}},{"type":"Feature","properties":{"Type":"SUB","PlateA":"CA","PlateB":"SA"},"geometry":{"type":"LineString","coordinates":[[-57.57,13.1],[-57.71,13.87]]}},{"type":"Feature","properties":{"Type":"SUB","PlateA":"CA","PlateB":"SA"},"geometry":{"type":"LineString","coordinates":[[-57.71,13.87],[-57.79,14.5]]}},{"type":"Feature","properties":{"Type":"SUB","PlateA":"CA","PlateB":"SA"},"geometry":{"type":"LineString","coordinates":[[-57.79,14.5],[-57.91,14.86]]}},{"type":"Feature","properties":{"Type":"SUB","PlateA":"CA","PlateB":"SA"},"geometry":{"type":"LineString","coordinates":[[-57.91,14.86],[-58.29,15.15]]}},{"type":"Feature","properties":{"Type":"SUB","PlateA":"CA","PlateB":"SA"},"geometry":{"type":"LineString","coordinates":[[-58.29,15.15],[-58.53,15.28]]}},{"type":"Feature","properties":{"Type":"SUB","PlateA":"CA","PlateB":"SA"},"geometry":{"type":"LineString","coordinates":[[-58.53,15.28],[-58.67,15.41]]}},{"type":"Feature","properties":{"Type":"SUB","PlateA":"CA","PlateB":"SA"},"geometry":{"type":"LineString","coordinates":[[-58.67,15.41],[-58.69,15.77]]}},{"type":"Feature","properties":{"Type":"SUB","PlateA":"CA","PlateB":"SA"},"geometry":{"type":"LineString","coordinates":[[-58.69,15.77],[-58.8,15.99]]}},{"type":"Feature","properties":{"Type":"SUB","PlateA":"CA","PlateB":"SA"},"geometry":{"type":"LineString","coordinates":[[-58.8,15.99],[-58.82,16.4]]}},{"type":"Feature","properties":{"Type":"SUB","PlateA":"CA","PlateB":"SA"},"geometry":{"type":"LineString","coordinates":[[-58.82,16.4],[-59.09,16.91]]}},{"type":"Feature","properties":{"Type":"SUB","PlateA":"CA","PlateB":"SA"},"geometry":{"type":"LineString","coordinates":[[-59.09,16.91],[-59.46,17.24]]}},{"type":"Feature","properties":{"Type":"SUB","PlateA":"CA","PlateB":"SA"},"geometry":{"type":"LineString","coordinates":[[-59.46,17.24],[-59.82,17.55]]}},{"type":"Feature","properties":{"Type":"SUB","PlateA":"CA","PlateB":"SA"},"geometry":{"type":"LineString","coordinates":[[-59.82,17.55],[-60.05,17.82]]}},{"type":"Feature","properties":{"Type":"SUB","PlateA":"CA","PlateB":"SA"},"geometry":{"type":"LineString","coordinates":[[-60.05,17.82],[-60.28,18.19]]}},{"type":"Feature","properties":{"Type":"SUB","PlateA":"CA","PlateB":"SA"},"geometry":{"type":"LineString","coordinates":[[-60.28,18.19],[-60.53,18.51]]}},{"type":"Feature","properties":{"Type":"SUB","PlateA":"CA","PlateB":"SA"},"geometry":{"type":"LineString","coordinates":[[-60.53,18.51],[-60.73,18.6]]}},{"type":"Feature","properties":{"Type":"SUB","PlateA":"CA","PlateB":"SA"},"geometry":{"type":"LineString","coordinates":[[-60.73,18.6],[-60.91,18.89]]}},{"type":"Feature","properties":{"Type":"SUB","PlateA":"CA","PlateB":"SA"},"geometry":{"type":"LineString","coordinates":[[-60.91,18.89],[-61.55,18.96]]}},{"type":"Feature","properties":{"Type":"SUB","PlateA":"CO","PlateB":"NA"},"geometry":{"type":"LineString","coordinates":[[-90.9,12.58],[-91.31,12.83]]}},{"type":"Feature","properties":{"Type":"SUB","PlateA":"CO","PlateB":"NA"},"geometry":{"type":"LineString","coordinates":[[-91.31,12.83],[-91.72,13.08]]}},{"type":"Feature","properties":{"Type":"SUB","PlateA":"CO","PlateB":"NA"},"geometry":{"type":"LineString","coordinates":[[-91.72,13.08],[-92.06,13.27]]}},{"type":"Feature","properties":{"Type":"SUB","PlateA":"CO","PlateB":"NA"},"geometry":{"type":"LineString","coordinates":[[-92.06,13.27],[-92.27,13.22]]}},{"type":"Feature","properties":{"Type":"SUB","PlateA":"CO","PlateB":"NA"},"geometry":{"type":"LineString","coordinates":[[-92.27,13.22],[-92.6,13.5]]}},{"type":"Feature","properties":{"Type":"SUB","PlateA":"CO","PlateB":"NA"},"geometry":{"type":"LineString","coordinates":[[-92.6,13.5],[-92.96,13.72]]}},{"type":"Feature","properties":{"Type":"SUB","PlateA":"CO","PlateB":"NA"},"geometry":{"type":"LineString","coordinates":[[-92.96,13.72],[-93.31,13.79]]}},{"type":"Feature","properties":{"Type":"SUB","PlateA":"CO","PlateB":"NA"},"geometry":{"type":"LineString","coordinates":[[-93.31,13.79],[-93.66,14.02]]}},{"type":"Feature","properties":{"Type":"SUB","PlateA":"CO","PlateB":"NA"},"geometry":{"type":"LineString","coordinates":[[-93.66,14.02],[-94.05,14.22]]}},{"type":"Feature","properties":{"Type":"SUB","PlateA":"CO","PlateB":"NA"},"geometry":{"type":"LineString","coordinates":[[-94.05,14.22],[-94.54,14.48]]}},{"type":"Feature","properties":{"Type":"SUB","PlateA":"CO","PlateB":"NA"},"geometry":{"type":"LineString","coordinates":[[-94.54,14.48],[-94.87,14.7]]}},{"type":"Feature","properties":{"Type":"SUB","PlateA":"CO","PlateB":"NA"},"geometry":{"type":"LineString","coordinates":[[-94.87,14.7],[-95.12,14.89]]}},{"type":"Feature","properties":{"Type":"SUB","PlateA":"CO","PlateB":"NA"},"geometry":{"type":"LineString","coordinates":[[-95.12,14.89],[-95.47,15.09]]}},{"type":"Feature","properties":{"Type":"SUB","PlateA":"CO","PlateB":"NA"},"geometry":{"type":"LineString","coordinates":[[-95.47,15.09],[-95.8,15.28]]}},{"type":"Feature","properties":{"Type":"SUB","PlateA":"CO","PlateB":"NA"},"geometry":{"type":"LineString","coordinates":[[-95.8,15.28],[-96.22,15.36]]}},{"type":"Feature","properties":{"Type":"SUB","PlateA":"CO","PlateB":"NA"},"geometry":{"type":"LineString","coordinates":[[-96.22,15.36],[-96.73,15.36]]}},{"type":"Feature","properties":{"Type":"SUB","PlateA":"CO","PlateB":"NA"},"geometry":{"type":"LineString","coordinates":[[-96.73,15.36],[-97.22,15.36]]}},{"type":"Feature","properties":{"Type":"SUB","PlateA":"CO","PlateB":"NA"},"geometry":{"type":"LineString","coordinates":[[-97.22,15.36],[-97.69,15.51]]}},{"type":"Feature","properties":{"Type":"SUB","PlateA":"CO","PlateB":"NA"},"geometry":{"type":"LineString","coordinates":[[-97.69,15.51],[-98.17,15.64]]}},{"type":"Feature","properties":{"Type":"SUB","PlateA":"CO","PlateB":"NA"},"geometry":{"type":"LineString","coordinates":[[-98.17,15.64],[-98.59,15.77]]}},{"type":"Feature","properties":{"Type":"SUB","PlateA":"CO","PlateB":"NA"},"geometry":{"type":"LineString","coordinates":[[-98.59,15.77],[-99.03,15.92]]}},{"type":"Feature","properties":{"Type":"SUB","PlateA":"CO","PlateB":"NA"},"geometry":{"type":"LineString","coordinates":[[-99.03,15.92],[-99.43,16.13]]}},{"type":"Feature","properties":{"Type":"SUB","PlateA":"CO","PlateB":"NA"},"geometry":{"type":"LineString","coordinates":[[-99.43,16.13],[-99.81,16.3]]}},{"type":"Feature","properties":{"Type":"SUB","PlateA":"CO","PlateB":"NA"},"geometry":{"type":"LineString","coordinates":[[-99.81,16.3],[-100.34,16.44]]}},{"type":"Feature","properties":{"Type":"SUB","PlateA":"CO","PlateB":"NA"},"geometry":{"type":"LineString","coordinates":[[-100.34,16.44],[-100.87,16.64]]}},{"type":"Feature","properties":{"Type":"SUB","PlateA":"CO","PlateB":"NA"},"geometry":{"type":"LineString","coordinates":[[-100.87,16.64],[-101.7,17.03]]}},{"type":"Feature","properties":{"Type":"SUB","PlateA":"CO","PlateB":"NA"},"geometry":{"type":"LineString","coordinates":[[-101.7,17.03],[-102.43,17.28]]}},{"type":"Feature","properties":{"Type":"SUB","PlateA":"CO","PlateB":"NA"},"geometry":{"type":"LineString","coordinates":[[-102.43,17.28],[-103.2,17.61]]}},{"type":"Feature","properties":{"Type":"SUB","PlateA":"CO","PlateB":"NA"},"geometry":{"type":"LineString","coordinates":[[-103.2,17.61],[-103.79,17.92]]}},{"type":"Feature","properties":{"Type":"SUB","PlateA":"CO","PlateB":"NA"},"geometry":{"type":"LineString","coordinates":[[-103.79,17.92],[-104.19,18.14]]}},{"type":"Feature","properties":{"Type":"SUB","PlateA":"CO","PlateB":"NA"},"geometry":{"type":"LineString","coordinates":[[-104.19,18.14],[-104.41,18.21]]}},{"type":"Feature","properties":{"Type":"SUB","PlateA":"CO","PlateB":"NA"},"geometry":{"type":"LineString","coordinates":[[-104.41,18.21],[-104.72,18.37]]}},{"type":"Feature","properties":{"Type":"SUB","PlateA":"CO","PlateB":"NA"},"geometry":{"type":"LineString","coordinates":[[-104.72,18.37],[-105.04,18.62]]}},{"type":"Feature","properties":{"Type":"SUB","PlateA":"CO","PlateB":"NA"},"geometry":{"type":"LineString","coordinates":[[-105.04,18.62],[-105.25,18.76]]}},{"type":"Feature","properties":{"Type":"OSR","PlateA":"CO","PlateB":"PA"},"geometry":{"type":"LineString","coordinates":[[-105.59,17.88],[-105.4,17.77]]}},{"type":"Feature","properties":{"Type":"OSR","PlateA":"CO","PlateB":"PA"},"geometry":{"type":"LineString","coordinates":[[-105.4,17.77],[-105.37,17.03]]}},{"type":"Feature","properties":{"Type":"OSR","PlateA":"CO","PlateB":"PA"},"geometry":{"type":"LineString","coordinates":[[-105.37,17.03],[-105.4,16.26]]}},{"type":"Feature","properties":{"Type":"OSR","PlateA":"CO","PlateB":"PA"},"geometry":{"type":"LineString","coordinates":[[-105.4,16.26],[-105.36,15.56]]}},{"type":"Feature","properties":{"Type":"OSR","PlateA":"CO","PlateB":"PA"},"geometry":{"type":"LineString","coordinates":[[-105.36,15.56],[-105.32,15.11]]}},{"type":"Feature","properties":{"Type":"OTF","PlateA":"CO","PlateB":"PA"},"geometry":{"type":"LineString","coordinates":[[-105.32,15.11],[-104.69,15.27]]}},{"type":"Feature","properties":{"Type":"OSR","PlateA":"CO","PlateB":"PA"},"geometry":{"type":"LineString","coordinates":[[-104.69,15.27],[-104.56,14.67]]}},{"type":"Feature","properties":{"Type":"OSR","PlateA":"CO","PlateB":"PA"},"geometry":{"type":"LineString","coordinates":[[-104.56,14.67],[-104.44,14.07]]}},{"type":"Feature","properties":{"Type":"OSR","PlateA":"CO","PlateB":"PA"},"geometry":{"type":"LineString","coordinates":[[-104.44,14.07],[-104.18,13.33]]}},{"type":"Feature","properties":{"Type":"OSR","PlateA":"CO","PlateB":"PA"},"geometry":{"type":"LineString","coordinates":[[-104.18,13.33],[-103.93,12.59]]}},{"type":"Feature","properties":{"Type":"OSR","PlateA":"CO","PlateB":"PA"},"geometry":{"type":"LineString","coordinates":[[-103.93,12.59],[-103.77,11.89]]}},{"type":"Feature","properties":{"Type":"OTF","PlateA":"CO","PlateB":"PA"},"geometry":{"type":"LineString","coordinates":[[-103.77,11.89],[-103.87,11.87]]}},{"type":"Feature","properties":{"Type":"OSR","PlateA":"CO","PlateB":"PA"},"geometry":{"type":"LineString","coordinates":[[-103.87,11.87],[-103.81,11.41]]}},{"type":"Feature","properties":{"Type":"OSR","PlateA":"CO","PlateB":"PA"},"geometry":{"type":"LineString","coordinates":[[-103.81,11.41],[-103.74,10.94]]}},{"type":"Feature","properties":{"Type":"OSR","PlateA":"CO","PlateB":"PA"},"geometry":{"type":"LineString","coordinates":[[-103.74,10.94],[-103.63,10.28]]}},{"type":"Feature","properties":{"Type":"OSR","PlateA":"CO","PlateB":"PA"},"geometry":{"type":"LineString","coordinates":[[-103.63,10.28],[-103.6,10.12]]}},{"type":"Feature","properties":{"Type":"OTF","PlateA":"CO","PlateB":"PA"},"geometry":{"type":"LineString","coordinates":[[-103.6,10.12],[-104.3,10.02]]}},{"type":"Feature","properties":{"Type":"OSR","PlateA":"CO","PlateB":"PA"},"geometry":{"type":"LineString","coordinates":[[-104.3,10.02],[-104.3,9.18]]}},{"type":"Feature","properties":{"Type":"OSR","PlateA":"CO","PlateB":"PA"},"geometry":{"type":"LineString","coordinates":[[-104.3,9.18],[-104.26,8.46]]}},{"type":"Feature","properties":{"Type":"OSR","PlateA":"CO","PlateB":"PA"},"geometry":{"type":"LineString","coordinates":[[-104.26,8.46],[-104.23,8.34]]}},{"type":"Feature","properties":{"Type":"OTF","PlateA":"CO","PlateB":"PA"},"geometry":{"type":"LineString","coordinates":[[-104.23,8.34],[-103.59,8.37]]}},{"type":"Feature","properties":{"Type":"OTF","PlateA":"CO","PlateB":"PA"},"geometry":{"type":"LineString","coordinates":[[-103.59,8.37],[-102.96,8.4]]}},{"type":"Feature","properties":{"Type":"OSR","PlateA":"CO","PlateB":"PA"},"geometry":{"type":"LineString","coordinates":[[-102.96,8.4],[-102.81,7.79]]}},{"type":"Feature","properties":{"Type":"OSR","PlateA":"CO","PlateB":"PA"},"geometry":{"type":"LineString","coordinates":[[-102.81,7.79],[-102.66,7.18]]}},{"type":"Feature","properties":{"Type":"OSR","PlateA":"CO","PlateB":"PA"},"geometry":{"type":"LineString","coordinates":[[-102.66,7.18],[-102.56,6.36]]}},{"type":"Feature","properties":{"Type":"OSR","PlateA":"CO","PlateB":"PA"},"geometry":{"type":"LineString","coordinates":[[-102.56,6.36],[-102.46,5.53]]}},{"type":"Feature","properties":{"Type":"OSR","PlateA":"CO","PlateB":"PA"},"geometry":{"type":"LineString","coordinates":[[-102.46,5.53],[-102.32,4.65]]}},{"type":"Feature","properties":{"Type":"OSR","PlateA":"CO","PlateB":"PA"},"geometry":{"type":"LineString","coordinates":[[-102.32,4.65],[-102.18,3.78]]}},{"type":"Feature","properties":{"Type":"OTF","PlateA":"CO","PlateB":"PA"},"geometry":{"type":"LineString","coordinates":[[-102.18,3.78],[-102.26,3.75]]}},{"type":"Feature","properties":{"Type":"OSR","PlateA":"CO","PlateB":"PA"},"geometry":{"type":"LineString","coordinates":[[-102.26,3.75],[-102.2,3.46]]}},{"type":"Feature","properties":{"Type":"OSR","PlateA":"CO","PlateB":"PA"},"geometry":{"type":"LineString","coordinates":[[-102.2,3.46],[-102.22,3.24]]}},{"type":"Feature","properties":{"Type":"OSR","PlateA":"CO","PlateB":"NZ"},"geometry":{"type":"LineString","coordinates":[[-99.74,2.27],[-99.66,2.19]]}},{"type":"Feature","properties":{"Type":"OSR","PlateA":"CO","PlateB":"NZ"},"geometry":{"type":"LineString","coordinates":[[-99.66,2.19],[-98.92,2.11]]}},{"type":"Feature","properties":{"Type":"OTF","PlateA":"CO","PlateB":"NZ"},"geometry":{"type":"LineString","coordinates":[[-98.92,2.11],[-98.89,2.21]]}},{"type":"Feature","properties":{"Type":"OSR","PlateA":"CO","PlateB":"NZ"},"geometry":{"type":"LineString","coordinates":[[-98.89,2.21],[-98.37,2.15]]}},{"type":"Feature","properties":{"Type":"OSR","PlateA":"CO","PlateB":"NZ"},"geometry":{"type":"LineString","coordinates":[[-98.37,2.15],[-97.85,2.08]]}},{"type":"Feature","properties":{"Type":"OSR","PlateA":"CO","PlateB":"NZ"},"geometry":{"type":"LineString","coordinates":[[-97.85,2.08],[-97.55,2.09]]}},{"type":"Feature","properties":{"Type":"OTF","PlateA":"CO","PlateB":"NZ"},"geometry":{"type":"LineString","coordinates":[[-97.55,2.09],[-97.58,1.9]]}},{"type":"Feature","properties":{"Type":"OSR","PlateA":"CO","PlateB":"NZ"},"geometry":{"type":"LineString","coordinates":[[-97.58,1.9],[-96.88,1.89]]}},{"type":"Feature","properties":{"Type":"OSR","PlateA":"CO","PlateB":"NZ"},"geometry":{"type":"LineString","coordinates":[[-96.88,1.89],[-96.17,1.87]]}},{"type":"Feature","properties":{"Type":"OTF","PlateA":"CO","PlateB":"NZ"},"geometry":{"type":"LineString","coordinates":[[-96.17,1.87],[-96.12,2.24]]}},{"type":"Feature","properties":{"Type":"OSR","PlateA":"CO","PlateB":"NZ"},"geometry":{"type":"LineString","coordinates":[[-96.12,2.24],[-95.22,2.22]]}},{"type":"Feature","properties":{"Type":"OTF","PlateA":"CO","PlateB":"NZ"},"geometry":{"type":"LineString","coordinates":[[-95.22,2.22],[-95.2,2.51]]}},{"type":"Feature","properties":{"Type":"OSR","PlateA":"CO","PlateB":"NZ"},"geometry":{"type":"LineString","coordinates":[[-95.2,2.51],[-94.4,2.44]]}},{"type":"Feature","properties":{"Type":"OSR","PlateA":"CO","PlateB":"NZ"},"geometry":{"type":"LineString","coordinates":[[-94.4,2.44],[-93.61,2.37]]}},{"type":"Feature","properties":{"Type":"OSR","PlateA":"CO","PlateB":"NZ"},"geometry":{"type":"LineString","coordinates":[[-93.61,2.37],[-92.93,2.3]]}},{"type":"Feature","properties":{"Type":"OSR","PlateA":"CO","PlateB":"NZ"},"geometry":{"type":"LineString","coordinates":[[-92.93,2.3],[-92.24,2.23]]}},{"type":"Feature","properties":{"Type":"OSR","PlateA":"CO","PlateB":"NZ"},"geometry":{"type":"LineString","coordinates":[[-92.24,2.23],[-92.09,2.2]]}},{"type":"Feature","properties":{"Type":"OTF","PlateA":"CO","PlateB":"NZ"},"geometry":{"type":"LineString","coordinates":[[-92.09,2.2],[-92.12,1.99]]}},{"type":"Feature","properties":{"Type":"OSR","PlateA":"CO","PlateB":"NZ"},"geometry":{"type":"LineString","coordinates":[[-92.12,1.99],[-91.54,2.01]]}},{"type":"Feature","properties":{"Type":"OTF","PlateA":"CO","PlateB":"NZ"},"geometry":{"type":"LineString","coordinates":[[-91.54,2.01],[-91.56,1.82]]}},{"type":"Feature","properties":{"Type":"OSR","PlateA":"CO","PlateB":"NZ"},"geometry":{"type":"LineString","coordinates":[[-91.56,1.82],[-90.7,1.74]]}},{"type":"Feature","properties":{"Type":"OTF","PlateA":"CO","PlateB":"NZ"},"geometry":{"type":"LineString","coordinates":[[-90.7,1.74],[-90.66,1.12]]}},{"type":"Feature","properties":{"Type":"OSR","PlateA":"CO","PlateB":"NZ"},"geometry":{"type":"LineString","coordinates":[[-90.66,1.12],[-89.78,1.07]]}},{"type":"Feature","properties":{"Type":"OSR","PlateA":"CO","PlateB":"NZ"},"geometry":{"type":"LineString","coordinates":[[-89.78,1.07],[-88.9,1.02]]}},{"type":"Feature","properties":{"Type":"OSR","PlateA":"CO","PlateB":"NZ"},"geometry":{"type":"LineString","coordinates":[[-88.9,1.02],[-88.02,0.98]]}},{"type":"Feature","properties":{"Type":"OSR","PlateA":"CO","PlateB":"NZ"},"geometry":{"type":"LineString","coordinates":[[-88.02,0.98],[-87.14,0.93]]}},{"type":"Feature","properties":{"Type":"OSR","PlateA":"CO","PlateB":"NZ"},"geometry":{"type":"LineString","coordinates":[[-87.14,0.93],[-86.27,0.88]]}},{"type":"Feature","properties":{"Type":"OSR","PlateA":"CO","PlateB":"NZ"},"geometry":{"type":"LineString","coordinates":[[-86.27,0.88],[-85.39,0.83]]}},{"type":"Feature","properties":{"Type":"OTF","PlateA":"CO","PlateB":"NZ"},"geometry":{"type":"LineString","coordinates":[[-85.39,0.83],[-85.35,1.64]]}},{"type":"Feature","properties":{"Type":"OSR","PlateA":"CO","PlateB":"NZ"},"geometry":{"type":"LineString","coordinates":[[-85.35,1.64],[-84.58,1.6]]}},{"type":"Feature","properties":{"Type":"OTF","PlateA":"CO","PlateB":"NZ"},"geometry":{"type":"LineString","coordinates":[[-84.58,1.6],[-84.57,2.07]]}},{"type":"Feature","properties":{"Type":"OTF","PlateA":"CO","PlateB":"NZ"},"geometry":{"type":"LineString","coordinates":[[-84.57,2.07],[-84.57,2.53]]}},{"type":"Feature","properties":{"Type":"OTF","PlateA":"CO","PlateB":"NZ"},"geometry":{"type":"LineString","coordinates":[[-84.57,2.53],[-84.47,3.11]]}},{"type":"Feature","properties":{"Type":"OSR","PlateA":"CO","PlateB":"NZ"},"geometry":{"type":"LineString","coordinates":[[-84.47,3.11],[-83.92,3.14]]}},{"type":"Feature","properties":{"Type":"OSR","PlateA":"CO","PlateB":"NZ"},"geometry":{"type":"LineString","coordinates":[[-83.92,3.14],[-83.38,3.17]]}},{"type":"Feature","properties":{"Type":"OSR","PlateA":"CO","PlateB":"NZ"},"geometry":{"type":"LineString","coordinates":[[-83.38,3.17],[-82.81,3.12]]}},{"type":"Feature","properties":{"Type":"OTF","PlateA":"CO","PlateB":"NZ"},"geometry":{"type":"LineString","coordinates":[[-82.81,3.12],[-82.87,3.6]]}},{"type":"Feature","properties":{"Type":"OTF","PlateA":"CO","PlateB":"NZ"},"geometry":{"type":"LineString","coordinates":[[-82.87,3.6],[-82.87,4.07]]}},{"type":"Feature","properties":{"Type":"OTF","PlateA":"CO","PlateB":"NZ"},"geometry":{"type":"LineString","coordinates":[[-82.87,4.07],[-82.87,4.56]]}},{"type":"Feature","properties":{"Type":"OTF","PlateA":"CO","PlateB":"NZ"},"geometry":{"type":"LineString","coordinates":[[-82.87,4.56],[-82.87,5.05]]}},{"type":"Feature","properties":{"Type":"OTF","PlateA":"CO","PlateB":"NZ"},"geometry":{"type":"LineString","coordinates":[[-82.87,5.05],[-82.87,5.83]]}},{"type":"Feature","properties":{"Type":"OTF","PlateA":"CO","PlateB":"NZ"},"geometry":{"type":"LineString","coordinates":[[-82.87,5.83],[-82.87,6.56]]}},{"type":"Feature","properties":{"Type":"OTF","PlateA":"CO","PlateB":"NZ"},"geometry":{"type":"LineString","coordinates":[[-82.87,6.56],[-82.87,7.12]]}},{"type":"Feature","properties":{"Type":"OTF","PlateA":"CO","PlateB":"NZ"},"geometry":{"type":"LineString","coordinates":[[-82.87,7.12],[-82.87,7.37]]}},{"type":"Feature","properties":{"Type":"CCB","PlateA":"EU","PlateB":"IN"},"geometry":{"type":"LineString","coordinates":[[65.03,24.38],[65.49,24.62]]}},{"type":"Feature","properties":{"Type":"CCB","PlateA":"EU","PlateB":"IN"},"geometry":{"type":"LineString","coordinates":[[65.49,24.62],[65.96,24.86]]}},{"type":"Feature","properties":{"Type":"CCB","PlateA":"EU","PlateB":"IN"},"geometry":{"type":"LineString","coordinates":[[65.96,24.86],[66.53,25.18]]}},{"type":"Feature","properties":{"Type":"CCB","PlateA":"EU","PlateB":"IN"},"geometry":{"type":"LineString","coordinates":[[66.53,25.18],[67.1,25.5]]}},{"type":"Feature","properties":{"Type":"CTF","PlateA":"EU","PlateB":"IN"},"geometry":{"type":"LineString","coordinates":[[67.1,25.5],[67.27,25.98]]}},{"type":"Feature","properties":{"Type":"CTF","PlateA":"EU","PlateB":"IN"},"geometry":{"type":"LineString","coordinates":[[67.27,25.98],[67.25,26.52]]}},{"type":"Feature","properties":{"Type":"CTF","PlateA":"EU","PlateB":"IN"},"geometry":{"type":"LineString","coordinates":[[67.25,26.52],[67.25,27.09]]}},{"type":"Feature","properties":{"Type":"CTF","PlateA":"EU","PlateB":"IN"},"geometry":{"type":"LineString","coordinates":[[67.25,27.09],[67.33,27.91]]}},{"type":"Feature","properties":{"Type":"CTF","PlateA":"EU","PlateB":"IN"},"geometry":{"type":"LineString","coordinates":[[67.33,27.91],[67.34,28.4]]}},{"type":"Feature","properties":{"Type":"CRB","PlateA":"EU","PlateB":"IN"},"geometry":{"type":"LineString","coordinates":[[67.34,28.4],[67.24,28.57]]}},{"type":"Feature","properties":{"Type":"CTF","PlateA":"EU","PlateB":"IN"},"geometry":{"type":"LineString","coordinates":[[67.24,28.57],[67.28,29.38]]}},{"type":"Feature","properties":{"Type":"CTF","PlateA":"EU","PlateB":"IN"},"geometry":{"type":"LineString","coordinates":[[67.28,29.38],[67.3,29.8]]}},{"type":"Feature","properties":{"Type":"CCB","PlateA":"EU","PlateB":"IN"},"geometry":{"type":"LineString","coordinates":[[67.3,29.8],[67.85,30.07]]}},{"type":"Feature","properties":{"Type":"CCB","PlateA":"EU","PlateB":"IN"},"geometry":{"type":"LineString","coordinates":[[67.85,30.07],[68.31,29.88]]}},{"type":"Feature","properties":{"Type":"CCB","PlateA":"EU","PlateB":"IN"},"geometry":{"type":"LineString","coordinates":[[68.31,29.88],[68.68,29.21]]}},{"type":"Feature","properties":{"Type":"CCB","PlateA":"EU","PlateB":"IN"},"geometry":{"type":"LineString","coordinates":[[68.68,29.21],[69.09,29.1]]}},{"type":"Feature","properties":{"Type":"CCB","PlateA":"EU","PlateB":"IN"},"geometry":{"type":"LineString","coordinates":[[69.09,29.1],[69.88,29.26]]}},{"type":"Feature","properties":{"Type":"CTF","PlateA":"EU","PlateB":"IN"},"geometry":{"type":"LineString","coordinates":[[69.88,29.26],[70.1,29.84]]}},{"type":"Feature","properties":{"Type":"CTF","PlateA":"EU","PlateB":"IN"},"geometry":{"type":"LineString","coordinates":[[70.1,29.84],[70.18,30.42]]}},{"type":"Feature","properties":{"Type":"CTF","PlateA":"EU","PlateB":"IN"},"geometry":{"type":"LineString","coordinates":[[70.18,30.42],[70.26,31.01]]}},{"type":"Feature","properties":{"Type":"CRB","PlateA":"EU","PlateB":"IN"},"geometry":{"type":"LineString","coordinates":[[70.26,31.01],[70.1,31.46]]}},{"type":"Feature","properties":{"Type":"CRB","PlateA":"EU","PlateB":"IN"},"geometry":{"type":"LineString","coordinates":[[70.1,31.46],[69.94,31.91]]}},{"type":"Feature","properties":{"Type":"CCB","PlateA":"EU","PlateB":"IN"},"geometry":{"type":"LineString","coordinates":[[69.94,31.91],[70.44,32.43]]}},{"type":"Feature","properties":{"Type":"CCB","PlateA":"EU","PlateB":"IN"},"geometry":{"type":"LineString","coordinates":[[70.44,32.43],[70.94,32.95]]}},{"type":"Feature","properties":{"Type":"CCB","PlateA":"EU","PlateB":"IN"},"geometry":{"type":"LineString","coordinates":[[70.94,32.95],[71.39,33.48]]}},{"type":"Feature","properties":{"Type":"CCB","PlateA":"EU","PlateB":"IN"},"geometry":{"type":"LineString","coordinates":[[71.39,33.48],[71.85,34.01]]}},{"type":"Feature","properties":{"Type":"CCB","PlateA":"EU","PlateB":"IN"},"geometry":{"type":"LineString","coordinates":[[71.85,34.01],[72.46,34.68]]}},{"type":"Feature","properties":{"Type":"CCB","PlateA":"EU","PlateB":"IN"},"geometry":{"type":"LineString","coordinates":[[72.46,34.68],[73.03,34.18]]}},{"type":"Feature","properties":{"Type":"CCB","PlateA":"EU","PlateB":"IN"},"geometry":{"type":"LineString","coordinates":[[73.03,34.18],[73.59,33.67]]}},{"type":"Feature","properties":{"Type":"CCB","PlateA":"EU","PlateB":"IN"},"geometry":{"type":"LineString","coordinates":[[73.59,33.67],[74.31,33.16]]}},{"type":"Feature","properties":{"Type":"CCB","PlateA":"EU","PlateB":"IN"},"geometry":{"type":"LineString","coordinates":[[74.31,33.16],[75.09,32.88]]}},{"type":"Feature","properties":{"Type":"CCB","PlateA":"EU","PlateB":"IN"},"geometry":{"type":"LineString","coordinates":[[75.09,32.88],[75.68,32.19]]}},{"type":"Feature","properties":{"Type":"CTF","PlateA":"EU","PlateB":"IN"},"geometry":{"type":"LineString","coordinates":[[75.68,32.19],[75.72,31.63]]}},{"type":"Feature","properties":{"Type":"CCB","PlateA":"EU","PlateB":"IN"},"geometry":{"type":"LineString","coordinates":[[75.72,31.63],[76.52,31.15]]}},{"type":"Feature","properties":{"Type":"CCB","PlateA":"EU","PlateB":"IN"},"geometry":{"type":"LineString","coordinates":[[76.52,31.15],[77.01,30.74]]}},{"type":"Feature","properties":{"Type":"CCB","PlateA":"EU","PlateB":"IN"},"geometry":{"type":"LineString","coordinates":[[77.01,30.74],[77.64,30.56]]}},{"type":"Feature","properties":{"Type":"CCB","PlateA":"EU","PlateB":"IN"},"geometry":{"type":"LineString","coordinates":[[77.64,30.56],[78.08,30.23]]}},{"type":"Feature","properties":{"Type":"CCB","PlateA":"EU","PlateB":"IN"},"geometry":{"type":"LineString","coordinates":[[78.08,30.23],[78.42,29.89]]}},{"type":"Feature","properties":{"Type":"CCB","PlateA":"EU","PlateB":"IN"},"geometry":{"type":"LineString","coordinates":[[78.42,29.89],[78.91,29.68]]}},{"type":"Feature","properties":{"Type":"CCB","PlateA":"EU","PlateB":"IN"},"geometry":{"type":"LineString","coordinates":[[78.91,29.68],[79.2,29.39]]}},{"type":"Feature","properties":{"Type":"CCB","PlateA":"EU","PlateB":"IN"},"geometry":{"type":"LineString","coordinates":[[79.2,29.39],[79.79,29.14]]}},{"type":"Feature","properties":{"Type":"CCB","PlateA":"EU","PlateB":"IN"},"geometry":{"type":"LineString","coordinates":[[79.79,29.14],[80.23,29.09]]}},{"type":"Feature","properties":{"Type":"CCB","PlateA":"EU","PlateB":"IN"},"geometry":{"type":"LineString","coordinates":[[80.23,29.09],[80.55,28.98]]}},{"type":"Feature","properties":{"Type":"CCB","PlateA":"EU","PlateB":"IN"},"geometry":{"type":"LineString","coordinates":[[80.55,28.98],[81.04,28.79]]}},{"type":"Feature","properties":{"Type":"CCB","PlateA":"EU","PlateB":"IN"},"geometry":{"type":"LineString","coordinates":[[81.04,28.79],[81.36,28.41]]}},{"type":"Feature","properties":{"Type":"CCB","PlateA":"EU","PlateB":"IN"},"geometry":{"type":"LineString","coordinates":[[81.36,28.41],[82.2,28.17]]}},{"type":"Feature","properties":{"Type":"CCB","PlateA":"EU","PlateB":"IN"},"geometry":{"type":"LineString","coordinates":[[82.2,28.17],[82.94,27.88]]}},{"type":"Feature","properties":{"Type":"CCB","PlateA":"EU","PlateB":"IN"},"geometry":{"type":"LineString","coordinates":[[82.94,27.88],[83.67,27.59]]}},{"type":"Feature","properties":{"Type":"CCB","PlateA":"EU","PlateB":"IN"},"geometry":{"type":"LineString","coordinates":[[83.67,27.59],[84.16,27.45]]}},{"type":"Feature","properties":{"Type":"CCB","PlateA":"EU","PlateB":"IN"},"geometry":{"type":"LineString","coordinates":[[84.16,27.45],[84.65,27.31]]}},{"type":"Feature","properties":{"Type":"CCB","PlateA":"EU","PlateB":"IN"},"geometry":{"type":"LineString","coordinates":[[84.65,27.31],[85.62,27.17]]}},{"type":"Feature","properties":{"Type":"CCB","PlateA":"EU","PlateB":"IN"},"geometry":{"type":"LineString","coordinates":[[85.62,27.17],[86.25,27.1]]}},{"type":"Feature","properties":{"Type":"CCB","PlateA":"EU","PlateB":"IN"},"geometry":{"type":"LineString","coordinates":[[86.25,27.1],[86.48,26.74]]}},{"type":"Feature","properties":{"Type":"CCB","PlateA":"EU","PlateB":"IN"},"geometry":{"type":"LineString","coordinates":[[86.48,26.74],[86.82,26.67]]}},{"type":"Feature","properties":{"Type":"CCB","PlateA":"EU","PlateB":"IN"},"geometry":{"type":"LineString","coordinates":[[86.82,26.67],[87.22,27.02]]}},{"type":"Feature","properties":{"Type":"CCB","PlateA":"EU","PlateB":"IN"},"geometry":{"type":"LineString","coordinates":[[87.22,27.02],[87.75,26.91]]}},{"type":"Feature","properties":{"Type":"CCB","PlateA":"EU","PlateB":"IN"},"geometry":{"type":"LineString","coordinates":[[87.75,26.91],[88.32,26.89]]}},{"type":"Feature","properties":{"Type":"CCB","PlateA":"EU","PlateB":"IN"},"geometry":{"type":"LineString","coordinates":[[88.32,26.89],[89.28,27.03]]}},{"type":"Feature","properties":{"Type":"CCB","PlateA":"EU","PlateB":"IN"},"geometry":{"type":"LineString","coordinates":[[89.28,27.03],[89.77,26.85]]}},{"type":"Feature","properties":{"Type":"CCB","PlateA":"EU","PlateB":"IN"},"geometry":{"type":"LineString","coordinates":[[89.77,26.85],[90.33,26.94]]}},{"type":"Feature","properties":{"Type":"CCB","PlateA":"EU","PlateB":"IN"},"geometry":{"type":"LineString","coordinates":[[90.33,26.94],[91.26,27.01]]}},{"type":"Feature","properties":{"Type":"CCB","PlateA":"EU","PlateB":"IN"},"geometry":{"type":"LineString","coordinates":[[91.26,27.01],[91.78,27.03]]}},{"type":"Feature","properties":{"Type":"CCB","PlateA":"EU","PlateB":"IN"},"geometry":{"type":"LineString","coordinates":[[91.78,27.03],[92.31,27.06]]}},{"type":"Feature","properties":{"Type":"CCB","PlateA":"EU","PlateB":"IN"},"geometry":{"type":"LineString","coordinates":[[92.31,27.06],[93.23,27.12]]}},{"type":"Feature","properties":{"Type":"CCB","PlateA":"EU","PlateB":"IN"},"geometry":{"type":"LineString","coordinates":[[93.23,27.12],[93.57,27.11]]}},{"type":"Feature","properties":{"Type":"CCB","PlateA":"EU","PlateB":"IN"},"geometry":{"type":"LineString","coordinates":[[93.57,27.11],[94.19,27.5]]}},{"type":"Feature","properties":{"Type":"CCB","PlateA":"EU","PlateB":"IN"},"geometry":{"type":"LineString","coordinates":[[94.19,27.5],[94.83,27.92]]}},{"type":"Feature","properties":{"Type":"CCB","PlateA":"EU","PlateB":"IN"},"geometry":{"type":"LineString","coordinates":[[94.83,27.92],[95.47,28.18]]}},{"type":"Feature","properties":{"Type":"CCB","PlateA":"EU","PlateB":"IN"},"geometry":{"type":"LineString","coordinates":[[95.47,28.18],[96.23,28.14]]}},{"type":"Feature","properties":{"Type":"CCB","PlateA":"EU","PlateB":"IN"},"geometry":{"type":"LineString","coordinates":[[96.23,28.14],[96.79,28.11]]}},{"type":"Feature","properties":{"Type":"CCB","PlateA":"EU","PlateB":"IN"},"geometry":{"type":"LineString","coordinates":[[96.79,28.11],[97.35,28.08]]}},{"type":"Feature","properties":{"Type":"CRB","PlateA":"NA","PlateB":"EU"},"geometry":{"type":"LineString","coordinates":[[125.68,78.13],[126.46,77.68]]}},{"type":"Feature","properties":{"Type":"CRB","PlateA":"NA","PlateB":"EU"},"geometry":{"type":"LineString","coordinates":[[126.46,77.68],[127.18,77.23]]}},{"type":"Feature","properties":{"Type":"CRB","PlateA":"NA","PlateB":"EU"},"geometry":{"type":"LineString","coordinates":[[127.18,77.23],[127.63,76.64]]}},{"type":"Feature","properties":{"Type":"CRB","PlateA":"NA","PlateB":"EU"},"geometry":{"type":"LineString","coordinates":[[127.63,76.64],[128.05,76.05]]}},{"type":"Feature","properties":{"Type":"CRB","PlateA":"NA","PlateB":"EU"},"geometry":{"type":"LineString","coordinates":[[128.05,76.05],[128.52,75.49]]}},{"type":"Feature","properties":{"Type":"CRB","PlateA":"NA","PlateB":"EU"},"geometry":{"type":"LineString","coordinates":[[128.52,75.49],[128.96,74.94]]}},{"type":"Feature","properties":{"Type":"CRB","PlateA":"NA","PlateB":"EU"},"geometry":{"type":"LineString","coordinates":[[128.96,74.94],[129.6,74.48]]}},{"type":"Feature","properties":{"Type":"CRB","PlateA":"NA","PlateB":"EU"},"geometry":{"type":"LineString","coordinates":[[129.6,74.48],[130.2,74.02]]}},{"type":"Feature","properties":{"Type":"CRB","PlateA":"NA","PlateB":"EU"},"geometry":{"type":"LineString","coordinates":[[130.2,74.02],[131.26,73.37]]}},{"type":"Feature","properties":{"Type":"CRB","PlateA":"NA","PlateB":"EU"},"geometry":{"type":"LineString","coordinates":[[131.26,73.37],[132.48,72.69]]}},{"type":"Feature","properties":{"Type":"CRB","PlateA":"NA","PlateB":"EU"},"geometry":{"type":"LineString","coordinates":[[132.48,72.69],[133.27,72.28]]}},{"type":"Feature","properties":{"Type":"CRB","PlateA":"NA","PlateB":"EU"},"geometry":{"type":"LineString","coordinates":[[133.27,72.28],[134.02,71.86]]}},{"type":"Feature","properties":{"Type":"CRB","PlateA":"NA","PlateB":"EU"},"geometry":{"type":"LineString","coordinates":[[134.02,71.86],[134.85,71.27]]}},{"type":"Feature","properties":{"Type":"CRB","PlateA":"NA","PlateB":"EU"},"geometry":{"type":"LineString","coordinates":[[134.85,71.27],[135.6,70.69]]}},{"type":"Feature","properties":{"Type":"CRB","PlateA":"NA","PlateB":"EU"},"geometry":{"type":"LineString","coordinates":[[135.6,70.69],[135.96,70.53]]}},{"type":"Feature","properties":{"Type":"CRB","PlateA":"NA","PlateB":"EU"},"geometry":{"type":"LineString","coordinates":[[135.96,70.53],[136.76,69.95]]}},{"type":"Feature","properties":{"Type":"CRB","PlateA":"NA","PlateB":"EU"},"geometry":{"type":"LineString","coordinates":[[136.76,69.95],[137.37,69.64]]}},{"type":"Feature","properties":{"Type":"CRB","PlateA":"NA","PlateB":"EU"},"geometry":{"type":"LineString","coordinates":[[137.37,69.64],[138.52,69.04]]}},{"type":"Feature","properties":{"Type":"CRB","PlateA":"NA","PlateB":"EU"},"geometry":{"type":"LineString","coordinates":[[138.52,69.04],[138.96,68.48]]}},{"type":"Feature","properties":{"Type":"CRB","PlateA":"NA","PlateB":"EU"},"geometry":{"type":"LineString","coordinates":[[138.96,68.48],[139.38,67.91]]}},{"type":"Feature","properties":{"Type":"CRB","PlateA":"NA","PlateB":"EU"},"geometry":{"type":"LineString","coordinates":[[139.38,67.91],[140.33,67.45]]}},{"type":"Feature","properties":{"Type":"CRB","PlateA":"NA","PlateB":"EU"},"geometry":{"type":"LineString","coordinates":[[140.33,67.45],[141.24,66.98]]}},{"type":"Feature","properties":{"Type":"CTF","PlateA":"NA","PlateB":"EU"},"geometry":{"type":"LineString","coordinates":[[141.24,66.98],[142.5,66.65]]}},{"type":"Feature","properties":{"Type":"CTF","PlateA":"NA","PlateB":"EU"},"geometry":{"type":"LineString","coordinates":[[142.5,66.65],[143.73,66.32]]}},{"type":"Feature","properties":{"Type":"CTF","PlateA":"NA","PlateB":"EU"},"geometry":{"type":"LineString","coordinates":[[143.73,66.32],[144.34,65.8]]}},{"type":"Feature","properties":{"Type":"CTF","PlateA":"NA","PlateB":"EU"},"geometry":{"type":"LineString","coordinates":[[144.34,65.8],[144.93,65.29]]}},{"type":"Feature","properties":{"Type":"OSR","PlateA":"NA","PlateB":"EU"},"geometry":{"type":"LineString","coordinates":[[-15.72,69.55],[-15.42,69.84]]}},{"type":"Feature","properties":{"Type":"OSR","PlateA":"NA","PlateB":"EU"},"geometry":{"type":"LineString","coordinates":[[-15.42,69.84],[-15.02,70.17]]}},{"type":"Feature","properties":{"Type":"OSR","PlateA":"NA","PlateB":"EU"},"geometry":{"type":"LineString","coordinates":[[-15.02,70.17],[-14.73,70.39]]}},{"type":"Feature","properties":{"Type":"OTF","PlateA":"NA","PlateB":"EU"},"geometry":{"type":"LineString","coordinates":[[-14.73,70.39],[-14.45,70.35]]}},{"type":"Feature","properties":{"Type":"OSR","PlateA":"NA","PlateB":"EU"},"geometry":{"type":"LineString","coordinates":[[-14.45,70.35],[-14.24,70.52]]}},{"type":"Feature","properties":{"Type":"OSR","PlateA":"NA","PlateB":"EU"},"geometry":{"type":"LineString","coordinates":[[-14.24,70.52],[-14.04,70.73]]}},{"type":"Feature","properties":{"Type":"OSR","PlateA":"NA","PlateB":"EU"},"geometry":{"type":"LineString","coordinates":[[-14.04,70.73],[-13.89,70.82]]}},{"type":"Feature","properties":{"Type":"OTF","PlateA":"NA","PlateB":"EU"},"geometry":{"type":"LineString","coordinates":[[-13.89,70.82],[-13.4,70.77]]}},{"type":"Feature","properties":{"Type":"OTF","PlateA":"NA","PlateB":"EU"},"geometry":{"type":"LineString","coordinates":[[-13.4,70.77],[-12.9,70.7]]}},{"type":"Feature","properties":{"Type":"OTF","PlateA":"NA","PlateB":"EU"},"geometry":{"type":"LineString","coordinates":[[-12.9,70.7],[-12.25,70.56]]}},{"type":"Feature","properties":{"Type":"OSR","PlateA":"NA","PlateB":"EU"},"geometry":{"type":"LineString","coordinates":[[-12.25,70.56],[-12.01,70.71]]}},{"type":"Feature","properties":{"Type":"OSR","PlateA":"NA","PlateB":"EU"},"geometry":{"type":"LineString","coordinates":[[-12.01,70.71],[-11.67,70.88]]}},{"type":"Feature","properties":{"Type":"OSR","PlateA":"NA","PlateB":"EU"},"geometry":{"type":"LineString","coordinates":[[-11.67,70.88],[-11.36,71.05]]}},{"type":"Feature","properties":{"Type":"OTF","PlateA":"NA","PlateB":"EU"},"geometry":{"type":"LineString","coordinates":[[-11.36,71.05],[-11.86,71.15]]}},{"type":"Feature","properties":{"Type":"OTF","PlateA":"NA","PlateB":"EU"},"geometry":{"type":"LineString","coordinates":[[-11.86,71.15],[-12.36,71.25]]}},{"type":"Feature","properties":{"Type":"OSR","PlateA":"NA","PlateB":"EU"},"geometry":{"type":"LineString","coordinates":[[-12.36,71.25],[-12.11,71.4]]}},{"type":"Feature","properties":{"Type":"OSR","PlateA":"NA","PlateB":"EU"},"geometry":{"type":"LineString","coordinates":[[-12.11,71.4],[-11.71,71.59]]}},{"type":"Feature","properties":{"Type":"OSR","PlateA":"NA","PlateB":"EU"},"geometry":{"type":"LineString","coordinates":[[-11.71,71.59],[-11.37,71.77]]}},{"type":"Feature","properties":{"Type":"OTF","PlateA":"NA","PlateB":"EU"},"geometry":{"type":"LineString","coordinates":[[-11.37,71.77],[-10.36,71.61]]}},{"type":"Feature","properties":{"Type":"OTF","PlateA":"NA","PlateB":"EU"},"geometry":{"type":"LineString","coordinates":[[-10.36,71.61],[-9.39,71.46]]}},{"type":"Feature","properties":{"Type":"OTF","PlateA":"NA","PlateB":"EU"},"geometry":{"type":"LineString","coordinates":[[-9.39,71.46],[-7.94,71.22]]}},{"type":"Feature","properties":{"Type":"OTF","PlateA":"NA","PlateB":"EU"},"geometry":{"type":"LineString","coordinates":[[-7.94,71.22],[-7.37,71.13]]}},{"type":"Feature","properties":{"Type":"OSR","PlateA":"NA","PlateB":"EU"},"geometry":{"type":"LineString","coordinates":[[-7.37,71.13],[-6.9,71.28]]}},{"type":"Feature","properties":{"Type":"OSR","PlateA":"NA","PlateB":"EU"},"geometry":{"type":"LineString","coordinates":[[-6.9,71.28],[-6.33,71.39]]}},{"type":"Feature","properties":{"Type":"OSR","PlateA":"NA","PlateB":"EU"},"geometry":{"type":"LineString","coordinates":[[-6.33,71.39],[-5.92,71.47]]}},{"type":"Feature","properties":{"Type":"OSR","PlateA":"NA","PlateB":"EU"},"geometry":{"type":"LineString","coordinates":[[-5.92,71.47],[-5.7,71.54]]}},{"type":"Feature","properties":{"Type":"OTF","PlateA":"NA","PlateB":"EU"},"geometry":{"type":"LineString","coordinates":[[-5.7,71.54],[-5.16,71.43]]}},{"type":"Feature","properties":{"Type":"OTF","PlateA":"NA","PlateB":"EU"},"geometry":{"type":"LineString","coordinates":[[-5.16,71.43],[-4.74,71.33]]}},{"type":"Feature","properties":{"Type":"OSR","PlateA":"NA","PlateB":"EU"},"geometry":{"type":"LineString","coordinates":[[-4.74,71.33],[-4.36,71.43]]}},{"type":"Feature","properties":{"Type":"OSR","PlateA":"NA","PlateB":"EU"},"geometry":{"type":"LineString","coordinates":[[-4.36,71.43],[-4.07,71.49]]}},{"type":"Feature","properties":{"Type":"OTF","PlateA":"NA","PlateB":"EU"},"geometry":{"type":"LineString","coordinates":[[-4.07,71.49],[-3.69,71.4]]}},{"type":"Feature","properties":{"Type":"OSR","PlateA":"NA","PlateB":"EU"},"geometry":{"type":"LineString","coordinates":[[-3.69,71.4],[-2.94,71.5]]}},{"type":"Feature","properties":{"Type":"OSR","PlateA":"NA","PlateB":"EU"},"geometry":{"type":"LineString","coordinates":[[-2.94,71.5],[-2.4,71.59]]}},{"type":"Feature","properties":{"Type":"OSR","PlateA":"NA","PlateB":"EU"},"geometry":{"type":"LineString","coordinates":[[-2.4,71.59],[-1.74,71.69]]}},{"type":"Feature","properties":{"Type":"OSR","PlateA":"NA","PlateB":"EU"},"geometry":{"type":"LineString","coordinates":[[-1.74,71.69],[-0.97,71.82]]}},{"type":"Feature","properties":{"Type":"OSR","PlateA":"NA","PlateB":"EU"},"geometry":{"type":"LineString","coordinates":[[-0.97,71.82],[-0.39,71.91]]}},{"type":"Feature","properties":{"Type":"OSR","PlateA":"NA","PlateB":"EU"},"geometry":{"type":"LineString","coordinates":[[-0.39,71.91],[0.28,72.02]]}},{"type":"Feature","properties":{"Type":"OSR","PlateA":"NA","PlateB":"EU"},"geometry":{"type":"LineString","coordinates":[[0.28,72.02],[0.9,72.13]]}},{"type":"Feature","properties":{"Type":"OSR","PlateA":"NA","PlateB":"EU"},"geometry":{"type":"LineString","coordinates":[[0.9,72.13],[1.99,72.33]]}},{"type":"Feature","properties":{"Type":"OSR","PlateA":"NA","PlateB":"EU"},"geometry":{"type":"LineString","coordinates":[[1.99,72.33],[2.78,72.43]]}},{"type":"Feature","properties":{"Type":"OSR","PlateA":"NA","PlateB":"EU"},"geometry":{"type":"LineString","coordinates":[[2.78,72.43],[3.61,72.58]]}},{"type":"Feature","properties":{"Type":"OSR","PlateA":"NA","PlateB":"EU"},"geometry":{"type":"LineString","coordinates":[[3.61,72.58],[4.3,72.7]]}},{"type":"Feature","properties":{"Type":"OSR","PlateA":"NA","PlateB":"EU"},"geometry":{"type":"LineString","coordinates":[[4.3,72.7],[4.97,72.82]]}},{"type":"Feature","properties":{"Type":"OSR","PlateA":"NA","PlateB":"EU"},"geometry":{"type":"LineString","coordinates":[[4.97,72.82],[5.59,72.92]]}},{"type":"Feature","properties":{"Type":"OSR","PlateA":"NA","PlateB":"EU"},"geometry":{"type":"LineString","coordinates":[[5.59,72.92],[6.06,73.02]]}},{"type":"Feature","properties":{"Type":"OSR","PlateA":"NA","PlateB":"EU"},"geometry":{"type":"LineString","coordinates":[[6.06,73.02],[6.78,73.15]]}},{"type":"Feature","properties":{"Type":"OSR","PlateA":"NA","PlateB":"EU"},"geometry":{"type":"LineString","coordinates":[[6.78,73.15],[7.07,73.2]]}},{"type":"Feature","properties":{"Type":"OSR","PlateA":"NA","PlateB":"EU"},"geometry":{"type":"LineString","coordinates":[[7.07,73.2],[7.39,73.25]]}},{"type":"Feature","properties":{"Type":"OSR","PlateA":"NA","PlateB":"EU"},"geometry":{"type":"LineString","coordinates":[[7.39,73.25],[7.79,73.37]]}},{"type":"Feature","properties":{"Type":"OSR","PlateA":"NA","PlateB":"EU"},"geometry":{"type":"LineString","coordinates":[[7.79,73.37],[8.15,73.43]]}},{"type":"Feature","properties":{"Type":"OSR","PlateA":"NA","PlateB":"EU"},"geometry":{"type":"LineString","coordinates":[[8.15,73.43],[8.39,73.49]]}},{"type":"Feature","properties":{"Type":"OSR","PlateA":"NA","PlateB":"EU"},"geometry":{"type":"LineString","coordinates":[[8.39,73.49],[8.65,73.53]]}},{"type":"Feature","properties":{"Type":"OSR","PlateA":"NA","PlateB":"EU"},"geometry":{"type":"LineString","coordinates":[[8.65,73.53],[8.84,73.63]]}},{"type":"Feature","properties":{"Type":"OSR","PlateA":"NA","PlateB":"EU"},"geometry":{"type":"LineString","coordinates":[[8.84,73.63],[8.96,73.71]]}},{"type":"Feature","properties":{"Type":"OSR","PlateA":"NA","PlateB":"EU"},"geometry":{"type":"LineString","coordinates":[[8.96,73.71],[9.04,73.76]]}},{"type":"Feature","properties":{"Type":"OSR","PlateA":"NA","PlateB":"EU"},"geometry":{"type":"LineString","coordinates":[[9.04,73.76],[9.14,73.88]]}},{"type":"Feature","properties":{"Type":"OSR","PlateA":"NA","PlateB":"EU"},"geometry":{"type":"LineString","coordinates":[[9.14,73.88],[9.2,73.98]]}},{"type":"Feature","properties":{"Type":"OSR","PlateA":"NA","PlateB":"EU"},"geometry":{"type":"LineString","coordinates":[[9.2,73.98],[9.21,74.1]]}},{"type":"Feature","properties":{"Type":"OSR","PlateA":"NA","PlateB":"EU"},"geometry":{"type":"LineString","coordinates":[[9.21,74.1],[9.15,74.23]]}},{"type":"Feature","properties":{"Type":"OSR","PlateA":"NA","PlateB":"EU"},"geometry":{"type":"LineString","coordinates":[[9.15,74.23],[9.13,74.38]]}},{"type":"Feature","properties":{"Type":"OSR","PlateA":"NA","PlateB":"EU"},"geometry":{"type":"LineString","coordinates":[[9.13,74.38],[8.98,74.54]]}},{"type":"Feature","properties":{"Type":"OSR","PlateA":"NA","PlateB":"EU"},"geometry":{"type":"LineString","coordinates":[[8.98,74.54],[8.78,74.76]]}},{"type":"Feature","properties":{"Type":"OSR","PlateA":"NA","PlateB":"EU"},"geometry":{"type":"LineString","coordinates":[[8.78,74.76],[8.63,74.95]]}},{"type":"Feature","properties":{"Type":"OSR","PlateA":"NA","PlateB":"EU"},"geometry":{"type":"LineString","coordinates":[[8.63,74.95],[8.46,75.08]]}},{"type":"Feature","properties":{"Type":"OSR","PlateA":"NA","PlateB":"EU"},"geometry":{"type":"LineString","coordinates":[[8.46,75.08],[8.21,75.19]]}},{"type":"Feature","properties":{"Type":"OSR","PlateA":"NA","PlateB":"EU"},"geometry":{"type":"LineString","coordinates":[[8.21,75.19],[7.95,75.38]]}},{"type":"Feature","properties":{"Type":"OSR","PlateA":"NA","PlateB":"EU"},"geometry":{"type":"LineString","coordinates":[[7.95,75.38],[7.84,75.53]]}},{"type":"Feature","properties":{"Type":"OSR","PlateA":"NA","PlateB":"EU"},"geometry":{"type":"LineString","coordinates":[[7.84,75.53],[7.6,75.73]]}},{"type":"Feature","properties":{"Type":"OSR","PlateA":"NA","PlateB":"EU"},"geometry":{"type":"LineString","coordinates":[[7.6,75.73],[7.59,75.98]]}},{"type":"Feature","properties":{"Type":"OSR","PlateA":"NA","PlateB":"EU"},"geometry":{"type":"LineString","coordinates":[[7.59,75.98],[7.52,76.12]]}},{"type":"Feature","properties":{"Type":"OSR","PlateA":"NA","PlateB":"EU"},"geometry":{"type":"LineString","coordinates":[[7.52,76.12],[7.48,76.28]]}},{"type":"Feature","properties":{"Type":"OSR","PlateA":"NA","PlateB":"EU"},"geometry":{"type":"LineString","coordinates":[[7.48,76.28],[7.56,76.43]]}},{"type":"Feature","properties":{"Type":"OSR","PlateA":"NA","PlateB":"EU"},"geometry":{"type":"LineString","coordinates":[[7.56,76.43],[7.56,76.6]]}},{"type":"Feature","properties":{"Type":"OSR","PlateA":"NA","PlateB":"EU"},"geometry":{"type":"LineString","coordinates":[[7.56,76.6],[7.62,76.8]]}},{"type":"Feature","properties":{"Type":"OSR","PlateA":"NA","PlateB":"EU"},"geometry":{"type":"LineString","coordinates":[[7.62,76.8],[7.62,76.97]]}},{"type":"Feature","properties":{"Type":"OSR","PlateA":"NA","PlateB":"EU"},"geometry":{"type":"LineString","coordinates":[[7.62,76.97],[7.67,77.15]]}},{"type":"Feature","properties":{"Type":"OSR","PlateA":"NA","PlateB":"EU"},"geometry":{"type":"LineString","coordinates":[[7.67,77.15],[7.81,77.48]]}},{"type":"Feature","properties":{"Type":"OSR","PlateA":"NA","PlateB":"EU"},"geometry":{"type":"LineString","coordinates":[[7.81,77.48],[7.88,77.71]]}},{"type":"Feature","properties":{"Type":"OSR","PlateA":"NA","PlateB":"EU"},"geometry":{"type":"LineString","coordinates":[[7.88,77.71],[7.77,77.91]]}},{"type":"Feature","properties":{"Type":"OSR","PlateA":"NA","PlateB":"EU"},"geometry":{"type":"LineString","coordinates":[[7.77,77.91],[7.83,78.09]]}},{"type":"Feature","properties":{"Type":"OSR","PlateA":"NA","PlateB":"EU"},"geometry":{"type":"LineString","coordinates":[[7.83,78.09],[7.79,78.24]]}},{"type":"Feature","properties":{"Type":"OTF","PlateA":"NA","PlateB":"EU"},"geometry":{"type":"LineString","coordinates":[[7.79,78.24],[6.78,78.44]]}},{"type":"Feature","properties":{"Type":"OTF","PlateA":"NA","PlateB":"EU"},"geometry":{"type":"LineString","coordinates":[[6.78,78.44],[5.59,78.64]]}},{"type":"Feature","properties":{"Type":"OTF","PlateA":"NA","PlateB":"EU"},"geometry":{"type":"LineString","coordinates":[[5.59,78.64],[4.69,78.81]]}},{"type":"Feature","properties":{"Type":"OTF","PlateA":"NA","PlateB":"EU"},"geometry":{"type":"LineString","coordinates":[[4.69,78.81],[3.86,78.95]]}},{"type":"Feature","properties":{"Type":"OTF","PlateA":"NA","PlateB":"EU"},"geometry":{"type":"LineString","coordinates":[[3.86,78.95],[3.43,79.03]]}},{"type":"Feature","properties":{"Type":"OSR","PlateA":"NA","PlateB":"EU"},"geometry":{"type":"LineString","coordinates":[[3.43,79.03],[3.9,79.23]]}},{"type":"Feature","properties":{"Type":"OSR","PlateA":"NA","PlateB":"EU"},"geometry":{"type":"LineString","coordinates":[[3.9,79.23],[4.39,79.53]]}},{"type":"Feature","properties":{"Type":"OTF","PlateA":"NA","PlateB":"EU"},"geometry":{"type":"LineString","coordinates":[[4.39,79.53],[3.3,79.66]]}},{"type":"Feature","properties":{"Type":"OTF","PlateA":"NA","PlateB":"EU"},"geometry":{"type":"LineString","coordinates":[[3.3,79.66],[2.38,79.78]]}},{"type":"Feature","properties":{"Type":"OTF","PlateA":"NA","PlateB":"EU"},"geometry":{"type":"LineString","coordinates":[[2.38,79.78],[1.49,79.91]]}},{"type":"Feature","properties":{"Type":"OTF","PlateA":"NA","PlateB":"EU"},"geometry":{"type":"LineString","coordinates":[[1.49,79.91],[0.63,80.03]]}},{"type":"Feature","properties":{"Type":"OTF","PlateA":"NA","PlateB":"EU"},"geometry":{"type":"LineString","coordinates":[[0.63,80.03],[-0.25,80.14]]}},{"type":"Feature","properties":{"Type":"OTF","PlateA":"NA","PlateB":"EU"},"geometry":{"type":"LineString","coordinates":[[-0.25,80.14],[-0.97,80.21]]}},{"type":"Feature","properties":{"Type":"OTF","PlateA":"NA","PlateB":"EU"},"geometry":{"type":"LineString","coordinates":[[-0.97,80.21],[-1.77,80.31]]}},{"type":"Feature","properties":{"Type":"OTF","PlateA":"NA","PlateB":"EU"},"geometry":{"type":"LineString","coordinates":[[-1.77,80.31],[-2.34,80.37]]}},{"type":"Feature","properties":{"Type":"OSR","PlateA":"NA","PlateB":"EU"},"geometry":{"type":"LineString","coordinates":[[-2.34,80.37],[-1.68,80.63]]}},{"type":"Feature","properties":{"Type":"OTF","PlateA":"NA","PlateB":"EU"},"geometry":{"type":"LineString","coordinates":[[-1.68,80.63],[-2.94,80.76]]}},{"type":"Feature","properties":{"Type":"OTF","PlateA":"NA","PlateB":"EU"},"geometry":{"type":"LineString","coordinates":[[-2.94,80.76],[-3.36,80.79]]}},{"type":"Feature","properties":{"Type":"OSR","PlateA":"NA","PlateB":"EU"},"geometry":{"type":"LineString","coordinates":[[-3.36,80.79],[-2.78,80.99]]}},{"type":"Feature","properties":{"Type":"OSR","PlateA":"NA","PlateB":"EU"},"geometry":{"type":"LineString","coordinates":[[-2.78,80.99],[-2.41,81.13]]}},{"type":"Feature","properties":{"Type":"OTF","PlateA":"NA","PlateB":"EU"},"geometry":{"type":"LineString","coordinates":[[-2.41,81.13],[-3.45,81.25]]}},{"type":"Feature","properties":{"Type":"OTF","PlateA":"NA","PlateB":"EU"},"geometry":{"type":"LineString","coordinates":[[-3.45,81.25],[-4.64,81.37]]}},{"type":"Feature","properties":{"Type":"OSR","PlateA":"NA","PlateB":"EU"},"geometry":{"type":"LineString","coordinates":[[-4.64,81.37],[-4.15,81.55]]}},{"type":"Feature","properties":{"Type":"OSR","PlateA":"NA","PlateB":"EU"},"geometry":{"type":"LineString","coordinates":[[-4.15,81.55],[-3.91,81.62]]}},{"type":"Feature","properties":{"Type":"OSR","PlateA":"NA","PlateB":"EU"},"geometry":{"type":"LineString","coordinates":[[-3.91,81.62],[-5.03,81.91]]}},{"type":"Feature","properties":{"Type":"OSR","PlateA":"NA","PlateB":"EU"},"geometry":{"type":"LineString","coordinates":[[-5.03,81.91],[-4.54,82.05]]}},{"type":"Feature","properties":{"Type":"OSR","PlateA":"NA","PlateB":"EU"},"geometry":{"type":"LineString","coordinates":[[-4.54,82.05],[-3.8,82.29]]}},{"type":"Feature","properties":{"Type":"OSR","PlateA":"NA","PlateB":"EU"},"geometry":{"type":"LineString","coordinates":[[-3.8,82.29],[-3.7,82.33]]}},{"type":"Feature","properties":{"Type":"OTF","PlateA":"NA","PlateB":"EU"},"geometry":{"type":"LineString","coordinates":[[-3.7,82.33],[-5.01,82.52]]}},{"type":"Feature","properties":{"Type":"OSR","PlateA":"NA","PlateB":"EU"},"geometry":{"type":"LineString","coordinates":[[-5.01,82.52],[-5.86,82.69]]}},{"type":"Feature","properties":{"Type":"OTF","PlateA":"NA","PlateB":"EU"},"geometry":{"type":"LineString","coordinates":[[-5.86,82.69],[-7.21,82.87]]}},{"type":"Feature","properties":{"Type":"OSR","PlateA":"NA","PlateB":"EU"},"geometry":{"type":"LineString","coordinates":[[-7.21,82.87],[-6.23,83]]}},{"type":"Feature","properties":{"Type":"OSR","PlateA":"NA","PlateB":"EU"},"geometry":{"type":"LineString","coordinates":[[-6.23,83],[-5.15,83.25]]}},{"type":"Feature","properties":{"Type":"OSR","PlateA":"NA","PlateB":"EU"},"geometry":{"type":"LineString","coordinates":[[-5.15,83.25],[-4.15,83.43]]}},{"type":"Feature","properties":{"Type":"OSR","PlateA":"NA","PlateB":"EU"},"geometry":{"type":"LineString","coordinates":[[-4.15,83.43],[-3.2,83.57]]}},{"type":"Feature","properties":{"Type":"OSR","PlateA":"NA","PlateB":"EU"},"geometry":{"type":"LineString","coordinates":[[-3.2,83.57],[-2.36,83.69]]}},{"type":"Feature","properties":{"Type":"OSR","PlateA":"NA","PlateB":"EU"},"geometry":{"type":"LineString","coordinates":[[-2.36,83.69],[-1.21,83.86]]}},{"type":"Feature","properties":{"Type":"OSR","PlateA":"NA","PlateB":"EU"},"geometry":{"type":"LineString","coordinates":[[-1.21,83.86],[-0.47,84]]}},{"type":"Feature","properties":{"Type":"OSR","PlateA":"NA","PlateB":"EU"},"geometry":{"type":"LineString","coordinates":[[-0.47,84],[0.41,84.1]]}},{"type":"Feature","properties":{"Type":"OSR","PlateA":"NA","PlateB":"EU"},"geometry":{"type":"LineString","coordinates":[[0.41,84.1],[1.3,84.22]]}},{"type":"Feature","properties":{"Type":"OSR","PlateA":"NA","PlateB":"EU"},"geometry":{"type":"LineString","coordinates":[[1.3,84.22],[2.24,84.34]]}},{"type":"Feature","properties":{"Type":"OSR","PlateA":"NA","PlateB":"EU"},"geometry":{"type":"LineString","coordinates":[[2.24,84.34],[3.02,84.46]]}},{"type":"Feature","properties":{"Type":"OSR","PlateA":"NA","PlateB":"EU"},"geometry":{"type":"LineString","coordinates":[[3.02,84.46],[3.85,84.56]]}},{"type":"Feature","properties":{"Type":"OSR","PlateA":"NA","PlateB":"EU"},"geometry":{"type":"LineString","coordinates":[[3.85,84.56],[4.04,84.6]]}},{"type":"Feature","properties":{"Type":"OTF","PlateA":"NA","PlateB":"EU"},"geometry":{"type":"LineString","coordinates":[[4.04,84.6],[4.51,84.57]]}},{"type":"Feature","properties":{"Type":"OSR","PlateA":"NA","PlateB":"EU"},"geometry":{"type":"LineString","coordinates":[[4.51,84.57],[5.18,84.63]]}},{"type":"Feature","properties":{"Type":"OSR","PlateA":"NA","PlateB":"EU"},"geometry":{"type":"LineString","coordinates":[[5.18,84.63],[6.67,84.76]]}},{"type":"Feature","properties":{"Type":"OSR","PlateA":"NA","PlateB":"EU"},"geometry":{"type":"LineString","coordinates":[[6.67,84.76],[8.13,84.9]]}},{"type":"Feature","properties":{"Type":"OSR","PlateA":"NA","PlateB":"EU"},"geometry":{"type":"LineString","coordinates":[[8.13,84.9],[8.94,85.01]]}},{"type":"Feature","properties":{"Type":"OTF","PlateA":"NA","PlateB":"EU"},"geometry":{"type":"LineString","coordinates":[[8.94,85.01],[9.81,84.96]]}},{"type":"Feature","properties":{"Type":"OSR","PlateA":"NA","PlateB":"EU"},"geometry":{"type":"LineString","coordinates":[[9.81,84.96],[10.66,85.07]]}},{"type":"Feature","properties":{"Type":"OSR","PlateA":"NA","PlateB":"EU"},"geometry":{"type":"LineString","coordinates":[[10.66,85.07],[11.7,85.14]]}},{"type":"Feature","properties":{"Type":"OSR","PlateA":"NA","PlateB":"EU"},"geometry":{"type":"LineString","coordinates":[[11.7,85.14],[13.24,85.28]]}},{"type":"Feature","properties":{"Type":"OSR","PlateA":"NA","PlateB":"EU"},"geometry":{"type":"LineString","coordinates":[[13.24,85.28],[14.67,85.38]]}},{"type":"Feature","properties":{"Type":"OSR","PlateA":"NA","PlateB":"EU"},"geometry":{"type":"LineString","coordinates":[[14.67,85.38],[16.06,85.49]]}},{"type":"Feature","properties":{"Type":"OSR","PlateA":"NA","PlateB":"EU"},"geometry":{"type":"LineString","coordinates":[[16.06,85.49],[17.89,85.59]]}},{"type":"Feature","properties":{"Type":"OSR","PlateA":"NA","PlateB":"EU"},"geometry":{"type":"LineString","coordinates":[[17.89,85.59],[19.29,85.68]]}},{"type":"Feature","properties":{"Type":"OSR","PlateA":"NA","PlateB":"EU"},"geometry":{"type":"LineString","coordinates":[[19.29,85.68],[21.34,85.8]]}},{"type":"Feature","properties":{"Type":"OSR","PlateA":"NA","PlateB":"EU"},"geometry":{"type":"LineString","coordinates":[[21.34,85.8],[23.35,85.82]]}},{"type":"Feature","properties":{"Type":"OSR","PlateA":"NA","PlateB":"EU"},"geometry":{"type":"LineString","coordinates":[[23.35,85.82],[25.38,85.86]]}},{"type":"Feature","properties":{"Type":"OSR","PlateA":"NA","PlateB":"EU"},"geometry":{"type":"LineString","coordinates":[[25.38,85.86],[27.43,85.87]]}},{"type":"Feature","properties":{"Type":"OSR","PlateA":"NA","PlateB":"EU"},"geometry":{"type":"LineString","coordinates":[[27.43,85.87],[28.14,85.87]]}},{"type":"Feature","properties":{"Type":"OSR","PlateA":"NA","PlateB":"EU"},"geometry":{"type":"LineString","coordinates":[[28.14,85.87],[29.23,85.81]]}},{"type":"Feature","properties":{"Type":"OSR","PlateA":"NA","PlateB":"EU"},"geometry":{"type":"LineString","coordinates":[[29.23,85.81],[30.97,85.91]]}},{"type":"Feature","properties":{"Type":"OSR","PlateA":"NA","PlateB":"EU"},"geometry":{"type":"LineString","coordinates":[[30.97,85.91],[33.34,86.05]]}},{"type":"Feature","properties":{"Type":"OSR","PlateA":"NA","PlateB":"EU"},"geometry":{"type":"LineString","coordinates":[[33.34,86.05],[35.61,86.16]]}},{"type":"Feature","properties":{"Type":"OSR","PlateA":"NA","PlateB":"EU"},"geometry":{"type":"LineString","coordinates":[[35.61,86.16],[38.3,86.29]]}},{"type":"Feature","properties":{"Type":"OSR","PlateA":"NA","PlateB":"EU"},"geometry":{"type":"LineString","coordinates":[[38.3,86.29],[41.76,86.43]]}},{"type":"Feature","properties":{"Type":"OSR","PlateA":"NA","PlateB":"EU"},"geometry":{"type":"LineString","coordinates":[[41.76,86.43],[43.48,86.5]]}},{"type":"Feature","properties":{"Type":"OSR","PlateA":"NA","PlateB":"EU"},"geometry":{"type":"LineString","coordinates":[[43.48,86.5],[46.31,86.56]]}},{"type":"Feature","properties":{"Type":"OTF","PlateA":"NA","PlateB":"EU"},"geometry":{"type":"LineString","coordinates":[[46.31,86.56],[46.06,86.6]]}},{"type":"Feature","properties":{"Type":"OSR","PlateA":"NA","PlateB":"EU"},"geometry":{"type":"LineString","coordinates":[[46.06,86.6],[47.52,86.64]]}},{"type":"Feature","properties":{"Type":"OSR","PlateA":"NA","PlateB":"EU"},"geometry":{"type":"LineString","coordinates":[[47.52,86.64],[50.77,86.71]]}},{"type":"Feature","properties":{"Type":"OSR","PlateA":"NA","PlateB":"EU"},"geometry":{"type":"LineString","coordinates":[[50.77,86.71],[54.56,86.75]]}},{"type":"Feature","properties":{"Type":"OSR","PlateA":"NA","PlateB":"EU"},"geometry":{"type":"LineString","coordinates":[[54.56,86.75],[58.02,86.79]]}},{"type":"Feature","properties":{"Type":"OSR","PlateA":"NA","PlateB":"EU"},"geometry":{"type":"LineString","coordinates":[[58.02,86.79],[61.51,86.81]]}},{"type":"Feature","properties":{"Type":"OSR","PlateA":"NA","PlateB":"EU"},"geometry":{"type":"LineString","coordinates":[[61.51,86.81],[62.46,86.76]]}},{"type":"Feature","properties":{"Type":"OSR","PlateA":"NA","PlateB":"EU"},"geometry":{"type":"LineString","coordinates":[[62.46,86.76],[66.54,86.66]]}},{"type":"Feature","properties":{"Type":"OTF","PlateA":"NA","PlateB":"EU"},"geometry":{"type":"LineString","coordinates":[[66.54,86.66],[66.3,86.61]]}},{"type":"Feature","properties":{"Type":"OSR","PlateA":"NA","PlateB":"EU"},"geometry":{"type":"LineString","coordinates":[[66.3,86.61],[69.75,86.47]]}},{"type":"Feature","properties":{"Type":"OTF","PlateA":"NA","PlateB":"EU"},"geometry":{"type":"LineString","coordinates":[[69.75,86.47],[68.21,86.31]]}},{"type":"Feature","properties":{"Type":"OSR","PlateA":"NA","PlateB":"EU"},"geometry":{"type":"LineString","coordinates":[[68.21,86.31],[70.93,86.2]]}},{"type":"Feature","properties":{"Type":"OSR","PlateA":"NA","PlateB":"EU"},"geometry":{"type":"LineString","coordinates":[[70.93,86.2],[72.98,86.11]]}},{"type":"Feature","properties":{"Type":"OSR","PlateA":"NA","PlateB":"EU"},"geometry":{"type":"LineString","coordinates":[[72.98,86.11],[75.03,85.99]]}},{"type":"Feature","properties":{"Type":"OSR","PlateA":"NA","PlateB":"EU"},"geometry":{"type":"LineString","coordinates":[[75.03,85.99],[76.33,85.92]]}},{"type":"Feature","properties":{"Type":"OSR","PlateA":"NA","PlateB":"EU"},"geometry":{"type":"LineString","coordinates":[[76.33,85.92],[78.4,85.77]]}},{"type":"Feature","properties":{"Type":"OSR","PlateA":"NA","PlateB":"EU"},"geometry":{"type":"LineString","coordinates":[[78.4,85.77],[81.1,85.64]]}},{"type":"Feature","properties":{"Type":"OSR","PlateA":"NA","PlateB":"EU"},"geometry":{"type":"LineString","coordinates":[[81.1,85.64],[83.14,85.56]]}},{"type":"Feature","properties":{"Type":"OSR","PlateA":"NA","PlateB":"EU"},"geometry":{"type":"LineString","coordinates":[[83.14,85.56],[84.8,85.5]]}},{"type":"Feature","properties":{"Type":"OSR","PlateA":"NA","PlateB":"EU"},"geometry":{"type":"LineString","coordinates":[[84.8,85.5],[86.8,85.42]]}},{"type":"Feature","properties":{"Type":"OSR","PlateA":"NA","PlateB":"EU"},"geometry":{"type":"LineString","coordinates":[[86.8,85.42],[88.49,85.35]]}},{"type":"Feature","properties":{"Type":"OSR","PlateA":"NA","PlateB":"EU"},"geometry":{"type":"LineString","coordinates":[[88.49,85.35],[89.98,85.3]]}},{"type":"Feature","properties":{"Type":"OSR","PlateA":"NA","PlateB":"EU"},"geometry":{"type":"LineString","coordinates":[[89.98,85.3],[92.31,85.23]]}},{"type":"Feature","properties":{"Type":"OSR","PlateA":"NA","PlateB":"EU"},"geometry":{"type":"LineString","coordinates":[[92.31,85.23],[94.16,85.16]]}},{"type":"Feature","properties":{"Type":"OSR","PlateA":"NA","PlateB":"EU"},"geometry":{"type":"LineString","coordinates":[[94.16,85.16],[95.84,85.1]]}},{"type":"Feature","properties":{"Type":"OSR","PlateA":"NA","PlateB":"EU"},"geometry":{"type":"LineString","coordinates":[[95.84,85.1],[97.27,85.03]]}},{"type":"Feature","properties":{"Type":"OSR","PlateA":"NA","PlateB":"EU"},"geometry":{"type":"LineString","coordinates":[[97.27,85.03],[98.57,84.96]]}},{"type":"Feature","properties":{"Type":"OSR","PlateA":"NA","PlateB":"EU"},"geometry":{"type":"LineString","coordinates":[[98.57,84.96],[99.44,84.91]]}},{"type":"Feature","properties":{"Type":"OSR","PlateA":"NA","PlateB":"EU"},"geometry":{"type":"LineString","coordinates":[[99.44,84.91],[102.92,84.66]]}},{"type":"Feature","properties":{"Type":"OSR","PlateA":"NA","PlateB":"EU"},"geometry":{"type":"LineString","coordinates":[[102.92,84.66],[103.94,84.58]]}},{"type":"Feature","properties":{"Type":"OSR","PlateA":"NA","PlateB":"EU"},"geometry":{"type":"LineString","coordinates":[[103.94,84.58],[105.3,84.49]]}},{"type":"Feature","properties":{"Type":"OSR","PlateA":"NA","PlateB":"EU"},"geometry":{"type":"LineString","coordinates":[[105.3,84.49],[106.76,84.37]]}},{"type":"Feature","properties":{"Type":"OSR","PlateA":"NA","PlateB":"EU"},"geometry":{"type":"LineString","coordinates":[[106.76,84.37],[107.71,84.3]]}},{"type":"Feature","properties":{"Type":"OSR","PlateA":"NA","PlateB":"EU"},"geometry":{"type":"LineString","coordinates":[[107.71,84.3],[108.94,84.19]]}},{"type":"Feature","properties":{"Type":"OSR","PlateA":"NA","PlateB":"EU"},"geometry":{"type":"LineString","coordinates":[[108.94,84.19],[109.73,84.11]]}},{"type":"Feature","properties":{"Type":"OSR","PlateA":"NA","PlateB":"EU"},"geometry":{"type":"LineString","coordinates":[[109.73,84.11],[110.96,83.97]]}},{"type":"Feature","properties":{"Type":"OSR","PlateA":"NA","PlateB":"EU"},"geometry":{"type":"LineString","coordinates":[[110.96,83.97],[111.97,83.82]]}},{"type":"Feature","properties":{"Type":"OSR","PlateA":"NA","PlateB":"EU"},"geometry":{"type":"LineString","coordinates":[[111.97,83.82],[112.84,83.67]]}},{"type":"Feature","properties":{"Type":"OSR","PlateA":"NA","PlateB":"EU"},"geometry":{"type":"LineString","coordinates":[[112.84,83.67],[113.72,83.51]]}},{"type":"Feature","properties":{"Type":"OSR","PlateA":"NA","PlateB":"EU"},"geometry":{"type":"LineString","coordinates":[[113.72,83.51],[114.56,83.32]]}},{"type":"Feature","properties":{"Type":"OSR","PlateA":"NA","PlateB":"EU"},"geometry":{"type":"LineString","coordinates":[[114.56,83.32],[115.26,83.15]]}},{"type":"Feature","properties":{"Type":"OSR","PlateA":"NA","PlateB":"EU"},"geometry":{"type":"LineString","coordinates":[[115.26,83.15],[115.79,83.01]]}},{"type":"Feature","properties":{"Type":"OSR","PlateA":"NA","PlateB":"EU"},"geometry":{"type":"LineString","coordinates":[[115.79,83.01],[116.58,82.74]]}},{"type":"Feature","properties":{"Type":"OSR","PlateA":"NA","PlateB":"EU"},"geometry":{"type":"LineString","coordinates":[[116.58,82.74],[117.17,82.54]]}},{"type":"Feature","properties":{"Type":"OSR","PlateA":"NA","PlateB":"EU"},"geometry":{"type":"LineString","coordinates":[[117.17,82.54],[117.76,82.3]]}},{"type":"Feature","properties":{"Type":"OSR","PlateA":"NA","PlateB":"EU"},"geometry":{"type":"LineString","coordinates":[[117.76,82.3],[119.1,82.09]]}},{"type":"Feature","properties":{"Type":"OSR","PlateA":"NA","PlateB":"EU"},"geometry":{"type":"LineString","coordinates":[[119.1,82.09],[119.98,81.6]]}},{"type":"Feature","properties":{"Type":"OSR","PlateA":"NA","PlateB":"EU"},"geometry":{"type":"LineString","coordinates":[[119.98,81.6],[121,81.11]]}},{"type":"Feature","properties":{"Type":"OSR","PlateA":"NA","PlateB":"EU"},"geometry":{"type":"LineString","coordinates":[[121,81.11],[121.9,80.64]]}},{"type":"Feature","properties":{"Type":"OSR","PlateA":"NA","PlateB":"EU"},"geometry":{"type":"LineString","coordinates":[[121.9,80.64],[122.64,80.21]]}},{"type":"Feature","properties":{"Type":"OSR","PlateA":"NA","PlateB":"EU"},"geometry":{"type":"LineString","coordinates":[[122.64,80.21],[123.41,79.76]]}},{"type":"Feature","properties":{"Type":"OSR","PlateA":"NA","PlateB":"EU"},"geometry":{"type":"LineString","coordinates":[[123.41,79.76],[125.19,78.99]]}},{"type":"Feature","properties":{"Type":"OSR","PlateA":"NA","PlateB":"EU"},"geometry":{"type":"LineString","coordinates":[[125.19,78.99],[125.68,78.13]]}},{"type":"Feature","properties":{"Type":"OSR","PlateA":"NA","PlateB":"EU"},"geometry":{"type":"LineString","coordinates":[[-29.77,39.4],[-29.61,39.99]]}},{"type":"Feature","properties":{"Type":"OSR","PlateA":"NA","PlateB":"EU"},"geometry":{"type":"LineString","coordinates":[[-29.61,39.99],[-29.61,40.03]]}},{"type":"Feature","properties":{"Type":"OSR","PlateA":"NA","PlateB":"EU"},"geometry":{"type":"LineString","coordinates":[[-29.61,40.03],[-29.58,40.08]]}},{"type":"Feature","properties":{"Type":"OSR","PlateA":"NA","PlateB":"EU"},"geometry":{"type":"LineString","coordinates":[[-29.58,40.08],[-29.59,40.11]]}},{"type":"Feature","properties":{"Type":"OTF","PlateA":"NA","PlateB":"EU"},"geometry":{"type":"LineString","coordinates":[[-29.59,40.11],[-29.66,40.11]]}},{"type":"Feature","properties":{"Type":"OSR","PlateA":"NA","PlateB":"EU"},"geometry":{"type":"LineString","coordinates":[[-29.66,40.11],[-29.64,40.21]]}},{"type":"Feature","properties":{"Type":"OSR","PlateA":"NA","PlateB":"EU"},"geometry":{"type":"LineString","coordinates":[[-29.64,40.21],[-29.63,40.28]]}},{"type":"Feature","properties":{"Type":"OSR","PlateA":"NA","PlateB":"EU"},"geometry":{"type":"LineString","coordinates":[[-29.63,40.28],[-29.6,40.38]]}},{"type":"Feature","properties":{"Type":"OSR","PlateA":"NA","PlateB":"EU"},"geometry":{"type":"LineString","coordinates":[[-29.6,40.38],[-29.57,40.47]]}},{"type":"Feature","properties":{"Type":"OSR","PlateA":"NA","PlateB":"EU"},"geometry":{"type":"LineString","coordinates":[[-29.57,40.47],[-29.58,40.55]]}},{"type":"Feature","properties":{"Type":"OSR","PlateA":"NA","PlateB":"EU"},"geometry":{"type":"LineString","coordinates":[[-29.58,40.55],[-29.56,40.6]]}},{"type":"Feature","properties":{"Type":"OTF","PlateA":"NA","PlateB":"EU"},"geometry":{"type":"LineString","coordinates":[[-29.56,40.6],[-29.35,40.57]]}},{"type":"Feature","properties":{"Type":"OSR","PlateA":"NA","PlateB":"EU"},"geometry":{"type":"LineString","coordinates":[[-29.35,40.57],[-29.3,40.71]]}},{"type":"Feature","properties":{"Type":"OSR","PlateA":"NA","PlateB":"EU"},"geometry":{"type":"LineString","coordinates":[[-29.3,40.71],[-29.28,40.87]]}},{"type":"Feature","properties":{"Type":"OSR","PlateA":"NA","PlateB":"EU"},"geometry":{"type":"LineString","coordinates":[[-29.28,40.87],[-29.26,40.99]]}},{"type":"Feature","properties":{"Type":"OSR","PlateA":"NA","PlateB":"EU"},"geometry":{"type":"LineString","coordinates":[[-29.26,40.99],[-29.24,41.13]]}},{"type":"Feature","properties":{"Type":"OSR","PlateA":"NA","PlateB":"EU"},"geometry":{"type":"LineString","coordinates":[[-29.24,41.13],[-29.23,41.22]]}},{"type":"Feature","properties":{"Type":"OTF","PlateA":"NA","PlateB":"EU"},"geometry":{"type":"LineString","coordinates":[[-29.23,41.22],[-29.32,41.25]]}},{"type":"Feature","properties":{"Type":"OSR","PlateA":"NA","PlateB":"EU"},"geometry":{"type":"LineString","coordinates":[[-29.32,41.25],[-29.29,41.39]]}},{"type":"Feature","properties":{"Type":"OSR","PlateA":"NA","PlateB":"EU"},"geometry":{"type":"LineString","coordinates":[[-29.29,41.39],[-29.24,41.52]]}},{"type":"Feature","properties":{"Type":"OSR","PlateA":"NA","PlateB":"EU"},"geometry":{"type":"LineString","coordinates":[[-29.24,41.52],[-29.21,41.68]]}},{"type":"Feature","properties":{"Type":"OSR","PlateA":"NA","PlateB":"EU"},"geometry":{"type":"LineString","coordinates":[[-29.21,41.68],[-29.2,41.8]]}},{"type":"Feature","properties":{"Type":"OSR","PlateA":"NA","PlateB":"EU"},"geometry":{"type":"LineString","coordinates":[[-29.2,41.8],[-29.16,41.91]]}},{"type":"Feature","properties":{"Type":"OTF","PlateA":"NA","PlateB":"EU"},"geometry":{"type":"LineString","coordinates":[[-29.16,41.91],[-29.26,41.93]]}},{"type":"Feature","properties":{"Type":"OSR","PlateA":"NA","PlateB":"EU"},"geometry":{"type":"LineString","coordinates":[[-29.26,41.93],[-29.24,42.08]]}},{"type":"Feature","properties":{"Type":"OSR","PlateA":"NA","PlateB":"EU"},"geometry":{"type":"LineString","coordinates":[[-29.24,42.08],[-29.24,42.18]]}},{"type":"Feature","properties":{"Type":"OSR","PlateA":"NA","PlateB":"EU"},"geometry":{"type":"LineString","coordinates":[[-29.24,42.18],[-29.22,42.24]]}},{"type":"Feature","properties":{"Type":"OSR","PlateA":"NA","PlateB":"EU"},"geometry":{"type":"LineString","coordinates":[[-29.22,42.24],[-29.22,42.29]]}},{"type":"Feature","properties":{"Type":"OTF","PlateA":"NA","PlateB":"EU"},"geometry":{"type":"LineString","coordinates":[[-29.22,42.29],[-29.43,42.29]]}},{"type":"Feature","properties":{"Type":"OSR","PlateA":"NA","PlateB":"EU"},"geometry":{"type":"LineString","coordinates":[[-29.43,42.29],[-29.39,42.41]]}},{"type":"Feature","properties":{"Type":"OSR","PlateA":"NA","PlateB":"EU"},"geometry":{"type":"LineString","coordinates":[[-29.39,42.41],[-29.37,42.53]]}},{"type":"Feature","properties":{"Type":"OSR","PlateA":"NA","PlateB":"EU"},"geometry":{"type":"LineString","coordinates":[[-29.37,42.53],[-29.34,42.61]]}},{"type":"Feature","properties":{"Type":"OSR","PlateA":"NA","PlateB":"EU"},"geometry":{"type":"LineString","coordinates":[[-29.34,42.61],[-29.32,42.67]]}},{"type":"Feature","properties":{"Type":"OSR","PlateA":"NA","PlateB":"EU"},"geometry":{"type":"LineString","coordinates":[[-29.32,42.67],[-29.32,42.72]]}},{"type":"Feature","properties":{"Type":"OTF","PlateA":"NA","PlateB":"EU"},"geometry":{"type":"LineString","coordinates":[[-29.32,42.72],[-29.37,42.72]]}},{"type":"Feature","properties":{"Type":"OSR","PlateA":"NA","PlateB":"EU"},"geometry":{"type":"LineString","coordinates":[[-29.37,42.72],[-29.35,42.84]]}},{"type":"Feature","properties":{"Type":"OSR","PlateA":"NA","PlateB":"EU"},"geometry":{"type":"LineString","coordinates":[[-29.35,42.84],[-29.33,42.95]]}},{"type":"Feature","properties":{"Type":"OSR","PlateA":"NA","PlateB":"EU"},"geometry":{"type":"LineString","coordinates":[[-29.33,42.95],[-29.32,43.03]]}},{"type":"Feature","properties":{"Type":"OSR","PlateA":"NA","PlateB":"EU"},"geometry":{"type":"LineString","coordinates":[[-29.32,43.03],[-29.32,43.08]]}},{"type":"Feature","properties":{"Type":"OTF","PlateA":"NA","PlateB":"EU"},"geometry":{"type":"LineString","coordinates":[[-29.32,43.08],[-29.17,43.08]]}},{"type":"Feature","properties":{"Type":"OSR","PlateA":"NA","PlateB":"EU"},"geometry":{"type":"LineString","coordinates":[[-29.17,43.08],[-29.09,43.21]]}},{"type":"Feature","properties":{"Type":"OSR","PlateA":"NA","PlateB":"EU"},"geometry":{"type":"LineString","coordinates":[[-29.09,43.21],[-29.01,43.39]]}},{"type":"Feature","properties":{"Type":"OSR","PlateA":"NA","PlateB":"EU"},"geometry":{"type":"LineString","coordinates":[[-29.01,43.39],[-28.93,43.49]]}},{"type":"Feature","properties":{"Type":"OSR","PlateA":"NA","PlateB":"EU"},"geometry":{"type":"LineString","coordinates":[[-28.93,43.49],[-28.88,43.63]]}},{"type":"Feature","properties":{"Type":"OSR","PlateA":"NA","PlateB":"EU"},"geometry":{"type":"LineString","coordinates":[[-28.88,43.63],[-28.84,43.7]]}},{"type":"Feature","properties":{"Type":"OSR","PlateA":"NA","PlateB":"EU"},"geometry":{"type":"LineString","coordinates":[[-28.84,43.7],[-28.8,43.77]]}},{"type":"Feature","properties":{"Type":"OTF","PlateA":"NA","PlateB":"EU"},"geometry":{"type":"LineString","coordinates":[[-28.8,43.77],[-28.52,43.77]]}},{"type":"Feature","properties":{"Type":"OSR","PlateA":"NA","PlateB":"EU"},"geometry":{"type":"LineString","coordinates":[[-28.52,43.77],[-28.51,43.85]]}},{"type":"Feature","properties":{"Type":"OSR","PlateA":"NA","PlateB":"EU"},"geometry":{"type":"LineString","coordinates":[[-28.51,43.85],[-28.48,43.93]]}},{"type":"Feature","properties":{"Type":"OSR","PlateA":"NA","PlateB":"EU"},"geometry":{"type":"LineString","coordinates":[[-28.48,43.93],[-28.48,44.02]]}},{"type":"Feature","properties":{"Type":"OSR","PlateA":"NA","PlateB":"EU"},"geometry":{"type":"LineString","coordinates":[[-28.48,44.02],[-28.45,44.1]]}},{"type":"Feature","properties":{"Type":"OSR","PlateA":"NA","PlateB":"EU"},"geometry":{"type":"LineString","coordinates":[[-28.45,44.1],[-28.44,44.15]]}},{"type":"Feature","properties":{"Type":"OSR","PlateA":"NA","PlateB":"EU"},"geometry":{"type":"LineString","coordinates":[[-28.44,44.15],[-28.43,44.2]]}},{"type":"Feature","properties":{"Type":"OTF","PlateA":"NA","PlateB":"EU"},"geometry":{"type":"LineString","coordinates":[[-28.43,44.2],[-28.37,44.18]]}},{"type":"Feature","properties":{"Type":"OSR","PlateA":"NA","PlateB":"EU"},"geometry":{"type":"LineString","coordinates":[[-28.37,44.18],[-28.32,44.31]]}},{"type":"Feature","properties":{"Type":"OSR","PlateA":"NA","PlateB":"EU"},"geometry":{"type":"LineString","coordinates":[[-28.32,44.31],[-28.28,44.41]]}},{"type":"Feature","properties":{"Type":"OSR","PlateA":"NA","PlateB":"EU"},"geometry":{"type":"LineString","coordinates":[[-28.28,44.41],[-28.26,44.52]]}},{"type":"Feature","properties":{"Type":"OSR","PlateA":"NA","PlateB":"EU"},"geometry":{"type":"LineString","coordinates":[[-28.26,44.52],[-28.21,44.63]]}},{"type":"Feature","properties":{"Type":"OSR","PlateA":"NA","PlateB":"EU"},"geometry":{"type":"LineString","coordinates":[[-28.21,44.63],[-28.17,44.75]]}},{"type":"Feature","properties":{"Type":"OSR","PlateA":"NA","PlateB":"EU"},"geometry":{"type":"LineString","coordinates":[[-28.17,44.75],[-28.14,44.81]]}},{"type":"Feature","properties":{"Type":"OSR","PlateA":"NA","PlateB":"EU"},"geometry":{"type":"LineString","coordinates":[[-28.14,44.81],[-28.14,44.86]]}},{"type":"Feature","properties":{"Type":"OSR","PlateA":"NA","PlateB":"EU"},"geometry":{"type":"LineString","coordinates":[[-28.14,44.86],[-28.11,44.91]]}},{"type":"Feature","properties":{"Type":"OTF","PlateA":"NA","PlateB":"EU"},"geometry":{"type":"LineString","coordinates":[[-28.11,44.91],[-28.16,44.92]]}},{"type":"Feature","properties":{"Type":"OSR","PlateA":"NA","PlateB":"EU"},"geometry":{"type":"LineString","coordinates":[[-28.16,44.92],[-28.14,44.97]]}},{"type":"Feature","properties":{"Type":"OSR","PlateA":"NA","PlateB":"EU"},"geometry":{"type":"LineString","coordinates":[[-28.14,44.97],[-28.11,45.03]]}},{"type":"Feature","properties":{"Type":"OSR","PlateA":"NA","PlateB":"EU"},"geometry":{"type":"LineString","coordinates":[[-28.11,45.03],[-28.1,45.07]]}},{"type":"Feature","properties":{"Type":"OSR","PlateA":"NA","PlateB":"EU"},"geometry":{"type":"LineString","coordinates":[[-28.1,45.07],[-28.08,45.13]]}},{"type":"Feature","properties":{"Type":"OTF","PlateA":"NA","PlateB":"EU"},"geometry":{"type":"LineString","coordinates":[[-28.08,45.13],[-27.99,45.1]]}},{"type":"Feature","properties":{"Type":"OSR","PlateA":"NA","PlateB":"EU"},"geometry":{"type":"LineString","coordinates":[[-27.99,45.1],[-27.99,45.16]]}},{"type":"Feature","properties":{"Type":"OSR","PlateA":"NA","PlateB":"EU"},"geometry":{"type":"LineString","coordinates":[[-27.99,45.16],[-27.99,45.22]]}},{"type":"Feature","properties":{"Type":"OSR","PlateA":"NA","PlateB":"EU"},"geometry":{"type":"LineString","coordinates":[[-27.99,45.22],[-27.98,45.28]]}},{"type":"Feature","properties":{"Type":"OSR","PlateA":"NA","PlateB":"EU"},"geometry":{"type":"LineString","coordinates":[[-27.98,45.28],[-27.97,45.34]]}},{"type":"Feature","properties":{"Type":"OTF","PlateA":"NA","PlateB":"EU"},"geometry":{"type":"LineString","coordinates":[[-27.97,45.34],[-27.94,45.34]]}},{"type":"Feature","properties":{"Type":"OSR","PlateA":"NA","PlateB":"EU"},"geometry":{"type":"LineString","coordinates":[[-27.94,45.34],[-27.93,45.39]]}},{"type":"Feature","properties":{"Type":"OSR","PlateA":"NA","PlateB":"EU"},"geometry":{"type":"LineString","coordinates":[[-27.93,45.39],[-27.94,45.43]]}},{"type":"Feature","properties":{"Type":"OSR","PlateA":"NA","PlateB":"EU"},"geometry":{"type":"LineString","coordinates":[[-27.94,45.43],[-27.92,45.47]]}},{"type":"Feature","properties":{"Type":"OTF","PlateA":"NA","PlateB":"EU"},"geometry":{"type":"LineString","coordinates":[[-27.92,45.47],[-27.87,45.46]]}},{"type":"Feature","properties":{"Type":"OSR","PlateA":"NA","PlateB":"EU"},"geometry":{"type":"LineString","coordinates":[[-27.87,45.46],[-27.86,45.48]]}},{"type":"Feature","properties":{"Type":"OSR","PlateA":"NA","PlateB":"EU"},"geometry":{"type":"LineString","coordinates":[[-27.86,45.48],[-27.86,45.52]]}},{"type":"Feature","properties":{"Type":"OSR","PlateA":"NA","PlateB":"EU"},"geometry":{"type":"LineString","coordinates":[[-27.86,45.52],[-27.88,45.54]]}},{"type":"Feature","properties":{"Type":"OTF","PlateA":"NA","PlateB":"EU"},"geometry":{"type":"LineString","coordinates":[[-27.88,45.54],[-27.82,45.53]]}},{"type":"Feature","properties":{"Type":"OSR","PlateA":"NA","PlateB":"EU"},"geometry":{"type":"LineString","coordinates":[[-27.82,45.53],[-27.79,45.6]]}},{"type":"Feature","properties":{"Type":"OSR","PlateA":"NA","PlateB":"EU"},"geometry":{"type":"LineString","coordinates":[[-27.79,45.6],[-27.77,45.7]]}},{"type":"Feature","properties":{"Type":"OSR","PlateA":"NA","PlateB":"EU"},"geometry":{"type":"LineString","coordinates":[[-27.77,45.7],[-27.76,45.83]]}},{"type":"Feature","properties":{"Type":"OSR","PlateA":"NA","PlateB":"EU"},"geometry":{"type":"LineString","coordinates":[[-27.76,45.83],[-27.74,45.88]]}},{"type":"Feature","properties":{"Type":"OTF","PlateA":"NA","PlateB":"EU"},"geometry":{"type":"LineString","coordinates":[[-27.74,45.88],[-27.7,45.88]]}},{"type":"Feature","properties":{"Type":"OSR","PlateA":"NA","PlateB":"EU"},"geometry":{"type":"LineString","coordinates":[[-27.7,45.88],[-27.7,45.94]]}},{"type":"Feature","properties":{"Type":"OSR","PlateA":"NA","PlateB":"EU"},"geometry":{"type":"LineString","coordinates":[[-27.7,45.94],[-27.68,45.99]]}},{"type":"Feature","properties":{"Type":"OTF","PlateA":"NA","PlateB":"EU"},"geometry":{"type":"LineString","coordinates":[[-27.68,45.99],[-27.6,45.98]]}},{"type":"Feature","properties":{"Type":"OSR","PlateA":"NA","PlateB":"EU"},"geometry":{"type":"LineString","coordinates":[[-27.6,45.98],[-27.58,46.07]]}},{"type":"Feature","properties":{"Type":"OSR","PlateA":"NA","PlateB":"EU"},"geometry":{"type":"LineString","coordinates":[[-27.58,46.07],[-27.57,46.15]]}},{"type":"Feature","properties":{"Type":"OSR","PlateA":"NA","PlateB":"EU"},"geometry":{"type":"LineString","coordinates":[[-27.57,46.15],[-27.56,46.21]]}},{"type":"Feature","properties":{"Type":"OTF","PlateA":"NA","PlateB":"EU"},"geometry":{"type":"LineString","coordinates":[[-27.56,46.21],[-27.51,46.2]]}},{"type":"Feature","properties":{"Type":"OSR","PlateA":"NA","PlateB":"EU"},"geometry":{"type":"LineString","coordinates":[[-27.51,46.2],[-27.49,46.3]]}},{"type":"Feature","properties":{"Type":"OSR","PlateA":"NA","PlateB":"EU"},"geometry":{"type":"LineString","coordinates":[[-27.49,46.3],[-27.49,46.36]]}},{"type":"Feature","properties":{"Type":"OSR","PlateA":"NA","PlateB":"EU"},"geometry":{"type":"LineString","coordinates":[[-27.49,46.36],[-27.47,46.49]]}},{"type":"Feature","properties":{"Type":"OSR","PlateA":"NA","PlateB":"EU"},"geometry":{"type":"LineString","coordinates":[[-27.47,46.49],[-27.45,46.64]]}},{"type":"Feature","properties":{"Type":"OSR","PlateA":"NA","PlateB":"EU"},"geometry":{"type":"LineString","coordinates":[[-27.45,46.64],[-27.44,46.69]]}},{"type":"Feature","properties":{"Type":"OSR","PlateA":"NA","PlateB":"EU"},"geometry":{"type":"LineString","coordinates":[[-27.44,46.69],[-27.44,46.76]]}},{"type":"Feature","properties":{"Type":"OTF","PlateA":"NA","PlateB":"EU"},"geometry":{"type":"LineString","coordinates":[[-27.44,46.76],[-27.38,46.76]]}},{"type":"Feature","properties":{"Type":"OSR","PlateA":"NA","PlateB":"EU"},"geometry":{"type":"LineString","coordinates":[[-27.38,46.76],[-27.38,46.85]]}},{"type":"Feature","properties":{"Type":"OSR","PlateA":"NA","PlateB":"EU"},"geometry":{"type":"LineString","coordinates":[[-27.38,46.85],[-27.35,46.92]]}},{"type":"Feature","properties":{"Type":"OSR","PlateA":"NA","PlateB":"EU"},"geometry":{"type":"LineString","coordinates":[[-27.35,46.92],[-27.33,47]]}},{"type":"Feature","properties":{"Type":"OSR","PlateA":"NA","PlateB":"EU"},"geometry":{"type":"LineString","coordinates":[[-27.33,47],[-27.38,47.11]]}},{"type":"Feature","properties":{"Type":"OSR","PlateA":"NA","PlateB":"EU"},"geometry":{"type":"LineString","coordinates":[[-27.38,47.11],[-27.44,47.21]]}},{"type":"Feature","properties":{"Type":"OSR","PlateA":"NA","PlateB":"EU"},"geometry":{"type":"LineString","coordinates":[[-27.44,47.21],[-27.47,47.26]]}},{"type":"Feature","properties":{"Type":"OSR","PlateA":"NA","PlateB":"EU"},"geometry":{"type":"LineString","coordinates":[[-27.47,47.26],[-27.46,47.34]]}},{"type":"Feature","properties":{"Type":"OSR","PlateA":"NA","PlateB":"EU"},"geometry":{"type":"LineString","coordinates":[[-27.46,47.34],[-27.46,47.39]]}},{"type":"Feature","properties":{"Type":"OSR","PlateA":"NA","PlateB":"EU"},"geometry":{"type":"LineString","coordinates":[[-27.46,47.39],[-27.46,47.47]]}},{"type":"Feature","properties":{"Type":"OSR","PlateA":"NA","PlateB":"EU"},"geometry":{"type":"LineString","coordinates":[[-27.46,47.47],[-27.44,47.52]]}},{"type":"Feature","properties":{"Type":"OSR","PlateA":"NA","PlateB":"EU"},"geometry":{"type":"LineString","coordinates":[[-27.44,47.52],[-27.45,47.6]]}},{"type":"Feature","properties":{"Type":"OSR","PlateA":"NA","PlateB":"EU"},"geometry":{"type":"LineString","coordinates":[[-27.45,47.6],[-27.46,47.66]]}},{"type":"Feature","properties":{"Type":"OTF","PlateA":"NA","PlateB":"EU"},"geometry":{"type":"LineString","coordinates":[[-27.46,47.66],[-27.56,47.65]]}},{"type":"Feature","properties":{"Type":"OSR","PlateA":"NA","PlateB":"EU"},"geometry":{"type":"LineString","coordinates":[[-27.56,47.65],[-27.59,47.78]]}},{"type":"Feature","properties":{"Type":"OSR","PlateA":"NA","PlateB":"EU"},"geometry":{"type":"LineString","coordinates":[[-27.59,47.78],[-27.62,47.89]]}},{"type":"Feature","properties":{"Type":"OSR","PlateA":"NA","PlateB":"EU"},"geometry":{"type":"LineString","coordinates":[[-27.62,47.89],[-27.63,47.99]]}},{"type":"Feature","properties":{"Type":"OSR","PlateA":"NA","PlateB":"EU"},"geometry":{"type":"LineString","coordinates":[[-27.63,47.99],[-27.65,48.09]]}},{"type":"Feature","properties":{"Type":"OSR","PlateA":"NA","PlateB":"EU"},"geometry":{"type":"LineString","coordinates":[[-27.65,48.09],[-27.7,48.21]]}},{"type":"Feature","properties":{"Type":"OSR","PlateA":"NA","PlateB":"EU"},"geometry":{"type":"LineString","coordinates":[[-27.7,48.21],[-27.71,48.33]]}},{"type":"Feature","properties":{"Type":"OSR","PlateA":"NA","PlateB":"EU"},"geometry":{"type":"LineString","coordinates":[[-27.71,48.33],[-27.73,48.42]]}},{"type":"Feature","properties":{"Type":"OSR","PlateA":"NA","PlateB":"EU"},"geometry":{"type":"LineString","coordinates":[[-27.73,48.42],[-27.75,48.52]]}},{"type":"Feature","properties":{"Type":"OSR","PlateA":"NA","PlateB":"EU"},"geometry":{"type":"LineString","coordinates":[[-27.75,48.52],[-27.76,48.59]]}},{"type":"Feature","properties":{"Type":"OTF","PlateA":"NA","PlateB":"EU"},"geometry":{"type":"LineString","coordinates":[[-27.76,48.59],[-27.89,48.61]]}},{"type":"Feature","properties":{"Type":"OTF","PlateA":"NA","PlateB":"EU"},"geometry":{"type":"LineString","coordinates":[[-27.89,48.61],[-28.01,48.61]]}},{"type":"Feature","properties":{"Type":"OSR","PlateA":"NA","PlateB":"EU"},"geometry":{"type":"LineString","coordinates":[[-28.01,48.61],[-28.03,48.69]]}},{"type":"Feature","properties":{"Type":"OSR","PlateA":"NA","PlateB":"EU"},"geometry":{"type":"LineString","coordinates":[[-28.03,48.69],[-28.09,48.8]]}},{"type":"Feature","properties":{"Type":"OSR","PlateA":"NA","PlateB":"EU"},"geometry":{"type":"LineString","coordinates":[[-28.09,48.8],[-28.16,48.91]]}},{"type":"Feature","properties":{"Type":"OSR","PlateA":"NA","PlateB":"EU"},"geometry":{"type":"LineString","coordinates":[[-28.16,48.91],[-28.21,49]]}},{"type":"Feature","properties":{"Type":"OSR","PlateA":"NA","PlateB":"EU"},"geometry":{"type":"LineString","coordinates":[[-28.21,49],[-28.26,49.1]]}},{"type":"Feature","properties":{"Type":"OSR","PlateA":"NA","PlateB":"EU"},"geometry":{"type":"LineString","coordinates":[[-28.26,49.1],[-28.32,49.16]]}},{"type":"Feature","properties":{"Type":"OSR","PlateA":"NA","PlateB":"EU"},"geometry":{"type":"LineString","coordinates":[[-28.32,49.16],[-28.35,49.22]]}},{"type":"Feature","properties":{"Type":"OSR","PlateA":"NA","PlateB":"EU"},"geometry":{"type":"LineString","coordinates":[[-28.35,49.22],[-28.43,49.29]]}},{"type":"Feature","properties":{"Type":"OSR","PlateA":"NA","PlateB":"EU"},"geometry":{"type":"LineString","coordinates":[[-28.43,49.29],[-28.45,49.37]]}},{"type":"Feature","properties":{"Type":"OSR","PlateA":"NA","PlateB":"EU"},"geometry":{"type":"LineString","coordinates":[[-28.45,49.37],[-28.49,49.48]]}},{"type":"Feature","properties":{"Type":"OSR","PlateA":"NA","PlateB":"EU"},"geometry":{"type":"LineString","coordinates":[[-28.49,49.48],[-28.54,49.58]]}},{"type":"Feature","properties":{"Type":"OSR","PlateA":"NA","PlateB":"EU"},"geometry":{"type":"LineString","coordinates":[[-28.54,49.58],[-28.56,49.64]]}},{"type":"Feature","properties":{"Type":"OTF","PlateA":"NA","PlateB":"EU"},"geometry":{"type":"LineString","coordinates":[[-28.56,49.64],[-28.72,49.65]]}},{"type":"Feature","properties":{"Type":"OTF","PlateA":"NA","PlateB":"EU"},"geometry":{"type":"LineString","coordinates":[[-28.72,49.65],[-28.82,49.66]]}},{"type":"Feature","properties":{"Type":"OSR","PlateA":"NA","PlateB":"EU"},"geometry":{"type":"LineString","coordinates":[[-28.82,49.66],[-28.87,49.73]]}},{"type":"Feature","properties":{"Type":"OSR","PlateA":"NA","PlateB":"EU"},"geometry":{"type":"LineString","coordinates":[[-28.87,49.73],[-28.89,49.82]]}},{"type":"Feature","properties":{"Type":"OSR","PlateA":"NA","PlateB":"EU"},"geometry":{"type":"LineString","coordinates":[[-28.89,49.82],[-28.96,49.91]]}},{"type":"Feature","properties":{"Type":"OSR","PlateA":"NA","PlateB":"EU"},"geometry":{"type":"LineString","coordinates":[[-28.96,49.91],[-28.99,49.99]]}},{"type":"Feature","properties":{"Type":"OSR","PlateA":"NA","PlateB":"EU"},"geometry":{"type":"LineString","coordinates":[[-28.99,49.99],[-28.99,50.07]]}},{"type":"Feature","properties":{"Type":"OSR","PlateA":"NA","PlateB":"EU"},"geometry":{"type":"LineString","coordinates":[[-28.99,50.07],[-29.02,50.15]]}},{"type":"Feature","properties":{"Type":"OSR","PlateA":"NA","PlateB":"EU"},"geometry":{"type":"LineString","coordinates":[[-29.02,50.15],[-29.13,50.2]]}},{"type":"Feature","properties":{"Type":"OSR","PlateA":"NA","PlateB":"EU"},"geometry":{"type":"LineString","coordinates":[[-29.13,50.2],[-29.2,50.22]]}},{"type":"Feature","properties":{"Type":"OSR","PlateA":"NA","PlateB":"EU"},"geometry":{"type":"LineString","coordinates":[[-29.2,50.22],[-29.32,50.32]]}},{"type":"Feature","properties":{"Type":"OSR","PlateA":"NA","PlateB":"EU"},"geometry":{"type":"LineString","coordinates":[[-29.32,50.32],[-29.43,50.42]]}},{"type":"Feature","properties":{"Type":"OSR","PlateA":"NA","PlateB":"EU"},"geometry":{"type":"LineString","coordinates":[[-29.43,50.42],[-29.51,50.47]]}},{"type":"Feature","properties":{"Type":"OSR","PlateA":"NA","PlateB":"EU"},"geometry":{"type":"LineString","coordinates":[[-29.51,50.47],[-29.54,50.5]]}},{"type":"Feature","properties":{"Type":"OSR","PlateA":"NA","PlateB":"EU"},"geometry":{"type":"LineString","coordinates":[[-29.54,50.5],[-29.66,50.6]]}},{"type":"Feature","properties":{"Type":"OSR","PlateA":"NA","PlateB":"EU"},"geometry":{"type":"LineString","coordinates":[[-29.66,50.6],[-29.77,50.69]]}},{"type":"Feature","properties":{"Type":"OSR","PlateA":"NA","PlateB":"EU"},"geometry":{"type":"LineString","coordinates":[[-29.77,50.69],[-29.83,50.74]]}},{"type":"Feature","properties":{"Type":"OSR","PlateA":"NA","PlateB":"EU"},"geometry":{"type":"LineString","coordinates":[[-29.83,50.74],[-29.87,50.79]]}},{"type":"Feature","properties":{"Type":"OSR","PlateA":"NA","PlateB":"EU"},"geometry":{"type":"LineString","coordinates":[[-29.87,50.79],[-29.91,50.86]]}},{"type":"Feature","properties":{"Type":"OSR","PlateA":"NA","PlateB":"EU"},"geometry":{"type":"LineString","coordinates":[[-29.91,50.86],[-29.94,50.93]]}},{"type":"Feature","properties":{"Type":"OSR","PlateA":"NA","PlateB":"EU"},"geometry":{"type":"LineString","coordinates":[[-29.94,50.93],[-29.98,50.99]]}},{"type":"Feature","properties":{"Type":"OSR","PlateA":"NA","PlateB":"EU"},"geometry":{"type":"LineString","coordinates":[[-29.98,50.99],[-29.98,51.11]]}},{"type":"Feature","properties":{"Type":"OSR","PlateA":"NA","PlateB":"EU"},"geometry":{"type":"LineString","coordinates":[[-29.98,51.11],[-30,51.25]]}},{"type":"Feature","properties":{"Type":"OSR","PlateA":"NA","PlateB":"EU"},"geometry":{"type":"LineString","coordinates":[[-30,51.25],[-30,51.42]]}},{"type":"Feature","properties":{"Type":"OSR","PlateA":"NA","PlateB":"EU"},"geometry":{"type":"LineString","coordinates":[[-30,51.42],[-30,51.62]]}},{"type":"Feature","properties":{"Type":"OSR","PlateA":"NA","PlateB":"EU"},"geometry":{"type":"LineString","coordinates":[[-30,51.62],[-30.01,51.77]]}},{"type":"Feature","properties":{"Type":"OSR","PlateA":"NA","PlateB":"EU"},"geometry":{"type":"LineString","coordinates":[[-30.01,51.77],[-30.01,51.86]]}},{"type":"Feature","properties":{"Type":"OSR","PlateA":"NA","PlateB":"EU"},"geometry":{"type":"LineString","coordinates":[[-30.01,51.86],[-30.04,51.95]]}},{"type":"Feature","properties":{"Type":"OSR","PlateA":"NA","PlateB":"EU"},"geometry":{"type":"LineString","coordinates":[[-30.04,51.95],[-30.03,52.03]]}},{"type":"Feature","properties":{"Type":"OTF","PlateA":"NA","PlateB":"EU"},"geometry":{"type":"LineString","coordinates":[[-30.03,52.03],[-30.38,52.06]]}},{"type":"Feature","properties":{"Type":"OTF","PlateA":"NA","PlateB":"EU"},"geometry":{"type":"LineString","coordinates":[[-30.38,52.06],[-30.81,52.1]]}},{"type":"Feature","properties":{"Type":"OTF","PlateA":"NA","PlateB":"EU"},"geometry":{"type":"LineString","coordinates":[[-30.81,52.1],[-31.06,52.11]]}},{"type":"Feature","properties":{"Type":"OTF","PlateA":"NA","PlateB":"EU"},"geometry":{"type":"LineString","coordinates":[[-31.06,52.11],[-31.27,52.11]]}},{"type":"Feature","properties":{"Type":"OSR","PlateA":"NA","PlateB":"EU"},"geometry":{"type":"LineString","coordinates":[[-31.27,52.11],[-31.25,52.26]]}},{"type":"Feature","properties":{"Type":"OSR","PlateA":"NA","PlateB":"EU"},"geometry":{"type":"LineString","coordinates":[[-31.25,52.26],[-31.26,52.34]]}},{"type":"Feature","properties":{"Type":"OSR","PlateA":"NA","PlateB":"EU"},"geometry":{"type":"LineString","coordinates":[[-31.26,52.34],[-31.26,52.42]]}},{"type":"Feature","properties":{"Type":"OTF","PlateA":"NA","PlateB":"EU"},"geometry":{"type":"LineString","coordinates":[[-31.26,52.42],[-31.58,52.47]]}},{"type":"Feature","properties":{"Type":"OTF","PlateA":"NA","PlateB":"EU"},"geometry":{"type":"LineString","coordinates":[[-31.58,52.47],[-31.87,52.5]]}},{"type":"Feature","properties":{"Type":"OTF","PlateA":"NA","PlateB":"EU"},"geometry":{"type":"LineString","coordinates":[[-31.87,52.5],[-32.05,52.52]]}},{"type":"Feature","properties":{"Type":"OTF","PlateA":"NA","PlateB":"EU"},"geometry":{"type":"LineString","coordinates":[[-32.05,52.52],[-32.36,52.56]]}},{"type":"Feature","properties":{"Type":"OTF","PlateA":"NA","PlateB":"EU"},"geometry":{"type":"LineString","coordinates":[[-32.36,52.56],[-32.65,52.58]]}},{"type":"Feature","properties":{"Type":"OTF","PlateA":"NA","PlateB":"EU"},"geometry":{"type":"LineString","coordinates":[[-32.65,52.58],[-32.86,52.6]]}},{"type":"Feature","properties":{"Type":"OTF","PlateA":"NA","PlateB":"EU"},"geometry":{"type":"LineString","coordinates":[[-32.86,52.6],[-33.02,52.62]]}},{"type":"Feature","properties":{"Type":"OTF","PlateA":"NA","PlateB":"EU"},"geometry":{"type":"LineString","coordinates":[[-33.02,52.62],[-33.33,52.63]]}},{"type":"Feature","properties":{"Type":"OTF","PlateA":"NA","PlateB":"EU"},"geometry":{"type":"LineString","coordinates":[[-33.33,52.63],[-33.71,52.65]]}},{"type":"Feature","properties":{"Type":"OTF","PlateA":"NA","PlateB":"EU"},"geometry":{"type":"LineString","coordinates":[[-33.71,52.65],[-34.17,52.66]]}},{"type":"Feature","properties":{"Type":"OTF","PlateA":"NA","PlateB":"EU"},"geometry":{"type":"LineString","coordinates":[[-34.17,52.66],[-34.57,52.68]]}},{"type":"Feature","properties":{"Type":"OTF","PlateA":"NA","PlateB":"EU"},"geometry":{"type":"LineString","coordinates":[[-34.57,52.68],[-34.92,52.71]]}},{"type":"Feature","properties":{"Type":"OTF","PlateA":"NA","PlateB":"EU"},"geometry":{"type":"LineString","coordinates":[[-34.92,52.71],[-34.88,52.7]]}},{"type":"Feature","properties":{"Type":"OTF","PlateA":"NA","PlateB":"EU"},"geometry":{"type":"LineString","coordinates":[[-34.88,52.7],[-35.01,52.7]]}},{"type":"Feature","properties":{"Type":"OTF","PlateA":"NA","PlateB":"EU"},"geometry":{"type":"LineString","coordinates":[[-35.01,52.7],[-35.14,52.71]]}},{"type":"Feature","properties":{"Type":"OSR","PlateA":"NA","PlateB":"EU"},"geometry":{"type":"LineString","coordinates":[[-35.14,52.71],[-35.16,52.86]]}},{"type":"Feature","properties":{"Type":"OSR","PlateA":"NA","PlateB":"EU"},"geometry":{"type":"LineString","coordinates":[[-35.16,52.86],[-35.16,52.99]]}},{"type":"Feature","properties":{"Type":"OSR","PlateA":"NA","PlateB":"EU"},"geometry":{"type":"LineString","coordinates":[[-35.16,52.99],[-35.18,53.13]]}},{"type":"Feature","properties":{"Type":"OSR","PlateA":"NA","PlateB":"EU"},"geometry":{"type":"LineString","coordinates":[[-35.18,53.13],[-35.18,53.21]]}},{"type":"Feature","properties":{"Type":"OTF","PlateA":"NA","PlateB":"EU"},"geometry":{"type":"LineString","coordinates":[[-35.18,53.21],[-35.33,53.24]]}},{"type":"Feature","properties":{"Type":"OSR","PlateA":"NA","PlateB":"EU"},"geometry":{"type":"LineString","coordinates":[[-35.33,53.24],[-35.28,53.39]]}},{"type":"Feature","properties":{"Type":"OSR","PlateA":"NA","PlateB":"EU"},"geometry":{"type":"LineString","coordinates":[[-35.28,53.39],[-35.26,53.48]]}},{"type":"Feature","properties":{"Type":"OSR","PlateA":"NA","PlateB":"EU"},"geometry":{"type":"LineString","coordinates":[[-35.26,53.48],[-35.25,53.51]]}},{"type":"Feature","properties":{"Type":"OTF","PlateA":"NA","PlateB":"EU"},"geometry":{"type":"LineString","coordinates":[[-35.25,53.51],[-35.45,53.55]]}},{"type":"Feature","properties":{"Type":"OSR","PlateA":"NA","PlateB":"EU"},"geometry":{"type":"LineString","coordinates":[[-35.45,53.55],[-35.4,53.67]]}},{"type":"Feature","properties":{"Type":"OSR","PlateA":"NA","PlateB":"EU"},"geometry":{"type":"LineString","coordinates":[[-35.4,53.67],[-35.33,53.83]]}},{"type":"Feature","properties":{"Type":"OSR","PlateA":"NA","PlateB":"EU"},"geometry":{"type":"LineString","coordinates":[[-35.33,53.83],[-35.27,53.95]]}},{"type":"Feature","properties":{"Type":"OSR","PlateA":"NA","PlateB":"EU"},"geometry":{"type":"LineString","coordinates":[[-35.27,53.95],[-35.2,54.11]]}},{"type":"Feature","properties":{"Type":"OSR","PlateA":"NA","PlateB":"EU"},"geometry":{"type":"LineString","coordinates":[[-35.2,54.11],[-35.15,54.22]]}},{"type":"Feature","properties":{"Type":"OSR","PlateA":"NA","PlateB":"EU"},"geometry":{"type":"LineString","coordinates":[[-35.15,54.22],[-35.12,54.31]]}},{"type":"Feature","properties":{"Type":"OTF","PlateA":"NA","PlateB":"EU"},"geometry":{"type":"LineString","coordinates":[[-35.12,54.31],[-35.31,54.33]]}},{"type":"Feature","properties":{"Type":"OTF","PlateA":"NA","PlateB":"EU"},"geometry":{"type":"LineString","coordinates":[[-35.31,54.33],[-35.49,54.33]]}},{"type":"Feature","properties":{"Type":"OSR","PlateA":"NA","PlateB":"EU"},"geometry":{"type":"LineString","coordinates":[[-35.49,54.33],[-35.41,54.52]]}},{"type":"Feature","properties":{"Type":"OSR","PlateA":"NA","PlateB":"EU"},"geometry":{"type":"LineString","coordinates":[[-35.41,54.52],[-35.36,54.68]]}},{"type":"Feature","properties":{"Type":"OSR","PlateA":"NA","PlateB":"EU"},"geometry":{"type":"LineString","coordinates":[[-35.36,54.68],[-35.29,54.79]]}},{"type":"Feature","properties":{"Type":"OSR","PlateA":"NA","PlateB":"EU"},"geometry":{"type":"LineString","coordinates":[[-35.29,54.79],[-35.27,54.91]]}},{"type":"Feature","properties":{"Type":"OSR","PlateA":"NA","PlateB":"EU"},"geometry":{"type":"LineString","coordinates":[[-35.27,54.91],[-35.21,54.97]]}},{"type":"Feature","properties":{"Type":"OTF","PlateA":"NA","PlateB":"EU"},"geometry":{"type":"LineString","coordinates":[[-35.21,54.97],[-35.34,55]]}},{"type":"Feature","properties":{"Type":"OSR","PlateA":"NA","PlateB":"EU"},"geometry":{"type":"LineString","coordinates":[[-35.34,55],[-35.25,55.14]]}},{"type":"Feature","properties":{"Type":"OSR","PlateA":"NA","PlateB":"EU"},"geometry":{"type":"LineString","coordinates":[[-35.25,55.14],[-35.17,55.33]]}},{"type":"Feature","properties":{"Type":"OSR","PlateA":"NA","PlateB":"EU"},"geometry":{"type":"LineString","coordinates":[[-35.17,55.33],[-35.08,55.48]]}},{"type":"Feature","properties":{"Type":"OSR","PlateA":"NA","PlateB":"EU"},"geometry":{"type":"LineString","coordinates":[[-35.08,55.48],[-34.97,55.69]]}},{"type":"Feature","properties":{"Type":"OSR","PlateA":"NA","PlateB":"EU"},"geometry":{"type":"LineString","coordinates":[[-34.97,55.69],[-34.9,55.77]]}},{"type":"Feature","properties":{"Type":"OSR","PlateA":"NA","PlateB":"EU"},"geometry":{"type":"LineString","coordinates":[[-34.9,55.77],[-34.88,55.85]]}},{"type":"Feature","properties":{"Type":"OTF","PlateA":"NA","PlateB":"EU"},"geometry":{"type":"LineString","coordinates":[[-34.88,55.85],[-34.64,55.81]]}},{"type":"Feature","properties":{"Type":"OSR","PlateA":"NA","PlateB":"EU"},"geometry":{"type":"LineString","coordinates":[[-34.64,55.81],[-34.62,55.94]]}},{"type":"Feature","properties":{"Type":"OSR","PlateA":"NA","PlateB":"EU"},"geometry":{"type":"LineString","coordinates":[[-34.62,55.94],[-34.56,56.06]]}},{"type":"Feature","properties":{"Type":"OSR","PlateA":"NA","PlateB":"EU"},"geometry":{"type":"LineString","coordinates":[[-34.56,56.06],[-34.51,56.21]]}},{"type":"Feature","properties":{"Type":"OSR","PlateA":"NA","PlateB":"EU"},"geometry":{"type":"LineString","coordinates":[[-34.51,56.21],[-34.49,56.34]]}},{"type":"Feature","properties":{"Type":"OSR","PlateA":"NA","PlateB":"EU"},"geometry":{"type":"LineString","coordinates":[[-34.49,56.34],[-34.46,56.44]]}},{"type":"Feature","properties":{"Type":"OSR","PlateA":"NA","PlateB":"EU"},"geometry":{"type":"LineString","coordinates":[[-34.46,56.44],[-34.44,56.5]]}},{"type":"Feature","properties":{"Type":"OTF","PlateA":"NA","PlateB":"EU"},"geometry":{"type":"LineString","coordinates":[[-34.44,56.5],[-34.35,56.5]]}},{"type":"Feature","properties":{"Type":"OSR","PlateA":"NA","PlateB":"EU"},"geometry":{"type":"LineString","coordinates":[[-34.35,56.5],[-34.32,56.58]]}},{"type":"Feature","properties":{"Type":"OSR","PlateA":"NA","PlateB":"EU"},"geometry":{"type":"LineString","coordinates":[[-34.32,56.58],[-34.25,56.66]]}},{"type":"Feature","properties":{"Type":"OSR","PlateA":"NA","PlateB":"EU"},"geometry":{"type":"LineString","coordinates":[[-34.25,56.66],[-34.22,56.75]]}},{"type":"Feature","properties":{"Type":"OTF","PlateA":"NA","PlateB":"EU"},"geometry":{"type":"LineString","coordinates":[[-34.22,56.75],[-34.07,56.74]]}},{"type":"Feature","properties":{"Type":"OSR","PlateA":"NA","PlateB":"EU"},"geometry":{"type":"LineString","coordinates":[[-34.07,56.74],[-34.04,56.78]]}},{"type":"Feature","properties":{"Type":"OSR","PlateA":"NA","PlateB":"EU"},"geometry":{"type":"LineString","coordinates":[[-34.04,56.78],[-34,56.83]]}},{"type":"Feature","properties":{"Type":"OSR","PlateA":"NA","PlateB":"EU"},"geometry":{"type":"LineString","coordinates":[[-34,56.83],[-33.98,56.9]]}},{"type":"Feature","properties":{"Type":"OTF","PlateA":"NA","PlateB":"EU"},"geometry":{"type":"LineString","coordinates":[[-33.98,56.9],[-33.8,56.88]]}},{"type":"Feature","properties":{"Type":"OTF","PlateA":"NA","PlateB":"EU"},"geometry":{"type":"LineString","coordinates":[[-33.8,56.88],[-33.68,56.87]]}},{"type":"Feature","properties":{"Type":"OTF","PlateA":"NA","PlateB":"EU"},"geometry":{"type":"LineString","coordinates":[[-33.68,56.87],[-33.59,56.88]]}},{"type":"Feature","properties":{"Type":"OSR","PlateA":"NA","PlateB":"EU"},"geometry":{"type":"LineString","coordinates":[[-33.59,56.88],[-33.57,57]]}},{"type":"Feature","properties":{"Type":"OSR","PlateA":"NA","PlateB":"EU"},"geometry":{"type":"LineString","coordinates":[[-33.57,57],[-33.53,57.09]]}},{"type":"Feature","properties":{"Type":"OSR","PlateA":"NA","PlateB":"EU"},"geometry":{"type":"LineString","coordinates":[[-33.53,57.09],[-33.51,57.16]]}},{"type":"Feature","properties":{"Type":"OSR","PlateA":"NA","PlateB":"EU"},"geometry":{"type":"LineString","coordinates":[[-33.51,57.16],[-33.5,57.26]]}},{"type":"Feature","properties":{"Type":"OTF","PlateA":"NA","PlateB":"EU"},"geometry":{"type":"LineString","coordinates":[[-33.5,57.26],[-33.38,57.27]]}},{"type":"Feature","properties":{"Type":"OTF","PlateA":"NA","PlateB":"EU"},"geometry":{"type":"LineString","coordinates":[[-33.38,57.27],[-33.2,57.29]]}},{"type":"Feature","properties":{"Type":"OSR","PlateA":"NA","PlateB":"EU"},"geometry":{"type":"LineString","coordinates":[[-33.2,57.29],[-33.07,57.45]]}},{"type":"Feature","properties":{"Type":"OSR","PlateA":"NA","PlateB":"EU"},"geometry":{"type":"LineString","coordinates":[[-33.07,57.45],[-33.01,57.55]]}},{"type":"Feature","properties":{"Type":"OSR","PlateA":"NA","PlateB":"EU"},"geometry":{"type":"LineString","coordinates":[[-33.01,57.55],[-32.96,57.61]]}},{"type":"Feature","properties":{"Type":"OSR","PlateA":"NA","PlateB":"EU"},"geometry":{"type":"LineString","coordinates":[[-32.96,57.61],[-32.92,57.67]]}},{"type":"Feature","properties":{"Type":"OTF","PlateA":"NA","PlateB":"EU"},"geometry":{"type":"LineString","coordinates":[[-32.92,57.67],[-32.81,57.64]]}},{"type":"Feature","properties":{"Type":"OSR","PlateA":"NA","PlateB":"EU"},"geometry":{"type":"LineString","coordinates":[[-32.81,57.64],[-32.71,57.77]]}},{"type":"Feature","properties":{"Type":"OSR","PlateA":"NA","PlateB":"EU"},"geometry":{"type":"LineString","coordinates":[[-32.71,57.77],[-32.62,57.88]]}},{"type":"Feature","properties":{"Type":"OSR","PlateA":"NA","PlateB":"EU"},"geometry":{"type":"LineString","coordinates":[[-32.62,57.88],[-32.49,57.96]]}},{"type":"Feature","properties":{"Type":"OSR","PlateA":"NA","PlateB":"EU"},"geometry":{"type":"LineString","coordinates":[[-32.49,57.96],[-32.47,58.01]]}},{"type":"Feature","properties":{"Type":"OTF","PlateA":"NA","PlateB":"EU"},"geometry":{"type":"LineString","coordinates":[[-32.47,58.01],[-32.28,58]]}},{"type":"Feature","properties":{"Type":"OSR","PlateA":"NA","PlateB":"EU"},"geometry":{"type":"LineString","coordinates":[[-32.28,58],[-32.12,58.15]]}},{"type":"Feature","properties":{"Type":"OSR","PlateA":"NA","PlateB":"EU"},"geometry":{"type":"LineString","coordinates":[[-32.12,58.15],[-31.98,58.25]]}},{"type":"Feature","properties":{"Type":"OSR","PlateA":"NA","PlateB":"EU"},"geometry":{"type":"LineString","coordinates":[[-31.98,58.25],[-31.87,58.34]]}},{"type":"Feature","properties":{"Type":"OSR","PlateA":"NA","PlateB":"EU"},"geometry":{"type":"LineString","coordinates":[[-31.87,58.34],[-31.8,58.4]]}},{"type":"Feature","properties":{"Type":"OSR","PlateA":"NA","PlateB":"EU"},"geometry":{"type":"LineString","coordinates":[[-31.8,58.4],[-31.74,58.47]]}},{"type":"Feature","properties":{"Type":"OTF","PlateA":"NA","PlateB":"EU"},"geometry":{"type":"LineString","coordinates":[[-31.74,58.47],[-31.56,58.45]]}},{"type":"Feature","properties":{"Type":"OSR","PlateA":"NA","PlateB":"EU"},"geometry":{"type":"LineString","coordinates":[[-31.56,58.45],[-31.43,58.57]]}},{"type":"Feature","properties":{"Type":"OSR","PlateA":"NA","PlateB":"EU"},"geometry":{"type":"LineString","coordinates":[[-31.43,58.57],[-31.3,58.69]]}},{"type":"Feature","properties":{"Type":"OSR","PlateA":"NA","PlateB":"EU"},"geometry":{"type":"LineString","coordinates":[[-31.3,58.69],[-31.18,58.81]]}},{"type":"Feature","properties":{"Type":"OSR","PlateA":"NA","PlateB":"EU"},"geometry":{"type":"LineString","coordinates":[[-31.18,58.81],[-31.04,58.89]]}},{"type":"Feature","properties":{"Type":"OSR","PlateA":"NA","PlateB":"EU"},"geometry":{"type":"LineString","coordinates":[[-31.04,58.89],[-30.98,58.98]]}},{"type":"Feature","properties":{"Type":"OTF","PlateA":"NA","PlateB":"EU"},"geometry":{"type":"LineString","coordinates":[[-30.98,58.98],[-30.79,58.94]]}},{"type":"Feature","properties":{"Type":"OSR","PlateA":"NA","PlateB":"EU"},"geometry":{"type":"LineString","coordinates":[[-30.79,58.94],[-30.65,59.09]]}},{"type":"Feature","properties":{"Type":"OSR","PlateA":"NA","PlateB":"EU"},"geometry":{"type":"LineString","coordinates":[[-30.65,59.09],[-30.45,59.24]]}},{"type":"Feature","properties":{"Type":"OSR","PlateA":"NA","PlateB":"EU"},"geometry":{"type":"LineString","coordinates":[[-30.45,59.24],[-30.31,59.39]]}},{"type":"Feature","properties":{"Type":"OSR","PlateA":"NA","PlateB":"EU"},"geometry":{"type":"LineString","coordinates":[[-30.31,59.39],[-30.16,59.53]]}},{"type":"Feature","properties":{"Type":"OSR","PlateA":"NA","PlateB":"EU"},"geometry":{"type":"LineString","coordinates":[[-30.16,59.53],[-30.04,59.62]]}},{"type":"Feature","properties":{"Type":"OSR","PlateA":"NA","PlateB":"EU"},"geometry":{"type":"LineString","coordinates":[[-30.04,59.62],[-29.85,59.75]]}},{"type":"Feature","properties":{"Type":"OSR","PlateA":"NA","PlateB":"EU"},"geometry":{"type":"LineString","coordinates":[[-29.85,59.75],[-29.64,59.87]]}},{"type":"Feature","properties":{"Type":"OSR","PlateA":"NA","PlateB":"EU"},"geometry":{"type":"LineString","coordinates":[[-29.64,59.87],[-29.51,59.97]]}},{"type":"Feature","properties":{"Type":"OSR","PlateA":"NA","PlateB":"EU"},"geometry":{"type":"LineString","coordinates":[[-29.51,59.97],[-29.37,60.08]]}},{"type":"Feature","properties":{"Type":"SUB","PlateA":"PA","PlateB":"OK"},"geometry":{"type":"LineString","coordinates":[[144.45,40.85],[144.48,40.55]]}},{"type":"Feature","properties":{"Type":"SUB","PlateA":"PA","PlateB":"OK"},"geometry":{"type":"LineString","coordinates":[[144.48,40.55],[144.4,40.37]]}},{"type":"Feature","properties":{"Type":"SUB","PlateA":"PA","PlateB":"OK"},"geometry":{"type":"LineString","coordinates":[[144.4,40.37],[144.33,40.2]]}},{"type":"Feature","properties":{"Type":"SUB","PlateA":"PA","PlateB":"OK"},"geometry":{"type":"LineString","coordinates":[[144.33,40.2],[144.28,40.07]]}},{"type":"Feature","properties":{"Type":"SUB","PlateA":"PA","PlateB":"OK"},"geometry":{"type":"LineString","coordinates":[[144.28,40.07],[144.25,39.93]]}},{"type":"Feature","properties":{"Type":"SUB","PlateA":"PA","PlateB":"OK"},"geometry":{"type":"LineString","coordinates":[[144.25,39.93],[144.23,39.77]]}},{"type":"Feature","properties":{"Type":"SUB","PlateA":"PA","PlateB":"OK"},"geometry":{"type":"LineString","coordinates":[[144.23,39.77],[144.24,39.56]]}},{"type":"Feature","properties":{"Type":"SUB","PlateA":"PA","PlateB":"OK"},"geometry":{"type":"LineString","coordinates":[[144.24,39.56],[144.2,39.37]]}},{"type":"Feature","properties":{"Type":"SUB","PlateA":"PA","PlateB":"OK"},"geometry":{"type":"LineString","coordinates":[[144.2,39.37],[144.19,39.12]]}},{"type":"Feature","properties":{"Type":"SUB","PlateA":"PA","PlateB":"OK"},"geometry":{"type":"LineString","coordinates":[[144.19,39.12],[144.12,38.91]]}},{"type":"Feature","properties":{"Type":"SUB","PlateA":"PA","PlateB":"OK"},"geometry":{"type":"LineString","coordinates":[[144.12,38.91],[144.06,38.71]]}},{"type":"Feature","properties":{"Type":"SUB","PlateA":"PA","PlateB":"OK"},"geometry":{"type":"LineString","coordinates":[[144.06,38.71],[144.02,38.54]]}},{"type":"Feature","properties":{"Type":"SUB","PlateA":"PA","PlateB":"OK"},"geometry":{"type":"LineString","coordinates":[[144.02,38.54],[143.97,38.36]]}},{"type":"Feature","properties":{"Type":"SUB","PlateA":"PA","PlateB":"OK"},"geometry":{"type":"LineString","coordinates":[[143.97,38.36],[143.93,38.17]]}},{"type":"Feature","properties":{"Type":"SUB","PlateA":"PA","PlateB":"OK"},"geometry":{"type":"LineString","coordinates":[[143.93,38.17],[143.89,37.93]]}},{"type":"Feature","properties":{"Type":"SUB","PlateA":"PA","PlateB":"OK"},"geometry":{"type":"LineString","coordinates":[[143.89,37.93],[143.84,37.71]]}},{"type":"Feature","properties":{"Type":"SUB","PlateA":"PA","PlateB":"OK"},"geometry":{"type":"LineString","coordinates":[[143.84,37.71],[143.74,37.48]]}},{"type":"Feature","properties":{"Type":"SUB","PlateA":"PA","PlateB":"OK"},"geometry":{"type":"LineString","coordinates":[[143.74,37.48],[143.64,37.29]]}},{"type":"Feature","properties":{"Type":"SUB","PlateA":"PA","PlateB":"OK"},"geometry":{"type":"LineString","coordinates":[[143.64,37.29],[143.52,37.06]]}},{"type":"Feature","properties":{"Type":"SUB","PlateA":"PA","PlateB":"OK"},"geometry":{"type":"LineString","coordinates":[[143.52,37.06],[143.41,36.86]]}},{"type":"Feature","properties":{"Type":"SUB","PlateA":"PA","PlateB":"OK"},"geometry":{"type":"LineString","coordinates":[[143.41,36.86],[143.28,36.65]]}},{"type":"Feature","properties":{"Type":"SUB","PlateA":"PA","PlateB":"OK"},"geometry":{"type":"LineString","coordinates":[[143.28,36.65],[143.15,36.52]]}},{"type":"Feature","properties":{"Type":"SUB","PlateA":"PA","PlateB":"OK"},"geometry":{"type":"LineString","coordinates":[[143.15,36.52],[143.02,36.34]]}},{"type":"Feature","properties":{"Type":"SUB","PlateA":"PA","PlateB":"OK"},"geometry":{"type":"LineString","coordinates":[[143.02,36.34],[142.89,36.26]]}},{"type":"Feature","properties":{"Type":"SUB","PlateA":"PA","PlateB":"OK"},"geometry":{"type":"LineString","coordinates":[[142.89,36.26],[142.76,36.19]]}},{"type":"Feature","properties":{"Type":"SUB","PlateA":"PA","PlateB":"OK"},"geometry":{"type":"LineString","coordinates":[[142.76,36.19],[142.68,36.06]]}},{"type":"Feature","properties":{"Type":"SUB","PlateA":"PA","PlateB":"OK"},"geometry":{"type":"LineString","coordinates":[[142.68,36.06],[142.61,36]]}},{"type":"Feature","properties":{"Type":"SUB","PlateA":"PA","PlateB":"OK"},"geometry":{"type":"LineString","coordinates":[[142.61,36],[142.56,35.94]]}},{"type":"Feature","properties":{"Type":"SUB","PlateA":"PA","PlateB":"OK"},"geometry":{"type":"LineString","coordinates":[[142.56,35.94],[142.46,35.67]]}},{"type":"Feature","properties":{"Type":"SUB","PlateA":"PA","PlateB":"OK"},"geometry":{"type":"LineString","coordinates":[[142.46,35.67],[142.32,35.5]]}},{"type":"Feature","properties":{"Type":"SUB","PlateA":"PA","PlateB":"OK"},"geometry":{"type":"LineString","coordinates":[[142.32,35.5],[142.22,35.33]]}},{"type":"Feature","properties":{"Type":"SUB","PlateA":"PA","PlateB":"OK"},"geometry":{"type":"LineString","coordinates":[[142.22,35.33],[142.17,35.22]]}},{"type":"Feature","properties":{"Type":"SUB","PlateA":"PA","PlateB":"OK"},"geometry":{"type":"LineString","coordinates":[[142.17,35.22],[142.07,35.16]]}},{"type":"Feature","properties":{"Type":"SUB","PlateA":"PA","PlateB":"OK"},"geometry":{"type":"LineString","coordinates":[[142.07,35.16],[142.03,34.89]]}},{"type":"Feature","properties":{"Type":"SUB","PlateA":"PA","PlateB":"OK"},"geometry":{"type":"LineString","coordinates":[[142.03,34.89],[141.99,34.67]]}},{"type":"Feature","properties":{"Type":"SUB","PlateA":"PA","PlateB":"OK"},"geometry":{"type":"LineString","coordinates":[[141.99,34.67],[141.88,34.21]]}},{"type":"Feature","properties":{"Type":"OTF","PlateA":"PA","PlateB":"JF"},"geometry":{"type":"LineString","coordinates":[[-124.74,40.31],[-125.45,40.35]]}},{"type":"Feature","properties":{"Type":"OTF","PlateA":"PA","PlateB":"JF"},"geometry":{"type":"LineString","coordinates":[[-125.45,40.35],[-126.16,40.39]]}},{"type":"Feature","properties":{"Type":"OTF","PlateA":"PA","PlateB":"JF"},"geometry":{"type":"LineString","coordinates":[[-126.16,40.39],[-126.87,40.42]]}},{"type":"Feature","properties":{"Type":"OTF","PlateA":"PA","PlateB":"JF"},"geometry":{"type":"LineString","coordinates":[[-126.87,40.42],[-127.58,40.45]]}},{"type":"Feature","properties":{"Type":"OSR","PlateA":"PA","PlateB":"JF"},"geometry":{"type":"LineString","coordinates":[[-127.58,40.45],[-127.58,40.54]]}},{"type":"Feature","properties":{"Type":"OTF","PlateA":"PA","PlateB":"JF"},"geometry":{"type":"LineString","coordinates":[[-127.58,40.54],[-127.72,40.57]]}},{"type":"Feature","properties":{"Type":"OSR","PlateA":"PA","PlateB":"JF"},"geometry":{"type":"LineString","coordinates":[[-127.72,40.57],[-127.64,41.08]]}},{"type":"Feature","properties":{"Type":"OSR","PlateA":"PA","PlateB":"JF"},"geometry":{"type":"LineString","coordinates":[[-127.64,41.08],[-127.56,41.59]]}},{"type":"Feature","properties":{"Type":"OTF","PlateA":"PA","PlateB":"JF"},"geometry":{"type":"LineString","coordinates":[[-127.56,41.59],[-127.45,41.56]]}},{"type":"Feature","properties":{"Type":"OSR","PlateA":"PA","PlateB":"JF"},"geometry":{"type":"LineString","coordinates":[[-127.45,41.56],[-127.4,41.64]]}},{"type":"Feature","properties":{"Type":"OSR","PlateA":"PA","PlateB":"JF"},"geometry":{"type":"LineString","coordinates":[[-127.4,41.64],[-127.24,41.69]]}},{"type":"Feature","properties":{"Type":"OSR","PlateA":"PA","PlateB":"JF"},"geometry":{"type":"LineString","coordinates":[[-127.24,41.69],[-127.04,42.36]]}},{"type":"Feature","properties":{"Type":"OSR","PlateA":"PA","PlateB":"JF"},"geometry":{"type":"LineString","coordinates":[[-127.04,42.36],[-126.63,43.01]]}},{"type":"Feature","properties":{"Type":"OTF","PlateA":"PA","PlateB":"JF"},"geometry":{"type":"LineString","coordinates":[[-126.63,43.01],[-127.57,43.42]]}},{"type":"Feature","properties":{"Type":"OTF","PlateA":"PA","PlateB":"JF"},"geometry":{"type":"LineString","coordinates":[[-127.57,43.42],[-128.53,43.82]]}},{"type":"Feature","properties":{"Type":"OTF","PlateA":"PA","PlateB":"JF"},"geometry":{"type":"LineString","coordinates":[[-128.53,43.82],[-129.5,44.21]]}},{"type":"Feature","properties":{"Type":"OTF","PlateA":"PA","PlateB":"JF"},"geometry":{"type":"LineString","coordinates":[[-129.5,44.21],[-130.48,44.59]]}},{"type":"Feature","properties":{"Type":"OSR","PlateA":"PA","PlateB":"JF"},"geometry":{"type":"LineString","coordinates":[[-130.48,44.59],[-130.37,44.93]]}},{"type":"Feature","properties":{"Type":"OSR","PlateA":"PA","PlateB":"JF"},"geometry":{"type":"LineString","coordinates":[[-130.37,44.93],[-130.07,45.29]]}},{"type":"Feature","properties":{"Type":"OSR","PlateA":"PA","PlateB":"JF"},"geometry":{"type":"LineString","coordinates":[[-130.07,45.29],[-130.19,45.41]]}},{"type":"Feature","properties":{"Type":"OSR","PlateA":"PA","PlateB":"JF"},"geometry":{"type":"LineString","coordinates":[[-130.19,45.41],[-129.94,45.74]]}},{"type":"Feature","properties":{"Type":"OSR","PlateA":"PA","PlateB":"JF"},"geometry":{"type":"LineString","coordinates":[[-129.94,45.74],[-129.87,45.9]]}},{"type":"Feature","properties":{"Type":"OTF","PlateA":"PA","PlateB":"JF"},"geometry":{"type":"LineString","coordinates":[[-129.87,45.9],[-130.07,45.94]]}},{"type":"Feature","properties":{"Type":"OSR","PlateA":"PA","PlateB":"JF"},"geometry":{"type":"LineString","coordinates":[[-130.07,45.94],[-130.05,46.2]]}},{"type":"Feature","properties":{"Type":"OSR","PlateA":"PA","PlateB":"JF"},"geometry":{"type":"LineString","coordinates":[[-130.05,46.2],[-129.92,46.23]]}},{"type":"Feature","properties":{"Type":"OSR","PlateA":"PA","PlateB":"JF"},"geometry":{"type":"LineString","coordinates":[[-129.92,46.23],[-129.8,46.43]]}},{"type":"Feature","properties":{"Type":"OTF","PlateA":"PA","PlateB":"JF"},"geometry":{"type":"LineString","coordinates":[[-129.8,46.43],[-129.57,46.4]]}},{"type":"Feature","properties":{"Type":"OSR","PlateA":"PA","PlateB":"JF"},"geometry":{"type":"LineString","coordinates":[[-129.57,46.4],[-129.26,47.07]]}},{"type":"Feature","properties":{"Type":"OSR","PlateA":"PA","PlateB":"JF"},"geometry":{"type":"LineString","coordinates":[[-129.26,47.07],[-128.94,47.73]]}},{"type":"Feature","properties":{"Type":"OTF","PlateA":"PA","PlateB":"JF"},"geometry":{"type":"LineString","coordinates":[[-128.94,47.73],[-129.19,47.84]]}},{"type":"Feature","properties":{"Type":"OSR","PlateA":"PA","PlateB":"JF"},"geometry":{"type":"LineString","coordinates":[[-129.19,47.84],[-128.94,48.32]]}},{"type":"Feature","properties":{"Type":"OSR","PlateA":"PA","PlateB":"JF"},"geometry":{"type":"LineString","coordinates":[[-128.94,48.32],[-129.15,48.48]]}},{"type":"Feature","properties":{"Type":"OSR","PlateA":"PA","PlateB":"JF"},"geometry":{"type":"LineString","coordinates":[[-129.15,48.48],[-128.92,48.87]]}},{"type":"Feature","properties":{"Type":"OTF","PlateA":"PA","PlateB":"JF"},"geometry":{"type":"LineString","coordinates":[[-128.92,48.87],[-129.71,49.18]]}},{"type":"Feature","properties":{"Type":"OTF","PlateA":"PA","PlateB":"JF"},"geometry":{"type":"LineString","coordinates":[[-129.71,49.18],[-130.5,49.48]]}},{"type":"Feature","properties":{"Type":"OSR","PlateA":"PA","PlateB":"JF"},"geometry":{"type":"LineString","coordinates":[[-130.5,49.48],[-130.16,49.98]]}},{"type":"Feature","properties":{"Type":"OSR","PlateA":"PA","PlateB":"JF"},"geometry":{"type":"LineString","coordinates":[[-130.16,49.98],[-130.3,50.06]]}},{"type":"Feature","properties":{"Type":"OSR","PlateA":"PA","PlateB":"JF"},"geometry":{"type":"LineString","coordinates":[[-130.3,50.06],[-130.16,50.22]]}},{"type":"Feature","properties":{"Type":"OTF","PlateA":"PA","PlateB":"JF"},"geometry":{"type":"LineString","coordinates":[[-130.16,50.22],[-130.33,50.3]]}},{"type":"Feature","properties":{"Type":"OSR","PlateA":"PA","PlateB":"JF"},"geometry":{"type":"LineString","coordinates":[[-130.33,50.3],[-130.25,50.47]]}},{"type":"Feature","properties":{"Type":"OSR","PlateA":"PA","PlateB":"JF"},"geometry":{"type":"LineString","coordinates":[[-130.25,50.47],[-130.75,50.91]]}},{"type":"Feature","properties":{"Type":"OSR","PlateA":"PA","PlateB":"JF"},"geometry":{"type":"LineString","coordinates":[[-130.75,50.91],[-131.07,51.19]]}},{"type":"Feature","properties":{"Type":"OSR","PlateA":"PA","PlateB":"JF"},"geometry":{"type":"LineString","coordinates":[[-131.07,51.19],[-130.85,51.61]]}},{"type":"Feature","properties":{"Type":"SUB","PlateA":"JF","PlateB":"NA"},"geometry":{"type":"LineString","coordinates":[[-124.74,40.31],[-124.95,40.63]]}},{"type":"Feature","properties":{"Type":"SUB","PlateA":"JF","PlateB":"NA"},"geometry":{"type":"LineString","coordinates":[[-124.95,40.63],[-124.93,40.88]]}},{"type":"Feature","properties":{"Type":"SUB","PlateA":"JF","PlateB":"NA"},"geometry":{"type":"LineString","coordinates":[[-124.93,40.88],[-125.09,41.14]]}},{"type":"Feature","properties":{"Type":"SUB","PlateA":"JF","PlateB":"NA"},"geometry":{"type":"LineString","coordinates":[[-125.09,41.14],[-125.18,41.38]]}},{"type":"Feature","properties":{"Type":"SUB","PlateA":"JF","PlateB":"NA"},"geometry":{"type":"LineString","coordinates":[[-125.18,41.38],[-125.31,41.65]]}},{"type":"Feature","properties":{"Type":"SUB","PlateA":"JF","PlateB":"NA"},"geometry":{"type":"LineString","coordinates":[[-125.31,41.65],[-125.28,41.82]]}},{"type":"Feature","properties":{"Type":"SUB","PlateA":"JF","PlateB":"NA"},"geometry":{"type":"LineString","coordinates":[[-125.28,41.82],[-125.31,41.99]]}},{"type":"Feature","properties":{"Type":"SUB","PlateA":"JF","PlateB":"NA"},"geometry":{"type":"LineString","coordinates":[[-125.31,41.99],[-125.33,42.14]]}},{"type":"Feature","properties":{"Type":"SUB","PlateA":"JF","PlateB":"NA"},"geometry":{"type":"LineString","coordinates":[[-125.33,42.14],[-125.29,42.29]]}},{"type":"Feature","properties":{"Type":"SUB","PlateA":"JF","PlateB":"NA"},"geometry":{"type":"LineString","coordinates":[[-125.29,42.29],[-125.21,42.36]]}},{"type":"Feature","properties":{"Type":"SUB","PlateA":"JF","PlateB":"NA"},"geometry":{"type":"LineString","coordinates":[[-125.21,42.36],[-125.2,42.49]]}},{"type":"Feature","properties":{"Type":"SUB","PlateA":"JF","PlateB":"NA"},"geometry":{"type":"LineString","coordinates":[[-125.2,42.49],[-125.27,42.56]]}},{"type":"Feature","properties":{"Type":"SUB","PlateA":"JF","PlateB":"NA"},"geometry":{"type":"LineString","coordinates":[[-125.27,42.56],[-125.29,42.86]]}},{"type":"Feature","properties":{"Type":"SUB","PlateA":"JF","PlateB":"NA"},"geometry":{"type":"LineString","coordinates":[[-125.29,42.86],[-125.29,43.05]]}},{"type":"Feature","properties":{"Type":"SUB","PlateA":"JF","PlateB":"NA"},"geometry":{"type":"LineString","coordinates":[[-125.29,43.05],[-125.34,43.14]]}},{"type":"Feature","properties":{"Type":"SUB","PlateA":"JF","PlateB":"NA"},"geometry":{"type":"LineString","coordinates":[[-125.34,43.14],[-125.39,43.27]]}},{"type":"Feature","properties":{"Type":"SUB","PlateA":"JF","PlateB":"NA"},"geometry":{"type":"LineString","coordinates":[[-125.39,43.27],[-125.47,43.43]]}},{"type":"Feature","properties":{"Type":"SUB","PlateA":"JF","PlateB":"NA"},"geometry":{"type":"LineString","coordinates":[[-125.47,43.43],[-125.48,43.74]]}},{"type":"Feature","properties":{"Type":"SUB","PlateA":"JF","PlateB":"NA"},"geometry":{"type":"LineString","coordinates":[[-125.48,43.74],[-125.45,43.93]]}},{"type":"Feature","properties":{"Type":"SUB","PlateA":"JF","PlateB":"NA"},"geometry":{"type":"LineString","coordinates":[[-125.45,43.93],[-125.43,44]]}},{"type":"Feature","properties":{"Type":"SUB","PlateA":"JF","PlateB":"NA"},"geometry":{"type":"LineString","coordinates":[[-125.43,44],[-125.36,44.07]]}},{"type":"Feature","properties":{"Type":"SUB","PlateA":"JF","PlateB":"NA"},"geometry":{"type":"LineString","coordinates":[[-125.36,44.07],[-125.37,44.32]]}},{"type":"Feature","properties":{"Type":"SUB","PlateA":"JF","PlateB":"NA"},"geometry":{"type":"LineString","coordinates":[[-125.37,44.32],[-125.37,44.52]]}},{"type":"Feature","properties":{"Type":"SUB","PlateA":"JF","PlateB":"NA"},"geometry":{"type":"LineString","coordinates":[[-125.37,44.52],[-125.38,44.67]]}},{"type":"Feature","properties":{"Type":"SUB","PlateA":"JF","PlateB":"NA"},"geometry":{"type":"LineString","coordinates":[[-125.38,44.67],[-125.43,44.73]]}},{"type":"Feature","properties":{"Type":"SUB","PlateA":"JF","PlateB":"NA"},"geometry":{"type":"LineString","coordinates":[[-125.43,44.73],[-125.44,44.88]]}},{"type":"Feature","properties":{"Type":"SUB","PlateA":"JF","PlateB":"NA"},"geometry":{"type":"LineString","coordinates":[[-125.44,44.88],[-125.43,45.1]]}},{"type":"Feature","properties":{"Type":"SUB","PlateA":"JF","PlateB":"NA"},"geometry":{"type":"LineString","coordinates":[[-125.43,45.1],[-125.52,45.47]]}},{"type":"Feature","properties":{"Type":"SUB","PlateA":"JF","PlateB":"NA"},"geometry":{"type":"LineString","coordinates":[[-125.52,45.47],[-125.65,45.95]]}},{"type":"Feature","properties":{"Type":"SUB","PlateA":"JF","PlateB":"NA"},"geometry":{"type":"LineString","coordinates":[[-125.65,45.95],[-125.77,46.3]]}},{"type":"Feature","properties":{"Type":"SUB","PlateA":"JF","PlateB":"NA"},"geometry":{"type":"LineString","coordinates":[[-125.77,46.3],[-125.88,46.64]]}},{"type":"Feature","properties":{"Type":"SUB","PlateA":"JF","PlateB":"NA"},"geometry":{"type":"LineString","coordinates":[[-125.88,46.64],[-126,46.97]]}},{"type":"Feature","properties":{"Type":"SUB","PlateA":"JF","PlateB":"NA"},"geometry":{"type":"LineString","coordinates":[[-126,46.97],[-126.08,47.35]]}},{"type":"Feature","properties":{"Type":"SUB","PlateA":"JF","PlateB":"NA"},"geometry":{"type":"LineString","coordinates":[[-126.08,47.35],[-126.37,47.75]]}},{"type":"Feature","properties":{"Type":"SUB","PlateA":"JF","PlateB":"NA"},"geometry":{"type":"LineString","coordinates":[[-126.37,47.75],[-126.49,48]]}},{"type":"Feature","properties":{"Type":"SUB","PlateA":"JF","PlateB":"NA"},"geometry":{"type":"LineString","coordinates":[[-126.49,48],[-126.73,48.29]]}},{"type":"Feature","properties":{"Type":"SUB","PlateA":"JF","PlateB":"NA"},"geometry":{"type":"LineString","coordinates":[[-126.73,48.29],[-127.02,48.57]]}},{"type":"Feature","properties":{"Type":"SUB","PlateA":"JF","PlateB":"NA"},"geometry":{"type":"LineString","coordinates":[[-127.02,48.57],[-127.38,48.75]]}},{"type":"Feature","properties":{"Type":"SUB","PlateA":"JF","PlateB":"NA"},"geometry":{"type":"LineString","coordinates":[[-127.38,48.75],[-127.61,48.88]]}},{"type":"Feature","properties":{"Type":"SUB","PlateA":"JF","PlateB":"NA"},"geometry":{"type":"LineString","coordinates":[[-127.61,48.88],[-127.82,49.08]]}},{"type":"Feature","properties":{"Type":"SUB","PlateA":"JF","PlateB":"NA"},"geometry":{"type":"LineString","coordinates":[[-127.82,49.08],[-127.85,49.49]]}},{"type":"Feature","properties":{"Type":"SUB","PlateA":"JF","PlateB":"NA"},"geometry":{"type":"LineString","coordinates":[[-127.85,49.49],[-128.03,49.78]]}},{"type":"Feature","properties":{"Type":"SUB","PlateA":"JF","PlateB":"NA"},"geometry":{"type":"LineString","coordinates":[[-128.03,49.78],[-128.28,49.89]]}},{"type":"Feature","properties":{"Type":"SUB","PlateA":"JF","PlateB":"NA"},"geometry":{"type":"LineString","coordinates":[[-128.28,49.89],[-128.41,50.09]]}},{"type":"Feature","properties":{"Type":"SUB","PlateA":"JF","PlateB":"NA"},"geometry":{"type":"LineString","coordinates":[[-128.41,50.09],[-128.72,50.31]]}},{"type":"Feature","properties":{"Type":"SUB","PlateA":"JF","PlateB":"NA"},"geometry":{"type":"LineString","coordinates":[[-128.72,50.31],[-129.01,50.48]]}},{"type":"Feature","properties":{"Type":"SUB","PlateA":"JF","PlateB":"NA"},"geometry":{"type":"LineString","coordinates":[[-129.01,50.48],[-129.46,50.65]]}},{"type":"Feature","properties":{"Type":"SUB","PlateA":"JF","PlateB":"NA"},"geometry":{"type":"LineString","coordinates":[[-129.46,50.65],[-129.74,50.84]]}},{"type":"Feature","properties":{"Type":"SUB","PlateA":"JF","PlateB":"NA"},"geometry":{"type":"LineString","coordinates":[[-129.74,50.84],[-129.98,51.1]]}},{"type":"Feature","properties":{"Type":"SUB","PlateA":"JF","PlateB":"NA"},"geometry":{"type":"LineString","coordinates":[[-129.98,51.1],[-130.21,51.28]]}},{"type":"Feature","properties":{"Type":"SUB","PlateA":"JF","PlateB":"NA"},"geometry":{"type":"LineString","coordinates":[[-130.21,51.28],[-130.55,51.4]]}},{"type":"Feature","properties":{"Type":"SUB","PlateA":"JF","PlateB":"NA"},"geometry":{"type":"LineString","coordinates":[[-130.55,51.4],[-130.85,51.61]]}},{"type":"Feature","properties":{"Type":"SUB","PlateA":"OK","PlateB":"PA"},"geometry":{"type":"LineString","coordinates":[[144.45,40.85],[145.08,41.32]]}},{"type":"Feature","properties":{"Type":"SUB","PlateA":"OK","PlateB":"PA"},"geometry":{"type":"LineString","coordinates":[[145.08,41.32],[145.71,41.79]]}},{"type":"Feature","properties":{"Type":"SUB","PlateA":"OK","PlateB":"PA"},"geometry":{"type":"LineString","coordinates":[[145.71,41.79],[146.2,42.08]]}},{"type":"Feature","properties":{"Type":"SUB","PlateA":"OK","PlateB":"PA"},"geometry":{"type":"LineString","coordinates":[[146.2,42.08],[146.69,42.36]]}},{"type":"Feature","properties":{"Type":"SUB","PlateA":"OK","PlateB":"PA"},"geometry":{"type":"LineString","coordinates":[[146.69,42.36],[147.35,42.69]]}},{"type":"Feature","properties":{"Type":"SUB","PlateA":"OK","PlateB":"PA"},"geometry":{"type":"LineString","coordinates":[[147.35,42.69],[148.34,43.21]]}},{"type":"Feature","properties":{"Type":"SUB","PlateA":"OK","PlateB":"PA"},"geometry":{"type":"LineString","coordinates":[[148.34,43.21],[149.31,43.72]]}},{"type":"Feature","properties":{"Type":"SUB","PlateA":"OK","PlateB":"PA"},"geometry":{"type":"LineString","coordinates":[[149.31,43.72],[150.34,44.19]]}},{"type":"Feature","properties":{"Type":"SUB","PlateA":"OK","PlateB":"PA"},"geometry":{"type":"LineString","coordinates":[[150.34,44.19],[150.88,44.45]]}},{"type":"Feature","properties":{"Type":"SUB","PlateA":"OK","PlateB":"PA"},"geometry":{"type":"LineString","coordinates":[[150.88,44.45],[151.42,44.7]]}},{"type":"Feature","properties":{"Type":"SUB","PlateA":"OK","PlateB":"PA"},"geometry":{"type":"LineString","coordinates":[[151.42,44.7],[152.24,45.16]]}},{"type":"Feature","properties":{"Type":"SUB","PlateA":"OK","PlateB":"PA"},"geometry":{"type":"LineString","coordinates":[[152.24,45.16],[152.88,45.53]]}},{"type":"Feature","properties":{"Type":"SUB","PlateA":"OK","PlateB":"PA"},"geometry":{"type":"LineString","coordinates":[[152.88,45.53],[153.53,45.9]]}},{"type":"Feature","properties":{"Type":"SUB","PlateA":"OK","PlateB":"PA"},"geometry":{"type":"LineString","coordinates":[[153.53,45.9],[154.2,46.44]]}},{"type":"Feature","properties":{"Type":"SUB","PlateA":"OK","PlateB":"PA"},"geometry":{"type":"LineString","coordinates":[[154.2,46.44],[154.66,46.85]]}},{"type":"Feature","properties":{"Type":"SUB","PlateA":"OK","PlateB":"PA"},"geometry":{"type":"LineString","coordinates":[[154.66,46.85],[155.14,47.26]]}},{"type":"Feature","properties":{"Type":"SUB","PlateA":"OK","PlateB":"PA"},"geometry":{"type":"LineString","coordinates":[[155.14,47.26],[155.74,47.73]]}},{"type":"Feature","properties":{"Type":"SUB","PlateA":"OK","PlateB":"PA"},"geometry":{"type":"LineString","coordinates":[[155.74,47.73],[156.35,48.18]]}},{"type":"Feature","properties":{"Type":"SUB","PlateA":"OK","PlateB":"PA"},"geometry":{"type":"LineString","coordinates":[[156.35,48.18],[157.02,48.66]]}},{"type":"Feature","properties":{"Type":"SUB","PlateA":"OK","PlateB":"PA"},"geometry":{"type":"LineString","coordinates":[[157.02,48.66],[157.57,49.11]]}},{"type":"Feature","properties":{"Type":"SUB","PlateA":"OK","PlateB":"PA"},"geometry":{"type":"LineString","coordinates":[[157.57,49.11],[158.12,49.55]]}},{"type":"Feature","properties":{"Type":"SUB","PlateA":"OK","PlateB":"PA"},"geometry":{"type":"LineString","coordinates":[[158.12,49.55],[158.64,49.86]]}},{"type":"Feature","properties":{"Type":"SUB","PlateA":"OK","PlateB":"PA"},"geometry":{"type":"LineString","coordinates":[[158.64,49.86],[159.17,50.15]]}},{"type":"Feature","properties":{"Type":"SUB","PlateA":"OK","PlateB":"PA"},"geometry":{"type":"LineString","coordinates":[[159.17,50.15],[159.88,50.86]]}},{"type":"Feature","properties":{"Type":"SUB","PlateA":"OK","PlateB":"PA"},"geometry":{"type":"LineString","coordinates":[[159.88,50.86],[160.6,51.49]]}},{"type":"Feature","properties":{"Type":"SUB","PlateA":"OK","PlateB":"PA"},"geometry":{"type":"LineString","coordinates":[[160.6,51.49],[160.95,52.16]]}},{"type":"Feature","properties":{"Type":"SUB","PlateA":"OK","PlateB":"PA"},"geometry":{"type":"LineString","coordinates":[[160.95,52.16],[161.58,52.65]]}},{"type":"Feature","properties":{"Type":"SUB","PlateA":"OK","PlateB":"PA"},"geometry":{"type":"LineString","coordinates":[[161.58,52.65],[162.46,53]]}},{"type":"Feature","properties":{"Type":"SUB","PlateA":"OK","PlateB":"PA"},"geometry":{"type":"LineString","coordinates":[[162.46,53],[162.79,53.63]]}},{"type":"Feature","properties":{"Type":"SUB","PlateA":"OK","PlateB":"PA"},"geometry":{"type":"LineString","coordinates":[[162.79,53.63],[163.28,54.35]]}},{"type":"Feature","properties":{"Type":"SUB","PlateA":"OK","PlateB":"PA"},"geometry":{"type":"LineString","coordinates":[[163.28,54.35],[163.67,54.78]]}},{"type":"Feature","properties":{"Type":"SUB","PlateA":"OK","PlateB":"PA"},"geometry":{"type":"LineString","coordinates":[[163.67,54.78],[164.07,55.21]]}},{"type":"Feature","properties":{"Type":"SUB","PlateA":"NA","PlateB":"PA"},"geometry":{"type":"LineString","coordinates":[[164.07,55.21],[164.85,54.96]]}},{"type":"Feature","properties":{"Type":"SUB","PlateA":"NA","PlateB":"PA"},"geometry":{"type":"LineString","coordinates":[[164.85,54.96],[165.77,54.59]]}},{"type":"Feature","properties":{"Type":"OTF","PlateA":"NA","PlateB":"PA"},"geometry":{"type":"LineString","coordinates":[[165.77,54.59],[166.41,54.24]]}},{"type":"Feature","properties":{"Type":"SUB","PlateA":"NA","PlateB":"PA"},"geometry":{"type":"LineString","coordinates":[[166.41,54.24],[167.41,53.91]]}},{"type":"Feature","properties":{"Type":"SUB","PlateA":"NA","PlateB":"PA"},"geometry":{"type":"LineString","coordinates":[[167.41,53.91],[168.19,53.57]]}},{"type":"Feature","properties":{"Type":"OTF","PlateA":"NA","PlateB":"PA"},"geometry":{"type":"LineString","coordinates":[[168.19,53.57],[168.84,53.21]]}},{"type":"Feature","properties":{"Type":"SUB","PlateA":"NA","PlateB":"PA"},"geometry":{"type":"LineString","coordinates":[[168.84,53.21],[169.75,52.86]]}},{"type":"Feature","properties":{"Type":"SUB","PlateA":"NA","PlateB":"PA"},"geometry":{"type":"LineString","coordinates":[[169.75,52.86],[170.7,52.5]]}},{"type":"Feature","properties":{"Type":"SUB","PlateA":"NA","PlateB":"PA"},"geometry":{"type":"LineString","coordinates":[[170.7,52.5],[171.85,52.03]]}},{"type":"Feature","properties":{"Type":"SUB","PlateA":"NA","PlateB":"PA"},"geometry":{"type":"LineString","coordinates":[[171.85,52.03],[172.96,51.68]]}},{"type":"Feature","properties":{"Type":"SUB","PlateA":"NA","PlateB":"PA"},"geometry":{"type":"LineString","coordinates":[[172.96,51.68],[174.22,51.4]]}},{"type":"Feature","properties":{"Type":"SUB","PlateA":"NA","PlateB":"PA"},"geometry":{"type":"LineString","coordinates":[[174.22,51.4],[175.57,51.11]]}},{"type":"Feature","properties":{"Type":"SUB","PlateA":"NA","PlateB":"PA"},"geometry":{"type":"LineString","coordinates":[[175.57,51.11],[176.72,50.9]]}},{"type":"Feature","properties":{"Type":"SUB","PlateA":"NA","PlateB":"PA"},"geometry":{"type":"LineString","coordinates":[[176.72,50.9],[177.68,50.7]]}},{"type":"Feature","properties":{"Type":"SUB","PlateA":"NA","PlateB":"PA"},"geometry":{"type":"LineString","coordinates":[[177.68,50.7],[178.5,50.62]]}},{"type":"Feature","properties":{"Type":"SUB","PlateA":"NA","PlateB":"PA"},"geometry":{"type":"LineString","coordinates":[[178.5,50.62],[179.69,50.51]]}},{"type":"Feature","properties":{"Type":"SUB","PlateA":"NA","PlateB":"PA"},"geometry":{"type":"LineString","coordinates":[[179.69,50.51],[180,50.5]]}},{"type":"Feature","properties":{"Type":"SUB","PlateA":"NA","PlateB":"PA"},"geometry":{"type":"LineString","coordinates":[[-179.2,50.5],[-178.48,50.49]]}},{"type":"Feature","properties":{"Type":"SUB","PlateA":"NA","PlateB":"PA"},"geometry":{"type":"LineString","coordinates":[[-178.48,50.49],[-177.76,50.48]]}},{"type":"Feature","properties":{"Type":"SUB","PlateA":"NA","PlateB":"PA"},"geometry":{"type":"LineString","coordinates":[[-177.76,50.48],[-177.09,50.5]]}},{"type":"Feature","properties":{"Type":"SUB","PlateA":"NA","PlateB":"PA"},"geometry":{"type":"LineString","coordinates":[[-177.09,50.5],[-176.22,50.59]]}},{"type":"Feature","properties":{"Type":"SUB","PlateA":"NA","PlateB":"PA"},"geometry":{"type":"LineString","coordinates":[[-176.22,50.59],[-175.63,50.75]]}},{"type":"Feature","properties":{"Type":"SUB","PlateA":"NA","PlateB":"PA"},"geometry":{"type":"LineString","coordinates":[[-175.63,50.75],[-174.91,50.83]]}},{"type":"Feature","properties":{"Type":"SUB","PlateA":"NA","PlateB":"PA"},"geometry":{"type":"LineString","coordinates":[[-174.91,50.83],[-174.12,50.9]]}},{"type":"Feature","properties":{"Type":"SUB","PlateA":"NA","PlateB":"PA"},"geometry":{"type":"LineString","coordinates":[[-174.12,50.9],[-173.33,50.96]]}},{"type":"Feature","properties":{"Type":"SUB","PlateA":"NA","PlateB":"PA"},"geometry":{"type":"LineString","coordinates":[[-173.33,50.96],[-172.48,51.07]]}},{"type":"Feature","properties":{"Type":"SUB","PlateA":"NA","PlateB":"PA"},"geometry":{"type":"LineString","coordinates":[[-172.48,51.07],[-171.63,51.17]]}},{"type":"Feature","properties":{"Type":"SUB","PlateA":"NA","PlateB":"PA"},"geometry":{"type":"LineString","coordinates":[[-171.63,51.17],[-170.9,51.31]]}},{"type":"Feature","properties":{"Type":"SUB","PlateA":"NA","PlateB":"PA"},"geometry":{"type":"LineString","coordinates":[[-170.9,51.31],[-170.16,51.44]]}},{"type":"Feature","properties":{"Type":"SUB","PlateA":"NA","PlateB":"PA"},"geometry":{"type":"LineString","coordinates":[[-170.16,51.44],[-169.38,51.63]]}},{"type":"Feature","properties":{"Type":"SUB","PlateA":"NA","PlateB":"PA"},"geometry":{"type":"LineString","coordinates":[[-169.38,51.63],[-168.97,51.74]]}},{"type":"Feature","properties":{"Type":"SUB","PlateA":"NA","PlateB":"PA"},"geometry":{"type":"LineString","coordinates":[[-168.97,51.74],[-167.99,52]]}},{"type":"Feature","properties":{"Type":"SUB","PlateA":"NA","PlateB":"PA"},"geometry":{"type":"LineString","coordinates":[[-167.99,52],[-166.82,52.26]]}},{"type":"Feature","properties":{"Type":"SUB","PlateA":"NA","PlateB":"PA"},"geometry":{"type":"LineString","coordinates":[[-166.82,52.26],[-166.11,52.45]]}},{"type":"Feature","properties":{"Type":"SUB","PlateA":"NA","PlateB":"PA"},"geometry":{"type":"LineString","coordinates":[[-166.11,52.45],[-165.39,52.64]]}},{"type":"Feature","properties":{"Type":"SUB","PlateA":"NA","PlateB":"PA"},"geometry":{"type":"LineString","coordinates":[[-165.39,52.64],[-164.66,52.82]]}},{"type":"Feature","properties":{"Type":"SUB","PlateA":"NA","PlateB":"PA"},"geometry":{"type":"LineString","coordinates":[[-164.66,52.82],[-163.93,52.99]]}},{"type":"Feature","properties":{"Type":"SUB","PlateA":"NA","PlateB":"PA"},"geometry":{"type":"LineString","coordinates":[[-163.93,52.99],[-163.18,53.18]]}},{"type":"Feature","properties":{"Type":"SUB","PlateA":"NA","PlateB":"PA"},"geometry":{"type":"LineString","coordinates":[[-163.18,53.18],[-162.41,53.37]]}},{"type":"Feature","properties":{"Type":"SUB","PlateA":"NA","PlateB":"PA"},"geometry":{"type":"LineString","coordinates":[[-162.41,53.37],[-161.66,53.5]]}},{"type":"Feature","properties":{"Type":"SUB","PlateA":"NA","PlateB":"PA"},"geometry":{"type":"LineString","coordinates":[[-161.66,53.5],[-160.91,53.62]]}},{"type":"Feature","properties":{"Type":"SUB","PlateA":"NA","PlateB":"PA"},"geometry":{"type":"LineString","coordinates":[[-160.91,53.62],[-160.13,53.74]]}},{"type":"Feature","properties":{"Type":"SUB","PlateA":"NA","PlateB":"PA"},"geometry":{"type":"LineString","coordinates":[[-160.13,53.74],[-159.34,53.86]]}},{"type":"Feature","properties":{"Type":"SUB","PlateA":"NA","PlateB":"PA"},"geometry":{"type":"LineString","coordinates":[[-159.34,53.86],[-157.99,54.1]]}},{"type":"Feature","properties":{"Type":"SUB","PlateA":"NA","PlateB":"PA"},"geometry":{"type":"LineString","coordinates":[[-157.99,54.1],[-157.07,54.32]]}},{"type":"Feature","properties":{"Type":"SUB","PlateA":"NA","PlateB":"PA"},"geometry":{"type":"LineString","coordinates":[[-157.07,54.32],[-156.14,54.53]]}},{"type":"Feature","properties":{"Type":"SUB","PlateA":"NA","PlateB":"PA"},"geometry":{"type":"LineString","coordinates":[[-156.14,54.53],[-155.24,54.79]]}},{"type":"Feature","properties":{"Type":"SUB","PlateA":"NA","PlateB":"PA"},"geometry":{"type":"LineString","coordinates":[[-155.24,54.79],[-154.16,55.24]]}},{"type":"Feature","properties":{"Type":"SUB","PlateA":"NA","PlateB":"PA"},"geometry":{"type":"LineString","coordinates":[[-154.16,55.24],[-153.16,55.61]]}},{"type":"Feature","properties":{"Type":"SUB","PlateA":"NA","PlateB":"PA"},"geometry":{"type":"LineString","coordinates":[[-153.16,55.61],[-152.23,56.06]]}},{"type":"Feature","properties":{"Type":"SUB","PlateA":"NA","PlateB":"PA"},"geometry":{"type":"LineString","coordinates":[[-152.23,56.06],[-151.22,56.31]]}},{"type":"Feature","properties":{"Type":"SUB","PlateA":"NA","PlateB":"PA"},"geometry":{"type":"LineString","coordinates":[[-151.22,56.31],[-150.55,56.5]]}},{"type":"Feature","properties":{"Type":"SUB","PlateA":"NA","PlateB":"PA"},"geometry":{"type":"LineString","coordinates":[[-150.55,56.5],[-150.08,56.62]]}},{"type":"Feature","properties":{"Type":"SUB","PlateA":"NA","PlateB":"PA"},"geometry":{"type":"LineString","coordinates":[[-150.08,56.62],[-149.22,56.93]]}},{"type":"Feature","properties":{"Type":"SUB","PlateA":"NA","PlateB":"PA"},"geometry":{"type":"LineString","coordinates":[[-149.22,56.93],[-148.26,57.35]]}},{"type":"Feature","properties":{"Type":"SUB","PlateA":"NA","PlateB":"PA"},"geometry":{"type":"LineString","coordinates":[[-148.26,57.35],[-147.45,57.83]]}},{"type":"Feature","properties":{"Type":"SUB","PlateA":"NA","PlateB":"PA"},"geometry":{"type":"LineString","coordinates":[[-147.45,57.83],[-146.76,58.35]]}},{"type":"Feature","properties":{"Type":"SUB","PlateA":"NA","PlateB":"PA"},"geometry":{"type":"LineString","coordinates":[[-146.76,58.35],[-146.26,58.81]]}},{"type":"Feature","properties":{"Type":"SUB","PlateA":"NA","PlateB":"PA"},"geometry":{"type":"LineString","coordinates":[[-146.26,58.81],[-145.76,59.27]]}},{"type":"Feature","properties":{"Type":"CCB","PlateA":"NA","PlateB":"PA"},"geometry":{"type":"LineString","coordinates":[[-145.76,59.27],[-144.98,59.58]]}},{"type":"Feature","properties":{"Type":"CCB","PlateA":"NA","PlateB":"PA"},"geometry":{"type":"LineString","coordinates":[[-144.98,59.58],[-144.32,59.92]]}},{"type":"Feature","properties":{"Type":"CCB","PlateA":"NA","PlateB":"PA"},"geometry":{"type":"LineString","coordinates":[[-144.32,59.92],[-143.33,60.21]]}},{"type":"Feature","properties":{"Type":"CCB","PlateA":"NA","PlateB":"PA"},"geometry":{"type":"LineString","coordinates":[[-143.33,60.21],[-142.4,60.47]]}},{"type":"Feature","properties":{"Type":"CCB","PlateA":"NA","PlateB":"PA"},"geometry":{"type":"LineString","coordinates":[[-142.4,60.47],[-141.6,60.4]]}},{"type":"Feature","properties":{"Type":"CCB","PlateA":"NA","PlateB":"PA"},"geometry":{"type":"LineString","coordinates":[[-141.6,60.4],[-141.07,60.31]]}},{"type":"Feature","properties":{"Type":"CCB","PlateA":"NA","PlateB":"PA"},"geometry":{"type":"LineString","coordinates":[[-141.07,60.31],[-140.13,60.38]]}},{"type":"Feature","properties":{"Type":"CCB","PlateA":"NA","PlateB":"PA"},"geometry":{"type":"LineString","coordinates":[[-140.13,60.38],[-139.4,60.09]]}},{"type":"Feature","properties":{"Type":"CCB","PlateA":"NA","PlateB":"PA"},"geometry":{"type":"LineString","coordinates":[[-139.4,60.09],[-138.86,59.76]]}},{"type":"Feature","properties":{"Type":"CCB","PlateA":"NA","PlateB":"PA"},"geometry":{"type":"LineString","coordinates":[[-138.86,59.76],[-138.35,59.34]]}},{"type":"Feature","properties":{"Type":"CCB","PlateA":"NA","PlateB":"PA"},"geometry":{"type":"LineString","coordinates":[[-138.35,59.34],[-137.82,58.93]]}},{"type":"Feature","properties":{"Type":"CCB","PlateA":"NA","PlateB":"PA"},"geometry":{"type":"LineString","coordinates":[[-137.82,58.93],[-137.11,58.44]]}},{"type":"Feature","properties":{"Type":"CTF","PlateA":"NA","PlateB":"PA"},"geometry":{"type":"LineString","coordinates":[[-137.11,58.44],[-136.9,58.09]]}},{"type":"Feature","properties":{"Type":"CTF","PlateA":"NA","PlateB":"PA"},"geometry":{"type":"LineString","coordinates":[[-136.9,58.09],[-136.52,57.63]]}},{"type":"Feature","properties":{"Type":"CTF","PlateA":"NA","PlateB":"PA"},"geometry":{"type":"LineString","coordinates":[[-136.52,57.63],[-136.21,57.12]]}},{"type":"Feature","properties":{"Type":"CTF","PlateA":"NA","PlateB":"PA"},"geometry":{"type":"LineString","coordinates":[[-136.21,57.12],[-135.9,56.62]]}},{"type":"Feature","properties":{"Type":"CTF","PlateA":"NA","PlateB":"PA"},"geometry":{"type":"LineString","coordinates":[[-135.9,56.62],[-135.43,56.1]]}},{"type":"Feature","properties":{"Type":"CTF","PlateA":"NA","PlateB":"PA"},"geometry":{"type":"LineString","coordinates":[[-135.43,56.1],[-135.18,55.82]]}},{"type":"Feature","properties":{"Type":"CTF","PlateA":"NA","PlateB":"PA"},"geometry":{"type":"LineString","coordinates":[[-135.18,55.82],[-134.67,55.32]]}},{"type":"Feature","properties":{"Type":"CTF","PlateA":"NA","PlateB":"PA"},"geometry":{"type":"LineString","coordinates":[[-134.67,55.32],[-134.15,54.81]]}},{"type":"Feature","properties":{"Type":"CTF","PlateA":"NA","PlateB":"PA"},"geometry":{"type":"LineString","coordinates":[[-134.15,54.81],[-133.84,54.38]]}},{"type":"Feature","properties":{"Type":"CTF","PlateA":"NA","PlateB":"PA"},"geometry":{"type":"LineString","coordinates":[[-133.84,54.38],[-133.43,53.92]]}},{"type":"Feature","properties":{"Type":"CTF","PlateA":"NA","PlateB":"PA"},"geometry":{"type":"LineString","coordinates":[[-133.43,53.92],[-133.09,53.52]]}},{"type":"Feature","properties":{"Type":"CTF","PlateA":"NA","PlateB":"PA"},"geometry":{"type":"LineString","coordinates":[[-133.09,53.52],[-132.71,53.13]]}},{"type":"Feature","properties":{"Type":"CCB","PlateA":"NA","PlateB":"PA"},"geometry":{"type":"LineString","coordinates":[[-132.71,53.13],[-132.17,52.7]]}},{"type":"Feature","properties":{"Type":"CCB","PlateA":"NA","PlateB":"PA"},"geometry":{"type":"LineString","coordinates":[[-132.17,52.7],[-131.59,52.26]]}},{"type":"Feature","properties":{"Type":"CTF","PlateA":"NA","PlateB":"PA"},"geometry":{"type":"LineString","coordinates":[[-131.59,52.26],[-131.18,51.89]]}},{"type":"Feature","properties":{"Type":"CCB","PlateA":"NA","PlateB":"PA"},"geometry":{"type":"LineString","coordinates":[[-131.18,51.89],[-130.85,51.61]]}},{"type":"Feature","properties":{"Type":"CCB","PlateA":"NA","PlateB":"PA"},"geometry":{"type":"LineString","coordinates":[[-124.74,40.31],[-124.42,40.31]]}},{"type":"Feature","properties":{"Type":"CTF","PlateA":"NA","PlateB":"PA"},"geometry":{"type":"LineString","coordinates":[[-124.42,40.31],[-124.16,39.91]]}},{"type":"Feature","properties":{"Type":"CTF","PlateA":"NA","PlateB":"PA"},"geometry":{"type":"LineString","coordinates":[[-124.16,39.91],[-123.89,39.44]]}},{"type":"Feature","properties":{"Type":"CTF","PlateA":"NA","PlateB":"PA"},"geometry":{"type":"LineString","coordinates":[[-123.89,39.44],[-123.6,39]]}},{"type":"Feature","properties":{"Type":"CTF","PlateA":"NA","PlateB":"PA"},"geometry":{"type":"LineString","coordinates":[[-123.6,39],[-123.3,38.54]]}},{"type":"Feature","properties":{"Type":"CTF","PlateA":"NA","PlateB":"PA"},"geometry":{"type":"LineString","coordinates":[[-123.3,38.54],[-122.7,37.87]]}},{"type":"Feature","properties":{"Type":"CTF","PlateA":"NA","PlateB":"PA"},"geometry":{"type":"LineString","coordinates":[[-122.7,37.87],[-122.38,37.53]]}},{"type":"Feature","properties":{"Type":"CTF","PlateA":"NA","PlateB":"PA"},"geometry":{"type":"LineString","coordinates":[[-122.38,37.53],[-122,37.21]]}},{"type":"Feature","properties":{"Type":"CTF","PlateA":"NA","PlateB":"PA"},"geometry":{"type":"LineString","coordinates":[[-122,37.21],[-121.3,36.7]]}},{"type":"Feature","properties":{"Type":"CTF","PlateA":"NA","PlateB":"PA"},"geometry":{"type":"LineString","coordinates":[[-121.3,36.7],[-120.9,36.34]]}},{"type":"Feature","properties":{"Type":"CTF","PlateA":"NA","PlateB":"PA"},"geometry":{"type":"LineString","coordinates":[[-120.9,36.34],[-120.44,35.91]]}},{"type":"Feature","properties":{"Type":"CTF","PlateA":"NA","PlateB":"PA"},"geometry":{"type":"LineString","coordinates":[[-120.44,35.91],[-119.94,35.45]]}},{"type":"Feature","properties":{"Type":"CTF","PlateA":"NA","PlateB":"PA"},"geometry":{"type":"LineString","coordinates":[[-119.94,35.45],[-119.33,34.98]]}},{"type":"Feature","properties":{"Type":"CCB","PlateA":"NA","PlateB":"PA"},"geometry":{"type":"LineString","coordinates":[[-119.33,34.98],[-118.91,34.84]]}},{"type":"Feature","properties":{"Type":"CCB","PlateA":"NA","PlateB":"PA"},"geometry":{"type":"LineString","coordinates":[[-118.91,34.84],[-118.4,34.66]]}},{"type":"Feature","properties":{"Type":"CCB","PlateA":"NA","PlateB":"PA"},"geometry":{"type":"LineString","coordinates":[[-118.4,34.66],[-118.07,34.56]]}},{"type":"Feature","properties":{"Type":"CCB","PlateA":"NA","PlateB":"PA"},"geometry":{"type":"LineString","coordinates":[[-118.07,34.56],[-117.75,34.44]]}},{"type":"Feature","properties":{"Type":"CCB","PlateA":"NA","PlateB":"PA"},"geometry":{"type":"LineString","coordinates":[[-117.75,34.44],[-117.51,34.35]]}},{"type":"Feature","properties":{"Type":"CCB","PlateA":"NA","PlateB":"PA"},"geometry":{"type":"LineString","coordinates":[[-117.51,34.35],[-117.16,34.18]]}},{"type":"Feature","properties":{"Type":"CCB","PlateA":"NA","PlateB":"PA"},"geometry":{"type":"LineString","coordinates":[[-117.16,34.18],[-116.66,34.04]]}},{"type":"Feature","properties":{"Type":"CTF","PlateA":"NA","PlateB":"PA"},"geometry":{"type":"LineString","coordinates":[[-116.66,34.04],[-116.21,33.77]]}},{"type":"Feature","properties":{"Type":"CTF","PlateA":"NA","PlateB":"PA"},"geometry":{"type":"LineString","coordinates":[[-116.21,33.77],[-115.77,33.42]]}},{"type":"Feature","properties":{"Type":"CTF","PlateA":"NA","PlateB":"PA"},"geometry":{"type":"LineString","coordinates":[[-115.77,33.42],[-115.6,33.24]]}},{"type":"Feature","properties":{"Type":"CRB","PlateA":"NA","PlateB":"PA"},"geometry":{"type":"LineString","coordinates":[[-115.6,33.24],[-115.72,33.13]]}},{"type":"Feature","properties":{"Type":"CTF","PlateA":"NA","PlateB":"PA"},"geometry":{"type":"LineString","coordinates":[[-115.72,33.13],[-115.59,33.04]]}},{"type":"Feature","properties":{"Type":"CTF","PlateA":"NA","PlateB":"PA"},"geometry":{"type":"LineString","coordinates":[[-115.59,33.04],[-115.51,32.96]]}},{"type":"Feature","properties":{"Type":"CRB","PlateA":"NA","PlateB":"PA"},"geometry":{"type":"LineString","coordinates":[[-115.51,32.96],[-115.58,32.88]]}},{"type":"Feature","properties":{"Type":"CTF","PlateA":"NA","PlateB":"PA"},"geometry":{"type":"LineString","coordinates":[[-115.58,32.88],[-115.41,32.71]]}},{"type":"Feature","properties":{"Type":"CTF","PlateA":"NA","PlateB":"PA"},"geometry":{"type":"LineString","coordinates":[[-115.41,32.71],[-115.21,32.51]]}},{"type":"Feature","properties":{"Type":"CRB","PlateA":"NA","PlateB":"PA"},"geometry":{"type":"LineString","coordinates":[[-115.21,32.51],[-115.33,32.42]]}},{"type":"Feature","properties":{"Type":"CTF","PlateA":"NA","PlateB":"PA"},"geometry":{"type":"LineString","coordinates":[[-115.33,32.42],[-115.08,32.24]]}},{"type":"Feature","properties":{"Type":"CTF","PlateA":"NA","PlateB":"PA"},"geometry":{"type":"LineString","coordinates":[[-115.08,32.24],[-114.76,32]]}},{"type":"Feature","properties":{"Type":"CTF","PlateA":"NA","PlateB":"PA"},"geometry":{"type":"LineString","coordinates":[[-114.76,32],[-114.52,31.79]]}},{"type":"Feature","properties":{"Type":"CTF","PlateA":"NA","PlateB":"PA"},"geometry":{"type":"LineString","coordinates":[[-114.52,31.79],[-114.33,31.6]]}},{"type":"Feature","properties":{"Type":"CTF","PlateA":"NA","PlateB":"PA"},"geometry":{"type":"LineString","coordinates":[[-114.33,31.6],[-114.21,31.46]]}},{"type":"Feature","properties":{"Type":"CTF","PlateA":"NA","PlateB":"PA"},"geometry":{"type":"LineString","coordinates":[[-114.21,31.46],[-114.12,31.36]]}},{"type":"Feature","properties":{"Type":"CRB","PlateA":"NA","PlateB":"PA"},"geometry":{"type":"LineString","coordinates":[[-114.12,31.36],[-114.33,31.19]]}},{"type":"Feature","properties":{"Type":"CRB","PlateA":"NA","PlateB":"PA"},"geometry":{"type":"LineString","coordinates":[[-114.33,31.19],[-114.44,31.1]]}},{"type":"Feature","properties":{"Type":"CTF","PlateA":"NA","PlateB":"PA"},"geometry":{"type":"LineString","coordinates":[[-114.44,31.1],[-114.3,30.91]]}},{"type":"Feature","properties":{"Type":"CTF","PlateA":"NA","PlateB":"PA"},"geometry":{"type":"LineString","coordinates":[[-114.3,30.91],[-114.13,30.68]]}},{"type":"Feature","properties":{"Type":"CTF","PlateA":"NA","PlateB":"PA"},"geometry":{"type":"LineString","coordinates":[[-114.13,30.68],[-113.99,30.51]]}},{"type":"Feature","properties":{"Type":"CTF","PlateA":"NA","PlateB":"PA"},"geometry":{"type":"LineString","coordinates":[[-113.99,30.51],[-113.81,30.31]]}},{"type":"Feature","properties":{"Type":"CRB","PlateA":"NA","PlateB":"PA"},"geometry":{"type":"LineString","coordinates":[[-113.81,30.31],[-114.04,30.12]]}},{"type":"Feature","properties":{"Type":"CTF","PlateA":"NA","PlateB":"PA"},"geometry":{"type":"LineString","coordinates":[[-114.04,30.12],[-113.91,29.98]]}},{"type":"Feature","properties":{"Type":"OTF","PlateA":"NA","PlateB":"PA"},"geometry":{"type":"LineString","coordinates":[[-113.91,29.98],[-113.76,29.83]]}},{"type":"Feature","properties":{"Type":"OSR","PlateA":"NA","PlateB":"PA"},"geometry":{"type":"LineString","coordinates":[[-113.76,29.83],[-113.87,29.73]]}},{"type":"Feature","properties":{"Type":"CRB","PlateA":"NA","PlateB":"PA"},"geometry":{"type":"LineString","coordinates":[[-113.87,29.73],[-113.97,29.65]]}},{"type":"Feature","properties":{"Type":"CTF","PlateA":"NA","PlateB":"PA"},"geometry":{"type":"LineString","coordinates":[[-113.97,29.65],[-113.77,29.44]]}},{"type":"Feature","properties":{"Type":"CTF","PlateA":"NA","PlateB":"PA"},"geometry":{"type":"LineString","coordinates":[[-113.77,29.44],[-113.52,29.21]]}},{"type":"Feature","properties":{"Type":"CTF","PlateA":"NA","PlateB":"PA"},"geometry":{"type":"LineString","coordinates":[[-113.52,29.21],[-113.28,29.01]]}},{"type":"Feature","properties":{"Type":"CRB","PlateA":"NA","PlateB":"PA"},"geometry":{"type":"LineString","coordinates":[[-113.28,29.01],[-113.34,28.95]]}},{"type":"Feature","properties":{"Type":"CTF","PlateA":"NA","PlateB":"PA"},"geometry":{"type":"LineString","coordinates":[[-113.34,28.95],[-113.09,28.72]]}},{"type":"Feature","properties":{"Type":"CTF","PlateA":"NA","PlateB":"PA"},"geometry":{"type":"LineString","coordinates":[[-113.09,28.72],[-112.81,28.5]]}},{"type":"Feature","properties":{"Type":"CTF","PlateA":"NA","PlateB":"PA"},"geometry":{"type":"LineString","coordinates":[[-112.81,28.5],[-112.59,28.32]]}},{"type":"Feature","properties":{"Type":"CTF","PlateA":"NA","PlateB":"PA"},"geometry":{"type":"LineString","coordinates":[[-112.59,28.32],[-112.32,28.13]]}},{"type":"Feature","properties":{"Type":"OTF","PlateA":"NA","PlateB":"PA"},"geometry":{"type":"LineString","coordinates":[[-112.32,28.13],[-112.01,27.91]]}},{"type":"Feature","properties":{"Type":"OTF","PlateA":"NA","PlateB":"PA"},"geometry":{"type":"LineString","coordinates":[[-112.01,27.91],[-111.71,27.69]]}},{"type":"Feature","properties":{"Type":"OTF","PlateA":"NA","PlateB":"PA"},"geometry":{"type":"LineString","coordinates":[[-111.71,27.69],[-111.51,27.57]]}},{"type":"Feature","properties":{"Type":"OTF","PlateA":"NA","PlateB":"PA"},"geometry":{"type":"LineString","coordinates":[[-111.51,27.57],[-111.38,27.5]]}},{"type":"Feature","properties":{"Type":"OSR","PlateA":"NA","PlateB":"PA"},"geometry":{"type":"LineString","coordinates":[[-111.38,27.5],[-111.57,27.22]]}},{"type":"Feature","properties":{"Type":"OTF","PlateA":"NA","PlateB":"PA"},"geometry":{"type":"LineString","coordinates":[[-111.57,27.22],[-111.37,27.11]]}},{"type":"Feature","properties":{"Type":"OSR","PlateA":"NA","PlateB":"PA"},"geometry":{"type":"LineString","coordinates":[[-111.37,27.11],[-111.51,26.93]]}},{"type":"Feature","properties":{"Type":"OTF","PlateA":"NA","PlateB":"PA"},"geometry":{"type":"LineString","coordinates":[[-111.51,26.93],[-111.23,26.72]]}},{"type":"Feature","properties":{"Type":"OTF","PlateA":"NA","PlateB":"PA"},"geometry":{"type":"LineString","coordinates":[[-111.23,26.72],[-110.96,26.54]]}},{"type":"Feature","properties":{"Type":"OTF","PlateA":"NA","PlateB":"PA"},"geometry":{"type":"LineString","coordinates":[[-110.96,26.54],[-110.76,26.42]]}},{"type":"Feature","properties":{"Type":"OTF","PlateA":"NA","PlateB":"PA"},"geometry":{"type":"LineString","coordinates":[[-110.76,26.42],[-110.68,26.36]]}},{"type":"Feature","properties":{"Type":"OSR","PlateA":"NA","PlateB":"PA"},"geometry":{"type":"LineString","coordinates":[[-110.68,26.36],[-110.78,26.23]]}},{"type":"Feature","properties":{"Type":"OTF","PlateA":"NA","PlateB":"PA"},"geometry":{"type":"LineString","coordinates":[[-110.78,26.23],[-110.57,26.07]]}},{"type":"Feature","properties":{"Type":"OTF","PlateA":"NA","PlateB":"PA"},"geometry":{"type":"LineString","coordinates":[[-110.57,26.07],[-110.29,25.89]]}},{"type":"Feature","properties":{"Type":"OTF","PlateA":"NA","PlateB":"PA"},"geometry":{"type":"LineString","coordinates":[[-110.29,25.89],[-110.02,25.71]]}},{"type":"Feature","properties":{"Type":"OTF","PlateA":"NA","PlateB":"PA"},"geometry":{"type":"LineString","coordinates":[[-110.02,25.71],[-109.87,25.61]]}},{"type":"Feature","properties":{"Type":"OTF","PlateA":"NA","PlateB":"PA"},"geometry":{"type":"LineString","coordinates":[[-109.87,25.61],[-109.81,25.56]]}},{"type":"Feature","properties":{"Type":"OSR","PlateA":"NA","PlateB":"PA"},"geometry":{"type":"LineString","coordinates":[[-109.81,25.56],[-110.01,25.34]]}},{"type":"Feature","properties":{"Type":"OTF","PlateA":"NA","PlateB":"PA"},"geometry":{"type":"LineString","coordinates":[[-110.01,25.34],[-109.79,25.18]]}},{"type":"Feature","properties":{"Type":"OTF","PlateA":"NA","PlateB":"PA"},"geometry":{"type":"LineString","coordinates":[[-109.79,25.18],[-109.59,25.02]]}},{"type":"Feature","properties":{"Type":"OTF","PlateA":"NA","PlateB":"PA"},"geometry":{"type":"LineString","coordinates":[[-109.59,25.02],[-109.35,24.86]]}},{"type":"Feature","properties":{"Type":"OTF","PlateA":"NA","PlateB":"PA"},"geometry":{"type":"LineString","coordinates":[[-109.35,24.86],[-109.18,24.74]]}},{"type":"Feature","properties":{"Type":"OTF","PlateA":"NA","PlateB":"PA"},"geometry":{"type":"LineString","coordinates":[[-109.18,24.74],[-109.06,24.66]]}},{"type":"Feature","properties":{"Type":"OSR","PlateA":"NA","PlateB":"PA"},"geometry":{"type":"LineString","coordinates":[[-109.06,24.66],[-109.28,24.4]]}},{"type":"Feature","properties":{"Type":"OTF","PlateA":"NA","PlateB":"PA"},"geometry":{"type":"LineString","coordinates":[[-109.28,24.4],[-109,24.15]]}},{"type":"Feature","properties":{"Type":"OTF","PlateA":"NA","PlateB":"PA"},"geometry":{"type":"LineString","coordinates":[[-109,24.15],[-108.81,23.98]]}},{"type":"Feature","properties":{"Type":"OTF","PlateA":"NA","PlateB":"PA"},"geometry":{"type":"LineString","coordinates":[[-108.81,23.98],[-108.61,23.81]]}},{"type":"Feature","properties":{"Type":"OTF","PlateA":"NA","PlateB":"PA"},"geometry":{"type":"LineString","coordinates":[[-108.61,23.81],[-108.44,23.67]]}},{"type":"Feature","properties":{"Type":"OTF","PlateA":"NA","PlateB":"PA"},"geometry":{"type":"LineString","coordinates":[[-108.44,23.67],[-108.36,23.61]]}},{"type":"Feature","properties":{"Type":"OSR","PlateA":"NA","PlateB":"PA"},"geometry":{"type":"LineString","coordinates":[[-108.36,23.61],[-108.65,23.24]]}},{"type":"Feature","properties":{"Type":"OTF","PlateA":"NA","PlateB":"PA"},"geometry":{"type":"LineString","coordinates":[[-108.65,23.24],[-108.39,23.08]]}},{"type":"Feature","properties":{"Type":"OTF","PlateA":"NA","PlateB":"PA"},"geometry":{"type":"LineString","coordinates":[[-108.39,23.08],[-108.01,22.99]]}},{"type":"Feature","properties":{"Type":"OSR","PlateA":"NA","PlateB":"PA"},"geometry":{"type":"LineString","coordinates":[[-108.01,22.99],[-108.23,22.71]]}},{"type":"Feature","properties":{"Type":"OCB","PlateA":"NA","PlateB":"SA"},"geometry":{"type":"LineString","coordinates":[[-61.55,18.96],[-60.75,19.21]]}},{"type":"Feature","properties":{"Type":"OTF","PlateA":"NA","PlateB":"SA"},"geometry":{"type":"LineString","coordinates":[[-60.75,19.21],[-59.95,19.45]]}},{"type":"Feature","properties":{"Type":"OCB","PlateA":"NA","PlateB":"SA"},"geometry":{"type":"LineString","coordinates":[[-59.95,19.45],[-59.13,19.33]]}},{"type":"Feature","properties":{"Type":"OCB","PlateA":"NA","PlateB":"SA"},"geometry":{"type":"LineString","coordinates":[[-59.13,19.33],[-58.31,19.19]]}},{"type":"Feature","properties":{"Type":"OTF","PlateA":"NA","PlateB":"SA"},"geometry":{"type":"LineString","coordinates":[[-58.31,19.19],[-57.49,19.05]]}},{"type":"Feature","properties":{"Type":"OTF","PlateA":"NA","PlateB":"SA"},"geometry":{"type":"LineString","coordinates":[[-57.49,19.05],[-56.8,18.69]]}},{"type":"Feature","properties":{"Type":"OTF","PlateA":"NA","PlateB":"SA"},"geometry":{"type":"LineString","coordinates":[[-56.8,18.69],[-56.12,18.26]]}},{"type":"Feature","properties":{"Type":"OTF","PlateA":"NA","PlateB":"SA"},"geometry":{"type":"LineString","coordinates":[[-56.12,18.26],[-55.48,17.78]]}},{"type":"Feature","properties":{"Type":"OSR","PlateA":"NA","PlateB":"SA"},"geometry":{"type":"LineString","coordinates":[[-55.48,17.78],[-54.85,17.31]]}},{"type":"Feature","properties":{"Type":"OSR","PlateA":"NA","PlateB":"SA"},"geometry":{"type":"LineString","coordinates":[[-54.85,17.31],[-54.15,17.14]]}},{"type":"Feature","properties":{"Type":"OSR","PlateA":"NA","PlateB":"SA"},"geometry":{"type":"LineString","coordinates":[[-54.15,17.14],[-53.46,16.96]]}},{"type":"Feature","properties":{"Type":"OSR","PlateA":"NA","PlateB":"SA"},"geometry":{"type":"LineString","coordinates":[[-53.46,16.96],[-52.88,16.76]]}},{"type":"Feature","properties":{"Type":"OSR","PlateA":"NA","PlateB":"SA"},"geometry":{"type":"LineString","coordinates":[[-52.88,16.76],[-52.3,16.57]]}},{"type":"Feature","properties":{"Type":"OSR","PlateA":"NA","PlateB":"SA"},"geometry":{"type":"LineString","coordinates":[[-52.3,16.57],[-51.66,16.32]]}},{"type":"Feature","properties":{"Type":"OSR","PlateA":"NA","PlateB":"SA"},"geometry":{"type":"LineString","coordinates":[[-51.66,16.32],[-51.02,16.07]]}},{"type":"Feature","properties":{"Type":"OSR","PlateA":"NA","PlateB":"SA"},"geometry":{"type":"LineString","coordinates":[[-51.02,16.07],[-50.47,15.87]]}},{"type":"Feature","properties":{"Type":"OSR","PlateA":"NA","PlateB":"SA"},"geometry":{"type":"LineString","coordinates":[[-50.47,15.87],[-49.8,15.98]]}},{"type":"Feature","properties":{"Type":"OSR","PlateA":"NA","PlateB":"SA"},"geometry":{"type":"LineString","coordinates":[[-49.8,15.98],[-49.21,16.04]]}},{"type":"Feature","properties":{"Type":"OSR","PlateA":"NA","PlateB":"SA"},"geometry":{"type":"LineString","coordinates":[[-49.21,16.04],[-48.51,16.01]]}},{"type":"Feature","properties":{"Type":"OSR","PlateA":"NA","PlateB":"SA"},"geometry":{"type":"LineString","coordinates":[[-48.51,16.01],[-47.69,15.96]]}},{"type":"Feature","properties":{"Type":"OSR","PlateA":"NA","PlateB":"SA"},"geometry":{"type":"LineString","coordinates":[[-47.69,15.96],[-47.4,15.8]]}},{"type":"Feature","properties":{"Type":"OSR","PlateA":"NA","PlateB":"SA"},"geometry":{"type":"LineString","coordinates":[[-47.4,15.8],[-46.77,15.45]]}},{"type":"Feature","properties":{"Type":"OSR","PlateA":"NZ","PlateB":"PA"},"geometry":{"type":"LineString","coordinates":[[-102.32,-0.01],[-102.4,-0.5]]}},{"type":"Feature","properties":{"Type":"OSR","PlateA":"NZ","PlateB":"PA"},"geometry":{"type":"LineString","coordinates":[[-102.4,-0.5],[-102.52,-1.28]]}},{"type":"Feature","properties":{"Type":"OTF","PlateA":"NZ","PlateB":"PA"},"geometry":{"type":"LineString","coordinates":[[-102.52,-1.28],[-102.4,-1.28]]}},{"type":"Feature","properties":{"Type":"OSR","PlateA":"NZ","PlateB":"PA"},"geometry":{"type":"LineString","coordinates":[[-102.4,-1.28],[-102.46,-1.53]]}},{"type":"Feature","properties":{"Type":"OTF","PlateA":"NZ","PlateB":"PA"},"geometry":{"type":"LineString","coordinates":[[-102.46,-1.53],[-102.31,-1.6]]}},{"type":"Feature","properties":{"Type":"OSR","PlateA":"NZ","PlateB":"PA"},"geometry":{"type":"LineString","coordinates":[[-102.31,-1.6],[-102.4,-1.91]]}},{"type":"Feature","properties":{"Type":"OTF","PlateA":"NZ","PlateB":"PA"},"geometry":{"type":"LineString","coordinates":[[-102.4,-1.91],[-102.62,-1.91]]}},{"type":"Feature","properties":{"Type":"OSR","PlateA":"NZ","PlateB":"PA"},"geometry":{"type":"LineString","coordinates":[[-102.62,-1.91],[-102.69,-2.44]]}},{"type":"Feature","properties":{"Type":"OSR","PlateA":"NZ","PlateB":"PA"},"geometry":{"type":"LineString","coordinates":[[-102.69,-2.44],[-102.75,-2.93]]}},{"type":"Feature","properties":{"Type":"OTF","PlateA":"NZ","PlateB":"PA"},"geometry":{"type":"LineString","coordinates":[[-102.75,-2.93],[-102.57,-2.94]]}},{"type":"Feature","properties":{"Type":"OSR","PlateA":"NZ","PlateB":"PA"},"geometry":{"type":"LineString","coordinates":[[-102.57,-2.94],[-102.57,-3.43]]}},{"type":"Feature","properties":{"Type":"OSR","PlateA":"NZ","PlateB":"PA"},"geometry":{"type":"LineString","coordinates":[[-102.57,-3.43],[-102.73,-4.06]]}},{"type":"Feature","properties":{"Type":"OTF","PlateA":"NZ","PlateB":"PA"},"geometry":{"type":"LineString","coordinates":[[-102.73,-4.06],[-103.64,-3.95]]}},{"type":"Feature","properties":{"Type":"OTF","PlateA":"NZ","PlateB":"PA"},"geometry":{"type":"LineString","coordinates":[[-103.64,-3.95],[-104.54,-3.84]]}},{"type":"Feature","properties":{"Type":"OSR","PlateA":"NZ","PlateB":"PA"},"geometry":{"type":"LineString","coordinates":[[-104.54,-3.84],[-104.7,-4.15]]}},{"type":"Feature","properties":{"Type":"OTF","PlateA":"NZ","PlateB":"PA"},"geometry":{"type":"LineString","coordinates":[[-104.7,-4.15],[-105.38,-4.08]]}},{"type":"Feature","properties":{"Type":"OSR","PlateA":"NZ","PlateB":"PA"},"geometry":{"type":"LineString","coordinates":[[-105.38,-4.08],[-105.54,-4.57]]}},{"type":"Feature","properties":{"Type":"OTF","PlateA":"NZ","PlateB":"PA"},"geometry":{"type":"LineString","coordinates":[[-105.54,-4.57],[-106.25,-4.49]]}},{"type":"Feature","properties":{"Type":"OSR","PlateA":"NZ","PlateB":"PA"},"geometry":{"type":"LineString","coordinates":[[-106.25,-4.49],[-106.45,-5.04]]}},{"type":"Feature","properties":{"Type":"OSR","PlateA":"NZ","PlateB":"PA"},"geometry":{"type":"LineString","coordinates":[[-106.45,-5.04],[-106.59,-5.62]]}},{"type":"Feature","properties":{"Type":"OTF","PlateA":"NZ","PlateB":"PA"},"geometry":{"type":"LineString","coordinates":[[-106.59,-5.62],[-106.74,-5.62]]}},{"type":"Feature","properties":{"Type":"OSR","PlateA":"NZ","PlateB":"PA"},"geometry":{"type":"LineString","coordinates":[[-106.74,-5.62],[-106.75,-6.02]]}},{"type":"Feature","properties":{"Type":"OTF","PlateA":"NZ","PlateB":"PA"},"geometry":{"type":"LineString","coordinates":[[-106.75,-6.02],[-106.84,-6.02]]}},{"type":"Feature","properties":{"Type":"OSR","PlateA":"NZ","PlateB":"PA"},"geometry":{"type":"LineString","coordinates":[[-106.84,-6.02],[-106.95,-6.44]]}},{"type":"Feature","properties":{"Type":"OTF","PlateA":"NZ","PlateB":"PA"},"geometry":{"type":"LineString","coordinates":[[-106.95,-6.44],[-107.44,-6.37]]}},{"type":"Feature","properties":{"Type":"OSR","PlateA":"NZ","PlateB":"PA"},"geometry":{"type":"LineString","coordinates":[[-107.44,-6.37],[-107.61,-6.76]]}},{"type":"Feature","properties":{"Type":"OSR","PlateA":"NZ","PlateB":"PA"},"geometry":{"type":"LineString","coordinates":[[-107.61,-6.76],[-107.65,-7.19]]}},{"type":"Feature","properties":{"Type":"OSR","PlateA":"NZ","PlateB":"PA"},"geometry":{"type":"LineString","coordinates":[[-107.65,-7.19],[-107.88,-7.51]]}},{"type":"Feature","properties":{"Type":"OSR","PlateA":"NZ","PlateB":"PA"},"geometry":{"type":"LineString","coordinates":[[-107.88,-7.51],[-108.06,-8.24]]}},{"type":"Feature","properties":{"Type":"OSR","PlateA":"NZ","PlateB":"PA"},"geometry":{"type":"LineString","coordinates":[[-108.06,-8.24],[-108.19,-8.36]]}},{"type":"Feature","properties":{"Type":"OSR","PlateA":"NZ","PlateB":"PA"},"geometry":{"type":"LineString","coordinates":[[-108.19,-8.36],[-108.32,-9.14]]}},{"type":"Feature","properties":{"Type":"OTF","PlateA":"NZ","PlateB":"PA"},"geometry":{"type":"LineString","coordinates":[[-108.32,-9.14],[-109.04,-9.03]]}},{"type":"Feature","properties":{"Type":"OTF","PlateA":"NZ","PlateB":"PA"},"geometry":{"type":"LineString","coordinates":[[-109.04,-9.03],[-109.76,-8.93]]}},{"type":"Feature","properties":{"Type":"OSR","PlateA":"NZ","PlateB":"PA"},"geometry":{"type":"LineString","coordinates":[[-109.76,-8.93],[-109.86,-9.68]]}},{"type":"Feature","properties":{"Type":"OTF","PlateA":"NZ","PlateB":"PA"},"geometry":{"type":"LineString","coordinates":[[-109.86,-9.68],[-110.07,-9.66]]}},{"type":"Feature","properties":{"Type":"OSR","PlateA":"NZ","PlateB":"PA"},"geometry":{"type":"LineString","coordinates":[[-110.07,-9.66],[-110.22,-10.08]]}},{"type":"Feature","properties":{"Type":"OSR","PlateA":"NZ","PlateB":"PA"},"geometry":{"type":"LineString","coordinates":[[-110.22,-10.08],[-110.29,-10.8]]}},{"type":"Feature","properties":{"Type":"OTF","PlateA":"NZ","PlateB":"PA"},"geometry":{"type":"LineString","coordinates":[[-110.29,-10.8],[-110.45,-10.82]]}},{"type":"Feature","properties":{"Type":"OSR","PlateA":"NZ","PlateB":"PA"},"geometry":{"type":"LineString","coordinates":[[-110.45,-10.82],[-110.48,-11.39]]}},{"type":"Feature","properties":{"Type":"OSR","PlateA":"NZ","PlateB":"PA"},"geometry":{"type":"LineString","coordinates":[[-110.48,-11.39],[-110.67,-11.47]]}},{"type":"Feature","properties":{"Type":"OSR","PlateA":"NZ","PlateB":"PA"},"geometry":{"type":"LineString","coordinates":[[-110.67,-11.47],[-110.93,-11.97]]}},{"type":"Feature","properties":{"Type":"OSR","PlateA":"NZ","PlateB":"PA"},"geometry":{"type":"LineString","coordinates":[[-110.93,-11.97],[-111.08,-12.74]]}},{"type":"Feature","properties":{"Type":"OTF","PlateA":"NZ","PlateB":"PA"},"geometry":{"type":"LineString","coordinates":[[-111.08,-12.74],[-110.89,-12.75]]}},{"type":"Feature","properties":{"Type":"OSR","PlateA":"NZ","PlateB":"PA"},"geometry":{"type":"LineString","coordinates":[[-110.89,-12.75],[-111.01,-13.41]]}},{"type":"Feature","properties":{"Type":"OTF","PlateA":"NZ","PlateB":"PA"},"geometry":{"type":"LineString","coordinates":[[-111.01,-13.41],[-111.19,-13.4]]}},{"type":"Feature","properties":{"Type":"OSR","PlateA":"NZ","PlateB":"PA"},"geometry":{"type":"LineString","coordinates":[[-111.19,-13.4],[-111.27,-13.54]]}},{"type":"Feature","properties":{"Type":"OTF","PlateA":"NZ","PlateB":"PA"},"geometry":{"type":"LineString","coordinates":[[-111.27,-13.54],[-111.85,-13.46]]}},{"type":"Feature","properties":{"Type":"OTF","PlateA":"NZ","PlateB":"PA"},"geometry":{"type":"LineString","coordinates":[[-111.85,-13.46],[-112.43,-13.39]]}},{"type":"Feature","properties":{"Type":"OSR","PlateA":"NZ","PlateB":"PA"},"geometry":{"type":"LineString","coordinates":[[-112.43,-13.39],[-112.44,-13.86]]}},{"type":"Feature","properties":{"Type":"OSR","PlateA":"NZ","PlateB":"PA"},"geometry":{"type":"LineString","coordinates":[[-112.44,-13.86],[-112.58,-14.06]]}},{"type":"Feature","properties":{"Type":"OSR","PlateA":"NZ","PlateB":"PA"},"geometry":{"type":"LineString","coordinates":[[-112.58,-14.06],[-112.61,-14.72]]}},{"type":"Feature","properties":{"Type":"OTF","PlateA":"NZ","PlateB":"PA"},"geometry":{"type":"LineString","coordinates":[[-112.61,-14.72],[-112.77,-14.7]]}},{"type":"Feature","properties":{"Type":"OSR","PlateA":"NZ","PlateB":"PA"},"geometry":{"type":"LineString","coordinates":[[-112.77,-14.7],[-112.87,-15.25]]}},{"type":"Feature","properties":{"Type":"OSR","PlateA":"NZ","PlateB":"PA"},"geometry":{"type":"LineString","coordinates":[[-112.87,-15.25],[-112.97,-15.79]]}},{"type":"Feature","properties":{"Type":"OSR","PlateA":"NZ","PlateB":"PA"},"geometry":{"type":"LineString","coordinates":[[-112.97,-15.79],[-113.07,-16.35]]}},{"type":"Feature","properties":{"Type":"OTF","PlateA":"NZ","PlateB":"PA"},"geometry":{"type":"LineString","coordinates":[[-113.07,-16.35],[-112.97,-16.36]]}},{"type":"Feature","properties":{"Type":"OSR","PlateA":"NZ","PlateB":"PA"},"geometry":{"type":"LineString","coordinates":[[-112.97,-16.36],[-113.16,-16.67]]}},{"type":"Feature","properties":{"Type":"OTF","PlateA":"NZ","PlateB":"PA"},"geometry":{"type":"LineString","coordinates":[[-113.16,-16.67],[-113.04,-16.68]]}},{"type":"Feature","properties":{"Type":"OSR","PlateA":"NZ","PlateB":"PA"},"geometry":{"type":"LineString","coordinates":[[-113.04,-16.68],[-113.24,-17.05]]}},{"type":"Feature","properties":{"Type":"OTF","PlateA":"NZ","PlateB":"PA"},"geometry":{"type":"LineString","coordinates":[[-113.24,-17.05],[-113.12,-17.07]]}},{"type":"Feature","properties":{"Type":"OSR","PlateA":"NZ","PlateB":"PA"},"geometry":{"type":"LineString","coordinates":[[-113.12,-17.07],[-113.33,-17.52]]}},{"type":"Feature","properties":{"Type":"OTF","PlateA":"NZ","PlateB":"PA"},"geometry":{"type":"LineString","coordinates":[[-113.33,-17.52],[-113.17,-17.54]]}},{"type":"Feature","properties":{"Type":"OSR","PlateA":"NZ","PlateB":"PA"},"geometry":{"type":"LineString","coordinates":[[-113.17,-17.54],[-113.39,-17.99]]}},{"type":"Feature","properties":{"Type":"OTF","PlateA":"NZ","PlateB":"PA"},"geometry":{"type":"LineString","coordinates":[[-113.39,-17.99],[-113.26,-18.01]]}},{"type":"Feature","properties":{"Type":"OSR","PlateA":"NZ","PlateB":"PA"},"geometry":{"type":"LineString","coordinates":[[-113.26,-18.01],[-113.38,-18.44]]}},{"type":"Feature","properties":{"Type":"OSR","PlateA":"NZ","PlateB":"PA"},"geometry":{"type":"LineString","coordinates":[[-113.38,-18.44],[-113.52,-18.76]]}},{"type":"Feature","properties":{"Type":"OTF","PlateA":"NZ","PlateB":"PA"},"geometry":{"type":"LineString","coordinates":[[-113.52,-18.76],[-113.36,-18.78]]}},{"type":"Feature","properties":{"Type":"OSR","PlateA":"NZ","PlateB":"PA"},"geometry":{"type":"LineString","coordinates":[[-113.36,-18.78],[-113.62,-19.28]]}},{"type":"Feature","properties":{"Type":"OTF","PlateA":"NZ","PlateB":"PA"},"geometry":{"type":"LineString","coordinates":[[-113.62,-19.28],[-113.5,-19.3]]}},{"type":"Feature","properties":{"Type":"OSR","PlateA":"NZ","PlateB":"PA"},"geometry":{"type":"LineString","coordinates":[[-113.5,-19.3],[-113.7,-19.97]]}},{"type":"Feature","properties":{"Type":"OSR","PlateA":"NZ","PlateB":"PA"},"geometry":{"type":"LineString","coordinates":[[-113.7,-19.97],[-113.8,-20.32]]}},{"type":"Feature","properties":{"Type":"OSR","PlateA":"NZ","PlateB":"PA"},"geometry":{"type":"LineString","coordinates":[[-113.8,-20.32],[-113.93,-20.57]]}},{"type":"Feature","properties":{"Type":"OSR","PlateA":"NZ","PlateB":"PA"},"geometry":{"type":"LineString","coordinates":[[-113.93,-20.57],[-114.09,-20.6]]}},{"type":"Feature","properties":{"Type":"OSR","PlateA":"NZ","PlateB":"PA"},"geometry":{"type":"LineString","coordinates":[[-114.09,-20.6],[-114.23,-21.12]]}},{"type":"Feature","properties":{"Type":"OSR","PlateA":"NZ","PlateB":"PA"},"geometry":{"type":"LineString","coordinates":[[-114.23,-21.12],[-114.32,-21.56]]}},{"type":"Feature","properties":{"Type":"OSR","PlateA":"NZ","PlateB":"PA"},"geometry":{"type":"LineString","coordinates":[[-114.32,-21.56],[-114.38,-21.63]]}},{"type":"Feature","properties":{"Type":"OSR","PlateA":"NZ","PlateB":"PA"},"geometry":{"type":"LineString","coordinates":[[-114.38,-21.63],[-114.42,-22.11]]}},{"type":"Feature","properties":{"Type":"SUB","PlateA":"NZ","PlateB":"SA"},"geometry":{"type":"LineString","coordinates":[[-76.01,-45.66],[-75.82,-44.85]]}},{"type":"Feature","properties":{"Type":"SUB","PlateA":"NZ","PlateB":"SA"},"geometry":{"type":"LineString","coordinates":[[-75.82,-44.85],[-75.78,-44.05]]}},{"type":"Feature","properties":{"Type":"SUB","PlateA":"NZ","PlateB":"SA"},"geometry":{"type":"LineString","coordinates":[[-75.78,-44.05],[-75.63,-43.65]]}},{"type":"Feature","properties":{"Type":"SUB","PlateA":"NZ","PlateB":"SA"},"geometry":{"type":"LineString","coordinates":[[-75.63,-43.65],[-75.56,-42.97]]}},{"type":"Feature","properties":{"Type":"SUB","PlateA":"NZ","PlateB":"SA"},"geometry":{"type":"LineString","coordinates":[[-75.56,-42.97],[-75.4,-42.28]]}},{"type":"Feature","properties":{"Type":"SUB","PlateA":"NZ","PlateB":"SA"},"geometry":{"type":"LineString","coordinates":[[-75.4,-42.28],[-75.4,-41.83]]}},{"type":"Feature","properties":{"Type":"SUB","PlateA":"NZ","PlateB":"SA"},"geometry":{"type":"LineString","coordinates":[[-75.4,-41.83],[-75.39,-41.37]]}},{"type":"Feature","properties":{"Type":"SUB","PlateA":"NZ","PlateB":"SA"},"geometry":{"type":"LineString","coordinates":[[-75.39,-41.37],[-75.19,-40.86]]}},{"type":"Feature","properties":{"Type":"SUB","PlateA":"NZ","PlateB":"SA"},"geometry":{"type":"LineString","coordinates":[[-75.19,-40.86],[-75.19,-40.36]]}},{"type":"Feature","properties":{"Type":"SUB","PlateA":"NZ","PlateB":"SA"},"geometry":{"type":"LineString","coordinates":[[-75.19,-40.36],[-75.13,-39.81]]}},{"type":"Feature","properties":{"Type":"SUB","PlateA":"NZ","PlateB":"SA"},"geometry":{"type":"LineString","coordinates":[[-75.13,-39.81],[-75.15,-39.56]]}},{"type":"Feature","properties":{"Type":"SUB","PlateA":"NZ","PlateB":"SA"},"geometry":{"type":"LineString","coordinates":[[-75.15,-39.56],[-74.99,-39.07]]}},{"type":"Feature","properties":{"Type":"SUB","PlateA":"NZ","PlateB":"SA"},"geometry":{"type":"LineString","coordinates":[[-74.99,-39.07],[-74.84,-38.54]]}},{"type":"Feature","properties":{"Type":"SUB","PlateA":"NZ","PlateB":"SA"},"geometry":{"type":"LineString","coordinates":[[-74.84,-38.54],[-74.65,-38.14]]}},{"type":"Feature","properties":{"Type":"SUB","PlateA":"NZ","PlateB":"SA"},"geometry":{"type":"LineString","coordinates":[[-74.65,-38.14],[-74.6,-37.56]]}},{"type":"Feature","properties":{"Type":"SUB","PlateA":"NZ","PlateB":"SA"},"geometry":{"type":"LineString","coordinates":[[-74.6,-37.56],[-74.44,-36.72]]}},{"type":"Feature","properties":{"Type":"SUB","PlateA":"NZ","PlateB":"SA"},"geometry":{"type":"LineString","coordinates":[[-74.44,-36.72],[-74.26,-36.16]]}},{"type":"Feature","properties":{"Type":"SUB","PlateA":"NZ","PlateB":"SA"},"geometry":{"type":"LineString","coordinates":[[-74.26,-36.16],[-73.9,-35.58]]}},{"type":"Feature","properties":{"Type":"SUB","PlateA":"NZ","PlateB":"SA"},"geometry":{"type":"LineString","coordinates":[[-73.9,-35.58],[-73.67,-34.89]]}},{"type":"Feature","properties":{"Type":"SUB","PlateA":"NZ","PlateB":"SA"},"geometry":{"type":"LineString","coordinates":[[-73.67,-34.89],[-73.25,-34.29]]}},{"type":"Feature","properties":{"Type":"SUB","PlateA":"NZ","PlateB":"SA"},"geometry":{"type":"LineString","coordinates":[[-73.25,-34.29],[-72.94,-33.84]]}},{"type":"Feature","properties":{"Type":"SUB","PlateA":"NZ","PlateB":"SA"},"geometry":{"type":"LineString","coordinates":[[-72.94,-33.84],[-72.86,-33.36]]}},{"type":"Feature","properties":{"Type":"SUB","PlateA":"NZ","PlateB":"SA"},"geometry":{"type":"LineString","coordinates":[[-72.86,-33.36],[-72.89,-32.74]]}},{"type":"Feature","properties":{"Type":"SUB","PlateA":"NZ","PlateB":"SA"},"geometry":{"type":"LineString","coordinates":[[-72.89,-32.74],[-72.76,-32.32]]}},{"type":"Feature","properties":{"Type":"SUB","PlateA":"NZ","PlateB":"SA"},"geometry":{"type":"LineString","coordinates":[[-72.76,-32.32],[-72.68,-31.53]]}},{"type":"Feature","properties":{"Type":"SUB","PlateA":"NZ","PlateB":"SA"},"geometry":{"type":"LineString","coordinates":[[-72.68,-31.53],[-72.62,-30.96]]}},{"type":"Feature","properties":{"Type":"SUB","PlateA":"NZ","PlateB":"SA"},"geometry":{"type":"LineString","coordinates":[[-72.62,-30.96],[-72.6,-30.19]]}},{"type":"Feature","properties":{"Type":"SUB","PlateA":"NZ","PlateB":"SA"},"geometry":{"type":"LineString","coordinates":[[-72.6,-30.19],[-72.56,-29.54]]}},{"type":"Feature","properties":{"Type":"SUB","PlateA":"NZ","PlateB":"SA"},"geometry":{"type":"LineString","coordinates":[[-72.56,-29.54],[-72.43,-28.9]]}},{"type":"Feature","properties":{"Type":"SUB","PlateA":"NZ","PlateB":"SA"},"geometry":{"type":"LineString","coordinates":[[-72.43,-28.9],[-72.17,-28.28]]}},{"type":"Feature","properties":{"Type":"SUB","PlateA":"NZ","PlateB":"SA"},"geometry":{"type":"LineString","coordinates":[[-72.17,-28.28],[-71.96,-27.75]]}},{"type":"Feature","properties":{"Type":"SUB","PlateA":"NZ","PlateB":"SA"},"geometry":{"type":"LineString","coordinates":[[-71.96,-27.75],[-71.85,-27.25]]}},{"type":"Feature","properties":{"Type":"SUB","PlateA":"NZ","PlateB":"SA"},"geometry":{"type":"LineString","coordinates":[[-71.85,-27.25],[-71.75,-26.65]]}},{"type":"Feature","properties":{"Type":"SUB","PlateA":"NZ","PlateB":"SA"},"geometry":{"type":"LineString","coordinates":[[-71.75,-26.65],[-71.63,-25.84]]}},{"type":"Feature","properties":{"Type":"SUB","PlateA":"NZ","PlateB":"SA"},"geometry":{"type":"LineString","coordinates":[[-71.63,-25.84],[-71.52,-25.09]]}},{"type":"Feature","properties":{"Type":"SUB","PlateA":"NZ","PlateB":"SA"},"geometry":{"type":"LineString","coordinates":[[-71.52,-25.09],[-71.47,-24.26]]}},{"type":"Feature","properties":{"Type":"SUB","PlateA":"NZ","PlateB":"SA"},"geometry":{"type":"LineString","coordinates":[[-71.47,-24.26],[-71.39,-23.52]]}},{"type":"Feature","properties":{"Type":"SUB","PlateA":"NZ","PlateB":"SA"},"geometry":{"type":"LineString","coordinates":[[-71.39,-23.52],[-71.35,-22.76]]}},{"type":"Feature","properties":{"Type":"SUB","PlateA":"NZ","PlateB":"SA"},"geometry":{"type":"LineString","coordinates":[[-71.35,-22.76],[-71.31,-21.96]]}},{"type":"Feature","properties":{"Type":"SUB","PlateA":"NZ","PlateB":"AP"},"geometry":{"type":"LineString","coordinates":[[-71.31,-21.96],[-71.25,-21.26]]}},{"type":"Feature","properties":{"Type":"SUB","PlateA":"NZ","PlateB":"AP"},"geometry":{"type":"LineString","coordinates":[[-71.25,-21.26],[-71.32,-20.76]]}},{"type":"Feature","properties":{"Type":"SUB","PlateA":"NZ","PlateB":"AP"},"geometry":{"type":"LineString","coordinates":[[-71.32,-20.76],[-71.36,-20.25]]}},{"type":"Feature","properties":{"Type":"SUB","PlateA":"NZ","PlateB":"AP"},"geometry":{"type":"LineString","coordinates":[[-71.36,-20.25],[-71.49,-19.81]]}},{"type":"Feature","properties":{"Type":"SUB","PlateA":"NZ","PlateB":"AP"},"geometry":{"type":"LineString","coordinates":[[-71.49,-19.81],[-71.75,-19.3]]}},{"type":"Feature","properties":{"Type":"SUB","PlateA":"NZ","PlateB":"AP"},"geometry":{"type":"LineString","coordinates":[[-71.75,-19.3],[-72.27,-18.72]]}},{"type":"Feature","properties":{"Type":"SUB","PlateA":"NZ","PlateB":"AP"},"geometry":{"type":"LineString","coordinates":[[-72.27,-18.72],[-72.74,-18.26]]}},{"type":"Feature","properties":{"Type":"SUB","PlateA":"NZ","PlateB":"AP"},"geometry":{"type":"LineString","coordinates":[[-72.74,-18.26],[-73.4,-17.75]]}},{"type":"Feature","properties":{"Type":"SUB","PlateA":"NZ","PlateB":"AP"},"geometry":{"type":"LineString","coordinates":[[-73.4,-17.75],[-73.95,-17.37]]}},{"type":"Feature","properties":{"Type":"SUB","PlateA":"NZ","PlateB":"AP"},"geometry":{"type":"LineString","coordinates":[[-73.95,-17.37],[-74.61,-16.82]]}},{"type":"Feature","properties":{"Type":"SUB","PlateA":"NZ","PlateB":"AP"},"geometry":{"type":"LineString","coordinates":[[-74.61,-16.82],[-75.29,-16.33]]}},{"type":"Feature","properties":{"Type":"SUB","PlateA":"NZ","PlateB":"AP"},"geometry":{"type":"LineString","coordinates":[[-75.29,-16.33],[-75.92,-15.74]]}},{"type":"Feature","properties":{"Type":"SUB","PlateA":"NZ","PlateB":"SA"},"geometry":{"type":"LineString","coordinates":[[-75.92,-15.74],[-76.4,-15.22]]}},{"type":"Feature","properties":{"Type":"SUB","PlateA":"NZ","PlateB":"SA"},"geometry":{"type":"LineString","coordinates":[[-76.4,-15.22],[-76.76,-14.84]]}},{"type":"Feature","properties":{"Type":"SUB","PlateA":"NZ","PlateB":"SA"},"geometry":{"type":"LineString","coordinates":[[-76.76,-14.84],[-77.12,-14.47]]}},{"type":"Feature","properties":{"Type":"SUB","PlateA":"NZ","PlateB":"SA"},"geometry":{"type":"LineString","coordinates":[[-77.12,-14.47],[-77.64,-13.91]]}},{"type":"Feature","properties":{"Type":"SUB","PlateA":"NZ","PlateB":"SA"},"geometry":{"type":"LineString","coordinates":[[-77.64,-13.91],[-78.15,-13.39]]}},{"type":"Feature","properties":{"Type":"SUB","PlateA":"NZ","PlateB":"SA"},"geometry":{"type":"LineString","coordinates":[[-78.15,-13.39],[-78.41,-13.01]]}},{"type":"Feature","properties":{"Type":"SUB","PlateA":"NZ","PlateB":"SA"},"geometry":{"type":"LineString","coordinates":[[-78.41,-13.01],[-78.67,-12.64]]}},{"type":"Feature","properties":{"Type":"SUB","PlateA":"NZ","PlateB":"SA"},"geometry":{"type":"LineString","coordinates":[[-78.67,-12.64],[-79.15,-11.89]]}},{"type":"Feature","properties":{"Type":"SUB","PlateA":"NZ","PlateB":"SA"},"geometry":{"type":"LineString","coordinates":[[-79.15,-11.89],[-79.62,-11.29]]}},{"type":"Feature","properties":{"Type":"SUB","PlateA":"NZ","PlateB":"SA"},"geometry":{"type":"LineString","coordinates":[[-79.62,-11.29],[-80,-10.56]]}},{"type":"Feature","properties":{"Type":"SUB","PlateA":"NZ","PlateB":"SA"},"geometry":{"type":"LineString","coordinates":[[-80,-10.56],[-80.37,-9.92]]}},{"type":"Feature","properties":{"Type":"SUB","PlateA":"NZ","PlateB":"SA"},"geometry":{"type":"LineString","coordinates":[[-80.37,-9.92],[-80.7,-9.43]]}},{"type":"Feature","properties":{"Type":"SUB","PlateA":"NZ","PlateB":"SA"},"geometry":{"type":"LineString","coordinates":[[-80.7,-9.43],[-81.04,-8.66]]}},{"type":"Feature","properties":{"Type":"SUB","PlateA":"NZ","PlateB":"SA"},"geometry":{"type":"LineString","coordinates":[[-81.04,-8.66],[-81.37,-7.99]]}},{"type":"Feature","properties":{"Type":"SUB","PlateA":"NZ","PlateB":"SA"},"geometry":{"type":"LineString","coordinates":[[-81.37,-7.99],[-81.55,-7.31]]}},{"type":"Feature","properties":{"Type":"SUB","PlateA":"NZ","PlateB":"SA"},"geometry":{"type":"LineString","coordinates":[[-81.55,-7.31],[-81.78,-6.65]]}},{"type":"Feature","properties":{"Type":"SUB","PlateA":"NZ","PlateB":"SA"},"geometry":{"type":"LineString","coordinates":[[-81.78,-6.65],[-81.95,-6]]}},{"type":"Feature","properties":{"Type":"SUB","PlateA":"NZ","PlateB":"SA"},"geometry":{"type":"LineString","coordinates":[[-81.95,-6],[-82,-5.25]]}},{"type":"Feature","properties":{"Type":"SUB","PlateA":"NZ","PlateB":"SA"},"geometry":{"type":"LineString","coordinates":[[-82,-5.25],[-82.01,-4.5]]}},{"type":"Feature","properties":{"Type":"SUB","PlateA":"NZ","PlateB":"SA"},"geometry":{"type":"LineString","coordinates":[[-82.01,-4.5],[-81.93,-3.72]]}},{"type":"Feature","properties":{"Type":"SUB","PlateA":"NZ","PlateB":"SA"},"geometry":{"type":"LineString","coordinates":[[-81.93,-3.72],[-81.6,-3.24]]}},{"type":"Feature","properties":{"Type":"SUB","PlateA":"NZ","PlateB":"ND"},"geometry":{"type":"LineString","coordinates":[[-81.6,-3.24],[-81.65,-3]]}},{"type":"Feature","properties":{"Type":"SUB","PlateA":"NZ","PlateB":"ND"},"geometry":{"type":"LineString","coordinates":[[-81.65,-3],[-81.53,-2.44]]}},{"type":"Feature","properties":{"Type":"SUB","PlateA":"NZ","PlateB":"ND"},"geometry":{"type":"LineString","coordinates":[[-81.53,-2.44],[-81.6,-1.81]]}},{"type":"Feature","properties":{"Type":"SUB","PlateA":"NZ","PlateB":"ND"},"geometry":{"type":"LineString","coordinates":[[-81.6,-1.81],[-81.42,-1.09]]}},{"type":"Feature","properties":{"Type":"SUB","PlateA":"NZ","PlateB":"ND"},"geometry":{"type":"LineString","coordinates":[[-81.42,-1.09],[-81.23,-0.28]]}},{"type":"Feature","properties":{"Type":"SUB","PlateA":"NZ","PlateB":"ND"},"geometry":{"type":"LineString","coordinates":[[-81.23,-0.28],[-80.89,0.43]]}},{"type":"Feature","properties":{"Type":"SUB","PlateA":"NZ","PlateB":"ND"},"geometry":{"type":"LineString","coordinates":[[-80.89,0.43],[-80.57,1.05]]}},{"type":"Feature","properties":{"Type":"SUB","PlateA":"NZ","PlateB":"ND"},"geometry":{"type":"LineString","coordinates":[[-80.57,1.05],[-80.29,1.55]]}},{"type":"Feature","properties":{"Type":"SUB","PlateA":"NZ","PlateB":"ND"},"geometry":{"type":"LineString","coordinates":[[-80.29,1.55],[-79.79,2.07]]}},{"type":"Feature","properties":{"Type":"SUB","PlateA":"NZ","PlateB":"ND"},"geometry":{"type":"LineString","coordinates":[[-79.79,2.07],[-79.48,2.43]]}},{"type":"Feature","properties":{"Type":"SUB","PlateA":"NZ","PlateB":"ND"},"geometry":{"type":"LineString","coordinates":[[-79.48,2.43],[-79.17,2.78]]}},{"type":"Feature","properties":{"Type":"SUB","PlateA":"NZ","PlateB":"ND"},"geometry":{"type":"LineString","coordinates":[[-79.17,2.78],[-78.66,3.39]]}},{"type":"Feature","properties":{"Type":"SUB","PlateA":"NZ","PlateB":"ND"},"geometry":{"type":"LineString","coordinates":[[-78.66,3.39],[-78.34,4.07]]}},{"type":"Feature","properties":{"Type":"SUB","PlateA":"NZ","PlateB":"ND"},"geometry":{"type":"LineString","coordinates":[[-78.34,4.07],[-78.08,4.83]]}},{"type":"Feature","properties":{"Type":"SUB","PlateA":"NZ","PlateB":"ND"},"geometry":{"type":"LineString","coordinates":[[-78.08,4.83],[-77.91,5.51]]}},{"type":"Feature","properties":{"Type":"SUB","PlateA":"NZ","PlateB":"ND"},"geometry":{"type":"LineString","coordinates":[[-77.91,5.51],[-78.01,6.01]]}},{"type":"Feature","properties":{"Type":"SUB","PlateA":"ON","PlateB":"PS"},"geometry":{"type":"LineString","coordinates":[[128.46,25.46],[128.98,25.86]]}},{"type":"Feature","properties":{"Type":"SUB","PlateA":"ON","PlateB":"PS"},"geometry":{"type":"LineString","coordinates":[[128.98,25.86],[129.36,26.19]]}},{"type":"Feature","properties":{"Type":"SUB","PlateA":"ON","PlateB":"PS"},"geometry":{"type":"LineString","coordinates":[[129.36,26.19],[129.79,26.67]]}},{"type":"Feature","properties":{"Type":"SUB","PlateA":"ON","PlateB":"PS"},"geometry":{"type":"LineString","coordinates":[[129.79,26.67],[130.21,27.21]]}},{"type":"Feature","properties":{"Type":"SUB","PlateA":"ON","PlateB":"PS"},"geometry":{"type":"LineString","coordinates":[[130.21,27.21],[130.52,27.71]]}},{"type":"Feature","properties":{"Type":"SUB","PlateA":"ON","PlateB":"PS"},"geometry":{"type":"LineString","coordinates":[[130.52,27.71],[130.65,28.14]]}},{"type":"Feature","properties":{"Type":"SUB","PlateA":"ON","PlateB":"PS"},"geometry":{"type":"LineString","coordinates":[[130.65,28.14],[131.1,28.32]]}},{"type":"Feature","properties":{"Type":"SUB","PlateA":"ON","PlateB":"PS"},"geometry":{"type":"LineString","coordinates":[[131.1,28.32],[131.31,28.45]]}},{"type":"Feature","properties":{"Type":"SUB","PlateA":"ON","PlateB":"PS"},"geometry":{"type":"LineString","coordinates":[[131.31,28.45],[131.47,28.75]]}},{"type":"Feature","properties":{"Type":"SUB","PlateA":"ON","PlateB":"PS"},"geometry":{"type":"LineString","coordinates":[[131.47,28.75],[131.52,28.86]]}},{"type":"Feature","properties":{"Type":"SUB","PlateA":"ON","PlateB":"PS"},"geometry":{"type":"LineString","coordinates":[[131.52,28.86],[131.63,28.99]]}},{"type":"Feature","properties":{"Type":"SUB","PlateA":"ON","PlateB":"PS"},"geometry":{"type":"LineString","coordinates":[[131.63,28.99],[131.76,29.39]]}},{"type":"Feature","properties":{"Type":"SUB","PlateA":"ON","PlateB":"PS"},"geometry":{"type":"LineString","coordinates":[[131.76,29.39],[132.07,29.82]]}},{"type":"Feature","properties":{"Type":"SUB","PlateA":"ON","PlateB":"PS"},"geometry":{"type":"LineString","coordinates":[[132.07,29.82],[132.4,30.22]]}},{"type":"Feature","properties":{"Type":"SUB","PlateA":"ON","PlateB":"PS"},"geometry":{"type":"LineString","coordinates":[[132.4,30.22],[132.63,30.49]]}},{"type":"Feature","properties":{"Type":"SUB","PlateA":"ON","PlateB":"PS"},"geometry":{"type":"LineString","coordinates":[[132.63,30.49],[132.82,30.75]]}},{"type":"Feature","properties":{"Type":"SUB","PlateA":"AM","PlateB":"PS"},"geometry":{"type":"LineString","coordinates":[[132.82,30.75],[132.97,30.97]]}},{"type":"Feature","properties":{"Type":"SUB","PlateA":"AM","PlateB":"PS"},"geometry":{"type":"LineString","coordinates":[[132.97,30.97],[133.2,31.22]]}},{"type":"Feature","properties":{"Type":"SUB","PlateA":"AM","PlateB":"PS"},"geometry":{"type":"LineString","coordinates":[[133.2,31.22],[133.5,31.52]]}},{"type":"Feature","properties":{"Type":"SUB","PlateA":"AM","PlateB":"PS"},"geometry":{"type":"LineString","coordinates":[[133.5,31.52],[134.04,31.88]]}},{"type":"Feature","properties":{"Type":"SUB","PlateA":"AM","PlateB":"PS"},"geometry":{"type":"LineString","coordinates":[[134.04,31.88],[134.69,32.2]]}},{"type":"Feature","properties":{"Type":"SUB","PlateA":"AM","PlateB":"PS"},"geometry":{"type":"LineString","coordinates":[[134.69,32.2],[135.03,32.33]]}},{"type":"Feature","properties":{"Type":"SUB","PlateA":"AM","PlateB":"PS"},"geometry":{"type":"LineString","coordinates":[[135.03,32.33],[135.36,32.46]]}},{"type":"Feature","properties":{"Type":"SUB","PlateA":"AM","PlateB":"PS"},"geometry":{"type":"LineString","coordinates":[[135.36,32.46],[135.61,32.54]]}},{"type":"Feature","properties":{"Type":"SUB","PlateA":"AM","PlateB":"PS"},"geometry":{"type":"LineString","coordinates":[[135.61,32.54],[136.03,32.69]]}},{"type":"Feature","properties":{"Type":"SUB","PlateA":"AM","PlateB":"PS"},"geometry":{"type":"LineString","coordinates":[[136.03,32.69],[136.52,32.87]]}},{"type":"Feature","properties":{"Type":"SUB","PlateA":"AM","PlateB":"PS"},"geometry":{"type":"LineString","coordinates":[[136.52,32.87],[137.03,33.05]]}},{"type":"Feature","properties":{"Type":"SUB","PlateA":"AM","PlateB":"PS"},"geometry":{"type":"LineString","coordinates":[[137.03,33.05],[137.55,33.41]]}},{"type":"Feature","properties":{"Type":"SUB","PlateA":"AM","PlateB":"PS"},"geometry":{"type":"LineString","coordinates":[[137.55,33.41],[138.07,33.75]]}},{"type":"Feature","properties":{"Type":"SUB","PlateA":"AM","PlateB":"PS"},"geometry":{"type":"LineString","coordinates":[[138.07,33.75],[138.38,34.06]]}},{"type":"Feature","properties":{"Type":"SUB","PlateA":"AM","PlateB":"PS"},"geometry":{"type":"LineString","coordinates":[[138.38,34.06],[138.51,34.58]]}},{"type":"Feature","properties":{"Type":"SUB","PlateA":"AM","PlateB":"PS"},"geometry":{"type":"LineString","coordinates":[[138.51,34.58],[138.67,35.03]]}},{"type":"Feature","properties":{"Type":"CCB","PlateA":"OK","PlateB":"PS"},"geometry":{"type":"LineString","coordinates":[[138.67,35.03],[139.23,35.01]]}},{"type":"Feature","properties":{"Type":"CTF","PlateA":"OK","PlateB":"PS"},"geometry":{"type":"LineString","coordinates":[[139.23,35.01],[139.43,34.86]]}},{"type":"Feature","properties":{"Type":"CCB","PlateA":"OK","PlateB":"PS"},"geometry":{"type":"LineString","coordinates":[[139.43,34.86],[139.92,34.71]]}},{"type":"Feature","properties":{"Type":"OCB","PlateA":"OK","PlateB":"PS"},"geometry":{"type":"LineString","coordinates":[[139.92,34.71],[140.44,34.63]]}},{"type":"Feature","properties":{"Type":"OCB","PlateA":"OK","PlateB":"PS"},"geometry":{"type":"LineString","coordinates":[[140.44,34.63],[140.87,34.53]]}},{"type":"Feature","properties":{"Type":"OTF","PlateA":"OK","PlateB":"PS"},"geometry":{"type":"LineString","coordinates":[[140.87,34.53],[141.1,34.44]]}},{"type":"Feature","properties":{"Type":"OCB","PlateA":"OK","PlateB":"PS"},"geometry":{"type":"LineString","coordinates":[[141.1,34.44],[141.44,34.36]]}},{"type":"Feature","properties":{"Type":"OCB","PlateA":"OK","PlateB":"PS"},"geometry":{"type":"LineString","coordinates":[[141.44,34.36],[141.88,34.21]]}},{"type":"Feature","properties":{"Type":"OCB","PlateA":"PS","PlateB":"CL"},"geometry":{"type":"LineString","coordinates":[[134.52,6.99],[135.42,6.9]]}},{"type":"Feature","properties":{"Type":"OCB","PlateA":"PS","PlateB":"CL"},"geometry":{"type":"LineString","coordinates":[[135.42,6.9],[136.18,6.99]]}},{"type":"Feature","properties":{"Type":"OCB","PlateA":"PS","PlateB":"CL"},"geometry":{"type":"LineString","coordinates":[[136.18,6.99],[136.76,7.37]]}},{"type":"Feature","properties":{"Type":"OCB","PlateA":"PS","PlateB":"CL"},"geometry":{"type":"LineString","coordinates":[[136.76,7.37],[137.14,7.62]]}},{"type":"Feature","properties":{"Type":"OCB","PlateA":"PS","PlateB":"CL"},"geometry":{"type":"LineString","coordinates":[[137.14,7.62],[137.53,7.87]]}},{"type":"Feature","properties":{"Type":"OCB","PlateA":"PS","PlateB":"CL"},"geometry":{"type":"LineString","coordinates":[[137.53,7.87],[137.98,8.53]]}},{"type":"Feature","properties":{"Type":"OCB","PlateA":"PS","PlateB":"CL"},"geometry":{"type":"LineString","coordinates":[[137.98,8.53],[138.31,9.2]]}},{"type":"Feature","properties":{"Type":"OCB","PlateA":"PS","PlateB":"CL"},"geometry":{"type":"LineString","coordinates":[[138.31,9.2],[138.36,9.38]]}},{"type":"Feature","properties":{"Type":"SUB","PlateA":"PS","PlateB":"PA"},"geometry":{"type":"LineString","coordinates":[[138.36,9.38],[138.57,9.95]]}},{"type":"Feature","properties":{"Type":"SUB","PlateA":"PS","PlateB":"PA"},"geometry":{"type":"LineString","coordinates":[[138.57,9.95],[138.71,10.65]]}},{"type":"Feature","properties":{"Type":"SUB","PlateA":"PS","PlateB":"PA"},"geometry":{"type":"LineString","coordinates":[[138.71,10.65],[138.81,11.12]]}},{"type":"Feature","properties":{"Type":"SUB","PlateA":"PS","PlateB":"PA"},"geometry":{"type":"LineString","coordinates":[[138.81,11.12],[139.48,10.9]]}},{"type":"Feature","properties":{"Type":"SUB","PlateA":"PS","PlateB":"PA"},"geometry":{"type":"LineString","coordinates":[[139.48,10.9],[140.1,10.95]]}},{"type":"Feature","properties":{"Type":"SUB","PlateA":"PS","PlateB":"PA"},"geometry":{"type":"LineString","coordinates":[[140.1,10.95],[140.77,10.86]]}},{"type":"Feature","properties":{"Type":"SUB","PlateA":"PS","PlateB":"PA"},"geometry":{"type":"LineString","coordinates":[[140.77,10.86],[141.61,11.06]]}},{"type":"Feature","properties":{"Type":"SUB","PlateA":"PS","PlateB":"PA"},"geometry":{"type":"LineString","coordinates":[[141.61,11.06],[142.12,11.29]]}},{"type":"Feature","properties":{"Type":"SUB","PlateA":"PS","PlateB":"PA"},"geometry":{"type":"LineString","coordinates":[[142.12,11.29],[142.96,11.4]]}},{"type":"Feature","properties":{"Type":"SUB","PlateA":"PS","PlateB":"PA"},"geometry":{"type":"LineString","coordinates":[[142.96,11.4],[143.1,11.57]]}},{"type":"Feature","properties":{"Type":"OTF","PlateA":"MA","PlateB":"PA"},"geometry":{"type":"LineString","coordinates":[[143.1,11.57],[143.5,11.49]]}},{"type":"Feature","properties":{"Type":"SUB","PlateA":"MA","PlateB":"PA"},"geometry":{"type":"LineString","coordinates":[[143.5,11.49],[144.16,11.79]]}},{"type":"Feature","properties":{"Type":"SUB","PlateA":"MA","PlateB":"PA"},"geometry":{"type":"LineString","coordinates":[[144.16,11.79],[144.62,12.02]]}},{"type":"Feature","properties":{"Type":"SUB","PlateA":"MA","PlateB":"PA"},"geometry":{"type":"LineString","coordinates":[[144.62,12.02],[145.02,12.21]]}},{"type":"Feature","properties":{"Type":"SUB","PlateA":"MA","PlateB":"PA"},"geometry":{"type":"LineString","coordinates":[[145.02,12.21],[145.35,12.31]]}},{"type":"Feature","properties":{"Type":"SUB","PlateA":"MA","PlateB":"PA"},"geometry":{"type":"LineString","coordinates":[[145.35,12.31],[145.69,12.65]]}},{"type":"Feature","properties":{"Type":"SUB","PlateA":"MA","PlateB":"PA"},"geometry":{"type":"LineString","coordinates":[[145.69,12.65],[146.22,13]]}},{"type":"Feature","properties":{"Type":"SUB","PlateA":"MA","PlateB":"PA"},"geometry":{"type":"LineString","coordinates":[[146.22,13],[146.75,13.36]]}},{"type":"Feature","properties":{"Type":"SUB","PlateA":"MA","PlateB":"PA"},"geometry":{"type":"LineString","coordinates":[[146.75,13.36],[147.2,14.22]]}},{"type":"Feature","properties":{"Type":"SUB","PlateA":"MA","PlateB":"PA"},"geometry":{"type":"LineString","coordinates":[[147.2,14.22],[147.46,14.97]]}},{"type":"Feature","properties":{"Type":"SUB","PlateA":"MA","PlateB":"PA"},"geometry":{"type":"LineString","coordinates":[[147.46,14.97],[147.68,15.65]]}},{"type":"Feature","properties":{"Type":"SUB","PlateA":"MA","PlateB":"PA"},"geometry":{"type":"LineString","coordinates":[[147.68,15.65],[147.79,16.52]]}},{"type":"Feature","properties":{"Type":"SUB","PlateA":"MA","PlateB":"PA"},"geometry":{"type":"LineString","coordinates":[[147.79,16.52],[147.86,17.28]]}},{"type":"Feature","properties":{"Type":"SUB","PlateA":"MA","PlateB":"PA"},"geometry":{"type":"LineString","coordinates":[[147.86,17.28],[147.81,18.06]]}},{"type":"Feature","properties":{"Type":"SUB","PlateA":"MA","PlateB":"PA"},"geometry":{"type":"LineString","coordinates":[[147.81,18.06],[147.82,18.65]]}},{"type":"Feature","properties":{"Type":"SUB","PlateA":"MA","PlateB":"PA"},"geometry":{"type":"LineString","coordinates":[[147.82,18.65],[147.62,19.17]]}},{"type":"Feature","properties":{"Type":"SUB","PlateA":"MA","PlateB":"PA"},"geometry":{"type":"LineString","coordinates":[[147.62,19.17],[147.46,19.75]]}},{"type":"Feature","properties":{"Type":"SUB","PlateA":"MA","PlateB":"PA"},"geometry":{"type":"LineString","coordinates":[[147.46,19.75],[147.21,20.3]]}},{"type":"Feature","properties":{"Type":"SUB","PlateA":"MA","PlateB":"PA"},"geometry":{"type":"LineString","coordinates":[[147.21,20.3],[147.02,20.81]]}},{"type":"Feature","properties":{"Type":"SUB","PlateA":"MA","PlateB":"PA"},"geometry":{"type":"LineString","coordinates":[[147.02,20.81],[146.82,21.33]]}},{"type":"Feature","properties":{"Type":"SUB","PlateA":"MA","PlateB":"PA"},"geometry":{"type":"LineString","coordinates":[[146.82,21.33],[146.54,21.73]]}},{"type":"Feature","properties":{"Type":"SUB","PlateA":"MA","PlateB":"PA"},"geometry":{"type":"LineString","coordinates":[[146.54,21.73],[146.06,22.2]]}},{"type":"Feature","properties":{"Type":"SUB","PlateA":"MA","PlateB":"PA"},"geometry":{"type":"LineString","coordinates":[[146.06,22.2],[145.29,22.71]]}},{"type":"Feature","properties":{"Type":"SUB","PlateA":"MA","PlateB":"PA"},"geometry":{"type":"LineString","coordinates":[[145.29,22.71],[144.71,23.25]]}},{"type":"Feature","properties":{"Type":"SUB","PlateA":"MA","PlateB":"PA"},"geometry":{"type":"LineString","coordinates":[[144.71,23.25],[144.02,23.76]]}},{"type":"Feature","properties":{"Type":"SUB","PlateA":"MA","PlateB":"PA"},"geometry":{"type":"LineString","coordinates":[[144.02,23.76],[143.52,24.39]]}},{"type":"Feature","properties":{"Type":"SUB","PlateA":"PS","PlateB":"PA"},"geometry":{"type":"LineString","coordinates":[[143.52,24.39],[143.1,24.91]]}},{"type":"Feature","properties":{"Type":"SUB","PlateA":"PS","PlateB":"PA"},"geometry":{"type":"LineString","coordinates":[[143.1,24.91],[143.1,24.92]]}},{"type":"Feature","properties":{"Type":"SUB","PlateA":"PS","PlateB":"PA"},"geometry":{"type":"LineString","coordinates":[[143.1,24.92],[143.07,25.61]]}},{"type":"Feature","properties":{"Type":"SUB","PlateA":"PS","PlateB":"PA"},"geometry":{"type":"LineString","coordinates":[[143.07,25.61],[143.23,26.33]]}},{"type":"Feature","properties":{"Type":"SUB","PlateA":"PS","PlateB":"PA"},"geometry":{"type":"LineString","coordinates":[[143.23,26.33],[143.26,26.74]]}},{"type":"Feature","properties":{"Type":"SUB","PlateA":"PS","PlateB":"PA"},"geometry":{"type":"LineString","coordinates":[[143.26,26.74],[143.24,27.46]]}},{"type":"Feature","properties":{"Type":"SUB","PlateA":"PS","PlateB":"PA"},"geometry":{"type":"LineString","coordinates":[[143.24,27.46],[143.17,27.94]]}},{"type":"Feature","properties":{"Type":"SUB","PlateA":"PS","PlateB":"PA"},"geometry":{"type":"LineString","coordinates":[[143.17,27.94],[143,28.52]]}},{"type":"Feature","properties":{"Type":"SUB","PlateA":"PS","PlateB":"PA"},"geometry":{"type":"LineString","coordinates":[[143,28.52],[142.75,28.98]]}},{"type":"Feature","properties":{"Type":"SUB","PlateA":"PS","PlateB":"PA"},"geometry":{"type":"LineString","coordinates":[[142.75,28.98],[142.51,29.62]]}},{"type":"Feature","properties":{"Type":"SUB","PlateA":"PS","PlateB":"PA"},"geometry":{"type":"LineString","coordinates":[[142.51,29.62],[142.47,30.13]]}},{"type":"Feature","properties":{"Type":"SUB","PlateA":"PS","PlateB":"PA"},"geometry":{"type":"LineString","coordinates":[[142.47,30.13],[142.22,30.71]]}},{"type":"Feature","properties":{"Type":"SUB","PlateA":"PS","PlateB":"PA"},"geometry":{"type":"LineString","coordinates":[[142.22,30.71],[142.16,31.32]]}},{"type":"Feature","properties":{"Type":"SUB","PlateA":"PS","PlateB":"PA"},"geometry":{"type":"LineString","coordinates":[[142.16,31.32],[142.1,31.98]]}},{"type":"Feature","properties":{"Type":"SUB","PlateA":"PS","PlateB":"PA"},"geometry":{"type":"LineString","coordinates":[[142.1,31.98],[141.99,32.56]]}},{"type":"Feature","properties":{"Type":"SUB","PlateA":"PS","PlateB":"PA"},"geometry":{"type":"LineString","coordinates":[[141.99,32.56],[142.01,33.25]]}},{"type":"Feature","properties":{"Type":"SUB","PlateA":"PS","PlateB":"PA"},"geometry":{"type":"LineString","coordinates":[[142.01,33.25],[141.86,33.7]]}},{"type":"Feature","properties":{"Type":"SUB","PlateA":"PS","PlateB":"PA"},"geometry":{"type":"LineString","coordinates":[[141.86,33.7],[141.88,34.21]]}},{"type":"Feature","properties":{"Type":"OTF","PlateA":"KE","PlateB":"TO"},"geometry":{"type":"LineString","coordinates":[[-174.98,-23.75],[-175.69,-23.85]]}},{"type":"Feature","properties":{"Type":"CTF","PlateA":"KE","PlateB":"TO"},"geometry":{"type":"LineString","coordinates":[[-175.69,-23.85],[-176.36,-23.95]]}},{"type":"Feature","properties":{"Type":"CTF","PlateA":"KE","PlateB":"TO"},"geometry":{"type":"LineString","coordinates":[[-176.36,-23.95],[-176.89,-24.03]]}},{"type":"Feature","properties":{"Type":"CRB","PlateA":"KE","PlateB":"TO"},"geometry":{"type":"LineString","coordinates":[[-176.89,-24.03],[-177.42,-24.1]]}},{"type":"Feature","properties":{"Type":"OSR","PlateA":"NI","PlateB":"FT"},"geometry":{"type":"LineString","coordinates":[[-176.35,-14.63],[-176.34,-14.78]]}},{"type":"Feature","properties":{"Type":"OSR","PlateA":"NI","PlateB":"FT"},"geometry":{"type":"LineString","coordinates":[[-176.34,-14.78],[-176.32,-14.9]]}},{"type":"Feature","properties":{"Type":"CRB","PlateA":"NI","PlateB":"FT"},"geometry":{"type":"LineString","coordinates":[[-176.32,-14.9],[-176.33,-15.05]]}},{"type":"Feature","properties":{"Type":"CRB","PlateA":"NI","PlateB":"FT"},"geometry":{"type":"LineString","coordinates":[[-176.33,-15.05],[-176.34,-15.18]]}},{"type":"Feature","properties":{"Type":"CRB","PlateA":"NI","PlateB":"FT"},"geometry":{"type":"LineString","coordinates":[[-176.34,-15.18],[-176.39,-15.31]]}},{"type":"Feature","properties":{"Type":"CRB","PlateA":"NI","PlateB":"FT"},"geometry":{"type":"LineString","coordinates":[[-176.39,-15.31],[-176.46,-15.42]]}},{"type":"Feature","properties":{"Type":"OSR","PlateA":"NI","PlateB":"FT"},"geometry":{"type":"LineString","coordinates":[[-176.46,-15.42],[-176.53,-15.49]]}},{"type":"Feature","properties":{"Type":"OSR","PlateA":"NI","PlateB":"FT"},"geometry":{"type":"LineString","coordinates":[[-176.53,-15.49],[-176.66,-15.6]]}},{"type":"Feature","properties":{"Type":"CRB","PlateA":"NI","PlateB":"FT"},"geometry":{"type":"LineString","coordinates":[[-176.66,-15.6],[-177.13,-15.56]]}},{"type":"Feature","properties":{"Type":"CRB","PlateA":"NI","PlateB":"AU"},"geometry":{"type":"LineString","coordinates":[[-177.13,-15.56],[-177.25,-15.71]]}},{"type":"Feature","properties":{"Type":"OSR","PlateA":"NI","PlateB":"AU"},"geometry":{"type":"LineString","coordinates":[[-177.25,-15.71],[-177.38,-15.81]]}},{"type":"Feature","properties":{"Type":"OSR","PlateA":"NI","PlateB":"AU"},"geometry":{"type":"LineString","coordinates":[[-177.38,-15.81],[-177.49,-15.9]]}},{"type":"Feature","properties":{"Type":"OSR","PlateA":"NI","PlateB":"AU"},"geometry":{"type":"LineString","coordinates":[[-177.49,-15.9],[-177.57,-15.96]]}},{"type":"Feature","properties":{"Type":"OSR","PlateA":"NI","PlateB":"AU"},"geometry":{"type":"LineString","coordinates":[[-177.57,-15.96],[-177.63,-16.02]]}},{"type":"Feature","properties":{"Type":"OSR","PlateA":"NI","PlateB":"AU"},"geometry":{"type":"LineString","coordinates":[[-177.63,-16.02],[-177.66,-16.11]]}},{"type":"Feature","properties":{"Type":"CRB","PlateA":"NI","PlateB":"AU"},"geometry":{"type":"LineString","coordinates":[[-177.66,-16.11],[-177.68,-16.18]]}},{"type":"Feature","properties":{"Type":"CTF","PlateA":"NI","PlateB":"AU"},"geometry":{"type":"LineString","coordinates":[[-177.68,-16.18],[-177.51,-16.32]]}},{"type":"Feature","properties":{"Type":"CTF","PlateA":"NI","PlateB":"AU"},"geometry":{"type":"LineString","coordinates":[[-177.51,-16.32],[-177.36,-16.44]]}},{"type":"Feature","properties":{"Type":"CTF","PlateA":"NI","PlateB":"AU"},"geometry":{"type":"LineString","coordinates":[[-177.36,-16.44],[-177.2,-16.57]]}},{"type":"Feature","properties":{"Type":"CTF","PlateA":"NI","PlateB":"AU"},"geometry":{"type":"LineString","coordinates":[[-177.2,-16.57],[-177.07,-16.73]]}},{"type":"Feature","properties":{"Type":"CTF","PlateA":"NI","PlateB":"AU"},"geometry":{"type":"LineString","coordinates":[[-177.07,-16.73],[-176.92,-16.88]]}},{"type":"Feature","properties":{"Type":"CRB","PlateA":"NI","PlateB":"AU"},"geometry":{"type":"LineString","coordinates":[[-176.92,-16.88],[-176.82,-17.03]]}},{"type":"Feature","properties":{"Type":"CRB","PlateA":"NI","PlateB":"AU"},"geometry":{"type":"LineString","coordinates":[[-176.82,-17.03],[-176.71,-17.22]]}},{"type":"Feature","properties":{"Type":"CRB","PlateA":"NI","PlateB":"AU"},"geometry":{"type":"LineString","coordinates":[[-176.71,-17.22],[-176.62,-17.4]]}},{"type":"Feature","properties":{"Type":"CRB","PlateA":"NI","PlateB":"AU"},"geometry":{"type":"LineString","coordinates":[[-176.62,-17.4],[-176.53,-17.57]]}},{"type":"Feature","properties":{"Type":"OSR","PlateA":"NI","PlateB":"AU"},"geometry":{"type":"LineString","coordinates":[[-176.53,-17.57],[-176.46,-17.73]]}},{"type":"Feature","properties":{"Type":"OSR","PlateA":"NI","PlateB":"AU"},"geometry":{"type":"LineString","coordinates":[[-176.46,-17.73],[-176.4,-17.87]]}},{"type":"Feature","properties":{"Type":"OSR","PlateA":"NI","PlateB":"AU"},"geometry":{"type":"LineString","coordinates":[[-176.4,-17.87],[-176.3,-18.05]]}},{"type":"Feature","properties":{"Type":"OSR","PlateA":"NI","PlateB":"AU"},"geometry":{"type":"LineString","coordinates":[[-176.3,-18.05],[-176.3,-18.13]]}},{"type":"Feature","properties":{"Type":"OSR","PlateA":"NI","PlateB":"AU"},"geometry":{"type":"LineString","coordinates":[[-176.3,-18.13],[-176.33,-18.27]]}},{"type":"Feature","properties":{"Type":"OSR","PlateA":"NI","PlateB":"AU"},"geometry":{"type":"LineString","coordinates":[[-176.33,-18.27],[-176.35,-18.31]]}},{"type":"Feature","properties":{"Type":"OSR","PlateA":"NI","PlateB":"AU"},"geometry":{"type":"LineString","coordinates":[[-176.35,-18.31],[-176.44,-18.47]]}},{"type":"Feature","properties":{"Type":"OSR","PlateA":"NI","PlateB":"AU"},"geometry":{"type":"LineString","coordinates":[[-176.44,-18.47],[-176.51,-18.6]]}},{"type":"Feature","properties":{"Type":"OSR","PlateA":"NI","PlateB":"AU"},"geometry":{"type":"LineString","coordinates":[[-176.51,-18.6],[-176.55,-18.68]]}},{"type":"Feature","properties":{"Type":"OSR","PlateA":"NI","PlateB":"AU"},"geometry":{"type":"LineString","coordinates":[[-176.55,-18.68],[-176.58,-18.77]]}},{"type":"Feature","properties":{"Type":"OSR","PlateA":"NI","PlateB":"AU"},"geometry":{"type":"LineString","coordinates":[[-176.58,-18.77],[-176.59,-18.84]]}},{"type":"Feature","properties":{"Type":"OSR","PlateA":"NI","PlateB":"AU"},"geometry":{"type":"LineString","coordinates":[[-176.59,-18.84],[-176.57,-18.98]]}},{"type":"Feature","properties":{"Type":"OSR","PlateA":"NI","PlateB":"AU"},"geometry":{"type":"LineString","coordinates":[[-176.57,-18.98],[-176.55,-19.22]]}},{"type":"Feature","properties":{"Type":"OTF","PlateA":"NI","PlateB":"AU"},"geometry":{"type":"LineString","coordinates":[[-176.55,-19.22],[-175.98,-19.39]]}},{"type":"Feature","properties":{"Type":"OSR","PlateA":"TO","PlateB":"NI"},"geometry":{"type":"LineString","coordinates":[[-173.84,-14.53],[-173.9,-14.63]]}},{"type":"Feature","properties":{"Type":"OSR","PlateA":"TO","PlateB":"NI"},"geometry":{"type":"LineString","coordinates":[[-173.9,-14.63],[-174.01,-14.77]]}},{"type":"Feature","properties":{"Type":"OSR","PlateA":"TO","PlateB":"NI"},"geometry":{"type":"LineString","coordinates":[[-174.01,-14.77],[-174.08,-14.89]]}},{"type":"Feature","properties":{"Type":"OSR","PlateA":"TO","PlateB":"NI"},"geometry":{"type":"LineString","coordinates":[[-174.08,-14.89],[-174.14,-15.01]]}},{"type":"Feature","properties":{"Type":"OSR","PlateA":"TO","PlateB":"NI"},"geometry":{"type":"LineString","coordinates":[[-174.14,-15.01],[-174.19,-15.13]]}},{"type":"Feature","properties":{"Type":"OSR","PlateA":"TO","PlateB":"NI"},"geometry":{"type":"LineString","coordinates":[[-174.19,-15.13],[-174.26,-15.31]]}},{"type":"Feature","properties":{"Type":"OTF","PlateA":"TO","PlateB":"NI"},"geometry":{"type":"LineString","coordinates":[[-174.26,-15.31],[-174.57,-15.25]]}},{"type":"Feature","properties":{"Type":"OSR","PlateA":"TO","PlateB":"NI"},"geometry":{"type":"LineString","coordinates":[[-174.57,-15.25],[-174.67,-15.37]]}},{"type":"Feature","properties":{"Type":"CRB","PlateA":"TO","PlateB":"NI"},"geometry":{"type":"LineString","coordinates":[[-174.67,-15.37],[-174.73,-15.47]]}},{"type":"Feature","properties":{"Type":"CRB","PlateA":"TO","PlateB":"NI"},"geometry":{"type":"LineString","coordinates":[[-174.73,-15.47],[-174.82,-15.62]]}},{"type":"Feature","properties":{"Type":"CRB","PlateA":"TO","PlateB":"NI"},"geometry":{"type":"LineString","coordinates":[[-174.82,-15.62],[-174.87,-15.74]]}},{"type":"Feature","properties":{"Type":"CRB","PlateA":"TO","PlateB":"NI"},"geometry":{"type":"LineString","coordinates":[[-174.87,-15.74],[-174.87,-15.88]]}},{"type":"Feature","properties":{"Type":"OTF","PlateA":"TO","PlateB":"NI"},"geometry":{"type":"LineString","coordinates":[[-174.87,-15.88],[-174.6,-15.94]]}},{"type":"Feature","properties":{"Type":"OSR","PlateA":"TO","PlateB":"NI"},"geometry":{"type":"LineString","coordinates":[[-174.6,-15.94],[-174.57,-16.05]]}},{"type":"Feature","properties":{"Type":"OSR","PlateA":"TO","PlateB":"NI"},"geometry":{"type":"LineString","coordinates":[[-174.57,-16.05],[-174.57,-16.2]]}},{"type":"Feature","properties":{"Type":"OSR","PlateA":"TO","PlateB":"NI"},"geometry":{"type":"LineString","coordinates":[[-174.57,-16.2],[-174.58,-16.35]]}},{"type":"Feature","properties":{"Type":"OSR","PlateA":"TO","PlateB":"NI"},"geometry":{"type":"LineString","coordinates":[[-174.58,-16.35],[-174.55,-16.6]]}},{"type":"Feature","properties":{"Type":"CRB","PlateA":"TO","PlateB":"NI"},"geometry":{"type":"LineString","coordinates":[[-174.55,-16.6],[-174.53,-16.74]]}},{"type":"Feature","properties":{"Type":"CRB","PlateA":"TO","PlateB":"NI"},"geometry":{"type":"LineString","coordinates":[[-174.53,-16.74],[-174.53,-16.87]]}},{"type":"Feature","properties":{"Type":"CRB","PlateA":"TO","PlateB":"NI"},"geometry":{"type":"LineString","coordinates":[[-174.53,-16.87],[-174.52,-17.07]]}},{"type":"Feature","properties":{"Type":"CRB","PlateA":"TO","PlateB":"NI"},"geometry":{"type":"LineString","coordinates":[[-174.52,-17.07],[-174.56,-17.1]]}},{"type":"Feature","properties":{"Type":"CRB","PlateA":"TO","PlateB":"NI"},"geometry":{"type":"LineString","coordinates":[[-174.56,-17.1],[-174.6,-17.32]]}},{"type":"Feature","properties":{"Type":"CRB","PlateA":"TO","PlateB":"NI"},"geometry":{"type":"LineString","coordinates":[[-174.6,-17.32],[-174.57,-17.36]]}},{"type":"Feature","properties":{"Type":"CRB","PlateA":"TO","PlateB":"NI"},"geometry":{"type":"LineString","coordinates":[[-174.57,-17.36],[-174.6,-17.61]]}},{"type":"Feature","properties":{"Type":"CTF","PlateA":"TO","PlateB":"NI"},"geometry":{"type":"LineString","coordinates":[[-174.6,-17.61],[-174.56,-17.63]]}},{"type":"Feature","properties":{"Type":"CRB","PlateA":"TO","PlateB":"NI"},"geometry":{"type":"LineString","coordinates":[[-174.56,-17.63],[-174.57,-17.84]]}},{"type":"Feature","properties":{"Type":"CRB","PlateA":"TO","PlateB":"NI"},"geometry":{"type":"LineString","coordinates":[[-174.57,-17.84],[-174.66,-18.03]]}},{"type":"Feature","properties":{"Type":"CRB","PlateA":"TO","PlateB":"NI"},"geometry":{"type":"LineString","coordinates":[[-174.66,-18.03],[-174.76,-18.23]]}},{"type":"Feature","properties":{"Type":"CRB","PlateA":"TO","PlateB":"NI"},"geometry":{"type":"LineString","coordinates":[[-174.76,-18.23],[-174.87,-18.42]]}},{"type":"Feature","properties":{"Type":"CRB","PlateA":"TO","PlateB":"NI"},"geometry":{"type":"LineString","coordinates":[[-174.87,-18.42],[-174.96,-18.6]]}},{"type":"Feature","properties":{"Type":"CRB","PlateA":"TO","PlateB":"NI"},"geometry":{"type":"LineString","coordinates":[[-174.96,-18.6],[-175.03,-18.79]]}},{"type":"Feature","properties":{"Type":"CRB","PlateA":"TO","PlateB":"NI"},"geometry":{"type":"LineString","coordinates":[[-175.03,-18.79],[-175.09,-19]]}},{"type":"Feature","properties":{"Type":"CRB","PlateA":"TO","PlateB":"NI"},"geometry":{"type":"LineString","coordinates":[[-175.09,-19],[-175.15,-19.23]]}},{"type":"Feature","properties":{"Type":"CRB","PlateA":"TO","PlateB":"NI"},"geometry":{"type":"LineString","coordinates":[[-175.15,-19.23],[-175.19,-19.46]]}},{"type":"Feature","properties":{"Type":"CRB","PlateA":"TO","PlateB":"NI"},"geometry":{"type":"LineString","coordinates":[[-175.19,-19.46],[-175.21,-19.7]]}},{"type":"Feature","properties":{"Type":"CCB","PlateA":"TO","PlateB":"NI"},"geometry":{"type":"LineString","coordinates":[[-175.21,-19.7],[-175.98,-19.39]]}},{"type":"Feature","properties":{"Type":"OSR","PlateA":"TO","PlateB":"AU"},"geometry":{"type":"LineString","coordinates":[[-175.98,-19.39],[-176.03,-19.65]]}},{"type":"Feature","properties":{"Type":"OSR","PlateA":"TO","PlateB":"AU"},"geometry":{"type":"LineString","coordinates":[[-176.03,-19.65],[-176.08,-19.81]]}},{"type":"Feature","properties":{"Type":"OSR","PlateA":"TO","PlateB":"AU"},"geometry":{"type":"LineString","coordinates":[[-176.08,-19.81],[-176.12,-19.88]]}},{"type":"Feature","properties":{"Type":"OSR","PlateA":"TO","PlateB":"AU"},"geometry":{"type":"LineString","coordinates":[[-176.12,-19.88],[-176.18,-20.11]]}},{"type":"Feature","properties":{"Type":"OTF","PlateA":"TO","PlateB":"AU"},"geometry":{"type":"LineString","coordinates":[[-176.18,-20.11],[-176.12,-20.13]]}},{"type":"Feature","properties":{"Type":"OSR","PlateA":"TO","PlateB":"AU"},"geometry":{"type":"LineString","coordinates":[[-176.12,-20.13],[-176.15,-20.26]]}},{"type":"Feature","properties":{"Type":"OSR","PlateA":"TO","PlateB":"AU"},"geometry":{"type":"LineString","coordinates":[[-176.15,-20.26],[-176.16,-20.42]]}},{"type":"Feature","properties":{"Type":"OSR","PlateA":"TO","PlateB":"AU"},"geometry":{"type":"LineString","coordinates":[[-176.16,-20.42],[-176.18,-20.49]]}},{"type":"Feature","properties":{"Type":"OSR","PlateA":"TO","PlateB":"AU"},"geometry":{"type":"LineString","coordinates":[[-176.18,-20.49],[-176.19,-20.65]]}},{"type":"Feature","properties":{"Type":"OSR","PlateA":"TO","PlateB":"AU"},"geometry":{"type":"LineString","coordinates":[[-176.19,-20.65],[-176.24,-20.8]]}},{"type":"Feature","properties":{"Type":"OSR","PlateA":"TO","PlateB":"AU"},"geometry":{"type":"LineString","coordinates":[[-176.24,-20.8],[-176.26,-20.89]]}},{"type":"Feature","properties":{"Type":"OSR","PlateA":"TO","PlateB":"AU"},"geometry":{"type":"LineString","coordinates":[[-176.26,-20.89],[-176.29,-21]]}},{"type":"Feature","properties":{"Type":"OSR","PlateA":"TO","PlateB":"AU"},"geometry":{"type":"LineString","coordinates":[[-176.29,-21],[-176.32,-21.11]]}},{"type":"Feature","properties":{"Type":"OSR","PlateA":"TO","PlateB":"AU"},"geometry":{"type":"LineString","coordinates":[[-176.32,-21.11],[-176.37,-21.3]]}},{"type":"Feature","properties":{"Type":"OSR","PlateA":"TO","PlateB":"AU"},"geometry":{"type":"LineString","coordinates":[[-176.37,-21.3],[-176.4,-21.49]]}},{"type":"Feature","properties":{"Type":"OSR","PlateA":"TO","PlateB":"AU"},"geometry":{"type":"LineString","coordinates":[[-176.4,-21.49],[-176.45,-21.6]]}},{"type":"Feature","properties":{"Type":"OSR","PlateA":"TO","PlateB":"AU"},"geometry":{"type":"LineString","coordinates":[[-176.45,-21.6],[-176.52,-21.81]]}},{"type":"Feature","properties":{"Type":"OSR","PlateA":"TO","PlateB":"AU"},"geometry":{"type":"LineString","coordinates":[[-176.52,-21.81],[-176.6,-22.01]]}},{"type":"Feature","properties":{"Type":"OSR","PlateA":"TO","PlateB":"AU"},"geometry":{"type":"LineString","coordinates":[[-176.6,-22.01],[-176.63,-22.23]]}},{"type":"Feature","properties":{"Type":"OSR","PlateA":"TO","PlateB":"AU"},"geometry":{"type":"LineString","coordinates":[[-176.63,-22.23],[-176.69,-22.29]]}},{"type":"Feature","properties":{"Type":"OSR","PlateA":"TO","PlateB":"AU"},"geometry":{"type":"LineString","coordinates":[[-176.69,-22.29],[-176.71,-22.5]]}},{"type":"Feature","properties":{"Type":"OSR","PlateA":"TO","PlateB":"AU"},"geometry":{"type":"LineString","coordinates":[[-176.71,-22.5],[-176.75,-22.73]]}},{"type":"Feature","properties":{"Type":"OSR","PlateA":"TO","PlateB":"AU"},"geometry":{"type":"LineString","coordinates":[[-176.75,-22.73],[-176.91,-23.05]]}},{"type":"Feature","properties":{"Type":"OSR","PlateA":"TO","PlateB":"AU"},"geometry":{"type":"LineString","coordinates":[[-176.91,-23.05],[-177.1,-23.41]]}},{"type":"Feature","properties":{"Type":"CRB","PlateA":"TO","PlateB":"AU"},"geometry":{"type":"LineString","coordinates":[[-177.1,-23.41],[-177.25,-23.71]]}},{"type":"Feature","properties":{"Type":"CRB","PlateA":"TO","PlateB":"AU"},"geometry":{"type":"LineString","coordinates":[[-177.25,-23.71],[-177.42,-24.1]]}},{"type":"Feature","properties":{"Type":"SUB","PlateA":"SC","PlateB":"AN"},"geometry":{"type":"LineString","coordinates":[[-76.48,-52.07],[-76.31,-52.93]]}},{"type":"Feature","properties":{"Type":"SUB","PlateA":"SC","PlateB":"AN"},"geometry":{"type":"LineString","coordinates":[[-76.31,-52.93],[-76.02,-53.43]]}},{"type":"Feature","properties":{"Type":"SUB","PlateA":"SC","PlateB":"AN"},"geometry":{"type":"LineString","coordinates":[[-76.02,-53.43],[-75.72,-53.94]]}},{"type":"Feature","properties":{"Type":"SUB","PlateA":"SC","PlateB":"AN"},"geometry":{"type":"LineString","coordinates":[[-75.72,-53.94],[-75.24,-54.29]]}},{"type":"Feature","properties":{"Type":"SUB","PlateA":"SC","PlateB":"AN"},"geometry":{"type":"LineString","coordinates":[[-75.24,-54.29],[-74.75,-54.64]]}},{"type":"Feature","properties":{"Type":"SUB","PlateA":"SC","PlateB":"AN"},"geometry":{"type":"LineString","coordinates":[[-74.75,-54.64],[-74.12,-55]]}},{"type":"Feature","properties":{"Type":"SUB","PlateA":"SC","PlateB":"AN"},"geometry":{"type":"LineString","coordinates":[[-74.12,-55],[-73.48,-55.36]]}},{"type":"Feature","properties":{"Type":"SUB","PlateA":"SC","PlateB":"AN"},"geometry":{"type":"LineString","coordinates":[[-73.48,-55.36],[-72.99,-55.66]]}},{"type":"Feature","properties":{"Type":"SUB","PlateA":"SC","PlateB":"AN"},"geometry":{"type":"LineString","coordinates":[[-72.99,-55.66],[-72.28,-55.96]]}},{"type":"Feature","properties":{"Type":"SUB","PlateA":"SC","PlateB":"AN"},"geometry":{"type":"LineString","coordinates":[[-72.28,-55.96],[-71.55,-56.25]]}},{"type":"Feature","properties":{"Type":"SUB","PlateA":"SC","PlateB":"AN"},"geometry":{"type":"LineString","coordinates":[[-71.55,-56.25],[-70.4,-56.62]]}},{"type":"Feature","properties":{"Type":"SUB","PlateA":"SC","PlateB":"AN"},"geometry":{"type":"LineString","coordinates":[[-70.4,-56.62],[-69.26,-56.85]]}},{"type":"Feature","properties":{"Type":"SUB","PlateA":"SC","PlateB":"AN"},"geometry":{"type":"LineString","coordinates":[[-69.26,-56.85],[-68.1,-57.07]]}},{"type":"Feature","properties":{"Type":"SUB","PlateA":"SC","PlateB":"AN"},"geometry":{"type":"LineString","coordinates":[[-68.1,-57.07],[-67.1,-57.5]]}},{"type":"Feature","properties":{"Type":"SUB","PlateA":"SC","PlateB":"AN"},"geometry":{"type":"LineString","coordinates":[[-67.1,-57.5],[-65.87,-57.74]]}},{"type":"Feature","properties":{"Type":"SUB","PlateA":"SC","PlateB":"AN"},"geometry":{"type":"LineString","coordinates":[[-65.87,-57.74],[-64.62,-57.96]]}},{"type":"Feature","properties":{"Type":"OCB","PlateA":"SC","PlateB":"AN"},"geometry":{"type":"LineString","coordinates":[[-64.62,-57.96],[-63.57,-58.36]]}},{"type":"Feature","properties":{"Type":"OCB","PlateA":"SC","PlateB":"AN"},"geometry":{"type":"LineString","coordinates":[[-63.57,-58.36],[-62.57,-58.6]]}},{"type":"Feature","properties":{"Type":"OCB","PlateA":"SC","PlateB":"AN"},"geometry":{"type":"LineString","coordinates":[[-62.57,-58.6],[-61.04,-59.01]]}},{"type":"Feature","properties":{"Type":"OCB","PlateA":"SC","PlateB":"AN"},"geometry":{"type":"LineString","coordinates":[[-61.04,-59.01],[-59.7,-59.45]]}},{"type":"Feature","properties":{"Type":"OCB","PlateA":"SC","PlateB":"AN"},"geometry":{"type":"LineString","coordinates":[[-59.7,-59.45],[-58.97,-59.73]]}},{"type":"Feature","properties":{"Type":"OCB","PlateA":"SC","PlateB":"AN"},"geometry":{"type":"LineString","coordinates":[[-58.97,-59.73],[-58.22,-60]]}},{"type":"Feature","properties":{"Type":"OCB","PlateA":"SC","PlateB":"AN"},"geometry":{"type":"LineString","coordinates":[[-58.22,-60],[-56.92,-60.56]]}},{"type":"Feature","properties":{"Type":"SUB","PlateA":"SL","PlateB":"AN"},"geometry":{"type":"LineString","coordinates":[[-56.92,-60.56],[-57.49,-60.85]]}},{"type":"Feature","properties":{"Type":"SUB","PlateA":"SL","PlateB":"AN"},"geometry":{"type":"LineString","coordinates":[[-57.49,-60.85],[-58.13,-60.96]]}},{"type":"Feature","properties":{"Type":"SUB","PlateA":"SL","PlateB":"AN"},"geometry":{"type":"LineString","coordinates":[[-58.13,-60.96],[-58.89,-61.08]]}},{"type":"Feature","properties":{"Type":"SUB","PlateA":"SL","PlateB":"AN"},"geometry":{"type":"LineString","coordinates":[[-58.89,-61.08],[-59.84,-61.18]]}},{"type":"Feature","properties":{"Type":"SUB","PlateA":"SL","PlateB":"AN"},"geometry":{"type":"LineString","coordinates":[[-59.84,-61.18],[-60.65,-61.36]]}},{"type":"Feature","properties":{"Type":"SUB","PlateA":"SL","PlateB":"AN"},"geometry":{"type":"LineString","coordinates":[[-60.65,-61.36],[-61.33,-61.54]]}},{"type":"Feature","properties":{"Type":"SUB","PlateA":"SL","PlateB":"AN"},"geometry":{"type":"LineString","coordinates":[[-61.33,-61.54],[-62.2,-61.84]]}},{"type":"Feature","properties":{"Type":"SUB","PlateA":"SL","PlateB":"AN"},"geometry":{"type":"LineString","coordinates":[[-62.2,-61.84],[-63.1,-62.11]]}},{"type":"Feature","properties":{"Type":"SUB","PlateA":"SL","PlateB":"AN"},"geometry":{"type":"LineString","coordinates":[[-63.1,-62.11],[-63.97,-62.42]]}},{"type":"Feature","properties":{"Type":"CTF","PlateA":"SL","PlateB":"AN"},"geometry":{"type":"LineString","coordinates":[[-63.97,-62.42],[-63.29,-62.82]]}},{"type":"Feature","properties":{"Type":"CRB","PlateA":"SL","PlateB":"AN"},"geometry":{"type":"LineString","coordinates":[[-63.29,-62.82],[-62.42,-63]]}},{"type":"Feature","properties":{"Type":"CRB","PlateA":"SL","PlateB":"AN"},"geometry":{"type":"LineString","coordinates":[[-62.42,-63],[-61.75,-63.29]]}},{"type":"Feature","properties":{"Type":"CRB","PlateA":"SL","PlateB":"AN"},"geometry":{"type":"LineString","coordinates":[[-61.75,-63.29],[-60.12,-62.94]]}},{"type":"Feature","properties":{"Type":"CRB","PlateA":"SL","PlateB":"AN"},"geometry":{"type":"LineString","coordinates":[[-60.12,-62.94],[-58.61,-62.55]]}},{"type":"Feature","properties":{"Type":"CRB","PlateA":"SL","PlateB":"AN"},"geometry":{"type":"LineString","coordinates":[[-58.61,-62.55],[-57.39,-62.3]]}},{"type":"Feature","properties":{"Type":"CRB","PlateA":"SL","PlateB":"AN"},"geometry":{"type":"LineString","coordinates":[[-57.39,-62.3],[-56.31,-62.06]]}},{"type":"Feature","properties":{"Type":"CRB","PlateA":"SL","PlateB":"AN"},"geometry":{"type":"LineString","coordinates":[[-56.31,-62.06],[-55.44,-61.69]]}},{"type":"Feature","properties":{"Type":"CRB","PlateA":"SL","PlateB":"AN"},"geometry":{"type":"LineString","coordinates":[[-55.44,-61.69],[-54.3,-61.51]]}},{"type":"Feature","properties":{"Type":"OCB","PlateA":"SC","PlateB":"SL"},"geometry":{"type":"LineString","coordinates":[[-56.92,-60.56],[-56.27,-60.74]]}},{"type":"Feature","properties":{"Type":"OCB","PlateA":"SC","PlateB":"SL"},"geometry":{"type":"LineString","coordinates":[[-56.27,-60.74],[-55.81,-60.7]]}},{"type":"Feature","properties":{"Type":"OCB","PlateA":"SC","PlateB":"SL"},"geometry":{"type":"LineString","coordinates":[[-55.81,-60.7],[-55.07,-60.76]]}},{"type":"Feature","properties":{"Type":"CCB","PlateA":"SC","PlateB":"SL"},"geometry":{"type":"LineString","coordinates":[[-55.07,-60.76],[-54.31,-60.98]]}},{"type":"Feature","properties":{"Type":"CCB","PlateA":"SC","PlateB":"SL"},"geometry":{"type":"LineString","coordinates":[[-54.31,-60.98],[-54.3,-61.51]]}},{"type":"Feature","properties":{"Type":"CRB","PlateA":"SC","PlateB":"AN"},"geometry":{"type":"LineString","coordinates":[[-54.3,-61.51],[-53.12,-61.04]]}},{"type":"Feature","properties":{"Type":"OSR","PlateA":"SC","PlateB":"AN"},"geometry":{"type":"LineString","coordinates":[[-53.12,-61.04],[-52.07,-60.75]]}},{"type":"Feature","properties":{"Type":"OSR","PlateA":"SC","PlateB":"AN"},"geometry":{"type":"LineString","coordinates":[[-52.07,-60.75],[-51.12,-60.57]]}},{"type":"Feature","properties":{"Type":"OSR","PlateA":"SC","PlateB":"AN"},"geometry":{"type":"LineString","coordinates":[[-51.12,-60.57],[-50.89,-60.09]]}},{"type":"Feature","properties":{"Type":"OTF","PlateA":"SC","PlateB":"AN"},"geometry":{"type":"LineString","coordinates":[[-50.89,-60.09],[-49.6,-60.04]]}},{"type":"Feature","properties":{"Type":"OTF","PlateA":"SC","PlateB":"AN"},"geometry":{"type":"LineString","coordinates":[[-49.6,-60.04],[-48.25,-59.97]]}},{"type":"Feature","properties":{"Type":"OTF","PlateA":"SC","PlateB":"AN"},"geometry":{"type":"LineString","coordinates":[[-48.25,-59.97],[-46.96,-59.96]]}},{"type":"Feature","properties":{"Type":"OTF","PlateA":"SC","PlateB":"AN"},"geometry":{"type":"LineString","coordinates":[[-46.96,-59.96],[-45.6,-60.09]]}},{"type":"Feature","properties":{"Type":"OTF","PlateA":"SC","PlateB":"AN"},"geometry":{"type":"LineString","coordinates":[[-45.6,-60.09],[-44.23,-60.24]]}},{"type":"Feature","properties":{"Type":"SUB","PlateA":"EU","PlateB":"AF"},"geometry":{"type":"LineString","coordinates":[[20,37.91],[20.3,37.8]]}},{"type":"Feature","properties":{"Type":"OSR","PlateA":"AS","PlateB":"AT"},"geometry":{"type":"LineString","coordinates":[[29.73,35.43],[29.39,35.73]]}},{"type":"Feature","properties":{"Type":"OSR","PlateA":"AS","PlateB":"AT"},"geometry":{"type":"LineString","coordinates":[[29.39,35.73],[29.14,35.97]]}},{"type":"Feature","properties":{"Type":"OSR","PlateA":"AS","PlateB":"AT"},"geometry":{"type":"LineString","coordinates":[[29.14,35.97],[28.79,36.36]]}},{"type":"Feature","properties":{"Type":"CRB","PlateA":"AS","PlateB":"AT"},"geometry":{"type":"LineString","coordinates":[[28.79,36.36],[28.41,36.98]]}},{"type":"Feature","properties":{"Type":"CRB","PlateA":"AS","PlateB":"AT"},"geometry":{"type":"LineString","coordinates":[[28.41,36.98],[28.25,37.27]]}},{"type":"Feature","properties":{"Type":"CTF","PlateA":"AS","PlateB":"AT"},"geometry":{"type":"LineString","coordinates":[[28.25,37.27],[28.25,37.52]]}},{"type":"Feature","properties":{"Type":"CTF","PlateA":"AS","PlateB":"AT"},"geometry":{"type":"LineString","coordinates":[[28.25,37.52],[28.28,37.76]]}},{"type":"Feature","properties":{"Type":"CRB","PlateA":"AS","PlateB":"AT"},"geometry":{"type":"LineString","coordinates":[[28.28,37.76],[28.2,37.97]]}},{"type":"Feature","properties":{"Type":"CRB","PlateA":"AS","PlateB":"AT"},"geometry":{"type":"LineString","coordinates":[[28.2,37.97],[27.95,38.23]]}},{"type":"Feature","properties":{"Type":"CRB","PlateA":"AS","PlateB":"AT"},"geometry":{"type":"LineString","coordinates":[[27.95,38.23],[27.67,38.5]]}},{"type":"Feature","properties":{"Type":"CRB","PlateA":"AS","PlateB":"AT"},"geometry":{"type":"LineString","coordinates":[[27.67,38.5],[27.14,38.88]]}},{"type":"Feature","properties":{"Type":"CRB","PlateA":"AS","PlateB":"AT"},"geometry":{"type":"LineString","coordinates":[[27.14,38.88],[26.61,39.3]]}},{"type":"Feature","properties":{"Type":"CRB","PlateA":"AS","PlateB":"AT"},"geometry":{"type":"LineString","coordinates":[[26.61,39.3],[26.26,39.53]]}},{"type":"Feature","properties":{"Type":"CRB","PlateA":"AS","PlateB":"AT"},"geometry":{"type":"LineString","coordinates":[[26.26,39.53],[25.86,39.71]]}},{"type":"Feature","properties":{"Type":"CTF","PlateA":"AS","PlateB":"AT"},"geometry":{"type":"LineString","coordinates":[[25.86,39.71],[25.42,40.16]]}},{"type":"Feature","properties":{"Type":"CRB","PlateA":"AS","PlateB":"EU"},"geometry":{"type":"LineString","coordinates":[[25.42,40.16],[24.93,40.09]]}},{"type":"Feature","properties":{"Type":"CRB","PlateA":"AS","PlateB":"EU"},"geometry":{"type":"LineString","coordinates":[[24.93,40.09],[24.56,40.06]]}},{"type":"Feature","properties":{"Type":"CRB","PlateA":"AS","PlateB":"EU"},"geometry":{"type":"LineString","coordinates":[[24.56,40.06],[24,39.92]]}},{"type":"Feature","properties":{"Type":"CTF","PlateA":"AS","PlateB":"EU"},"geometry":{"type":"LineString","coordinates":[[24,39.92],[23.79,39.72]]}},{"type":"Feature","properties":{"Type":"CTF","PlateA":"AS","PlateB":"EU"},"geometry":{"type":"LineString","coordinates":[[23.79,39.72],[23.46,39.29]]}},{"type":"Feature","properties":{"Type":"CTF","PlateA":"AS","PlateB":"EU"},"geometry":{"type":"LineString","coordinates":[[23.46,39.29],[23.21,38.95]]}},{"type":"Feature","properties":{"Type":"CTF","PlateA":"AS","PlateB":"EU"},"geometry":{"type":"LineString","coordinates":[[23.21,38.95],[22.96,38.6]]}},{"type":"Feature","properties":{"Type":"CTF","PlateA":"AS","PlateB":"EU"},"geometry":{"type":"LineString","coordinates":[[22.96,38.6],[22.73,38.27]]}},{"type":"Feature","properties":{"Type":"CRB","PlateA":"AS","PlateB":"EU"},"geometry":{"type":"LineString","coordinates":[[22.73,38.27],[22.16,38.35]]}},{"type":"Feature","properties":{"Type":"CRB","PlateA":"AS","PlateB":"EU"},"geometry":{"type":"LineString","coordinates":[[22.16,38.35],[21.58,38.42]]}},{"type":"Feature","properties":{"Type":"CRB","PlateA":"AS","PlateB":"EU"},"geometry":{"type":"LineString","coordinates":[[21.58,38.42],[21.1,38.44]]}},{"type":"Feature","properties":{"Type":"CRB","PlateA":"AS","PlateB":"EU"},"geometry":{"type":"LineString","coordinates":[[21.1,38.44],[20.44,38.47]]}},{"type":"Feature","properties":{"Type":"CTF","PlateA":"AS","PlateB":"EU"},"geometry":{"type":"LineString","coordinates":[[20.44,38.47],[20.28,38.12]]}},{"type":"Feature","properties":{"Type":"CCB","PlateA":"AS","PlateB":"EU"},"geometry":{"type":"LineString","coordinates":[[20.28,38.12],[20.3,37.8]]}},{"type":"Feature","properties":{"Type":"CCB","PlateA":"AR","PlateB":"AF"},"geometry":{"type":"LineString","coordinates":[[36.41,36.02],[36.43,35.75]]}},{"type":"Feature","properties":{"Type":"CCB","PlateA":"AR","PlateB":"AF"},"geometry":{"type":"LineString","coordinates":[[36.43,35.75],[36.4,35.28]]}},{"type":"Feature","properties":{"Type":"CCB","PlateA":"AR","PlateB":"AF"},"geometry":{"type":"LineString","coordinates":[[36.4,35.28],[36.33,34.48]]}},{"type":"Feature","properties":{"Type":"CCB","PlateA":"AR","PlateB":"AF"},"geometry":{"type":"LineString","coordinates":[[36.33,34.48],[36.02,34.1]]}},{"type":"Feature","properties":{"Type":"CCB","PlateA":"AR","PlateB":"AF"},"geometry":{"type":"LineString","coordinates":[[36.02,34.1],[35.73,33.71]]}},{"type":"Feature","properties":{"Type":"CCB","PlateA":"AR","PlateB":"AF"},"geometry":{"type":"LineString","coordinates":[[35.73,33.71],[35.65,33.23]]}},{"type":"Feature","properties":{"Type":"CCB","PlateA":"AR","PlateB":"AF"},"geometry":{"type":"LineString","coordinates":[[35.65,33.23],[35.57,32.76]]}},{"type":"Feature","properties":{"Type":"CTF","PlateA":"AR","PlateB":"AF"},"geometry":{"type":"LineString","coordinates":[[35.57,32.76],[35.47,32]]}},{"type":"Feature","properties":{"Type":"CCB","PlateA":"AR","PlateB":"AF"},"geometry":{"type":"LineString","coordinates":[[35.47,32],[35.31,31.38]]}},{"type":"Feature","properties":{"Type":"CTF","PlateA":"AR","PlateB":"AF"},"geometry":{"type":"LineString","coordinates":[[35.31,31.38],[35.14,30.7]]}},{"type":"Feature","properties":{"Type":"CTF","PlateA":"AR","PlateB":"AF"},"geometry":{"type":"LineString","coordinates":[[35.14,30.7],[34.95,30]]}},{"type":"Feature","properties":{"Type":"CRB","PlateA":"AT","PlateB":"AR"},"geometry":{"type":"LineString","coordinates":[[36.41,36.02],[36.39,36.26]]}},{"type":"Feature","properties":{"Type":"CRB","PlateA":"AT","PlateB":"AR"},"geometry":{"type":"LineString","coordinates":[[36.39,36.26],[36.47,36.73]]}},{"type":"Feature","properties":{"Type":"CTF","PlateA":"AT","PlateB":"AR"},"geometry":{"type":"LineString","coordinates":[[36.47,36.73],[36.79,37.4]]}},{"type":"Feature","properties":{"Type":"CCB","PlateA":"AT","PlateB":"AR"},"geometry":{"type":"LineString","coordinates":[[36.79,37.4],[37.08,37.51]]}},{"type":"Feature","properties":{"Type":"CCB","PlateA":"AT","PlateB":"AR"},"geometry":{"type":"LineString","coordinates":[[37.08,37.51],[37.68,37.83]]}},{"type":"Feature","properties":{"Type":"CCB","PlateA":"AT","PlateB":"AR"},"geometry":{"type":"LineString","coordinates":[[37.68,37.83],[38.04,37.99]]}},{"type":"Feature","properties":{"Type":"CCB","PlateA":"AT","PlateB":"AR"},"geometry":{"type":"LineString","coordinates":[[38.04,37.99],[38.37,38.12]]}},{"type":"Feature","properties":{"Type":"CCB","PlateA":"AT","PlateB":"AR"},"geometry":{"type":"LineString","coordinates":[[38.37,38.12],[38.86,38.31]]}},{"type":"Feature","properties":{"Type":"CCB","PlateA":"AT","PlateB":"AR"},"geometry":{"type":"LineString","coordinates":[[38.86,38.31],[39.4,38.5]]}},{"type":"Feature","properties":{"Type":"CTF","PlateA":"AT","PlateB":"AR"},"geometry":{"type":"LineString","coordinates":[[39.4,38.5],[40.16,38.77]]}},{"type":"Feature","properties":{"Type":"CCB","PlateA":"AT","PlateB":"AR"},"geometry":{"type":"LineString","coordinates":[[40.16,38.77],[40.62,38.86]]}},{"type":"Feature","properties":{"Type":"CTF","PlateA":"AT","PlateB":"AR"},"geometry":{"type":"LineString","coordinates":[[40.62,38.86],[41,39.08]]}},{"type":"Feature","properties":{"Type":"CTF","PlateA":"EU","PlateB":"AR"},"geometry":{"type":"LineString","coordinates":[[41,39.08],[41.03,38.85]]}},{"type":"Feature","properties":{"Type":"CCB","PlateA":"EU","PlateB":"AR"},"geometry":{"type":"LineString","coordinates":[[41.03,38.85],[41.24,38.62]]}},{"type":"Feature","properties":{"Type":"CCB","PlateA":"EU","PlateB":"AR"},"geometry":{"type":"LineString","coordinates":[[41.24,38.62],[41.84,38.35]]}},{"type":"Feature","properties":{"Type":"CCB","PlateA":"EU","PlateB":"AR"},"geometry":{"type":"LineString","coordinates":[[41.84,38.35],[42.29,38.21]]}},{"type":"Feature","properties":{"Type":"CCB","PlateA":"EU","PlateB":"AR"},"geometry":{"type":"LineString","coordinates":[[42.29,38.21],[42.8,37.99]]}},{"type":"Feature","properties":{"Type":"CCB","PlateA":"EU","PlateB":"AR"},"geometry":{"type":"LineString","coordinates":[[42.8,37.99],[43.18,37.69]]}},{"type":"Feature","properties":{"Type":"CCB","PlateA":"EU","PlateB":"AR"},"geometry":{"type":"LineString","coordinates":[[43.18,37.69],[43.65,37.41]]}},{"type":"Feature","properties":{"Type":"CCB","PlateA":"EU","PlateB":"AR"},"geometry":{"type":"LineString","coordinates":[[43.65,37.41],[44.02,37.1]]}},{"type":"Feature","properties":{"Type":"CTF","PlateA":"EU","PlateB":"AR"},"geometry":{"type":"LineString","coordinates":[[44.02,37.1],[44.36,36.57]]}},{"type":"Feature","properties":{"Type":"CTF","PlateA":"EU","PlateB":"AR"},"geometry":{"type":"LineString","coordinates":[[44.36,36.57],[44.52,36.02]]}},{"type":"Feature","properties":{"Type":"CTF","PlateA":"EU","PlateB":"AR"},"geometry":{"type":"LineString","coordinates":[[44.52,36.02],[44.67,35.46]]}},{"type":"Feature","properties":{"Type":"CTF","PlateA":"EU","PlateB":"AR"},"geometry":{"type":"LineString","coordinates":[[44.67,35.46],[44.84,35.03]]}},{"type":"Feature","properties":{"Type":"CTF","PlateA":"EU","PlateB":"AR"},"geometry":{"type":"LineString","coordinates":[[44.84,35.03],[45,34.59]]}},{"type":"Feature","properties":{"Type":"CTF","PlateA":"AT","PlateB":"EU"},"geometry":{"type":"LineString","coordinates":[[41,39.08],[40.45,39.39]]}},{"type":"Feature","properties":{"Type":"CTF","PlateA":"AT","PlateB":"EU"},"geometry":{"type":"LineString","coordinates":[[40.45,39.39],[39.89,39.7]]}},{"type":"Feature","properties":{"Type":"CTF","PlateA":"AT","PlateB":"EU"},"geometry":{"type":"LineString","coordinates":[[39.89,39.7],[39.27,39.91]]}},{"type":"Feature","properties":{"Type":"CTF","PlateA":"AT","PlateB":"EU"},"geometry":{"type":"LineString","coordinates":[[39.27,39.91],[38.8,40.01]]}},{"type":"Feature","properties":{"Type":"CTF","PlateA":"AT","PlateB":"EU"},"geometry":{"type":"LineString","coordinates":[[38.8,40.01],[38.02,40.27]]}},{"type":"Feature","properties":{"Type":"CTF","PlateA":"AT","PlateB":"EU"},"geometry":{"type":"LineString","coordinates":[[38.02,40.27],[37.06,40.6]]}},{"type":"Feature","properties":{"Type":"CTF","PlateA":"AT","PlateB":"EU"},"geometry":{"type":"LineString","coordinates":[[37.06,40.6],[36.17,40.85]]}},{"type":"Feature","properties":{"Type":"CTF","PlateA":"AT","PlateB":"EU"},"geometry":{"type":"LineString","coordinates":[[36.17,40.85],[35.53,41]]}},{"type":"Feature","properties":{"Type":"CTF","PlateA":"AT","PlateB":"EU"},"geometry":{"type":"LineString","coordinates":[[35.53,41],[34.83,41.12]]}},{"type":"Feature","properties":{"Type":"CTF","PlateA":"AT","PlateB":"EU"},"geometry":{"type":"LineString","coordinates":[[34.83,41.12],[34.29,41.16]]}},{"type":"Feature","properties":{"Type":"CTF","PlateA":"AT","PlateB":"EU"},"geometry":{"type":"LineString","coordinates":[[34.29,41.16],[33.41,41.02]]}},{"type":"Feature","properties":{"Type":"CTF","PlateA":"AT","PlateB":"EU"},"geometry":{"type":"LineString","coordinates":[[33.41,41.02],[32.39,40.86]]}},{"type":"Feature","properties":{"Type":"CTF","PlateA":"AT","PlateB":"EU"},"geometry":{"type":"LineString","coordinates":[[32.39,40.86],[31.48,40.68]]}},{"type":"Feature","properties":{"Type":"CTF","PlateA":"AT","PlateB":"EU"},"geometry":{"type":"LineString","coordinates":[[31.48,40.68],[31.12,40.62]]}},{"type":"Feature","properties":{"Type":"CTF","PlateA":"AT","PlateB":"EU"},"geometry":{"type":"LineString","coordinates":[[31.12,40.62],[30.77,40.6]]}},{"type":"Feature","properties":{"Type":"CRB","PlateA":"AT","PlateB":"EU"},"geometry":{"type":"LineString","coordinates":[[30.77,40.6],[30.01,40.77]]}},{"type":"Feature","properties":{"Type":"CTF","PlateA":"AT","PlateB":"EU"},"geometry":{"type":"LineString","coordinates":[[30.01,40.77],[29.03,40.69]]}},{"type":"Feature","properties":{"Type":"CTF","PlateA":"AT","PlateB":"EU"},"geometry":{"type":"LineString","coordinates":[[29.03,40.69],[28.73,40.67]]}},{"type":"Feature","properties":{"Type":"CTF","PlateA":"AT","PlateB":"EU"},"geometry":{"type":"LineString","coordinates":[[28.73,40.67],[27.99,40.62]]}},{"type":"Feature","properties":{"Type":"CRB","PlateA":"AT","PlateB":"EU"},"geometry":{"type":"LineString","coordinates":[[27.99,40.62],[27.57,40.64]]}},{"type":"Feature","properties":{"Type":"CRB","PlateA":"AT","PlateB":"EU"},"geometry":{"type":"LineString","coordinates":[[27.57,40.64],[27.26,40.79]]}},{"type":"Feature","properties":{"Type":"CTF","PlateA":"AT","PlateB":"EU"},"geometry":{"type":"LineString","coordinates":[[27.26,40.79],[26.6,40.55]]}},{"type":"Feature","properties":{"Type":"CTF","PlateA":"AT","PlateB":"EU"},"geometry":{"type":"LineString","coordinates":[[26.6,40.55],[26.01,40.33]]}},{"type":"Feature","properties":{"Type":"CTF","PlateA":"AT","PlateB":"EU"},"geometry":{"type":"LineString","coordinates":[[26.01,40.33],[25.42,40.16]]}},{"type":"Feature","properties":{"Type":"SUB","PlateA":"OK","PlateB":"NA"},"geometry":{"type":"LineString","coordinates":[[164.07,55.21],[163.34,55.82]]}},{"type":"Feature","properties":{"Type":"SUB","PlateA":"OK","PlateB":"NA"},"geometry":{"type":"LineString","coordinates":[[163.34,55.82],[162.59,56.42]]}},{"type":"Feature","properties":{"Type":"SUB","PlateA":"OK","PlateB":"NA"},"geometry":{"type":"LineString","coordinates":[[162.59,56.42],[162.96,56.84]]}},{"type":"Feature","properties":{"Type":"SUB","PlateA":"OK","PlateB":"NA"},"geometry":{"type":"LineString","coordinates":[[162.96,56.84],[163.34,57.25]]}},{"type":"Feature","properties":{"Type":"SUB","PlateA":"OK","PlateB":"NA"},"geometry":{"type":"LineString","coordinates":[[163.34,57.25],[163.72,57.66]]}},{"type":"Feature","properties":{"Type":"SUB","PlateA":"OK","PlateB":"NA"},"geometry":{"type":"LineString","coordinates":[[163.72,57.66],[164.12,58.08]]}},{"type":"Feature","properties":{"Type":"SUB","PlateA":"OK","PlateB":"NA"},"geometry":{"type":"LineString","coordinates":[[164.12,58.08],[164.52,58.49]]}},{"type":"Feature","properties":{"Type":"SUB","PlateA":"OK","PlateB":"NA"},"geometry":{"type":"LineString","coordinates":[[164.52,58.49],[164.93,58.9]]}},{"type":"Feature","properties":{"Type":"SUB","PlateA":"OK","PlateB":"NA"},"geometry":{"type":"LineString","coordinates":[[164.93,58.9],[166.26,59.38]]}},{"type":"Feature","properties":{"Type":"SUB","PlateA":"OK","PlateB":"NA"},"geometry":{"type":"LineString","coordinates":[[166.26,59.38],[167.62,59.84]]}},{"type":"Feature","properties":{"Type":"SUB","PlateA":"OK","PlateB":"NA"},"geometry":{"type":"LineString","coordinates":[[167.62,59.84],[169.03,60.29]]}},{"type":"Feature","properties":{"Type":"SUB","PlateA":"OK","PlateB":"NA"},"geometry":{"type":"LineString","coordinates":[[169.03,60.29],[169.87,61.02]]}},{"type":"Feature","properties":{"Type":"SUB","PlateA":"OK","PlateB":"NA"},"geometry":{"type":"LineString","coordinates":[[169.87,61.02],[170.74,61.74]]}},{"type":"Feature","properties":{"Type":"CTF","PlateA":"OK","PlateB":"NA"},"geometry":{"type":"LineString","coordinates":[[170.74,61.74],[169.72,61.67]]}},{"type":"Feature","properties":{"Type":"CTF","PlateA":"OK","PlateB":"NA"},"geometry":{"type":"LineString","coordinates":[[169.72,61.67],[168.71,61.59]]}},{"type":"Feature","properties":{"Type":"CTF","PlateA":"OK","PlateB":"NA"},"geometry":{"type":"LineString","coordinates":[[168.71,61.59],[167.7,61.51]]}},{"type":"Feature","properties":{"Type":"CTF","PlateA":"OK","PlateB":"NA"},"geometry":{"type":"LineString","coordinates":[[167.7,61.51],[166.69,61.41]]}},{"type":"Feature","properties":{"Type":"CTF","PlateA":"OK","PlateB":"NA"},"geometry":{"type":"LineString","coordinates":[[166.69,61.41],[165.01,61.34]]}},{"type":"Feature","properties":{"Type":"CTF","PlateA":"OK","PlateB":"NA"},"geometry":{"type":"LineString","coordinates":[[165.01,61.34],[163.35,61.24]]}},{"type":"Feature","properties":{"Type":"CTF","PlateA":"OK","PlateB":"NA"},"geometry":{"type":"LineString","coordinates":[[163.35,61.24],[162.35,61.27]]}},{"type":"Feature","properties":{"Type":"CTF","PlateA":"OK","PlateB":"NA"},"geometry":{"type":"LineString","coordinates":[[162.35,61.27],[161.36,61.3]]}},{"type":"Feature","properties":{"Type":"CTF","PlateA":"OK","PlateB":"NA"},"geometry":{"type":"LineString","coordinates":[[161.36,61.3],[160.36,61.31]]}},{"type":"Feature","properties":{"Type":"CTF","PlateA":"OK","PlateB":"NA"},"geometry":{"type":"LineString","coordinates":[[160.36,61.31],[159.37,61.32]]}},{"type":"Feature","properties":{"Type":"CTF","PlateA":"OK","PlateB":"NA"},"geometry":{"type":"LineString","coordinates":[[159.37,61.32],[158.04,61.41]]}},{"type":"Feature","properties":{"Type":"CTF","PlateA":"OK","PlateB":"NA"},"geometry":{"type":"LineString","coordinates":[[158.04,61.41],[156.72,61.48]]}},{"type":"Feature","properties":{"Type":"CTF","PlateA":"OK","PlateB":"NA"},"geometry":{"type":"LineString","coordinates":[[156.72,61.48],[155.34,61.61]]}},{"type":"Feature","properties":{"Type":"CTF","PlateA":"OK","PlateB":"NA"},"geometry":{"type":"LineString","coordinates":[[155.34,61.61],[153.95,61.72]]}},{"type":"Feature","properties":{"Type":"CCB","PlateA":"OK","PlateB":"NA"},"geometry":{"type":"LineString","coordinates":[[153.95,61.72],[152.6,62.35]]}},{"type":"Feature","properties":{"Type":"CTF","PlateA":"OK","PlateB":"NA"},"geometry":{"type":"LineString","coordinates":[[152.6,62.35],[151.19,62.97]]}},{"type":"Feature","properties":{"Type":"CTF","PlateA":"OK","PlateB":"NA"},"geometry":{"type":"LineString","coordinates":[[151.19,62.97],[149.72,63.57]]}},{"type":"Feature","properties":{"Type":"CTF","PlateA":"OK","PlateB":"NA"},"geometry":{"type":"LineString","coordinates":[[149.72,63.57],[148.19,64.16]]}},{"type":"Feature","properties":{"Type":"CTF","PlateA":"OK","PlateB":"NA"},"geometry":{"type":"LineString","coordinates":[[148.19,64.16],[146.6,64.73]]}},{"type":"Feature","properties":{"Type":"CTF","PlateA":"OK","PlateB":"NA"},"geometry":{"type":"LineString","coordinates":[[146.6,64.73],[144.93,65.29]]}},{"type":"Feature","properties":{"Type":"CRB","PlateA":"OK","PlateB":"EU"},"geometry":{"type":"LineString","coordinates":[[144.93,65.29],[145.49,64.44]]}},{"type":"Feature","properties":{"Type":"CRB","PlateA":"OK","PlateB":"EU"},"geometry":{"type":"LineString","coordinates":[[145.49,64.44],[146.01,63.59]]}},{"type":"Feature","properties":{"Type":"CRB","PlateA":"OK","PlateB":"EU"},"geometry":{"type":"LineString","coordinates":[[146.01,63.59],[146.5,62.73]]}},{"type":"Feature","properties":{"Type":"CRB","PlateA":"OK","PlateB":"EU"},"geometry":{"type":"LineString","coordinates":[[146.5,62.73],[146.96,61.88]]}},{"type":"Feature","properties":{"Type":"CRB","PlateA":"OK","PlateB":"EU"},"geometry":{"type":"LineString","coordinates":[[146.96,61.88],[146.13,61.57]]}},{"type":"Feature","properties":{"Type":"CRB","PlateA":"OK","PlateB":"EU"},"geometry":{"type":"LineString","coordinates":[[146.13,61.57],[145.31,61.26]]}},{"type":"Feature","properties":{"Type":"CRB","PlateA":"OK","PlateB":"EU"},"geometry":{"type":"LineString","coordinates":[[145.31,61.26],[144.5,60.94]]}},{"type":"Feature","properties":{"Type":"CRB","PlateA":"OK","PlateB":"EU"},"geometry":{"type":"LineString","coordinates":[[144.5,60.94],[143.72,60.61]]}},{"type":"Feature","properties":{"Type":"CRB","PlateA":"OK","PlateB":"EU"},"geometry":{"type":"LineString","coordinates":[[143.72,60.61],[142.94,60.28]]}},{"type":"Feature","properties":{"Type":"CRB","PlateA":"OK","PlateB":"EU"},"geometry":{"type":"LineString","coordinates":[[142.94,60.28],[142.19,59.95]]}},{"type":"Feature","properties":{"Type":"CRB","PlateA":"OK","PlateB":"EU"},"geometry":{"type":"LineString","coordinates":[[142.19,59.95],[142.09,59.48]]}},{"type":"Feature","properties":{"Type":"CRB","PlateA":"OK","PlateB":"EU"},"geometry":{"type":"LineString","coordinates":[[142.09,59.48],[141.99,59.01]]}},{"type":"Feature","properties":{"Type":"CRB","PlateA":"OK","PlateB":"EU"},"geometry":{"type":"LineString","coordinates":[[141.99,59.01],[141.89,58.54]]}},{"type":"Feature","properties":{"Type":"CRB","PlateA":"OK","PlateB":"EU"},"geometry":{"type":"LineString","coordinates":[[141.89,58.54],[141.8,58.07]]}},{"type":"Feature","properties":{"Type":"CRB","PlateA":"OK","PlateB":"EU"},"geometry":{"type":"LineString","coordinates":[[141.8,58.07],[141.71,57.6]]}},{"type":"Feature","properties":{"Type":"CRB","PlateA":"OK","PlateB":"EU"},"geometry":{"type":"LineString","coordinates":[[141.71,57.6],[141.62,57.13]]}},{"type":"Feature","properties":{"Type":"CRB","PlateA":"OK","PlateB":"EU"},"geometry":{"type":"LineString","coordinates":[[141.62,57.13],[141.54,56.66]]}},{"type":"Feature","properties":{"Type":"CRB","PlateA":"OK","PlateB":"EU"},"geometry":{"type":"LineString","coordinates":[[141.54,56.66],[141.45,56.19]]}},{"type":"Feature","properties":{"Type":"CTF","PlateA":"OK","PlateB":"EU"},"geometry":{"type":"LineString","coordinates":[[141.45,56.19],[141.7,55.65]]}},{"type":"Feature","properties":{"Type":"CTF","PlateA":"OK","PlateB":"EU"},"geometry":{"type":"LineString","coordinates":[[141.7,55.65],[141.94,55.11]]}},{"type":"Feature","properties":{"Type":"CTF","PlateA":"OK","PlateB":"EU"},"geometry":{"type":"LineString","coordinates":[[141.94,55.11],[142.18,54.57]]}},{"type":"Feature","properties":{"Type":"CTF","PlateA":"OK","PlateB":"EU"},"geometry":{"type":"LineString","coordinates":[[142.18,54.57],[142.41,54.04]]}},{"type":"Feature","properties":{"Type":"CCB","PlateA":"OK","PlateB":"AM"},"geometry":{"type":"LineString","coordinates":[[142.41,54.04],[142.85,53.38]]}},{"type":"Feature","properties":{"Type":"CCB","PlateA":"OK","PlateB":"AM"},"geometry":{"type":"LineString","coordinates":[[142.85,53.38],[142.78,53.04]]}},{"type":"Feature","properties":{"Type":"CCB","PlateA":"OK","PlateB":"AM"},"geometry":{"type":"LineString","coordinates":[[142.78,53.04],[142.69,52.54]]}},{"type":"Feature","properties":{"Type":"CCB","PlateA":"OK","PlateB":"AM"},"geometry":{"type":"LineString","coordinates":[[142.69,52.54],[142.54,51.7]]}},{"type":"Feature","properties":{"Type":"CCB","PlateA":"OK","PlateB":"AM"},"geometry":{"type":"LineString","coordinates":[[142.54,51.7],[142.4,50.86]]}},{"type":"Feature","properties":{"Type":"CCB","PlateA":"OK","PlateB":"AM"},"geometry":{"type":"LineString","coordinates":[[142.4,50.86],[142.52,50.32]]}},{"type":"Feature","properties":{"Type":"CCB","PlateA":"OK","PlateB":"AM"},"geometry":{"type":"LineString","coordinates":[[142.52,50.32],[142.64,49.78]]}},{"type":"Feature","properties":{"Type":"CCB","PlateA":"OK","PlateB":"AM"},"geometry":{"type":"LineString","coordinates":[[142.64,49.78],[142.76,49.24]]}},{"type":"Feature","properties":{"Type":"CCB","PlateA":"OK","PlateB":"AM"},"geometry":{"type":"LineString","coordinates":[[142.76,49.24],[142.88,48.7]]}},{"type":"Feature","properties":{"Type":"CCB","PlateA":"OK","PlateB":"AM"},"geometry":{"type":"LineString","coordinates":[[142.88,48.7],[142.02,48.05]]}},{"type":"Feature","properties":{"Type":"CCB","PlateA":"OK","PlateB":"AM"},"geometry":{"type":"LineString","coordinates":[[142.02,48.05],[141.18,47.39]]}},{"type":"Feature","properties":{"Type":"CCB","PlateA":"OK","PlateB":"AM"},"geometry":{"type":"LineString","coordinates":[[141.18,47.39],[140.55,46.96]]}},{"type":"Feature","properties":{"Type":"CCB","PlateA":"OK","PlateB":"AM"},"geometry":{"type":"LineString","coordinates":[[140.55,46.96],[139.94,46.52]]}},{"type":"Feature","properties":{"Type":"CCB","PlateA":"OK","PlateB":"AM"},"geometry":{"type":"LineString","coordinates":[[139.94,46.52],[139.37,46.22]]}},{"type":"Feature","properties":{"Type":"CCB","PlateA":"OK","PlateB":"AM"},"geometry":{"type":"LineString","coordinates":[[139.37,46.22],[139.16,45.95]]}},{"type":"Feature","properties":{"Type":"CCB","PlateA":"OK","PlateB":"AM"},"geometry":{"type":"LineString","coordinates":[[139.16,45.95],[139.04,45.41]]}},{"type":"Feature","properties":{"Type":"CCB","PlateA":"OK","PlateB":"AM"},"geometry":{"type":"LineString","coordinates":[[139.04,45.41],[138.85,44.81]]}},{"type":"Feature","properties":{"Type":"CCB","PlateA":"OK","PlateB":"AM"},"geometry":{"type":"LineString","coordinates":[[138.85,44.81],[138.58,44.3]]}},{"type":"Feature","properties":{"Type":"OCB","PlateA":"OK","PlateB":"AM"},"geometry":{"type":"LineString","coordinates":[[138.58,44.3],[138.56,43.94]]}},{"type":"Feature","properties":{"Type":"OCB","PlateA":"OK","PlateB":"AM"},"geometry":{"type":"LineString","coordinates":[[138.56,43.94],[138.8,43.19]]}},{"type":"Feature","properties":{"Type":"OCB","PlateA":"OK","PlateB":"AM"},"geometry":{"type":"LineString","coordinates":[[138.8,43.19],[138.81,42.77]]}},{"type":"Feature","properties":{"Type":"OCB","PlateA":"OK","PlateB":"AM"},"geometry":{"type":"LineString","coordinates":[[138.81,42.77],[138.82,42]]}},{"type":"Feature","properties":{"Type":"OCB","PlateA":"OK","PlateB":"AM"},"geometry":{"type":"LineString","coordinates":[[138.82,42],[138.74,41.77]]}},{"type":"Feature","properties":{"Type":"OCB","PlateA":"OK","PlateB":"AM"},"geometry":{"type":"LineString","coordinates":[[138.74,41.77],[138.49,41.48]]}},{"type":"Feature","properties":{"Type":"OCB","PlateA":"OK","PlateB":"AM"},"geometry":{"type":"LineString","coordinates":[[138.49,41.48],[138.48,41.1]]}},{"type":"Feature","properties":{"Type":"OCB","PlateA":"OK","PlateB":"AM"},"geometry":{"type":"LineString","coordinates":[[138.48,41.1],[138.76,40.78]]}},{"type":"Feature","properties":{"Type":"OCB","PlateA":"OK","PlateB":"AM"},"geometry":{"type":"LineString","coordinates":[[138.76,40.78],[138.66,40.47]]}},{"type":"Feature","properties":{"Type":"OCB","PlateA":"OK","PlateB":"AM"},"geometry":{"type":"LineString","coordinates":[[138.66,40.47],[138.66,40.07]]}},{"type":"Feature","properties":{"Type":"OCB","PlateA":"OK","PlateB":"AM"},"geometry":{"type":"LineString","coordinates":[[138.66,40.07],[138.35,39.83]]}},{"type":"Feature","properties":{"Type":"OCB","PlateA":"OK","PlateB":"AM"},"geometry":{"type":"LineString","coordinates":[[138.35,39.83],[138.09,39.66]]}},{"type":"Feature","properties":{"Type":"OCB","PlateA":"OK","PlateB":"AM"},"geometry":{"type":"LineString","coordinates":[[138.09,39.66],[137.85,39.4]]}},{"type":"Feature","properties":{"Type":"OCB","PlateA":"OK","PlateB":"AM"},"geometry":{"type":"LineString","coordinates":[[137.85,39.4],[137.77,38.98]]}},{"type":"Feature","properties":{"Type":"CCB","PlateA":"OK","PlateB":"AM"},"geometry":{"type":"LineString","coordinates":[[137.77,38.98],[137.85,38.49]]}},{"type":"Feature","properties":{"Type":"CCB","PlateA":"OK","PlateB":"AM"},"geometry":{"type":"LineString","coordinates":[[137.85,38.49],[137.89,37.86]]}},{"type":"Feature","properties":{"Type":"CCB","PlateA":"OK","PlateB":"AM"},"geometry":{"type":"LineString","coordinates":[[137.89,37.86],[137.9,37.18]]}},{"type":"Feature","properties":{"Type":"CCB","PlateA":"OK","PlateB":"AM"},"geometry":{"type":"LineString","coordinates":[[137.9,37.18],[137.85,36.6]]}},{"type":"Feature","properties":{"Type":"CCB","PlateA":"OK","PlateB":"AM"},"geometry":{"type":"LineString","coordinates":[[137.85,36.6],[137.89,36.31]]}},{"type":"Feature","properties":{"Type":"CCB","PlateA":"OK","PlateB":"AM"},"geometry":{"type":"LineString","coordinates":[[137.89,36.31],[138.12,36.03]]}},{"type":"Feature","properties":{"Type":"CCB","PlateA":"OK","PlateB":"AM"},"geometry":{"type":"LineString","coordinates":[[138.12,36.03],[138.26,35.73]]}},{"type":"Feature","properties":{"Type":"CCB","PlateA":"OK","PlateB":"AM"},"geometry":{"type":"LineString","coordinates":[[138.26,35.73],[138.42,35.36]]}},{"type":"Feature","properties":{"Type":"CCB","PlateA":"OK","PlateB":"AM"},"geometry":{"type":"LineString","coordinates":[[138.42,35.36],[138.67,35.03]]}},{"type":"Feature","properties":{"Type":"CRB","PlateA":"AM","PlateB":"EU"},"geometry":{"type":"LineString","coordinates":[[142.41,54.04],[141.28,54.07]]}},{"type":"Feature","properties":{"Type":"CRB","PlateA":"AM","PlateB":"EU"},"geometry":{"type":"LineString","coordinates":[[141.28,54.07],[140.15,54.1]]}},{"type":"Feature","properties":{"Type":"CTF","PlateA":"AM","PlateB":"EU"},"geometry":{"type":"LineString","coordinates":[[140.15,54.1],[139.21,54.33]]}},{"type":"Feature","properties":{"Type":"CTF","PlateA":"AM","PlateB":"EU"},"geometry":{"type":"LineString","coordinates":[[139.21,54.33],[137.92,54.59]]}},{"type":"Feature","properties":{"Type":"CTF","PlateA":"AM","PlateB":"EU"},"geometry":{"type":"LineString","coordinates":[[137.92,54.59],[136.61,54.83]]}},{"type":"Feature","properties":{"Type":"CTF","PlateA":"AM","PlateB":"EU"},"geometry":{"type":"LineString","coordinates":[[136.61,54.83],[135.14,55.06]]}},{"type":"Feature","properties":{"Type":"CTF","PlateA":"AM","PlateB":"EU"},"geometry":{"type":"LineString","coordinates":[[135.14,55.06],[133.65,55.27]]}},{"type":"Feature","properties":{"Type":"CTF","PlateA":"AM","PlateB":"EU"},"geometry":{"type":"LineString","coordinates":[[133.65,55.27],[132.67,55.49]]}},{"type":"Feature","properties":{"Type":"CTF","PlateA":"AM","PlateB":"EU"},"geometry":{"type":"LineString","coordinates":[[132.67,55.49],[131.69,55.7]]}},{"type":"Feature","properties":{"Type":"CTF","PlateA":"AM","PlateB":"EU"},"geometry":{"type":"LineString","coordinates":[[131.69,55.7],[130.75,55.86]]}},{"type":"Feature","properties":{"Type":"CTF","PlateA":"AM","PlateB":"EU"},"geometry":{"type":"LineString","coordinates":[[130.75,55.86],[129.8,56.01]]}},{"type":"Feature","properties":{"Type":"CTF","PlateA":"AM","PlateB":"EU"},"geometry":{"type":"LineString","coordinates":[[129.8,56.01],[128.39,56.4]]}},{"type":"Feature","properties":{"Type":"CTF","PlateA":"AM","PlateB":"EU"},"geometry":{"type":"LineString","coordinates":[[128.39,56.4],[126.96,56.77]]}},{"type":"Feature","properties":{"Type":"CTF","PlateA":"AM","PlateB":"EU"},"geometry":{"type":"LineString","coordinates":[[126.96,56.77],[125.5,57.13]]}},{"type":"Feature","properties":{"Type":"CTF","PlateA":"AM","PlateB":"EU"},"geometry":{"type":"LineString","coordinates":[[125.5,57.13],[124.57,57.18]]}},{"type":"Feature","properties":{"Type":"CTF","PlateA":"AM","PlateB":"EU"},"geometry":{"type":"LineString","coordinates":[[124.57,57.18],[123.65,57.22]]}},{"type":"Feature","properties":{"Type":"CTF","PlateA":"AM","PlateB":"EU"},"geometry":{"type":"LineString","coordinates":[[123.65,57.22],[122.72,57.25]]}},{"type":"Feature","properties":{"Type":"CTF","PlateA":"AM","PlateB":"EU"},"geometry":{"type":"LineString","coordinates":[[122.72,57.25],[121.78,57.28]]}},{"type":"Feature","properties":{"Type":"CTF","PlateA":"AM","PlateB":"EU"},"geometry":{"type":"LineString","coordinates":[[121.78,57.28],[120.85,57.3]]}},{"type":"Feature","properties":{"Type":"CTF","PlateA":"AM","PlateB":"EU"},"geometry":{"type":"LineString","coordinates":[[120.85,57.3],[119.92,57.32]]}},{"type":"Feature","properties":{"Type":"CRB","PlateA":"AM","PlateB":"EU"},"geometry":{"type":"LineString","coordinates":[[119.92,57.32],[119.02,57.15]]}},{"type":"Feature","properties":{"Type":"CRB","PlateA":"AM","PlateB":"EU"},"geometry":{"type":"LineString","coordinates":[[119.02,57.15],[118.13,56.98]]}},{"type":"Feature","properties":{"Type":"CRB","PlateA":"AM","PlateB":"EU"},"geometry":{"type":"LineString","coordinates":[[118.13,56.98],[117.25,56.8]]}},{"type":"Feature","properties":{"Type":"CRB","PlateA":"AM","PlateB":"EU"},"geometry":{"type":"LineString","coordinates":[[117.25,56.8],[116.38,56.62]]}},{"type":"Feature","properties":{"Type":"CTF","PlateA":"AM","PlateB":"EU"},"geometry":{"type":"LineString","coordinates":[[116.38,56.62],[115.02,56.53]]}},{"type":"Feature","properties":{"Type":"CTF","PlateA":"AM","PlateB":"EU"},"geometry":{"type":"LineString","coordinates":[[115.02,56.53],[113.66,56.42]]}},{"type":"Feature","properties":{"Type":"CTF","PlateA":"AM","PlateB":"EU"},"geometry":{"type":"LineString","coordinates":[[113.66,56.42],[112.31,56.3]]}},{"type":"Feature","properties":{"Type":"CTF","PlateA":"AM","PlateB":"EU"},"geometry":{"type":"LineString","coordinates":[[112.31,56.3],[110.92,56.22]]}},{"type":"Feature","properties":{"Type":"CRB","PlateA":"AM","PlateB":"EU"},"geometry":{"type":"LineString","coordinates":[[110.92,56.22],[109.76,55.76]]}},{"type":"Feature","properties":{"Type":"CRB","PlateA":"AM","PlateB":"EU"},"geometry":{"type":"LineString","coordinates":[[109.76,55.76],[109.38,55.33]]}},{"type":"Feature","properties":{"Type":"CRB","PlateA":"AM","PlateB":"EU"},"geometry":{"type":"LineString","coordinates":[[109.38,55.33],[109,54.9]]}},{"type":"Feature","properties":{"Type":"CRB","PlateA":"AM","PlateB":"EU"},"geometry":{"type":"LineString","coordinates":[[109,54.9],[108.69,54.15]]}},{"type":"Feature","properties":{"Type":"CRB","PlateA":"AM","PlateB":"EU"},"geometry":{"type":"LineString","coordinates":[[108.69,54.15],[108.39,53.4]]}},{"type":"Feature","properties":{"Type":"CRB","PlateA":"AM","PlateB":"EU"},"geometry":{"type":"LineString","coordinates":[[108.39,53.4],[107.71,53.08]]}},{"type":"Feature","properties":{"Type":"CRB","PlateA":"AM","PlateB":"EU"},"geometry":{"type":"LineString","coordinates":[[107.71,53.08],[107.03,52.76]]}},{"type":"Feature","properties":{"Type":"CRB","PlateA":"AM","PlateB":"EU"},"geometry":{"type":"LineString","coordinates":[[107.03,52.76],[106.36,52.43]]}},{"type":"Feature","properties":{"Type":"CRB","PlateA":"AM","PlateB":"EU"},"geometry":{"type":"LineString","coordinates":[[106.36,52.43],[105.71,52.1]]}},{"type":"Feature","properties":{"Type":"CRB","PlateA":"AM","PlateB":"EU"},"geometry":{"type":"LineString","coordinates":[[105.71,52.1],[105.06,51.77]]}},{"type":"Feature","properties":{"Type":"CRB","PlateA":"AM","PlateB":"EU"},"geometry":{"type":"LineString","coordinates":[[105.06,51.77],[104.42,51.43]]}},{"type":"Feature","properties":{"Type":"CRB","PlateA":"AM","PlateB":"EU"},"geometry":{"type":"LineString","coordinates":[[104.42,51.43],[104.9,50.79]]}},{"type":"Feature","properties":{"Type":"CRB","PlateA":"AM","PlateB":"EU"},"geometry":{"type":"LineString","coordinates":[[104.9,50.79],[105.38,50.14]]}},{"type":"Feature","properties":{"Type":"CRB","PlateA":"AM","PlateB":"EU"},"geometry":{"type":"LineString","coordinates":[[105.38,50.14],[105.58,49.29]]}},{"type":"Feature","properties":{"Type":"CRB","PlateA":"AM","PlateB":"EU"},"geometry":{"type":"LineString","coordinates":[[105.58,49.29],[105.78,48.44]]}},{"type":"Feature","properties":{"Type":"CRB","PlateA":"AM","PlateB":"EU"},"geometry":{"type":"LineString","coordinates":[[105.78,48.44],[105.92,47.91]]}},{"type":"Feature","properties":{"Type":"CRB","PlateA":"AM","PlateB":"EU"},"geometry":{"type":"LineString","coordinates":[[105.92,47.91],[106.05,47.38]]}},{"type":"Feature","properties":{"Type":"CRB","PlateA":"AM","PlateB":"EU"},"geometry":{"type":"LineString","coordinates":[[106.05,47.38],[106.18,46.85]]}},{"type":"Feature","properties":{"Type":"CRB","PlateA":"AM","PlateB":"EU"},"geometry":{"type":"LineString","coordinates":[[106.18,46.85],[106.3,46.32]]}},{"type":"Feature","properties":{"Type":"CRB","PlateA":"AM","PlateB":"EU"},"geometry":{"type":"LineString","coordinates":[[106.3,46.32],[106.46,45.88]]}},{"type":"Feature","properties":{"Type":"CRB","PlateA":"AM","PlateB":"EU"},"geometry":{"type":"LineString","coordinates":[[106.46,45.88],[106.61,45.43]]}},{"type":"Feature","properties":{"Type":"CRB","PlateA":"AM","PlateB":"EU"},"geometry":{"type":"LineString","coordinates":[[106.61,45.43],[106.77,44.99]]}},{"type":"Feature","properties":{"Type":"CRB","PlateA":"AM","PlateB":"EU"},"geometry":{"type":"LineString","coordinates":[[106.77,44.99],[106.91,44.54]]}},{"type":"Feature","properties":{"Type":"CRB","PlateA":"AM","PlateB":"EU"},"geometry":{"type":"LineString","coordinates":[[106.91,44.54],[107.06,44.1]]}},{"type":"Feature","properties":{"Type":"CRB","PlateA":"AM","PlateB":"EU"},"geometry":{"type":"LineString","coordinates":[[107.06,44.1],[107.21,43.66]]}},{"type":"Feature","properties":{"Type":"CRB","PlateA":"AM","PlateB":"EU"},"geometry":{"type":"LineString","coordinates":[[107.21,43.66],[108.13,43.15]]}},{"type":"Feature","properties":{"Type":"CRB","PlateA":"AM","PlateB":"EU"},"geometry":{"type":"LineString","coordinates":[[108.13,43.15],[109.04,42.64]]}},{"type":"Feature","properties":{"Type":"CRB","PlateA":"AM","PlateB":"EU"},"geometry":{"type":"LineString","coordinates":[[109.04,42.64],[109.69,42.07]]}},{"type":"Feature","properties":{"Type":"CRB","PlateA":"AM","PlateB":"EU"},"geometry":{"type":"LineString","coordinates":[[109.69,42.07],[110.57,41.6]]}},{"type":"Feature","properties":{"Type":"CRB","PlateA":"AM","PlateB":"EU"},"geometry":{"type":"LineString","coordinates":[[110.57,41.6],[111.44,41.13]]}},{"type":"Feature","properties":{"Type":"CRB","PlateA":"AM","PlateB":"EU"},"geometry":{"type":"LineString","coordinates":[[111.44,41.13],[112.29,40.65]]}},{"type":"Feature","properties":{"Type":"CCB","PlateA":"AM","PlateB":"EU"},"geometry":{"type":"LineString","coordinates":[[112.29,40.65],[112.91,41.02]]}},{"type":"Feature","properties":{"Type":"CCB","PlateA":"AM","PlateB":"EU"},"geometry":{"type":"LineString","coordinates":[[112.91,41.02],[113.54,41.4]]}},{"type":"Feature","properties":{"Type":"CTF","PlateA":"AM","PlateB":"EU"},"geometry":{"type":"LineString","coordinates":[[113.54,41.4],[114.39,41.16]]}},{"type":"Feature","properties":{"Type":"CTF","PlateA":"AM","PlateB":"EU"},"geometry":{"type":"LineString","coordinates":[[114.39,41.16],[115.24,40.92]]}},{"type":"Feature","properties":{"Type":"CRB","PlateA":"AM","PlateB":"EU"},"geometry":{"type":"LineString","coordinates":[[115.24,40.92],[115.81,40.6]]}},{"type":"Feature","properties":{"Type":"CRB","PlateA":"AM","PlateB":"EU"},"geometry":{"type":"LineString","coordinates":[[115.81,40.6],[116.38,40.27]]}},{"type":"Feature","properties":{"Type":"CTF","PlateA":"AM","PlateB":"EU"},"geometry":{"type":"LineString","coordinates":[[116.38,40.27],[117.01,40.06]]}},{"type":"Feature","properties":{"Type":"CTF","PlateA":"AM","PlateB":"EU"},"geometry":{"type":"LineString","coordinates":[[117.01,40.06],[117.64,39.84]]}},{"type":"Feature","properties":{"Type":"CCB","PlateA":"AM","PlateB":"EU"},"geometry":{"type":"LineString","coordinates":[[117.64,39.84],[118.25,40.05]]}},{"type":"Feature","properties":{"Type":"CCB","PlateA":"AM","PlateB":"EU"},"geometry":{"type":"LineString","coordinates":[[118.25,40.05],[118.86,40.26]]}},{"type":"Feature","properties":{"Type":"CCB","PlateA":"AM","PlateB":"EU"},"geometry":{"type":"LineString","coordinates":[[118.86,40.26],[119.85,40.65]]}},{"type":"Feature","properties":{"Type":"CCB","PlateA":"AM","PlateB":"EU"},"geometry":{"type":"LineString","coordinates":[[119.85,40.65],[120.85,41.04]]}},{"type":"Feature","properties":{"Type":"CCB","PlateA":"AM","PlateB":"EU"},"geometry":{"type":"LineString","coordinates":[[120.85,41.04],[121.31,41.33]]}},{"type":"Feature","properties":{"Type":"CCB","PlateA":"AM","PlateB":"EU"},"geometry":{"type":"LineString","coordinates":[[121.31,41.33],[121.78,41.62]]}},{"type":"Feature","properties":{"Type":"CCB","PlateA":"AM","PlateB":"EU"},"geometry":{"type":"LineString","coordinates":[[121.78,41.62],[122.26,41.9]]}},{"type":"Feature","properties":{"Type":"CCB","PlateA":"AM","PlateB":"EU"},"geometry":{"type":"LineString","coordinates":[[122.26,41.9],[122.73,42.19]]}},{"type":"Feature","properties":{"Type":"CRB","PlateA":"AM","PlateB":"EU"},"geometry":{"type":"LineString","coordinates":[[122.73,42.19],[123.51,41.53]]}},{"type":"Feature","properties":{"Type":"CRB","PlateA":"AM","PlateB":"EU"},"geometry":{"type":"LineString","coordinates":[[123.51,41.53],[124.27,40.87]]}},{"type":"Feature","properties":{"Type":"CRB","PlateA":"AM","PlateB":"EU"},"geometry":{"type":"LineString","coordinates":[[124.27,40.87],[125.02,40.2]]}},{"type":"Feature","properties":{"Type":"CRB","PlateA":"AM","PlateB":"EU"},"geometry":{"type":"LineString","coordinates":[[125.02,40.2],[125.2,39.74]]}},{"type":"Feature","properties":{"Type":"CRB","PlateA":"AM","PlateB":"EU"},"geometry":{"type":"LineString","coordinates":[[125.2,39.74],[125.38,39.28]]}},{"type":"Feature","properties":{"Type":"CRB","PlateA":"AM","PlateB":"EU"},"geometry":{"type":"LineString","coordinates":[[125.38,39.28],[125.55,38.82]]}},{"type":"Feature","properties":{"Type":"CRB","PlateA":"AM","PlateB":"EU"},"geometry":{"type":"LineString","coordinates":[[125.55,38.82],[125.72,38.37]]}},{"type":"Feature","properties":{"Type":"CRB","PlateA":"AM","PlateB":"EU"},"geometry":{"type":"LineString","coordinates":[[125.72,38.37],[125.91,37.54]]}},{"type":"Feature","properties":{"Type":"CRB","PlateA":"AM","PlateB":"EU"},"geometry":{"type":"LineString","coordinates":[[125.91,37.54],[126.1,36.72]]}},{"type":"Feature","properties":{"Type":"CRB","PlateA":"AM","PlateB":"EU"},"geometry":{"type":"LineString","coordinates":[[126.1,36.72],[126.12,36.17]]}},{"type":"Feature","properties":{"Type":"CRB","PlateA":"AM","PlateB":"EU"},"geometry":{"type":"LineString","coordinates":[[126.12,36.17],[126.13,35.62]]}},{"type":"Feature","properties":{"Type":"CRB","PlateA":"AM","PlateB":"EU"},"geometry":{"type":"LineString","coordinates":[[126.13,35.62],[126.2,34.94]]}},{"type":"Feature","properties":{"Type":"CRB","PlateA":"AM","PlateB":"EU"},"geometry":{"type":"LineString","coordinates":[[126.2,34.94],[126.26,34.25]]}},{"type":"Feature","properties":{"Type":"CCB","PlateA":"EU","PlateB":"SU"},"geometry":{"type":"LineString","coordinates":[[96.48,14.4],[97.39,14.42]]}},{"type":"Feature","properties":{"Type":"CCB","PlateA":"EU","PlateB":"SU"},"geometry":{"type":"LineString","coordinates":[[97.39,14.42],[98.3,14.43]]}},{"type":"Feature","properties":{"Type":"CCB","PlateA":"EU","PlateB":"SU"},"geometry":{"type":"LineString","coordinates":[[98.3,14.43],[99.21,14.45]]}},{"type":"Feature","properties":{"Type":"CTF","PlateA":"EU","PlateB":"SU"},"geometry":{"type":"LineString","coordinates":[[99.21,14.45],[99.77,14.84]]}},{"type":"Feature","properties":{"Type":"CRB","PlateA":"EU","PlateB":"SU"},"geometry":{"type":"LineString","coordinates":[[99.77,14.84],[100.3,15.46]]}},{"type":"Feature","properties":{"Type":"CRB","PlateA":"EU","PlateB":"SU"},"geometry":{"type":"LineString","coordinates":[[100.3,15.46],[100.83,16.08]]}},{"type":"Feature","properties":{"Type":"CRB","PlateA":"EU","PlateB":"SU"},"geometry":{"type":"LineString","coordinates":[[100.83,16.08],[101.14,16.58]]}},{"type":"Feature","properties":{"Type":"CRB","PlateA":"EU","PlateB":"SU"},"geometry":{"type":"LineString","coordinates":[[101.14,16.58],[101.45,17.07]]}},{"type":"Feature","properties":{"Type":"CTF","PlateA":"EU","PlateB":"SU"},"geometry":{"type":"LineString","coordinates":[[101.45,17.07],[102.03,17.35]]}},{"type":"Feature","properties":{"Type":"CTF","PlateA":"EU","PlateB":"SU"},"geometry":{"type":"LineString","coordinates":[[102.03,17.35],[102.62,17.63]]}},{"type":"Feature","properties":{"Type":"CCB","PlateA":"EU","PlateB":"SU"},"geometry":{"type":"LineString","coordinates":[[102.62,17.63],[103.18,17.66]]}},{"type":"Feature","properties":{"Type":"CCB","PlateA":"EU","PlateB":"SU"},"geometry":{"type":"LineString","coordinates":[[103.18,17.66],[103.75,17.68]]}},{"type":"Feature","properties":{"Type":"CCB","PlateA":"EU","PlateB":"SU"},"geometry":{"type":"LineString","coordinates":[[103.75,17.68],[104.31,17.71]]}},{"type":"Feature","properties":{"Type":"CCB","PlateA":"EU","PlateB":"SU"},"geometry":{"type":"LineString","coordinates":[[104.31,17.71],[104.88,17.73]]}},{"type":"Feature","properties":{"Type":"CCB","PlateA":"EU","PlateB":"SU"},"geometry":{"type":"LineString","coordinates":[[104.88,17.73],[105.82,17.75]]}},{"type":"Feature","properties":{"Type":"CCB","PlateA":"EU","PlateB":"SU"},"geometry":{"type":"LineString","coordinates":[[105.82,17.75],[106.76,17.77]]}},{"type":"Feature","properties":{"Type":"CCB","PlateA":"EU","PlateB":"SU"},"geometry":{"type":"LineString","coordinates":[[106.76,17.77],[107.7,17.78]]}},{"type":"Feature","properties":{"Type":"CCB","PlateA":"EU","PlateB":"SU"},"geometry":{"type":"LineString","coordinates":[[107.7,17.78],[108.63,17.78]]}},{"type":"Feature","properties":{"Type":"CCB","PlateA":"EU","PlateB":"SU"},"geometry":{"type":"LineString","coordinates":[[108.63,17.78],[109.57,17.79]]}},{"type":"Feature","properties":{"Type":"CCB","PlateA":"EU","PlateB":"SU"},"geometry":{"type":"LineString","coordinates":[[109.57,17.79],[110.51,17.78]]}},{"type":"Feature","properties":{"Type":"CTF","PlateA":"EU","PlateB":"SU"},"geometry":{"type":"LineString","coordinates":[[110.51,17.78],[111.04,17.87]]}},{"type":"Feature","properties":{"Type":"CTF","PlateA":"EU","PlateB":"SU"},"geometry":{"type":"LineString","coordinates":[[111.04,17.87],[111.57,17.95]]}},{"type":"Feature","properties":{"Type":"OTF","PlateA":"EU","PlateB":"SU"},"geometry":{"type":"LineString","coordinates":[[111.57,17.95],[112.1,18.04]]}},{"type":"Feature","properties":{"Type":"OTF","PlateA":"EU","PlateB":"SU"},"geometry":{"type":"LineString","coordinates":[[112.1,18.04],[112.63,18.12]]}},{"type":"Feature","properties":{"Type":"OTF","PlateA":"EU","PlateB":"SU"},"geometry":{"type":"LineString","coordinates":[[112.63,18.12],[113.31,18.28]]}},{"type":"Feature","properties":{"Type":"OTF","PlateA":"EU","PlateB":"SU"},"geometry":{"type":"LineString","coordinates":[[113.31,18.28],[114,18.44]]}},{"type":"Feature","properties":{"Type":"OTF","PlateA":"YA","PlateB":"SU"},"geometry":{"type":"LineString","coordinates":[[114,18.44],[114.42,18.83]]}},{"type":"Feature","properties":{"Type":"CTF","PlateA":"YA","PlateB":"SU"},"geometry":{"type":"LineString","coordinates":[[114.42,18.83],[114.93,19.34]]}},{"type":"Feature","properties":{"Type":"CTF","PlateA":"YA","PlateB":"SU"},"geometry":{"type":"LineString","coordinates":[[114.93,19.34],[115.49,19.69]]}},{"type":"Feature","properties":{"Type":"CCB","PlateA":"YA","PlateB":"SU"},"geometry":{"type":"LineString","coordinates":[[115.49,19.69],[116.32,19.82]]}},{"type":"Feature","properties":{"Type":"CCB","PlateA":"YA","PlateB":"SU"},"geometry":{"type":"LineString","coordinates":[[116.32,19.82],[117.15,19.94]]}},{"type":"Feature","properties":{"Type":"CTF","PlateA":"YA","PlateB":"SU"},"geometry":{"type":"LineString","coordinates":[[117.15,19.94],[117.5,20.33]]}},{"type":"Feature","properties":{"Type":"CTF","PlateA":"YA","PlateB":"SU"},"geometry":{"type":"LineString","coordinates":[[117.5,20.33],[117.86,20.72]]}},{"type":"Feature","properties":{"Type":"CRB","PlateA":"YA","PlateB":"SU"},"geometry":{"type":"LineString","coordinates":[[117.86,20.72],[118.05,21.5]]}},{"type":"Feature","properties":{"Type":"CTF","PlateA":"YA","PlateB":"SU"},"geometry":{"type":"LineString","coordinates":[[118.05,21.5],[118.48,22.11]]}},{"type":"Feature","properties":{"Type":"CCB","PlateA":"YA","PlateB":"SU"},"geometry":{"type":"LineString","coordinates":[[118.48,22.11],[118.96,22]]}},{"type":"Feature","properties":{"Type":"CTF","PlateA":"YA","PlateB":"SU"},"geometry":{"type":"LineString","coordinates":[[118.96,22],[119.62,22.27]]}},{"type":"Feature","properties":{"Type":"CCB","PlateA":"YA","PlateB":"SU"},"geometry":{"type":"LineString","coordinates":[[119.62,22.27],[120.04,21.95]]}},{"type":"Feature","properties":{"Type":"CCB","PlateA":"YA","PlateB":"SU"},"geometry":{"type":"LineString","coordinates":[[120.04,21.95],[120.45,21.63]]}},{"type":"Feature","properties":{"Type":"CCB","PlateA":"BU","PlateB":"EU"},"geometry":{"type":"LineString","coordinates":[[96.48,14.4],[96.45,14.91]]}},{"type":"Feature","properties":{"Type":"CCB","PlateA":"BU","PlateB":"EU"},"geometry":{"type":"LineString","coordinates":[[96.45,14.91],[96.41,15.14]]}},{"type":"Feature","properties":{"Type":"CTF","PlateA":"IN","PlateB":"EU"},"geometry":{"type":"LineString","coordinates":[[96.41,15.14],[96.42,15.4]]}},{"type":"Feature","properties":{"Type":"CTF","PlateA":"IN","PlateB":"EU"},"geometry":{"type":"LineString","coordinates":[[96.42,15.4],[96.45,16]]}},{"type":"Feature","properties":{"Type":"CTF","PlateA":"IN","PlateB":"EU"},"geometry":{"type":"LineString","coordinates":[[96.45,16],[96.47,16.64]]}},{"type":"Feature","properties":{"Type":"CCB","PlateA":"IN","PlateB":"EU"},"geometry":{"type":"LineString","coordinates":[[96.47,16.64],[96.47,17.43]]}},{"type":"Feature","properties":{"Type":"CCB","PlateA":"IN","PlateB":"EU"},"geometry":{"type":"LineString","coordinates":[[96.47,17.43],[96.42,17.98]]}},{"type":"Feature","properties":{"Type":"CCB","PlateA":"IN","PlateB":"EU"},"geometry":{"type":"LineString","coordinates":[[96.42,17.98],[96.34,18.7]]}},{"type":"Feature","properties":{"Type":"CCB","PlateA":"IN","PlateB":"EU"},"geometry":{"type":"LineString","coordinates":[[96.34,18.7],[96.23,19.41]]}},{"type":"Feature","properties":{"Type":"CCB","PlateA":"IN","PlateB":"EU"},"geometry":{"type":"LineString","coordinates":[[96.23,19.41],[96.02,20.04]]}},{"type":"Feature","properties":{"Type":"CCB","PlateA":"IN","PlateB":"EU"},"geometry":{"type":"LineString","coordinates":[[96.02,20.04],[95.94,20.9]]}},{"type":"Feature","properties":{"Type":"CCB","PlateA":"IN","PlateB":"EU"},"geometry":{"type":"LineString","coordinates":[[95.94,20.9],[95.92,21.68]]}},{"type":"Feature","properties":{"Type":"CTF","PlateA":"IN","PlateB":"EU"},"geometry":{"type":"LineString","coordinates":[[95.92,21.68],[95.92,22.35]]}},{"type":"Feature","properties":{"Type":"CTF","PlateA":"IN","PlateB":"EU"},"geometry":{"type":"LineString","coordinates":[[95.92,22.35],[95.91,23.02]]}},{"type":"Feature","properties":{"Type":"CTF","PlateA":"IN","PlateB":"EU"},"geometry":{"type":"LineString","coordinates":[[95.91,23.02],[95.97,23.76]]}},{"type":"Feature","properties":{"Type":"CTF","PlateA":"IN","PlateB":"EU"},"geometry":{"type":"LineString","coordinates":[[95.97,23.76],[96.12,24.48]]}},{"type":"Feature","properties":{"Type":"CTF","PlateA":"IN","PlateB":"EU"},"geometry":{"type":"LineString","coordinates":[[96.12,24.48],[96.31,25.13]]}},{"type":"Feature","properties":{"Type":"CTF","PlateA":"IN","PlateB":"EU"},"geometry":{"type":"LineString","coordinates":[[96.31,25.13],[96.58,25.65]]}},{"type":"Feature","properties":{"Type":"CTF","PlateA":"IN","PlateB":"EU"},"geometry":{"type":"LineString","coordinates":[[96.58,25.65],[96.91,26.29]]}},{"type":"Feature","properties":{"Type":"CTF","PlateA":"IN","PlateB":"EU"},"geometry":{"type":"LineString","coordinates":[[96.91,26.29],[97.13,26.82]]}},{"type":"Feature","properties":{"Type":"CTF","PlateA":"IN","PlateB":"EU"},"geometry":{"type":"LineString","coordinates":[[97.13,26.82],[97.35,27.24]]}},{"type":"Feature","properties":{"Type":"CTF","PlateA":"IN","PlateB":"EU"},"geometry":{"type":"LineString","coordinates":[[97.35,27.24],[97.47,27.7]]}},{"type":"Feature","properties":{"Type":"CCB","PlateA":"IN","PlateB":"EU"},"geometry":{"type":"LineString","coordinates":[[97.47,27.7],[97.35,28.08]]}},{"type":"Feature","properties":{"Type":"SUB","PlateA":"BU","PlateB":"IN"},"geometry":{"type":"LineString","coordinates":[[92.28,6.95],[92.38,6.33]]}},{"type":"Feature","properties":{"Type":"SUB","PlateA":"BU","PlateB":"IN"},"geometry":{"type":"LineString","coordinates":[[92.38,6.33],[92.54,5.7]]}},{"type":"Feature","properties":{"Type":"SUB","PlateA":"BU","PlateB":"IN"},"geometry":{"type":"LineString","coordinates":[[92.54,5.7],[92.67,5.01]]}},{"type":"Feature","properties":{"Type":"SUB","PlateA":"BU","PlateB":"IN"},"geometry":{"type":"LineString","coordinates":[[92.67,5.01],[92.9,4.38]]}},{"type":"Feature","properties":{"Type":"SUB","PlateA":"BU","PlateB":"IN"},"geometry":{"type":"LineString","coordinates":[[92.9,4.38],[93.23,3.72]]}},{"type":"Feature","properties":{"Type":"SUB","PlateA":"BU","PlateB":"IN"},"geometry":{"type":"LineString","coordinates":[[93.23,3.72],[93.75,3.05]]}},{"type":"Feature","properties":{"Type":"SUB","PlateA":"BU","PlateB":"IN"},"geometry":{"type":"LineString","coordinates":[[93.75,3.05],[94.41,2.46]]}},{"type":"Feature","properties":{"Type":"SUB","PlateA":"BU","PlateB":"IN"},"geometry":{"type":"LineString","coordinates":[[94.41,2.46],[94.98,2.1]]}},{"type":"Feature","properties":{"Type":"SUB","PlateA":"BU","PlateB":"AU"},"geometry":{"type":"LineString","coordinates":[[94.98,2.1],[95.54,1.88]]}},{"type":"Feature","properties":{"Type":"SUB","PlateA":"BU","PlateB":"AU"},"geometry":{"type":"LineString","coordinates":[[95.54,1.88],[96.09,1.49]]}},{"type":"Feature","properties":{"Type":"SUB","PlateA":"BU","PlateB":"AU"},"geometry":{"type":"LineString","coordinates":[[96.09,1.49],[96.2,1.35]]}},{"type":"Feature","properties":{"Type":"SUB","PlateA":"SU","PlateB":"AU"},"geometry":{"type":"LineString","coordinates":[[96.2,1.35],[96.38,1.12]]}},{"type":"Feature","properties":{"Type":"SUB","PlateA":"SU","PlateB":"AU"},"geometry":{"type":"LineString","coordinates":[[96.38,1.12],[96.67,0.76]]}},{"type":"Feature","properties":{"Type":"SUB","PlateA":"SU","PlateB":"AU"},"geometry":{"type":"LineString","coordinates":[[96.67,0.76],[97.01,0.12]]}},{"type":"Feature","properties":{"Type":"SUB","PlateA":"SU","PlateB":"AU"},"geometry":{"type":"LineString","coordinates":[[97.01,0.12],[97.37,-0.55]]}},{"type":"Feature","properties":{"Type":"SUB","PlateA":"SU","PlateB":"AU"},"geometry":{"type":"LineString","coordinates":[[97.37,-0.55],[97.77,-1.25]]}},{"type":"Feature","properties":{"Type":"SUB","PlateA":"SU","PlateB":"AU"},"geometry":{"type":"LineString","coordinates":[[97.77,-1.25],[98.04,-1.63]]}},{"type":"Feature","properties":{"Type":"SUB","PlateA":"SU","PlateB":"AU"},"geometry":{"type":"LineString","coordinates":[[98.04,-1.63],[98.3,-2.02]]}},{"type":"Feature","properties":{"Type":"SUB","PlateA":"SU","PlateB":"AU"},"geometry":{"type":"LineString","coordinates":[[98.3,-2.02],[98.87,-2.66]]}},{"type":"Feature","properties":{"Type":"SUB","PlateA":"SU","PlateB":"AU"},"geometry":{"type":"LineString","coordinates":[[98.87,-2.66],[99.37,-3.31]]}},{"type":"Feature","properties":{"Type":"SUB","PlateA":"SU","PlateB":"AU"},"geometry":{"type":"LineString","coordinates":[[99.37,-3.31],[99.68,-3.73]]}},{"type":"Feature","properties":{"Type":"SUB","PlateA":"SU","PlateB":"AU"},"geometry":{"type":"LineString","coordinates":[[99.68,-3.73],[99.98,-4.14]]}},{"type":"Feature","properties":{"Type":"SUB","PlateA":"SU","PlateB":"AU"},"geometry":{"type":"LineString","coordinates":[[99.98,-4.14],[100.36,-4.66]]}},{"type":"Feature","properties":{"Type":"SUB","PlateA":"SU","PlateB":"AU"},"geometry":{"type":"LineString","coordinates":[[100.36,-4.66],[100.79,-5.3]]}},{"type":"Feature","properties":{"Type":"SUB","PlateA":"SU","PlateB":"AU"},"geometry":{"type":"LineString","coordinates":[[100.79,-5.3],[101.35,-5.98]]}},{"type":"Feature","properties":{"Type":"SUB","PlateA":"SU","PlateB":"AU"},"geometry":{"type":"LineString","coordinates":[[101.35,-5.98],[101.86,-6.56]]}},{"type":"Feature","properties":{"Type":"SUB","PlateA":"SU","PlateB":"AU"},"geometry":{"type":"LineString","coordinates":[[101.86,-6.56],[102.45,-7.2]]}},{"type":"Feature","properties":{"Type":"SUB","PlateA":"SU","PlateB":"AU"},"geometry":{"type":"LineString","coordinates":[[102.45,-7.2],[103.18,-7.62]]}},{"type":"Feature","properties":{"Type":"SUB","PlateA":"SU","PlateB":"AU"},"geometry":{"type":"LineString","coordinates":[[103.18,-7.62],[103.76,-7.86]]}},{"type":"Feature","properties":{"Type":"SUB","PlateA":"SU","PlateB":"AU"},"geometry":{"type":"LineString","coordinates":[[103.76,-7.86],[104.58,-8.17]]}},{"type":"Feature","properties":{"Type":"CRB","PlateA":"EU","PlateB":"YA"},"geometry":{"type":"LineString","coordinates":[[114,18.44],[113.76,18.86]]}},{"type":"Feature","properties":{"Type":"CRB","PlateA":"EU","PlateB":"YA"},"geometry":{"type":"LineString","coordinates":[[113.76,18.86],[113.52,19.29]]}},{"type":"Feature","properties":{"Type":"CRB","PlateA":"EU","PlateB":"YA"},"geometry":{"type":"LineString","coordinates":[[113.52,19.29],[113.27,19.71]]}},{"type":"Feature","properties":{"Type":"CRB","PlateA":"EU","PlateB":"YA"},"geometry":{"type":"LineString","coordinates":[[113.27,19.71],[113.03,20.14]]}},{"type":"Feature","properties":{"Type":"CRB","PlateA":"EU","PlateB":"YA"},"geometry":{"type":"LineString","coordinates":[[113.03,20.14],[112.78,20.56]]}},{"type":"Feature","properties":{"Type":"CRB","PlateA":"EU","PlateB":"YA"},"geometry":{"type":"LineString","coordinates":[[112.78,20.56],[112.54,20.99]]}},{"type":"Feature","properties":{"Type":"CRB","PlateA":"EU","PlateB":"YA"},"geometry":{"type":"LineString","coordinates":[[112.54,20.99],[112.29,21.41]]}},{"type":"Feature","properties":{"Type":"CRB","PlateA":"EU","PlateB":"YA"},"geometry":{"type":"LineString","coordinates":[[112.29,21.41],[112.04,21.83]]}},{"type":"Feature","properties":{"Type":"CTF","PlateA":"EU","PlateB":"YA"},"geometry":{"type":"LineString","coordinates":[[112.04,21.83],[111.18,22.17]]}},{"type":"Feature","properties":{"Type":"CTF","PlateA":"EU","PlateB":"YA"},"geometry":{"type":"LineString","coordinates":[[111.18,22.17],[110.31,22.5]]}},{"type":"Feature","properties":{"Type":"CTF","PlateA":"EU","PlateB":"YA"},"geometry":{"type":"LineString","coordinates":[[110.31,22.5],[109.44,22.82]]}},{"type":"Feature","properties":{"Type":"CTF","PlateA":"EU","PlateB":"YA"},"geometry":{"type":"LineString","coordinates":[[109.44,22.82],[108.56,23.14]]}},{"type":"Feature","properties":{"Type":"CTF","PlateA":"EU","PlateB":"YA"},"geometry":{"type":"LineString","coordinates":[[108.56,23.14],[107.68,23.46]]}},{"type":"Feature","properties":{"Type":"CRB","PlateA":"EU","PlateB":"YA"},"geometry":{"type":"LineString","coordinates":[[107.68,23.46],[107.13,24.05]]}},{"type":"Feature","properties":{"Type":"CRB","PlateA":"EU","PlateB":"YA"},"geometry":{"type":"LineString","coordinates":[[107.13,24.05],[106.58,24.65]]}},{"type":"Feature","properties":{"Type":"CRB","PlateA":"EU","PlateB":"YA"},"geometry":{"type":"LineString","coordinates":[[106.58,24.65],[106.02,25.24]]}},{"type":"Feature","properties":{"Type":"CRB","PlateA":"EU","PlateB":"YA"},"geometry":{"type":"LineString","coordinates":[[106.02,25.24],[105.72,25.8]]}},{"type":"Feature","properties":{"Type":"CRB","PlateA":"EU","PlateB":"YA"},"geometry":{"type":"LineString","coordinates":[[105.72,25.8],[105.42,26.36]]}},{"type":"Feature","properties":{"Type":"CRB","PlateA":"EU","PlateB":"YA"},"geometry":{"type":"LineString","coordinates":[[105.42,26.36],[105.18,27.12]]}},{"type":"Feature","properties":{"Type":"CRB","PlateA":"EU","PlateB":"YA"},"geometry":{"type":"LineString","coordinates":[[105.18,27.12],[104.94,27.88]]}},{"type":"Feature","properties":{"Type":"CRB","PlateA":"EU","PlateB":"YA"},"geometry":{"type":"LineString","coordinates":[[104.94,27.88],[105.17,28.33]]}},{"type":"Feature","properties":{"Type":"CRB","PlateA":"EU","PlateB":"YA"},"geometry":{"type":"LineString","coordinates":[[105.17,28.33],[105.4,28.79]]}},{"type":"Feature","properties":{"Type":"CRB","PlateA":"EU","PlateB":"YA"},"geometry":{"type":"LineString","coordinates":[[105.4,28.79],[106.26,29.25]]}},{"type":"Feature","properties":{"Type":"CRB","PlateA":"EU","PlateB":"YA"},"geometry":{"type":"LineString","coordinates":[[106.26,29.25],[107.13,29.71]]}},{"type":"Feature","properties":{"Type":"CRB","PlateA":"EU","PlateB":"YA"},"geometry":{"type":"LineString","coordinates":[[107.13,29.71],[108.04,30.01]]}},{"type":"Feature","properties":{"Type":"CRB","PlateA":"EU","PlateB":"YA"},"geometry":{"type":"LineString","coordinates":[[108.04,30.01],[108.96,30.29]]}},{"type":"Feature","properties":{"Type":"CRB","PlateA":"EU","PlateB":"YA"},"geometry":{"type":"LineString","coordinates":[[108.96,30.29],[109.88,30.57]]}},{"type":"Feature","properties":{"Type":"CRB","PlateA":"EU","PlateB":"YA"},"geometry":{"type":"LineString","coordinates":[[109.88,30.57],[110.81,30.84]]}},{"type":"Feature","properties":{"Type":"CRB","PlateA":"EU","PlateB":"YA"},"geometry":{"type":"LineString","coordinates":[[110.81,30.84],[111.21,31.25]]}},{"type":"Feature","properties":{"Type":"CRB","PlateA":"EU","PlateB":"YA"},"geometry":{"type":"LineString","coordinates":[[111.21,31.25],[111.62,31.66]]}},{"type":"Feature","properties":{"Type":"CRB","PlateA":"EU","PlateB":"YA"},"geometry":{"type":"LineString","coordinates":[[111.62,31.66],[111.63,32.25]]}},{"type":"Feature","properties":{"Type":"CRB","PlateA":"EU","PlateB":"YA"},"geometry":{"type":"LineString","coordinates":[[111.63,32.25],[111.65,32.84]]}},{"type":"Feature","properties":{"Type":"CRB","PlateA":"EU","PlateB":"YA"},"geometry":{"type":"LineString","coordinates":[[111.65,32.84],[112.27,33.47]]}},{"type":"Feature","properties":{"Type":"CRB","PlateA":"EU","PlateB":"YA"},"geometry":{"type":"LineString","coordinates":[[112.27,33.47],[112.91,34.08]]}},{"type":"Feature","properties":{"Type":"CRB","PlateA":"EU","PlateB":"YA"},"geometry":{"type":"LineString","coordinates":[[112.91,34.08],[113.25,34.47]]}},{"type":"Feature","properties":{"Type":"CRB","PlateA":"EU","PlateB":"YA"},"geometry":{"type":"LineString","coordinates":[[113.25,34.47],[113.6,34.85]]}},{"type":"Feature","properties":{"Type":"CRB","PlateA":"EU","PlateB":"YA"},"geometry":{"type":"LineString","coordinates":[[113.6,34.85],[114.28,34.84]]}},{"type":"Feature","properties":{"Type":"CRB","PlateA":"EU","PlateB":"YA"},"geometry":{"type":"LineString","coordinates":[[114.28,34.84],[114.96,34.83]]}},{"type":"Feature","properties":{"Type":"CTF","PlateA":"EU","PlateB":"YA"},"geometry":{"type":"LineString","coordinates":[[114.96,34.83],[115.75,34.21]]}},{"type":"Feature","properties":{"Type":"CCB","PlateA":"EU","PlateB":"YA"},"geometry":{"type":"LineString","coordinates":[[115.75,34.21],[116.52,33.59]]}},{"type":"Feature","properties":{"Type":"CCB","PlateA":"EU","PlateB":"YA"},"geometry":{"type":"LineString","coordinates":[[116.52,33.59],[117.28,32.97]]}},{"type":"Feature","properties":{"Type":"CCB","PlateA":"EU","PlateB":"YA"},"geometry":{"type":"LineString","coordinates":[[117.28,32.97],[117.72,32.57]]}},{"type":"Feature","properties":{"Type":"CCB","PlateA":"EU","PlateB":"YA"},"geometry":{"type":"LineString","coordinates":[[117.72,32.57],[118.15,32.17]]}},{"type":"Feature","properties":{"Type":"CCB","PlateA":"EU","PlateB":"YA"},"geometry":{"type":"LineString","coordinates":[[118.15,32.17],[118.58,31.78]]}},{"type":"Feature","properties":{"Type":"CCB","PlateA":"EU","PlateB":"YA"},"geometry":{"type":"LineString","coordinates":[[118.58,31.78],[119,31.38]]}},{"type":"Feature","properties":{"Type":"CTF","PlateA":"EU","PlateB":"YA"},"geometry":{"type":"LineString","coordinates":[[119,31.38],[119.71,31.2]]}},{"type":"Feature","properties":{"Type":"CRB","PlateA":"EU","PlateB":"YA"},"geometry":{"type":"LineString","coordinates":[[119.71,31.2],[120.37,31.39]]}},{"type":"Feature","properties":{"Type":"CRB","PlateA":"EU","PlateB":"YA"},"geometry":{"type":"LineString","coordinates":[[120.37,31.39],[121.03,31.58]]}},{"type":"Feature","properties":{"Type":"CTF","PlateA":"EU","PlateB":"YA"},"geometry":{"type":"LineString","coordinates":[[121.03,31.58],[121.61,31.56]]}},{"type":"Feature","properties":{"Type":"CTF","PlateA":"EU","PlateB":"YA"},"geometry":{"type":"LineString","coordinates":[[121.61,31.56],[122.2,31.53]]}},{"type":"Feature","properties":{"Type":"CTF","PlateA":"EU","PlateB":"YA"},"geometry":{"type":"LineString","coordinates":[[122.2,31.53],[122.78,31.5]]}},{"type":"Feature","properties":{"Type":"CTF","PlateA":"EU","PlateB":"YA"},"geometry":{"type":"LineString","coordinates":[[122.78,31.5],[123.36,31.47]]}},{"type":"Feature","properties":{"Type":"OTF","PlateA":"AP","PlateB":"SA"},"geometry":{"type":"LineString","coordinates":[[-71.31,-21.96],[-70.68,-21.73]]}},{"type":"Feature","properties":{"Type":"CTF","PlateA":"AP","PlateB":"SA"},"geometry":{"type":"LineString","coordinates":[[-70.68,-21.73],[-70.06,-21.5]]}},{"type":"Feature","properties":{"Type":"CRB","PlateA":"AP","PlateB":"SA"},"geometry":{"type":"LineString","coordinates":[[-70.06,-21.5],[-69.11,-21.5]]}},{"type":"Feature","properties":{"Type":"CRB","PlateA":"AP","PlateB":"SA"},"geometry":{"type":"LineString","coordinates":[[-69.11,-21.5],[-68.17,-21.5]]}},{"type":"Feature","properties":{"Type":"CRB","PlateA":"AP","PlateB":"SA"},"geometry":{"type":"LineString","coordinates":[[-68.17,-21.5],[-67.65,-21.5]]}},{"type":"Feature","properties":{"Type":"CRB","PlateA":"AP","PlateB":"SA"},"geometry":{"type":"LineString","coordinates":[[-67.65,-21.5],[-67.14,-21.5]]}},{"type":"Feature","properties":{"Type":"CRB","PlateA":"AP","PlateB":"SA"},"geometry":{"type":"LineString","coordinates":[[-67.14,-21.5],[-66.63,-21.5]]}},{"type":"Feature","properties":{"Type":"CRB","PlateA":"AP","PlateB":"SA"},"geometry":{"type":"LineString","coordinates":[[-66.63,-21.5],[-66.12,-21.5]]}},{"type":"Feature","properties":{"Type":"CRB","PlateA":"AP","PlateB":"SA"},"geometry":{"type":"LineString","coordinates":[[-66.12,-21.5],[-65.43,-21.46]]}},{"type":"Feature","properties":{"Type":"CRB","PlateA":"AP","PlateB":"SA"},"geometry":{"type":"LineString","coordinates":[[-65.43,-21.46],[-64.73,-21.43]]}},{"type":"Feature","properties":{"Type":"CRB","PlateA":"AP","PlateB":"SA"},"geometry":{"type":"LineString","coordinates":[[-64.73,-21.43],[-64.14,-21.4]]}},{"type":"Feature","properties":{"Type":"CRB","PlateA":"AP","PlateB":"SA"},"geometry":{"type":"LineString","coordinates":[[-64.14,-21.4],[-63.54,-21.37]]}},{"type":"Feature","properties":{"Type":"CCB","PlateA":"AP","PlateB":"SA"},"geometry":{"type":"LineString","coordinates":[[-63.54,-21.37],[-63.36,-20.76]]}},{"type":"Feature","properties":{"Type":"CCB","PlateA":"AP","PlateB":"SA"},"geometry":{"type":"LineString","coordinates":[[-63.36,-20.76],[-63.18,-20.15]]}},{"type":"Feature","properties":{"Type":"CCB","PlateA":"AP","PlateB":"SA"},"geometry":{"type":"LineString","coordinates":[[-63.18,-20.15],[-63.29,-19.51]]}},{"type":"Feature","properties":{"Type":"CCB","PlateA":"AP","PlateB":"SA"},"geometry":{"type":"LineString","coordinates":[[-63.29,-19.51],[-63.4,-18.87]]}},{"type":"Feature","properties":{"Type":"CCB","PlateA":"AP","PlateB":"SA"},"geometry":{"type":"LineString","coordinates":[[-63.4,-18.87],[-63.62,-18.37]]}},{"type":"Feature","properties":{"Type":"CCB","PlateA":"AP","PlateB":"SA"},"geometry":{"type":"LineString","coordinates":[[-63.62,-18.37],[-63.84,-17.88]]}},{"type":"Feature","properties":{"Type":"CCB","PlateA":"AP","PlateB":"SA"},"geometry":{"type":"LineString","coordinates":[[-63.84,-17.88],[-63.86,-17.46]]}},{"type":"Feature","properties":{"Type":"CCB","PlateA":"AP","PlateB":"SA"},"geometry":{"type":"LineString","coordinates":[[-63.86,-17.46],[-64.58,-17.4]]}},{"type":"Feature","properties":{"Type":"CCB","PlateA":"AP","PlateB":"SA"},"geometry":{"type":"LineString","coordinates":[[-64.58,-17.4],[-65.42,-17.11]]}},{"type":"Feature","properties":{"Type":"CCB","PlateA":"AP","PlateB":"SA"},"geometry":{"type":"LineString","coordinates":[[-65.42,-17.11],[-65.79,-16.73]]}},{"type":"Feature","properties":{"Type":"CCB","PlateA":"AP","PlateB":"SA"},"geometry":{"type":"LineString","coordinates":[[-65.79,-16.73],[-66.17,-16.35]]}},{"type":"Feature","properties":{"Type":"CCB","PlateA":"AP","PlateB":"SA"},"geometry":{"type":"LineString","coordinates":[[-66.17,-16.35],[-66.7,-15.71]]}},{"type":"Feature","properties":{"Type":"CCB","PlateA":"AP","PlateB":"SA"},"geometry":{"type":"LineString","coordinates":[[-66.7,-15.71],[-67.22,-15.08]]}},{"type":"Feature","properties":{"Type":"CCB","PlateA":"AP","PlateB":"SA"},"geometry":{"type":"LineString","coordinates":[[-67.22,-15.08],[-67.42,-14.53]]}},{"type":"Feature","properties":{"Type":"CCB","PlateA":"AP","PlateB":"SA"},"geometry":{"type":"LineString","coordinates":[[-67.42,-14.53],[-68.01,-14.03]]}},{"type":"Feature","properties":{"Type":"CCB","PlateA":"AP","PlateB":"SA"},"geometry":{"type":"LineString","coordinates":[[-68.01,-14.03],[-68.59,-13.53]]}},{"type":"Feature","properties":{"Type":"CCB","PlateA":"AP","PlateB":"SA"},"geometry":{"type":"LineString","coordinates":[[-68.59,-13.53],[-69.05,-13.39]]}},{"type":"Feature","properties":{"Type":"CCB","PlateA":"AP","PlateB":"SA"},"geometry":{"type":"LineString","coordinates":[[-69.05,-13.39],[-69.5,-13.26]]}},{"type":"Feature","properties":{"Type":"CCB","PlateA":"AP","PlateB":"SA"},"geometry":{"type":"LineString","coordinates":[[-69.5,-13.26],[-70.12,-13.03]]}},{"type":"Feature","properties":{"Type":"CCB","PlateA":"AP","PlateB":"SA"},"geometry":{"type":"LineString","coordinates":[[-70.12,-13.03],[-70.75,-12.81]]}},{"type":"Feature","properties":{"Type":"CCB","PlateA":"AP","PlateB":"SA"},"geometry":{"type":"LineString","coordinates":[[-70.75,-12.81],[-71.39,-12.58]]}},{"type":"Feature","properties":{"Type":"CCB","PlateA":"AP","PlateB":"SA"},"geometry":{"type":"LineString","coordinates":[[-71.39,-12.58],[-72.04,-12.35]]}},{"type":"Feature","properties":{"Type":"CTF","PlateA":"AP","PlateB":"SA"},"geometry":{"type":"LineString","coordinates":[[-72.04,-12.35],[-72.65,-12.42]]}},{"type":"Feature","properties":{"Type":"CTF","PlateA":"AP","PlateB":"SA"},"geometry":{"type":"LineString","coordinates":[[-72.65,-12.42],[-73.27,-12.49]]}},{"type":"Feature","properties":{"Type":"CRB","PlateA":"AP","PlateB":"SA"},"geometry":{"type":"LineString","coordinates":[[-73.27,-12.49],[-73.85,-13.18]]}},{"type":"Feature","properties":{"Type":"CRB","PlateA":"AP","PlateB":"SA"},"geometry":{"type":"LineString","coordinates":[[-73.85,-13.18],[-74.43,-13.88]]}},{"type":"Feature","properties":{"Type":"CRB","PlateA":"AP","PlateB":"SA"},"geometry":{"type":"LineString","coordinates":[[-74.43,-13.88],[-74.92,-14.5]]}},{"type":"Feature","properties":{"Type":"CRB","PlateA":"AP","PlateB":"SA"},"geometry":{"type":"LineString","coordinates":[[-74.92,-14.5],[-75.42,-15.12]]}},{"type":"Feature","properties":{"Type":"CRB","PlateA":"AP","PlateB":"SA"},"geometry":{"type":"LineString","coordinates":[[-75.42,-15.12],[-75.92,-15.74]]}},{"type":"Feature","properties":{"Type":"OTF","PlateA":"PA","PlateB":"NA"},"geometry":{"type":"LineString","coordinates":[[-108.58,21.91],[-108.68,21.96]]}},{"type":"Feature","properties":{"Type":"OSR","PlateA":"PA","PlateB":"NA"},"geometry":{"type":"LineString","coordinates":[[-108.68,21.96],[-108.59,22.1]]}},{"type":"Feature","properties":{"Type":"OSR","PlateA":"PA","PlateB":"NA"},"geometry":{"type":"LineString","coordinates":[[-108.59,22.1],[-108.52,22.2]]}},{"type":"Feature","properties":{"Type":"OSR","PlateA":"PA","PlateB":"NA"},"geometry":{"type":"LineString","coordinates":[[-108.52,22.2],[-108.53,22.28]]}},{"type":"Feature","properties":{"Type":"OSR","PlateA":"PA","PlateB":"NA"},"geometry":{"type":"LineString","coordinates":[[-108.53,22.28],[-108.41,22.44]]}},{"type":"Feature","properties":{"Type":"OSR","PlateA":"PA","PlateB":"NA"},"geometry":{"type":"LineString","coordinates":[[-108.41,22.44],[-108.27,22.61]]}},{"type":"Feature","properties":{"Type":"OSR","PlateA":"PA","PlateB":"NA"},"geometry":{"type":"LineString","coordinates":[[-108.27,22.61],[-108.23,22.71]]}},{"type":"Feature","properties":{"Type":"OSR","PlateA":"RI","PlateB":"PA"},"geometry":{"type":"LineString","coordinates":[[-108.58,21.91],[-108.67,21.77]]}},{"type":"Feature","properties":{"Type":"OSR","PlateA":"RI","PlateB":"PA"},"geometry":{"type":"LineString","coordinates":[[-108.67,21.77],[-108.78,21.64]]}},{"type":"Feature","properties":{"Type":"OSR","PlateA":"RI","PlateB":"PA"},"geometry":{"type":"LineString","coordinates":[[-108.78,21.64],[-108.87,21.54]]}},{"type":"Feature","properties":{"Type":"OSR","PlateA":"RI","PlateB":"PA"},"geometry":{"type":"LineString","coordinates":[[-108.87,21.54],[-108.94,21.45]]}},{"type":"Feature","properties":{"Type":"OSR","PlateA":"RI","PlateB":"PA"},"geometry":{"type":"LineString","coordinates":[[-108.94,21.45],[-108.98,21.35]]}},{"type":"Feature","properties":{"Type":"OTF","PlateA":"RI","PlateB":"PA"},"geometry":{"type":"LineString","coordinates":[[-108.98,21.35],[-108.81,21.25]]}},{"type":"Feature","properties":{"Type":"OSR","PlateA":"RI","PlateB":"PA"},"geometry":{"type":"LineString","coordinates":[[-108.81,21.25],[-108.91,21.07]]}},{"type":"Feature","properties":{"Type":"OSR","PlateA":"RI","PlateB":"PA"},"geometry":{"type":"LineString","coordinates":[[-108.91,21.07],[-109.01,20.95]]}},{"type":"Feature","properties":{"Type":"OSR","PlateA":"RI","PlateB":"PA"},"geometry":{"type":"LineString","coordinates":[[-109.01,20.95],[-109.11,20.82]]}},{"type":"Feature","properties":{"Type":"OSR","PlateA":"RI","PlateB":"PA"},"geometry":{"type":"LineString","coordinates":[[-109.11,20.82],[-109.19,20.74]]}},{"type":"Feature","properties":{"Type":"OSR","PlateA":"RI","PlateB":"PA"},"geometry":{"type":"LineString","coordinates":[[-109.19,20.74],[-109.26,20.64]]}},{"type":"Feature","properties":{"Type":"OSR","PlateA":"RI","PlateB":"PA"},"geometry":{"type":"LineString","coordinates":[[-109.26,20.64],[-109.28,20.56]]}},{"type":"Feature","properties":{"Type":"OTF","PlateA":"RI","PlateB":"PA"},"geometry":{"type":"LineString","coordinates":[[-109.28,20.56],[-109.19,20.5]]}},{"type":"Feature","properties":{"Type":"OSR","PlateA":"RI","PlateB":"PA"},"geometry":{"type":"LineString","coordinates":[[-109.19,20.5],[-109.21,20.4]]}},{"type":"Feature","properties":{"Type":"OSR","PlateA":"RI","PlateB":"PA"},"geometry":{"type":"LineString","coordinates":[[-109.21,20.4],[-109.32,20.24]]}},{"type":"Feature","properties":{"Type":"OSR","PlateA":"RI","PlateB":"PA"},"geometry":{"type":"LineString","coordinates":[[-109.32,20.24],[-109.38,20.18]]}},{"type":"Feature","properties":{"Type":"OSR","PlateA":"RI","PlateB":"PA"},"geometry":{"type":"LineString","coordinates":[[-109.38,20.18],[-109.37,20.14]]}},{"type":"Feature","properties":{"Type":"OSR","PlateA":"RI","PlateB":"PA"},"geometry":{"type":"LineString","coordinates":[[-109.37,20.14],[-109.45,20.03]]}},{"type":"Feature","properties":{"Type":"OTF","PlateA":"RI","PlateB":"PA"},"geometry":{"type":"LineString","coordinates":[[-109.45,20.03],[-109.16,19.81]]}},{"type":"Feature","properties":{"Type":"OTF","PlateA":"RI","PlateB":"PA"},"geometry":{"type":"LineString","coordinates":[[-109.16,19.81],[-108.9,19.63]]}},{"type":"Feature","properties":{"Type":"OSR","PlateA":"RI","PlateB":"PA"},"geometry":{"type":"LineString","coordinates":[[-108.9,19.63],[-108.9,19.55]]}},{"type":"Feature","properties":{"Type":"OTF","PlateA":"RI","PlateB":"PA"},"geometry":{"type":"LineString","coordinates":[[-108.9,19.55],[-108.53,19.38]]}},{"type":"Feature","properties":{"Type":"OTF","PlateA":"RI","PlateB":"PA"},"geometry":{"type":"LineString","coordinates":[[-108.53,19.38],[-108.2,19.22]]}},{"type":"Feature","properties":{"Type":"OSR","PlateA":"RI","PlateB":"PA"},"geometry":{"type":"LineString","coordinates":[[-108.2,19.22],[-108.23,19.11]]}},{"type":"Feature","properties":{"Type":"OTF","PlateA":"RI","PlateB":"PA"},"geometry":{"type":"LineString","coordinates":[[-108.23,19.11],[-107.82,18.94]]}},{"type":"Feature","properties":{"Type":"OTF","PlateA":"RI","PlateB":"PA"},"geometry":{"type":"LineString","coordinates":[[-107.82,18.94],[-107.52,18.86]]}},{"type":"Feature","properties":{"Type":"OTF","PlateA":"RI","PlateB":"PA"},"geometry":{"type":"LineString","coordinates":[[-107.52,18.86],[-107.27,18.76]]}},{"type":"Feature","properties":{"Type":"OTF","PlateA":"RI","PlateB":"PA"},"geometry":{"type":"LineString","coordinates":[[-107.27,18.76],[-107,18.65]]}},{"type":"Feature","properties":{"Type":"OTF","PlateA":"RI","PlateB":"PA"},"geometry":{"type":"LineString","coordinates":[[-107,18.65],[-106.76,18.59]]}},{"type":"Feature","properties":{"Type":"OTF","PlateA":"RI","PlateB":"PA"},"geometry":{"type":"LineString","coordinates":[[-106.76,18.59],[-106.53,18.54]]}},{"type":"Feature","properties":{"Type":"OTF","PlateA":"RI","PlateB":"PA"},"geometry":{"type":"LineString","coordinates":[[-106.53,18.54],[-106.24,18.52]]}},{"type":"Feature","properties":{"Type":"OSR","PlateA":"RI","PlateB":"PA"},"geometry":{"type":"LineString","coordinates":[[-106.24,18.52],[-106.28,18.28]]}},{"type":"Feature","properties":{"Type":"OSR","PlateA":"RI","PlateB":"PA"},"geometry":{"type":"LineString","coordinates":[[-106.28,18.28],[-106.31,18.12]]}},{"type":"Feature","properties":{"Type":"OSR","PlateA":"RI","PlateB":"PA"},"geometry":{"type":"LineString","coordinates":[[-106.31,18.12],[-106.32,18.02]]}},{"type":"Feature","properties":{"Type":"OSR","PlateA":"RI","PlateB":"PA"},"geometry":{"type":"LineString","coordinates":[[-106.32,18.02],[-106.31,17.93]]}},{"type":"Feature","properties":{"Type":"OTF","PlateA":"RI","PlateB":"PA"},"geometry":{"type":"LineString","coordinates":[[-106.31,17.93],[-105.59,17.88]]}},{"type":"Feature","properties":{"Type":"OCB","PlateA":"NA","PlateB":"RI"},"geometry":{"type":"LineString","coordinates":[[-108.58,21.91],[-108.4,21.84]]}},{"type":"Feature","properties":{"Type":"OCB","PlateA":"NA","PlateB":"RI"},"geometry":{"type":"LineString","coordinates":[[-108.4,21.84],[-108.11,21.72]]}},{"type":"Feature","properties":{"Type":"OCB","PlateA":"NA","PlateB":"RI"},"geometry":{"type":"LineString","coordinates":[[-108.11,21.72],[-107.93,21.69]]}},{"type":"Feature","properties":{"Type":"OCB","PlateA":"NA","PlateB":"RI"},"geometry":{"type":"LineString","coordinates":[[-107.93,21.69],[-107.77,21.74]]}},{"type":"Feature","properties":{"Type":"OCB","PlateA":"NA","PlateB":"RI"},"geometry":{"type":"LineString","coordinates":[[-107.77,21.74],[-107.59,21.74]]}},{"type":"Feature","properties":{"Type":"OCB","PlateA":"NA","PlateB":"RI"},"geometry":{"type":"LineString","coordinates":[[-107.59,21.74],[-107.39,21.75]]}},{"type":"Feature","properties":{"Type":"OCB","PlateA":"NA","PlateB":"RI"},"geometry":{"type":"LineString","coordinates":[[-107.39,21.75],[-107.17,21.75]]}},{"type":"Feature","properties":{"Type":"OCB","PlateA":"NA","PlateB":"RI"},"geometry":{"type":"LineString","coordinates":[[-107.17,21.75],[-107.05,21.75]]}},{"type":"Feature","properties":{"Type":"OCB","PlateA":"NA","PlateB":"RI"},"geometry":{"type":"LineString","coordinates":[[-107.05,21.75],[-106.89,21.8]]}},{"type":"Feature","properties":{"Type":"SUB","PlateA":"NA","PlateB":"RI"},"geometry":{"type":"LineString","coordinates":[[-106.89,21.8],[-106.86,21.72]]}},{"type":"Feature","properties":{"Type":"SUB","PlateA":"NA","PlateB":"RI"},"geometry":{"type":"LineString","coordinates":[[-106.86,21.72],[-106.81,21.64]]}},{"type":"Feature","properties":{"Type":"SUB","PlateA":"NA","PlateB":"RI"},"geometry":{"type":"LineString","coordinates":[[-106.81,21.64],[-106.76,21.48]]}},{"type":"Feature","properties":{"Type":"SUB","PlateA":"NA","PlateB":"RI"},"geometry":{"type":"LineString","coordinates":[[-106.76,21.48],[-106.62,21.31]]}},{"type":"Feature","properties":{"Type":"SUB","PlateA":"NA","PlateB":"RI"},"geometry":{"type":"LineString","coordinates":[[-106.62,21.31],[-106.55,21.24]]}},{"type":"Feature","properties":{"Type":"SUB","PlateA":"NA","PlateB":"RI"},"geometry":{"type":"LineString","coordinates":[[-106.55,21.24],[-106.52,21.18]]}},{"type":"Feature","properties":{"Type":"SUB","PlateA":"NA","PlateB":"RI"},"geometry":{"type":"LineString","coordinates":[[-106.52,21.18],[-106.44,21.12]]}},{"type":"Feature","properties":{"Type":"SUB","PlateA":"NA","PlateB":"RI"},"geometry":{"type":"LineString","coordinates":[[-106.44,21.12],[-106.38,20.84]]}},{"type":"Feature","properties":{"Type":"SUB","PlateA":"NA","PlateB":"RI"},"geometry":{"type":"LineString","coordinates":[[-106.38,20.84],[-106.39,20.64]]}},{"type":"Feature","properties":{"Type":"SUB","PlateA":"NA","PlateB":"RI"},"geometry":{"type":"LineString","coordinates":[[-106.39,20.64],[-106.38,20.43]]}},{"type":"Feature","properties":{"Type":"SUB","PlateA":"NA","PlateB":"RI"},"geometry":{"type":"LineString","coordinates":[[-106.38,20.43],[-106.35,20.2]]}},{"type":"Feature","properties":{"Type":"SUB","PlateA":"NA","PlateB":"RI"},"geometry":{"type":"LineString","coordinates":[[-106.35,20.2],[-106.27,19.92]]}},{"type":"Feature","properties":{"Type":"SUB","PlateA":"NA","PlateB":"RI"},"geometry":{"type":"LineString","coordinates":[[-106.27,19.92],[-106.12,19.64]]}},{"type":"Feature","properties":{"Type":"SUB","PlateA":"NA","PlateB":"RI"},"geometry":{"type":"LineString","coordinates":[[-106.12,19.64],[-105.95,19.4]]}},{"type":"Feature","properties":{"Type":"SUB","PlateA":"NA","PlateB":"RI"},"geometry":{"type":"LineString","coordinates":[[-105.95,19.4],[-105.74,19.16]]}},{"type":"Feature","properties":{"Type":"SUB","PlateA":"NA","PlateB":"RI"},"geometry":{"type":"LineString","coordinates":[[-105.74,19.16],[-105.55,18.98]]}},{"type":"Feature","properties":{"Type":"SUB","PlateA":"NA","PlateB":"RI"},"geometry":{"type":"LineString","coordinates":[[-105.55,18.98],[-105.25,18.76]]}},{"type":"Feature","properties":{"Type":"OCB","PlateA":"RI","PlateB":"CO"},"geometry":{"type":"LineString","coordinates":[[-105.59,17.88],[-105.51,18.14]]}},{"type":"Feature","properties":{"Type":"OCB","PlateA":"RI","PlateB":"CO"},"geometry":{"type":"LineString","coordinates":[[-105.51,18.14],[-105.44,18.36]]}},{"type":"Feature","properties":{"Type":"OCB","PlateA":"RI","PlateB":"CO"},"geometry":{"type":"LineString","coordinates":[[-105.44,18.36],[-105.35,18.55]]}},{"type":"Feature","properties":{"Type":"OCB","PlateA":"RI","PlateB":"CO"},"geometry":{"type":"LineString","coordinates":[[-105.35,18.55],[-105.25,18.76]]}},{"type":"Feature","properties":{"Type":"CTF","PlateA":"PS","PlateB":"YA"},"geometry":{"type":"LineString","coordinates":[[121.58,24.69],[121.34,24.96]]}},{"type":"Feature","properties":{"Type":"CCB","PlateA":"PS","PlateB":"YA"},"geometry":{"type":"LineString","coordinates":[[121.34,24.96],[120.98,24.65]]}},{"type":"Feature","properties":{"Type":"CCB","PlateA":"PS","PlateB":"YA"},"geometry":{"type":"LineString","coordinates":[[120.98,24.65],[120.55,23.98]]}},{"type":"Feature","properties":{"Type":"CCB","PlateA":"PS","PlateB":"YA"},"geometry":{"type":"LineString","coordinates":[[120.55,23.98],[120.36,23.2]]}},{"type":"Feature","properties":{"Type":"CCB","PlateA":"PS","PlateB":"YA"},"geometry":{"type":"LineString","coordinates":[[120.36,23.2],[120.39,22.58]]}},{"type":"Feature","properties":{"Type":"CCB","PlateA":"PS","PlateB":"YA"},"geometry":{"type":"LineString","coordinates":[[120.39,22.58],[120.43,22.04]]}},{"type":"Feature","properties":{"Type":"CCB","PlateA":"PS","PlateB":"YA"},"geometry":{"type":"LineString","coordinates":[[120.43,22.04],[120.45,21.63]]}},{"type":"Feature","properties":{"Type":"SUB","PlateA":"PS","PlateB":"SU"},"geometry":{"type":"LineString","coordinates":[[120.45,21.63],[120.34,21.2]]}},{"type":"Feature","properties":{"Type":"SUB","PlateA":"PS","PlateB":"SU"},"geometry":{"type":"LineString","coordinates":[[120.34,21.2],[120.29,20.63]]}},{"type":"Feature","properties":{"Type":"SUB","PlateA":"PS","PlateB":"SU"},"geometry":{"type":"LineString","coordinates":[[120.29,20.63],[120.5,20.26]]}},{"type":"Feature","properties":{"Type":"SUB","PlateA":"PS","PlateB":"SU"},"geometry":{"type":"LineString","coordinates":[[120.5,20.26],[120.44,19.94]]}},{"type":"Feature","properties":{"Type":"SUB","PlateA":"PS","PlateB":"SU"},"geometry":{"type":"LineString","coordinates":[[120.44,19.94],[120.12,19.49]]}},{"type":"Feature","properties":{"Type":"SUB","PlateA":"PS","PlateB":"SU"},"geometry":{"type":"LineString","coordinates":[[120.12,19.49],[119.8,18.88]]}},{"type":"Feature","properties":{"Type":"SUB","PlateA":"PS","PlateB":"SU"},"geometry":{"type":"LineString","coordinates":[[119.8,18.88],[119.28,18.2]]}},{"type":"Feature","properties":{"Type":"SUB","PlateA":"PS","PlateB":"SU"},"geometry":{"type":"LineString","coordinates":[[119.28,18.2],[119.16,17.63]]}},{"type":"Feature","properties":{"Type":"SUB","PlateA":"PS","PlateB":"SU"},"geometry":{"type":"LineString","coordinates":[[119.16,17.63],[119.25,16.84]]}},{"type":"Feature","properties":{"Type":"SUB","PlateA":"PS","PlateB":"SU"},"geometry":{"type":"LineString","coordinates":[[119.25,16.84],[119.26,16.56]]}},{"type":"Feature","properties":{"Type":"CTF","PlateA":"PS","PlateB":"SU"},"geometry":{"type":"LineString","coordinates":[[119.26,16.56],[119.73,16.41]]}},{"type":"Feature","properties":{"Type":"CTF","PlateA":"PS","PlateB":"SU"},"geometry":{"type":"LineString","coordinates":[[119.73,16.41],[120.2,16.26]]}},{"type":"Feature","properties":{"Type":"CTF","PlateA":"PS","PlateB":"SU"},"geometry":{"type":"LineString","coordinates":[[120.2,16.26],[120.67,16.11]]}},{"type":"Feature","properties":{"Type":"CTF","PlateA":"PS","PlateB":"SU"},"geometry":{"type":"LineString","coordinates":[[120.67,16.11],[121.15,15.96]]}},{"type":"Feature","properties":{"Type":"CTF","PlateA":"PS","PlateB":"SU"},"geometry":{"type":"LineString","coordinates":[[121.15,15.96],[121.62,15.8]]}},{"type":"Feature","properties":{"Type":"CTF","PlateA":"PS","PlateB":"SU"},"geometry":{"type":"LineString","coordinates":[[121.62,15.8],[122.09,15.65]]}},{"type":"Feature","properties":{"Type":"OTF","PlateA":"PS","PlateB":"SU"},"geometry":{"type":"LineString","coordinates":[[122.09,15.65],[122.56,15.49]]}},{"type":"Feature","properties":{"Type":"OTF","PlateA":"PS","PlateB":"SU"},"geometry":{"type":"LineString","coordinates":[[122.56,15.49],[123.02,15.34]]}},{"type":"Feature","properties":{"Type":"OTF","PlateA":"PS","PlateB":"SU"},"geometry":{"type":"LineString","coordinates":[[123.02,15.34],[123.49,15.18]]}},{"type":"Feature","properties":{"Type":"OTF","PlateA":"PS","PlateB":"SU"},"geometry":{"type":"LineString","coordinates":[[123.49,15.18],[123.96,15.02]]}},{"type":"Feature","properties":{"Type":"OTF","PlateA":"PS","PlateB":"SU"},"geometry":{"type":"LineString","coordinates":[[123.96,15.02],[124.43,14.86]]}},{"type":"Feature","properties":{"Type":"OTF","PlateA":"PS","PlateB":"SU"},"geometry":{"type":"LineString","coordinates":[[124.43,14.86],[124.89,14.7]]}},{"type":"Feature","properties":{"Type":"SUB","PlateA":"PS","PlateB":"SU"},"geometry":{"type":"LineString","coordinates":[[124.89,14.7],[125.15,14.13]]}},{"type":"Feature","properties":{"Type":"SUB","PlateA":"PS","PlateB":"SU"},"geometry":{"type":"LineString","coordinates":[[125.15,14.13],[125.49,13.31]]}},{"type":"Feature","properties":{"Type":"SUB","PlateA":"PS","PlateB":"SU"},"geometry":{"type":"LineString","coordinates":[[125.49,13.31],[125.69,12.82]]}},{"type":"Feature","properties":{"Type":"SUB","PlateA":"PS","PlateB":"SU"},"geometry":{"type":"LineString","coordinates":[[125.69,12.82],[126.14,12.27]]}},{"type":"Feature","properties":{"Type":"SUB","PlateA":"PS","PlateB":"SU"},"geometry":{"type":"LineString","coordinates":[[126.14,12.27],[126.24,11.63]]}},{"type":"Feature","properties":{"Type":"SUB","PlateA":"PS","PlateB":"SU"},"geometry":{"type":"LineString","coordinates":[[126.24,11.63],[126.21,11.06]]}},{"type":"Feature","properties":{"Type":"SUB","PlateA":"PS","PlateB":"SU"},"geometry":{"type":"LineString","coordinates":[[126.21,11.06],[126.57,10.3]]}},{"type":"Feature","properties":{"Type":"SUB","PlateA":"PS","PlateB":"SU"},"geometry":{"type":"LineString","coordinates":[[126.57,10.3],[126.82,9.45]]}},{"type":"Feature","properties":{"Type":"SUB","PlateA":"PS","PlateB":"SU"},"geometry":{"type":"LineString","coordinates":[[126.82,9.45],[127.05,8.75]]}},{"type":"Feature","properties":{"Type":"SUB","PlateA":"PS","PlateB":"SU"},"geometry":{"type":"LineString","coordinates":[[127.05,8.75],[127.22,8.14]]}},{"type":"Feature","properties":{"Type":"SUB","PlateA":"PS","PlateB":"SU"},"geometry":{"type":"LineString","coordinates":[[127.22,8.14],[127.23,7.29]]}},{"type":"Feature","properties":{"Type":"SUB","PlateA":"PS","PlateB":"SU"},"geometry":{"type":"LineString","coordinates":[[127.23,7.29],[127.25,6.45]]}},{"type":"Feature","properties":{"Type":"SUB","PlateA":"PS","PlateB":"SU"},"geometry":{"type":"LineString","coordinates":[[127.25,6.45],[127.46,5.9]]}},{"type":"Feature","properties":{"Type":"SUB","PlateA":"PS","PlateB":"SU"},"geometry":{"type":"LineString","coordinates":[[127.46,5.9],[127.5,5.47]]}},{"type":"Feature","properties":{"Type":"SUB","PlateA":"PS","PlateB":"SU"},"geometry":{"type":"LineString","coordinates":[[127.5,5.47],[127.84,5.22]]}},{"type":"Feature","properties":{"Type":"SUB","PlateA":"PS","PlateB":"SU"},"geometry":{"type":"LineString","coordinates":[[127.84,5.22],[128.15,4.76]]}},{"type":"Feature","properties":{"Type":"SUB","PlateA":"PS","PlateB":"SU"},"geometry":{"type":"LineString","coordinates":[[128.15,4.76],[128.39,4.34]]}},{"type":"Feature","properties":{"Type":"SUB","PlateA":"PS","PlateB":"SU"},"geometry":{"type":"LineString","coordinates":[[128.39,4.34],[128.68,3.7]]}},{"type":"Feature","properties":{"Type":"SUB","PlateA":"PS","PlateB":"SU"},"geometry":{"type":"LineString","coordinates":[[128.68,3.7],[129,3.11]]}},{"type":"Feature","properties":{"Type":"SUB","PlateA":"PS","PlateB":"SU"},"geometry":{"type":"LineString","coordinates":[[129,3.11],[129.22,2.67]]}},{"type":"Feature","properties":{"Type":"SUB","PlateA":"PS","PlateB":"SU"},"geometry":{"type":"LineString","coordinates":[[129.22,2.67],[129.25,1.93]]}},{"type":"Feature","properties":{"Type":"SUB","PlateA":"PS","PlateB":"SU"},"geometry":{"type":"LineString","coordinates":[[129.25,1.93],[129.2,1.06]]}},{"type":"Feature","properties":{"Type":"OCB","PlateA":"SU","PlateB":"BH"},"geometry":{"type":"LineString","coordinates":[[126.87,2.35],[127.45,2.32]]}},{"type":"Feature","properties":{"Type":"CCB","PlateA":"SU","PlateB":"BH"},"geometry":{"type":"LineString","coordinates":[[127.45,2.32],[128.08,2.29]]}},{"type":"Feature","properties":{"Type":"CRB","PlateA":"SU","PlateB":"BH"},"geometry":{"type":"LineString","coordinates":[[128.08,2.29],[128.19,1.97]]}},{"type":"Feature","properties":{"Type":"CTF","PlateA":"SU","PlateB":"BH"},"geometry":{"type":"LineString","coordinates":[[128.19,1.97],[128.75,1.62]]}},{"type":"Feature","properties":{"Type":"CRB","PlateA":"SU","PlateB":"BH"},"geometry":{"type":"LineString","coordinates":[[128.75,1.62],[129.2,1.06]]}},{"type":"Feature","properties":{"Type":"SUB","PlateA":"BH","PlateB":"SU"},"geometry":{"type":"LineString","coordinates":[[126.87,2.35],[126.43,1.71]]}},{"type":"Feature","properties":{"Type":"SUB","PlateA":"MS","PlateB":"SU"},"geometry":{"type":"LineString","coordinates":[[123.43,2.01],[123.22,2.02]]}},{"type":"Feature","properties":{"Type":"SUB","PlateA":"MS","PlateB":"SU"},"geometry":{"type":"LineString","coordinates":[[123.22,2.02],[122.48,2.38]]}},{"type":"Feature","properties":{"Type":"SUB","PlateA":"MS","PlateB":"SU"},"geometry":{"type":"LineString","coordinates":[[122.48,2.38],[121.67,2.31]]}},{"type":"Feature","properties":{"Type":"SUB","PlateA":"MS","PlateB":"SU"},"geometry":{"type":"LineString","coordinates":[[121.67,2.31],[120.82,2.31]]}},{"type":"Feature","properties":{"Type":"SUB","PlateA":"MS","PlateB":"SU"},"geometry":{"type":"LineString","coordinates":[[120.82,2.31],[120.19,2.21]]}},{"type":"Feature","properties":{"Type":"SUB","PlateA":"MS","PlateB":"SU"},"geometry":{"type":"LineString","coordinates":[[120.19,2.21],[119.7,2.03]]}},{"type":"Feature","properties":{"Type":"SUB","PlateA":"MS","PlateB":"SU"},"geometry":{"type":"LineString","coordinates":[[119.7,2.03],[119.31,1.58]]}},{"type":"Feature","properties":{"Type":"SUB","PlateA":"MS","PlateB":"SU"},"geometry":{"type":"LineString","coordinates":[[119.31,1.58],[119.25,0.71]]}},{"type":"Feature","properties":{"Type":"CTF","PlateA":"MS","PlateB":"SU"},"geometry":{"type":"LineString","coordinates":[[119.25,0.71],[119.48,-0.08]]}},{"type":"Feature","properties":{"Type":"CRB","PlateA":"MS","PlateB":"BS"},"geometry":{"type":"LineString","coordinates":[[119.48,-0.08],[119.9,-0.86]]}},{"type":"Feature","properties":{"Type":"CRB","PlateA":"MS","PlateB":"BS"},"geometry":{"type":"LineString","coordinates":[[119.9,-0.86],[120.39,-1.46]]}},{"type":"Feature","properties":{"Type":"CRB","PlateA":"MS","PlateB":"BS"},"geometry":{"type":"LineString","coordinates":[[120.39,-1.46],[120.81,-1.71]]}},{"type":"Feature","properties":{"Type":"CRB","PlateA":"MS","PlateB":"BS"},"geometry":{"type":"LineString","coordinates":[[120.81,-1.71],[121.23,-1.96]]}},{"type":"Feature","properties":{"Type":"CRB","PlateA":"MS","PlateB":"BS"},"geometry":{"type":"LineString","coordinates":[[121.23,-1.96],[121.73,-2.15]]}},{"type":"Feature","properties":{"Type":"CRB","PlateA":"MS","PlateB":"BS"},"geometry":{"type":"LineString","coordinates":[[121.73,-2.15],[122.22,-2.35]]}},{"type":"Feature","properties":{"Type":"CTF","PlateA":"MS","PlateB":"BS"},"geometry":{"type":"LineString","coordinates":[[122.22,-2.35],[122.82,-2.6]]}},{"type":"Feature","properties":{"Type":"OCB","PlateA":"MS","PlateB":"BS"},"geometry":{"type":"LineString","coordinates":[[122.82,-2.6],[123.42,-2.85]]}},{"type":"Feature","properties":{"Type":"OCB","PlateA":"MS","PlateB":"BS"},"geometry":{"type":"LineString","coordinates":[[123.42,-2.85],[123.67,-3.09]]}},{"type":"Feature","properties":{"Type":"OCB","PlateA":"MS","PlateB":"BS"},"geometry":{"type":"LineString","coordinates":[[123.67,-3.09],[123.71,-3.94]]}},{"type":"Feature","properties":{"Type":"OCB","PlateA":"MS","PlateB":"BS"},"geometry":{"type":"LineString","coordinates":[[123.71,-3.94],[123.46,-4.58]]}},{"type":"Feature","properties":{"Type":"OCB","PlateA":"MS","PlateB":"BS"},"geometry":{"type":"LineString","coordinates":[[123.46,-4.58],[124.06,-4.7]]}},{"type":"Feature","properties":{"Type":"OCB","PlateA":"MS","PlateB":"BS"},"geometry":{"type":"LineString","coordinates":[[124.06,-4.7],[124.66,-4.82]]}},{"type":"Feature","properties":{"Type":"OCB","PlateA":"MS","PlateB":"BS"},"geometry":{"type":"LineString","coordinates":[[124.66,-4.82],[125.28,-4.79]]}},{"type":"Feature","properties":{"Type":"OCB","PlateA":"MS","PlateB":"BS"},"geometry":{"type":"LineString","coordinates":[[125.28,-4.79],[125.9,-4.75]]}},{"type":"Feature","properties":{"Type":"OCB","PlateA":"MS","PlateB":"BS"},"geometry":{"type":"LineString","coordinates":[[125.9,-4.75],[126.43,-4.47]]}},{"type":"Feature","properties":{"Type":"OCB","PlateA":"MS","PlateB":"BS"},"geometry":{"type":"LineString","coordinates":[[126.43,-4.47],[126.96,-4.19]]}},{"type":"Feature","properties":{"Type":"CTF","PlateA":"MS","PlateB":"BS"},"geometry":{"type":"LineString","coordinates":[[126.96,-4.19],[127.33,-3.72]]}},{"type":"Feature","properties":{"Type":"CTF","PlateA":"MS","PlateB":"BS"},"geometry":{"type":"LineString","coordinates":[[127.33,-3.72],[127.51,-3.16]]}},{"type":"Feature","properties":{"Type":"CTF","PlateA":"MS","PlateB":"BS"},"geometry":{"type":"LineString","coordinates":[[127.51,-3.16],[127.67,-2.45]]}},{"type":"Feature","properties":{"Type":"CTF","PlateA":"MS","PlateB":"BS"},"geometry":{"type":"LineString","coordinates":[[127.67,-2.45],[127.67,-1.76]]}},{"type":"Feature","properties":{"Type":"SUB","PlateA":"MS","PlateB":"BH"},"geometry":{"type":"LineString","coordinates":[[125.97,-0.28],[125.97,0.19]]}},{"type":"Feature","properties":{"Type":"SUB","PlateA":"BS","PlateB":"SU"},"geometry":{"type":"LineString","coordinates":[[119.48,-0.08],[119.3,-0.68]]}},{"type":"Feature","properties":{"Type":"SUB","PlateA":"BS","PlateB":"SU"},"geometry":{"type":"LineString","coordinates":[[119.3,-0.68],[119.05,-1.49]]}},{"type":"Feature","properties":{"Type":"SUB","PlateA":"BS","PlateB":"SU"},"geometry":{"type":"LineString","coordinates":[[119.05,-1.49],[118.88,-1.95]]}},{"type":"Feature","properties":{"Type":"SUB","PlateA":"BS","PlateB":"SU"},"geometry":{"type":"LineString","coordinates":[[118.88,-1.95],[118.72,-2.41]]}},{"type":"Feature","properties":{"Type":"SUB","PlateA":"BS","PlateB":"SU"},"geometry":{"type":"LineString","coordinates":[[118.72,-2.41],[118.58,-3.25]]}},{"type":"Feature","properties":{"Type":"SUB","PlateA":"BS","PlateB":"SU"},"geometry":{"type":"LineString","coordinates":[[118.58,-3.25],[118.82,-3.61]]}},{"type":"Feature","properties":{"Type":"CTF","PlateA":"BS","PlateB":"SU"},"geometry":{"type":"LineString","coordinates":[[118.82,-3.61],[119.57,-3.97]]}},{"type":"Feature","properties":{"Type":"CCB","PlateA":"BS","PlateB":"SU"},"geometry":{"type":"LineString","coordinates":[[119.57,-3.97],[119.95,-4.3]]}},{"type":"Feature","properties":{"Type":"CTF","PlateA":"BS","PlateB":"SU"},"geometry":{"type":"LineString","coordinates":[[119.95,-4.3],[120.34,-4.64]]}},{"type":"Feature","properties":{"Type":"CCB","PlateA":"BS","PlateB":"SU"},"geometry":{"type":"LineString","coordinates":[[120.34,-4.64],[120.52,-5.28]]}},{"type":"Feature","properties":{"Type":"CCB","PlateA":"BS","PlateB":"SU"},"geometry":{"type":"LineString","coordinates":[[120.52,-5.28],[120.62,-6.12]]}},{"type":"Feature","properties":{"Type":"CTF","PlateA":"BS","PlateB":"SU"},"geometry":{"type":"LineString","coordinates":[[120.62,-6.12],[120.55,-6.97]]}},{"type":"Feature","properties":{"Type":"CTF","PlateA":"BS","PlateB":"SU"},"geometry":{"type":"LineString","coordinates":[[120.55,-6.97],[120.54,-7.81]]}},{"type":"Feature","properties":{"Type":"CTF","PlateA":"BS","PlateB":"AU"},"geometry":{"type":"LineString","coordinates":[[132.69,-6.68],[133.19,-6.51]]}},{"type":"Feature","properties":{"Type":"CTF","PlateA":"BS","PlateB":"AU"},"geometry":{"type":"LineString","coordinates":[[133.19,-6.51],[133.69,-6.35]]}},{"type":"Feature","properties":{"Type":"CRB","PlateA":"BS","PlateB":"AU"},"geometry":{"type":"LineString","coordinates":[[133.69,-6.35],[133.98,-5.64]]}},{"type":"Feature","properties":{"Type":"CRB","PlateA":"BS","PlateB":"AU"},"geometry":{"type":"LineString","coordinates":[[133.98,-5.64],[133.45,-5.34]]}},{"type":"Feature","properties":{"Type":"CRB","PlateA":"BS","PlateB":"AU"},"geometry":{"type":"LineString","coordinates":[[133.45,-5.34],[133.91,-4.81]]}},{"type":"Feature","properties":{"Type":"CTF","PlateA":"MS","PlateB":"BH"},"geometry":{"type":"LineString","coordinates":[[127.67,-1.76],[127.24,-1.39]]}},{"type":"Feature","properties":{"Type":"CTF","PlateA":"MS","PlateB":"BH"},"geometry":{"type":"LineString","coordinates":[[127.24,-1.39],[126.82,-1.02]]}},{"type":"Feature","properties":{"Type":"OTF","PlateA":"MS","PlateB":"BH"},"geometry":{"type":"LineString","coordinates":[[126.82,-1.02],[126.39,-0.65]]}},{"type":"Feature","properties":{"Type":"CTF","PlateA":"MS","PlateB":"BH"},"geometry":{"type":"LineString","coordinates":[[126.39,-0.65],[125.97,-0.28]]}},{"type":"Feature","properties":{"Type":"CCB","PlateA":"BH","PlateB":"BS"},"geometry":{"type":"LineString","coordinates":[[127.67,-1.76],[128.38,-2.29]]}},{"type":"Feature","properties":{"Type":"SUB","PlateA":"BH","PlateB":"BS"},"geometry":{"type":"LineString","coordinates":[[128.38,-2.29],[129.26,-2.42]]}},{"type":"Feature","properties":{"Type":"SUB","PlateA":"BH","PlateB":"BS"},"geometry":{"type":"LineString","coordinates":[[129.26,-2.42],[130.11,-2.52]]}},{"type":"Feature","properties":{"Type":"SUB","PlateA":"BH","PlateB":"BS"},"geometry":{"type":"LineString","coordinates":[[130.11,-2.52],[130.59,-2.69]]}},{"type":"Feature","properties":{"Type":"SUB","PlateA":"BH","PlateB":"BS"},"geometry":{"type":"LineString","coordinates":[[130.59,-2.69],[131.06,-2.87]]}},{"type":"Feature","properties":{"Type":"SUB","PlateA":"BH","PlateB":"BS"},"geometry":{"type":"LineString","coordinates":[[131.06,-2.87],[131.49,-3.15]]}},{"type":"Feature","properties":{"Type":"SUB","PlateA":"BH","PlateB":"BS"},"geometry":{"type":"LineString","coordinates":[[131.49,-3.15],[131.92,-3.43]]}},{"type":"Feature","properties":{"Type":"SUB","PlateA":"BH","PlateB":"BS"},"geometry":{"type":"LineString","coordinates":[[131.92,-3.43],[132.32,-3.93]]}},{"type":"Feature","properties":{"Type":"SUB","PlateA":"BH","PlateB":"BS"},"geometry":{"type":"LineString","coordinates":[[132.32,-3.93],[132.72,-4.44]]}},{"type":"Feature","properties":{"Type":"CCB","PlateA":"BH","PlateB":"BS"},"geometry":{"type":"LineString","coordinates":[[132.72,-4.44],[133.31,-4.63]]}},{"type":"Feature","properties":{"Type":"OCB","PlateA":"BH","PlateB":"BS"},"geometry":{"type":"LineString","coordinates":[[133.31,-4.63],[133.91,-4.81]]}},{"type":"Feature","properties":{"Type":"CTF","PlateA":"SU","PlateB":"TI"},"geometry":{"type":"LineString","coordinates":[[120.89,-11.49],[121,-10.83]]}},{"type":"Feature","properties":{"Type":"CTF","PlateA":"SU","PlateB":"TI"},"geometry":{"type":"LineString","coordinates":[[121,-10.83],[121.03,-10.16]]}},{"type":"Feature","properties":{"Type":"CTF","PlateA":"SU","PlateB":"TI"},"geometry":{"type":"LineString","coordinates":[[121.03,-10.16],[120.82,-9.59]]}},{"type":"Feature","properties":{"Type":"CTF","PlateA":"SU","PlateB":"TI"},"geometry":{"type":"LineString","coordinates":[[120.82,-9.59],[120.61,-9.01]]}},{"type":"Feature","properties":{"Type":"CTF","PlateA":"SU","PlateB":"TI"},"geometry":{"type":"LineString","coordinates":[[120.61,-9.01],[120.58,-8.41]]}},{"type":"Feature","properties":{"Type":"CTF","PlateA":"SU","PlateB":"TI"},"geometry":{"type":"LineString","coordinates":[[120.58,-8.41],[120.54,-7.81]]}},{"type":"Feature","properties":{"Type":"OCB","PlateA":"BS","PlateB":"TI"},"geometry":{"type":"LineString","coordinates":[[120.54,-7.81],[121.25,-7.99]]}},{"type":"Feature","properties":{"Type":"OCB","PlateA":"BS","PlateB":"TI"},"geometry":{"type":"LineString","coordinates":[[121.25,-7.99],[121.89,-8.06]]}},{"type":"Feature","properties":{"Type":"OCB","PlateA":"BS","PlateB":"TI"},"geometry":{"type":"LineString","coordinates":[[121.89,-8.06],[122.67,-7.85]]}},{"type":"Feature","properties":{"Type":"OCB","PlateA":"BS","PlateB":"TI"},"geometry":{"type":"LineString","coordinates":[[122.67,-7.85],[123.38,-7.78]]}},{"type":"Feature","properties":{"Type":"CCB","PlateA":"BS","PlateB":"TI"},"geometry":{"type":"LineString","coordinates":[[123.38,-7.78],[124.24,-7.78]]}},{"type":"Feature","properties":{"Type":"OCB","PlateA":"BS","PlateB":"TI"},"geometry":{"type":"LineString","coordinates":[[124.24,-7.78],[124.75,-7.64]]}},{"type":"Feature","properties":{"Type":"OCB","PlateA":"BS","PlateB":"TI"},"geometry":{"type":"LineString","coordinates":[[124.75,-7.64],[125.26,-7.5]]}},{"type":"Feature","properties":{"Type":"OCB","PlateA":"BS","PlateB":"TI"},"geometry":{"type":"LineString","coordinates":[[125.26,-7.5],[125.76,-7.43]]}},{"type":"Feature","properties":{"Type":"OCB","PlateA":"BS","PlateB":"TI"},"geometry":{"type":"LineString","coordinates":[[125.76,-7.43],[126.26,-7.31]]}},{"type":"Feature","properties":{"Type":"OCB","PlateA":"BS","PlateB":"TI"},"geometry":{"type":"LineString","coordinates":[[126.26,-7.31],[126.76,-7.18]]}},{"type":"Feature","properties":{"Type":"OCB","PlateA":"BS","PlateB":"TI"},"geometry":{"type":"LineString","coordinates":[[126.76,-7.18],[127.39,-7.18]]}},{"type":"Feature","properties":{"Type":"OCB","PlateA":"BS","PlateB":"TI"},"geometry":{"type":"LineString","coordinates":[[127.39,-7.18],[127.85,-6.99]]}},{"type":"Feature","properties":{"Type":"OCB","PlateA":"BS","PlateB":"TI"},"geometry":{"type":"LineString","coordinates":[[127.85,-6.99],[128.32,-6.79]]}},{"type":"Feature","properties":{"Type":"OCB","PlateA":"BS","PlateB":"TI"},"geometry":{"type":"LineString","coordinates":[[128.32,-6.79],[128.78,-6.56]]}},{"type":"Feature","properties":{"Type":"OCB","PlateA":"BS","PlateB":"TI"},"geometry":{"type":"LineString","coordinates":[[128.78,-6.56],[129.24,-6.33]]}},{"type":"Feature","properties":{"Type":"CCB","PlateA":"BS","PlateB":"TI"},"geometry":{"type":"LineString","coordinates":[[129.24,-6.33],[129.84,-6.53]]}},{"type":"Feature","properties":{"Type":"CCB","PlateA":"BS","PlateB":"TI"},"geometry":{"type":"LineString","coordinates":[[129.84,-6.53],[130.44,-6.72]]}},{"type":"Feature","properties":{"Type":"OCB","PlateA":"BS","PlateB":"TI"},"geometry":{"type":"LineString","coordinates":[[130.44,-6.72],[131.01,-6.68]]}},{"type":"Feature","properties":{"Type":"CCB","PlateA":"BS","PlateB":"TI"},"geometry":{"type":"LineString","coordinates":[[131.01,-6.68],[131.58,-6.64]]}},{"type":"Feature","properties":{"Type":"CCB","PlateA":"BS","PlateB":"TI"},"geometry":{"type":"LineString","coordinates":[[131.58,-6.64],[132.13,-6.66]]}},{"type":"Feature","properties":{"Type":"CCB","PlateA":"BS","PlateB":"TI"},"geometry":{"type":"LineString","coordinates":[[132.13,-6.66],[132.69,-6.68]]}},{"type":"Feature","properties":{"Type":"SUB","PlateA":"BH","PlateB":"CL"},"geometry":{"type":"LineString","coordinates":[[138.79,-1.16],[138.67,-0.82]]}},{"type":"Feature","properties":{"Type":"SUB","PlateA":"BH","PlateB":"CL"},"geometry":{"type":"LineString","coordinates":[[138.67,-0.82],[138.05,-0.72]]}},{"type":"Feature","properties":{"Type":"SUB","PlateA":"BH","PlateB":"CL"},"geometry":{"type":"LineString","coordinates":[[138.05,-0.72],[137.44,-0.62]]}},{"type":"Feature","properties":{"Type":"SUB","PlateA":"BH","PlateB":"CL"},"geometry":{"type":"LineString","coordinates":[[137.44,-0.62],[136.94,-0.42]]}},{"type":"Feature","properties":{"Type":"SUB","PlateA":"BH","PlateB":"CL"},"geometry":{"type":"LineString","coordinates":[[136.94,-0.42],[136.45,-0.23]]}},{"type":"Feature","properties":{"Type":"SUB","PlateA":"BH","PlateB":"CL"},"geometry":{"type":"LineString","coordinates":[[136.45,-0.23],[135.66,-0.02]]}},{"type":"Feature","properties":{"Type":"SUB","PlateA":"BH","PlateB":"CL"},"geometry":{"type":"LineString","coordinates":[[135.66,-0.02],[134.94,0.42]]}},{"type":"Feature","properties":{"Type":"SUB","PlateA":"BH","PlateB":"CL"},"geometry":{"type":"LineString","coordinates":[[134.94,0.42],[134.47,0.26]]}},{"type":"Feature","properties":{"Type":"SUB","PlateA":"BH","PlateB":"CL"},"geometry":{"type":"LineString","coordinates":[[134.47,0.26],[133.9,0.06]]}},{"type":"Feature","properties":{"Type":"SUB","PlateA":"BH","PlateB":"CL"},"geometry":{"type":"LineString","coordinates":[[133.9,0.06],[133.33,-0.15]]}},{"type":"Feature","properties":{"Type":"SUB","PlateA":"BH","PlateB":"CL"},"geometry":{"type":"LineString","coordinates":[[133.33,-0.15],[132.82,-0.04]]}},{"type":"Feature","properties":{"Type":"SUB","PlateA":"BH","PlateB":"CL"},"geometry":{"type":"LineString","coordinates":[[132.82,-0.04],[132.51,0.02]]}},{"type":"Feature","properties":{"Type":"SUB","PlateA":"BH","PlateB":"PS"},"geometry":{"type":"LineString","coordinates":[[132.51,0.02],[132.37,0.03]]}},{"type":"Feature","properties":{"Type":"SUB","PlateA":"BH","PlateB":"PS"},"geometry":{"type":"LineString","coordinates":[[132.37,0.03],[131.74,0.15]]}},{"type":"Feature","properties":{"Type":"SUB","PlateA":"BH","PlateB":"PS"},"geometry":{"type":"LineString","coordinates":[[131.74,0.15],[131.1,0.27]]}},{"type":"Feature","properties":{"Type":"SUB","PlateA":"BH","PlateB":"PS"},"geometry":{"type":"LineString","coordinates":[[131.1,0.27],[130.55,0.48]]}},{"type":"Feature","properties":{"Type":"SUB","PlateA":"BH","PlateB":"PS"},"geometry":{"type":"LineString","coordinates":[[130.55,0.48],[129.99,0.68]]}},{"type":"Feature","properties":{"Type":"SUB","PlateA":"BH","PlateB":"PS"},"geometry":{"type":"LineString","coordinates":[[129.99,0.68],[129.2,1.06]]}},{"type":"Feature","properties":{"Type":"CTF","PlateA":"AU","PlateB":"MO"},"geometry":{"type":"LineString","coordinates":[[140.8,-5.11],[140.26,-4.93]]}},{"type":"Feature","properties":{"Type":"CTF","PlateA":"AU","PlateB":"MO"},"geometry":{"type":"LineString","coordinates":[[140.26,-4.93],[139.73,-4.75]]}},{"type":"Feature","properties":{"Type":"CTF","PlateA":"AU","PlateB":"MO"},"geometry":{"type":"LineString","coordinates":[[139.73,-4.75],[138.96,-4.55]]}},{"type":"Feature","properties":{"Type":"CTF","PlateA":"AU","PlateB":"MO"},"geometry":{"type":"LineString","coordinates":[[138.96,-4.55],[138.48,-4.44]]}},{"type":"Feature","properties":{"Type":"CTF","PlateA":"AU","PlateB":"MO"},"geometry":{"type":"LineString","coordinates":[[138.48,-4.44],[138.01,-4.34]]}},{"type":"Feature","properties":{"Type":"CTF","PlateA":"AU","PlateB":"MO"},"geometry":{"type":"LineString","coordinates":[[138.01,-4.34],[137.18,-4.22]]}},{"type":"Feature","properties":{"Type":"CTF","PlateA":"AU","PlateB":"MO"},"geometry":{"type":"LineString","coordinates":[[137.18,-4.22],[136.67,-4.2]]}},{"type":"Feature","properties":{"Type":"CTF","PlateA":"AU","PlateB":"MO"},"geometry":{"type":"LineString","coordinates":[[136.67,-4.2],[136.17,-4.18]]}},{"type":"Feature","properties":{"Type":"CTF","PlateA":"AU","PlateB":"MO"},"geometry":{"type":"LineString","coordinates":[[136.17,-4.18],[135.46,-4.22]]}},{"type":"Feature","properties":{"Type":"CTF","PlateA":"AU","PlateB":"MO"},"geometry":{"type":"LineString","coordinates":[[135.46,-4.22],[134.97,-4.3]]}},{"type":"Feature","properties":{"Type":"CTF","PlateA":"AU","PlateB":"BH"},"geometry":{"type":"LineString","coordinates":[[134.97,-4.3],[134.49,-4.44]]}},{"type":"Feature","properties":{"Type":"CRB","PlateA":"AU","PlateB":"BH"},"geometry":{"type":"LineString","coordinates":[[134.49,-4.44],[133.91,-4.81]]}},{"type":"Feature","properties":{"Type":"CTF","PlateA":"MO","PlateB":"BH"},"geometry":{"type":"LineString","coordinates":[[138.97,-1.61],[138.49,-1.75]]}},{"type":"Feature","properties":{"Type":"CTF","PlateA":"MO","PlateB":"BH"},"geometry":{"type":"LineString","coordinates":[[138.49,-1.75],[138,-1.9]]}},{"type":"Feature","properties":{"Type":"CTF","PlateA":"MO","PlateB":"BH"},"geometry":{"type":"LineString","coordinates":[[138,-1.9],[137.63,-2.08]]}},{"type":"Feature","properties":{"Type":"CTF","PlateA":"MO","PlateB":"BH"},"geometry":{"type":"LineString","coordinates":[[137.63,-2.08],[137.28,-2.29]]}},{"type":"Feature","properties":{"Type":"CTF","PlateA":"MO","PlateB":"BH"},"geometry":{"type":"LineString","coordinates":[[137.28,-2.29],[136.93,-2.49]]}},{"type":"Feature","properties":{"Type":"CRB","PlateA":"MO","PlateB":"BH"},"geometry":{"type":"LineString","coordinates":[[136.93,-2.49],[136.56,-2.8]]}},{"type":"Feature","properties":{"Type":"CRB","PlateA":"MO","PlateB":"BH"},"geometry":{"type":"LineString","coordinates":[[136.56,-2.8],[136.17,-3.1]]}},{"type":"Feature","properties":{"Type":"CRB","PlateA":"MO","PlateB":"BH"},"geometry":{"type":"LineString","coordinates":[[136.17,-3.1],[135.77,-3.4]]}},{"type":"Feature","properties":{"Type":"CRB","PlateA":"MO","PlateB":"BH"},"geometry":{"type":"LineString","coordinates":[[135.77,-3.4],[135.26,-3.85]]}},{"type":"Feature","properties":{"Type":"CRB","PlateA":"MO","PlateB":"BH"},"geometry":{"type":"LineString","coordinates":[[135.26,-3.85],[134.97,-4.3]]}},{"type":"Feature","properties":{"Type":"CTF","PlateA":"SU","PlateB":"BU"},"geometry":{"type":"LineString","coordinates":[[96.48,14.4],[96.5,14.13]]}},{"type":"Feature","properties":{"Type":"CRB","PlateA":"SU","PlateB":"BU"},"geometry":{"type":"LineString","coordinates":[[96.5,14.13],[95.86,13.78]]}},{"type":"Feature","properties":{"Type":"CRB","PlateA":"SU","PlateB":"BU"},"geometry":{"type":"LineString","coordinates":[[95.86,13.78],[95.51,12.92]]}},{"type":"Feature","properties":{"Type":"OSR","PlateA":"SU","PlateB":"BU"},"geometry":{"type":"LineString","coordinates":[[95.51,12.92],[95.16,12.05]]}},{"type":"Feature","properties":{"Type":"OSR","PlateA":"SU","PlateB":"BU"},"geometry":{"type":"LineString","coordinates":[[95.16,12.05],[94.81,11.19]]}},{"type":"Feature","properties":{"Type":"OSR","PlateA":"SU","PlateB":"BU"},"geometry":{"type":"LineString","coordinates":[[94.81,11.19],[94.42,10.68]]}},{"type":"Feature","properties":{"Type":"OSR","PlateA":"SU","PlateB":"BU"},"geometry":{"type":"LineString","coordinates":[[94.42,10.68],[94.02,10.17]]}},{"type":"Feature","properties":{"Type":"OTF","PlateA":"SU","PlateB":"BU"},"geometry":{"type":"LineString","coordinates":[[94.02,10.17],[94.22,9.72]]}},{"type":"Feature","properties":{"Type":"CTF","PlateA":"SU","PlateB":"BU"},"geometry":{"type":"LineString","coordinates":[[94.22,9.72],[94.42,9.27]]}},{"type":"Feature","properties":{"Type":"CRB","PlateA":"SU","PlateB":"BU"},"geometry":{"type":"LineString","coordinates":[[94.42,9.27],[93.99,9.02]]}},{"type":"Feature","properties":{"Type":"OTF","PlateA":"SU","PlateB":"BU"},"geometry":{"type":"LineString","coordinates":[[93.99,9.02],[94.17,8.69]]}},{"type":"Feature","properties":{"Type":"OTF","PlateA":"SU","PlateB":"BU"},"geometry":{"type":"LineString","coordinates":[[94.17,8.69],[94.43,8.31]]}},{"type":"Feature","properties":{"Type":"OTF","PlateA":"SU","PlateB":"BU"},"geometry":{"type":"LineString","coordinates":[[94.43,8.31],[94.78,7.85]]}},{"type":"Feature","properties":{"Type":"CRB","PlateA":"SU","PlateB":"BU"},"geometry":{"type":"LineString","coordinates":[[94.78,7.85],[94.46,7.6]]}},{"type":"Feature","properties":{"Type":"OTF","PlateA":"SU","PlateB":"BU"},"geometry":{"type":"LineString","coordinates":[[94.46,7.6],[94.88,7.14]]}},{"type":"Feature","properties":{"Type":"OSR","PlateA":"SU","PlateB":"BU"},"geometry":{"type":"LineString","coordinates":[[94.88,7.14],[94.5,6.84]]}},{"type":"Feature","properties":{"Type":"CTF","PlateA":"SU","PlateB":"BU"},"geometry":{"type":"LineString","coordinates":[[94.5,6.84],[94.95,6.26]]}},{"type":"Feature","properties":{"Type":"CTF","PlateA":"SU","PlateB":"BU"},"geometry":{"type":"LineString","coordinates":[[94.95,6.26],[95.44,5.72]]}},{"type":"Feature","properties":{"Type":"CTF","PlateA":"SU","PlateB":"BU"},"geometry":{"type":"LineString","coordinates":[[95.44,5.72],[96.01,5.11]]}},{"type":"Feature","properties":{"Type":"CTF","PlateA":"SU","PlateB":"BU"},"geometry":{"type":"LineString","coordinates":[[96.01,5.11],[96.57,4.64]]}},{"type":"Feature","properties":{"Type":"CRB","PlateA":"SU","PlateB":"BU"},"geometry":{"type":"LineString","coordinates":[[96.57,4.64],[96.6,3.77]]}},{"type":"Feature","properties":{"Type":"CRB","PlateA":"SU","PlateB":"BU"},"geometry":{"type":"LineString","coordinates":[[96.6,3.77],[96.7,2.98]]}},{"type":"Feature","properties":{"Type":"CRB","PlateA":"SU","PlateB":"BU"},"geometry":{"type":"LineString","coordinates":[[96.7,2.98],[96.78,2.19]]}},{"type":"Feature","properties":{"Type":"CRB","PlateA":"SU","PlateB":"BU"},"geometry":{"type":"LineString","coordinates":[[96.78,2.19],[96.74,1.76]]}},{"type":"Feature","properties":{"Type":"CRB","PlateA":"SU","PlateB":"BU"},"geometry":{"type":"LineString","coordinates":[[96.74,1.76],[96.2,1.35]]}},{"type":"Feature","properties":{"Type":"SUB","PlateA":"IN","PlateB":"BU"},"geometry":{"type":"LineString","coordinates":[[92.28,6.95],[91.9,7.66]]}},{"type":"Feature","properties":{"Type":"SUB","PlateA":"IN","PlateB":"BU"},"geometry":{"type":"LineString","coordinates":[[91.9,7.66],[91.78,8.16]]}},{"type":"Feature","properties":{"Type":"SUB","PlateA":"IN","PlateB":"BU"},"geometry":{"type":"LineString","coordinates":[[91.78,8.16],[91.65,8.66]]}},{"type":"Feature","properties":{"Type":"SUB","PlateA":"IN","PlateB":"BU"},"geometry":{"type":"LineString","coordinates":[[91.65,8.66],[91.6,9.13]]}},{"type":"Feature","properties":{"Type":"SUB","PlateA":"IN","PlateB":"BU"},"geometry":{"type":"LineString","coordinates":[[91.6,9.13],[91.53,9.6]]}},{"type":"Feature","properties":{"Type":"SUB","PlateA":"IN","PlateB":"BU"},"geometry":{"type":"LineString","coordinates":[[91.53,9.6],[91.56,10.06]]}},{"type":"Feature","properties":{"Type":"SUB","PlateA":"IN","PlateB":"BU"},"geometry":{"type":"LineString","coordinates":[[91.56,10.06],[91.58,10.51]]}},{"type":"Feature","properties":{"Type":"SUB","PlateA":"IN","PlateB":"BU"},"geometry":{"type":"LineString","coordinates":[[91.58,10.51],[91.59,11.3]]}},{"type":"Feature","properties":{"Type":"SUB","PlateA":"IN","PlateB":"BU"},"geometry":{"type":"LineString","coordinates":[[91.59,11.3],[91.64,11.79]]}},{"type":"Feature","properties":{"Type":"SUB","PlateA":"IN","PlateB":"BU"},"geometry":{"type":"LineString","coordinates":[[91.64,11.79],[91.7,12.28]]}},{"type":"Feature","properties":{"Type":"SUB","PlateA":"IN","PlateB":"BU"},"geometry":{"type":"LineString","coordinates":[[91.7,12.28],[91.89,13.15]]}},{"type":"Feature","properties":{"Type":"SUB","PlateA":"IN","PlateB":"BU"},"geometry":{"type":"LineString","coordinates":[[91.89,13.15],[92.07,13.72]]}},{"type":"Feature","properties":{"Type":"OCB","PlateA":"IN","PlateB":"BU"},"geometry":{"type":"LineString","coordinates":[[92.07,13.72],[92.52,14.38]]}},{"type":"Feature","properties":{"Type":"CTF","PlateA":"IN","PlateB":"BU"},"geometry":{"type":"LineString","coordinates":[[92.52,14.38],[92.94,14.87]]}},{"type":"Feature","properties":{"Type":"CTF","PlateA":"IN","PlateB":"BU"},"geometry":{"type":"LineString","coordinates":[[92.94,14.87],[93.37,15.35]]}},{"type":"Feature","properties":{"Type":"CTF","PlateA":"IN","PlateB":"BU"},"geometry":{"type":"LineString","coordinates":[[93.37,15.35],[93.79,15.56]]}},{"type":"Feature","properties":{"Type":"CTF","PlateA":"IN","PlateB":"BU"},"geometry":{"type":"LineString","coordinates":[[93.79,15.56],[94.21,15.77]]}},{"type":"Feature","properties":{"Type":"CTF","PlateA":"IN","PlateB":"BU"},"geometry":{"type":"LineString","coordinates":[[94.21,15.77],[95.1,15.81]]}},{"type":"Feature","properties":{"Type":"CTF","PlateA":"IN","PlateB":"BU"},"geometry":{"type":"LineString","coordinates":[[95.1,15.81],[95.91,15.54]]}},{"type":"Feature","properties":{"Type":"CTF","PlateA":"IN","PlateB":"BU"},"geometry":{"type":"LineString","coordinates":[[95.91,15.54],[96.41,15.14]]}},{"type":"Feature","properties":{"Type":"SUB","PlateA":"MS","PlateB":"SU"},"geometry":{"type":"LineString","coordinates":[[125.97,0.19],[125.62,-0.13]]}},{"type":"Feature","properties":{"Type":"SUB","PlateA":"MS","PlateB":"SU"},"geometry":{"type":"LineString","coordinates":[[125.62,-0.13],[125.26,-0.45]]}},{"type":"Feature","properties":{"Type":"OTF","PlateA":"MS","PlateB":"SU"},"geometry":{"type":"LineString","coordinates":[[125.26,-0.45],[124.86,-0.27]]}},{"type":"Feature","properties":{"Type":"OTF","PlateA":"MS","PlateB":"SU"},"geometry":{"type":"LineString","coordinates":[[124.86,-0.27],[124.42,0.01]]}},{"type":"Feature","properties":{"Type":"CTF","PlateA":"MS","PlateB":"SU"},"geometry":{"type":"LineString","coordinates":[[124.42,0.01],[124.01,0.44]]}},{"type":"Feature","properties":{"Type":"CTF","PlateA":"MS","PlateB":"SU"},"geometry":{"type":"LineString","coordinates":[[124.01,0.44],[123.75,0.84]]}},{"type":"Feature","properties":{"Type":"CTF","PlateA":"MS","PlateB":"SU"},"geometry":{"type":"LineString","coordinates":[[123.75,0.84],[123.54,1.35]]}},{"type":"Feature","properties":{"Type":"OTF","PlateA":"MS","PlateB":"SU"},"geometry":{"type":"LineString","coordinates":[[123.54,1.35],[123.45,1.81]]}},{"type":"Feature","properties":{"Type":"OTF","PlateA":"MS","PlateB":"SU"},"geometry":{"type":"LineString","coordinates":[[123.45,1.81],[123.43,2.01]]}},{"type":"Feature","properties":{"Type":"OSR","PlateA":"EU","PlateB":"NA"},"geometry":{"type":"LineString","coordinates":[[-15.72,69.55],[-16.03,69.27]]}},{"type":"Feature","properties":{"Type":"OSR","PlateA":"EU","PlateB":"NA"},"geometry":{"type":"LineString","coordinates":[[-16.03,69.27],[-16.26,69.04]]}},{"type":"Feature","properties":{"Type":"OSR","PlateA":"EU","PlateB":"NA"},"geometry":{"type":"LineString","coordinates":[[-16.26,69.04],[-16.49,68.81]]}},{"type":"Feature","properties":{"Type":"OTF","PlateA":"EU","PlateB":"NA"},"geometry":{"type":"LineString","coordinates":[[-16.49,68.81],[-17.15,68.86]]}},{"type":"Feature","properties":{"Type":"OSR","PlateA":"EU","PlateB":"NA"},"geometry":{"type":"LineString","coordinates":[[-17.15,68.86],[-17.39,68.7]]}},{"type":"Feature","properties":{"Type":"OSR","PlateA":"EU","PlateB":"NA"},"geometry":{"type":"LineString","coordinates":[[-17.39,68.7],[-17.83,68.4]]}},{"type":"Feature","properties":{"Type":"OSR","PlateA":"EU","PlateB":"NA"},"geometry":{"type":"LineString","coordinates":[[-17.83,68.4],[-18.22,68.07]]}},{"type":"Feature","properties":{"Type":"OSR","PlateA":"EU","PlateB":"NA"},"geometry":{"type":"LineString","coordinates":[[-18.22,68.07],[-18.49,67.74]]}},{"type":"Feature","properties":{"Type":"OSR","PlateA":"EU","PlateB":"NA"},"geometry":{"type":"LineString","coordinates":[[-18.49,67.74],[-18.76,67.44]]}},{"type":"Feature","properties":{"Type":"OSR","PlateA":"EU","PlateB":"NA"},"geometry":{"type":"LineString","coordinates":[[-18.76,67.44],[-19.1,67.06]]}},{"type":"Feature","properties":{"Type":"OTF","PlateA":"EU","PlateB":"NA"},"geometry":{"type":"LineString","coordinates":[[-19.1,67.06],[-18.12,66.93]]}},{"type":"Feature","properties":{"Type":"OSR","PlateA":"EU","PlateB":"NA"},"geometry":{"type":"LineString","coordinates":[[-18.12,66.93],[-18.25,66.78]]}},{"type":"Feature","properties":{"Type":"OTF","PlateA":"EU","PlateB":"NA"},"geometry":{"type":"LineString","coordinates":[[-18.25,66.78],[-17.47,66.69]]}},{"type":"Feature","properties":{"Type":"OSR","PlateA":"EU","PlateB":"NA"},"geometry":{"type":"LineString","coordinates":[[-17.47,66.69],[-17.72,66.36]]}},{"type":"Feature","properties":{"Type":"OTF","PlateA":"EU","PlateB":"NA"},"geometry":{"type":"LineString","coordinates":[[-17.72,66.36],[-16.51,66.2]]}},{"type":"Feature","properties":{"Type":"OSR","PlateA":"EU","PlateB":"NA"},"geometry":{"type":"LineString","coordinates":[[-16.51,66.2],[-16.66,65.94]]}},{"type":"Feature","properties":{"Type":"OSR","PlateA":"EU","PlateB":"NA"},"geometry":{"type":"LineString","coordinates":[[-16.66,65.94],[-16.86,65.68]]}},{"type":"Feature","properties":{"Type":"OSR","PlateA":"EU","PlateB":"NA"},"geometry":{"type":"LineString","coordinates":[[-16.86,65.68],[-17.02,65.38]]}},{"type":"Feature","properties":{"Type":"OSR","PlateA":"EU","PlateB":"NA"},"geometry":{"type":"LineString","coordinates":[[-17.02,65.38],[-17.14,65]]}},{"type":"Feature","properties":{"Type":"OSR","PlateA":"EU","PlateB":"NA"},"geometry":{"type":"LineString","coordinates":[[-17.14,65],[-17.37,64.74]]}},{"type":"Feature","properties":{"Type":"OSR","PlateA":"EU","PlateB":"NA"},"geometry":{"type":"LineString","coordinates":[[-17.37,64.74],[-17.82,64.49]]}},{"type":"Feature","properties":{"Type":"OSR","PlateA":"EU","PlateB":"NA"},"geometry":{"type":"LineString","coordinates":[[-17.82,64.49],[-18.63,64.18]]}},{"type":"Feature","properties":{"Type":"OSR","PlateA":"EU","PlateB":"NA"},"geometry":{"type":"LineString","coordinates":[[-18.63,64.18],[-19.04,63.99]]}},{"type":"Feature","properties":{"Type":"OSR","PlateA":"EU","PlateB":"NA"},"geometry":{"type":"LineString","coordinates":[[-19.04,63.99],[-19.24,63.86]]}},{"type":"Feature","properties":{"Type":"OTF","PlateA":"EU","PlateB":"NA"},"geometry":{"type":"LineString","coordinates":[[-19.24,63.86],[-20.1,63.95]]}},{"type":"Feature","properties":{"Type":"OTF","PlateA":"EU","PlateB":"NA"},"geometry":{"type":"LineString","coordinates":[[-20.1,63.95],[-20.73,64.02]]}},{"type":"Feature","properties":{"Type":"OTF","PlateA":"EU","PlateB":"NA"},"geometry":{"type":"LineString","coordinates":[[-20.73,64.02],[-21.3,64.07]]}},{"type":"Feature","properties":{"Type":"OSR","PlateA":"EU","PlateB":"NA"},"geometry":{"type":"LineString","coordinates":[[-21.3,64.07],[-22.07,63.92]]}},{"type":"Feature","properties":{"Type":"OSR","PlateA":"EU","PlateB":"NA"},"geometry":{"type":"LineString","coordinates":[[-22.07,63.92],[-22.54,63.84]]}},{"type":"Feature","properties":{"Type":"OSR","PlateA":"EU","PlateB":"NA"},"geometry":{"type":"LineString","coordinates":[[-22.54,63.84],[-22.87,63.77]]}},{"type":"Feature","properties":{"Type":"OSR","PlateA":"EU","PlateB":"NA"},"geometry":{"type":"LineString","coordinates":[[-22.87,63.77],[-23.06,63.65]]}},{"type":"Feature","properties":{"Type":"OTF","PlateA":"EU","PlateB":"NA"},"geometry":{"type":"LineString","coordinates":[[-23.06,63.65],[-23.33,63.65]]}},{"type":"Feature","properties":{"Type":"OSR","PlateA":"EU","PlateB":"NA"},"geometry":{"type":"LineString","coordinates":[[-23.33,63.65],[-23.49,63.57]]}},{"type":"Feature","properties":{"Type":"OSR","PlateA":"EU","PlateB":"NA"},"geometry":{"type":"LineString","coordinates":[[-23.49,63.57],[-23.74,63.47]]}},{"type":"Feature","properties":{"Type":"OSR","PlateA":"EU","PlateB":"NA"},"geometry":{"type":"LineString","coordinates":[[-23.74,63.47],[-24.01,63.36]]}},{"type":"Feature","properties":{"Type":"OSR","PlateA":"EU","PlateB":"NA"},"geometry":{"type":"LineString","coordinates":[[-24.01,63.36],[-24.25,63.23]]}},{"type":"Feature","properties":{"Type":"OSR","PlateA":"EU","PlateB":"NA"},"geometry":{"type":"LineString","coordinates":[[-24.25,63.23],[-24.52,63.11]]}},{"type":"Feature","properties":{"Type":"OSR","PlateA":"EU","PlateB":"NA"},"geometry":{"type":"LineString","coordinates":[[-24.52,63.11],[-24.72,62.99]]}},{"type":"Feature","properties":{"Type":"OSR","PlateA":"EU","PlateB":"NA"},"geometry":{"type":"LineString","coordinates":[[-24.72,62.99],[-24.89,62.92]]}},{"type":"Feature","properties":{"Type":"OSR","PlateA":"EU","PlateB":"NA"},"geometry":{"type":"LineString","coordinates":[[-24.89,62.92],[-25.03,62.8]]}},{"type":"Feature","properties":{"Type":"OSR","PlateA":"EU","PlateB":"NA"},"geometry":{"type":"LineString","coordinates":[[-25.03,62.8],[-25.16,62.71]]}},{"type":"Feature","properties":{"Type":"OSR","PlateA":"EU","PlateB":"NA"},"geometry":{"type":"LineString","coordinates":[[-25.16,62.71],[-25.31,62.61]]}},{"type":"Feature","properties":{"Type":"OTF","PlateA":"EU","PlateB":"NA"},"geometry":{"type":"LineString","coordinates":[[-25.31,62.61],[-25.45,62.62]]}},{"type":"Feature","properties":{"Type":"OSR","PlateA":"EU","PlateB":"NA"},"geometry":{"type":"LineString","coordinates":[[-25.45,62.62],[-25.64,62.5]]}},{"type":"Feature","properties":{"Type":"OSR","PlateA":"EU","PlateB":"NA"},"geometry":{"type":"LineString","coordinates":[[-25.64,62.5],[-25.87,62.38]]}},{"type":"Feature","properties":{"Type":"OSR","PlateA":"EU","PlateB":"NA"},"geometry":{"type":"LineString","coordinates":[[-25.87,62.38],[-26.11,62.24]]}},{"type":"Feature","properties":{"Type":"OSR","PlateA":"EU","PlateB":"NA"},"geometry":{"type":"LineString","coordinates":[[-26.11,62.24],[-26.31,62.11]]}},{"type":"Feature","properties":{"Type":"OSR","PlateA":"EU","PlateB":"NA"},"geometry":{"type":"LineString","coordinates":[[-26.31,62.11],[-26.53,61.94]]}},{"type":"Feature","properties":{"Type":"OSR","PlateA":"EU","PlateB":"NA"},"geometry":{"type":"LineString","coordinates":[[-26.53,61.94],[-26.77,61.83]]}},{"type":"Feature","properties":{"Type":"OSR","PlateA":"EU","PlateB":"NA"},"geometry":{"type":"LineString","coordinates":[[-26.77,61.83],[-27.03,61.67]]}},{"type":"Feature","properties":{"Type":"OSR","PlateA":"EU","PlateB":"NA"},"geometry":{"type":"LineString","coordinates":[[-27.03,61.67],[-27.23,61.53]]}},{"type":"Feature","properties":{"Type":"OSR","PlateA":"EU","PlateB":"NA"},"geometry":{"type":"LineString","coordinates":[[-27.23,61.53],[-27.39,61.4]]}},{"type":"Feature","properties":{"Type":"OSR","PlateA":"EU","PlateB":"NA"},"geometry":{"type":"LineString","coordinates":[[-27.39,61.4],[-27.58,61.25]]}},{"type":"Feature","properties":{"Type":"OSR","PlateA":"EU","PlateB":"NA"},"geometry":{"type":"LineString","coordinates":[[-27.58,61.25],[-27.85,61.07]]}},{"type":"Feature","properties":{"Type":"OSR","PlateA":"EU","PlateB":"NA"},"geometry":{"type":"LineString","coordinates":[[-27.85,61.07],[-28.02,60.96]]}},{"type":"Feature","properties":{"Type":"OSR","PlateA":"EU","PlateB":"NA"},"geometry":{"type":"LineString","coordinates":[[-28.02,60.96],[-28.19,60.85]]}},{"type":"Feature","properties":{"Type":"OSR","PlateA":"EU","PlateB":"NA"},"geometry":{"type":"LineString","coordinates":[[-28.19,60.85],[-28.41,60.7]]}},{"type":"Feature","properties":{"Type":"OSR","PlateA":"EU","PlateB":"NA"},"geometry":{"type":"LineString","coordinates":[[-28.41,60.7],[-28.64,60.57]]}},{"type":"Feature","properties":{"Type":"OSR","PlateA":"EU","PlateB":"NA"},"geometry":{"type":"LineString","coordinates":[[-28.64,60.57],[-28.83,60.42]]}},{"type":"Feature","properties":{"Type":"OSR","PlateA":"EU","PlateB":"NA"},"geometry":{"type":"LineString","coordinates":[[-28.83,60.42],[-28.93,60.33]]}},{"type":"Feature","properties":{"Type":"OTF","PlateA":"EU","PlateB":"NA"},"geometry":{"type":"LineString","coordinates":[[-28.93,60.33],[-29.03,60.34]]}},{"type":"Feature","properties":{"Type":"OSR","PlateA":"EU","PlateB":"NA"},"geometry":{"type":"LineString","coordinates":[[-29.03,60.34],[-29.12,60.27]]}},{"type":"Feature","properties":{"Type":"OSR","PlateA":"EU","PlateB":"NA"},"geometry":{"type":"LineString","coordinates":[[-29.12,60.27],[-29.22,60.17]]}},{"type":"Feature","properties":{"Type":"OSR","PlateA":"EU","PlateB":"NA"},"geometry":{"type":"LineString","coordinates":[[-29.22,60.17],[-29.37,60.08]]}},{"type":"Feature","properties":{"Type":"OSR","PlateA":"IN","PlateB":"AU"},"geometry":{"type":"LineString","coordinates":[[68.27,-6.81],[69.01,-6.54]]}},{"type":"Feature","properties":{"Type":"OSR","PlateA":"IN","PlateB":"AU"},"geometry":{"type":"LineString","coordinates":[[69.01,-6.54],[69.81,-6.44]]}},{"type":"Feature","properties":{"Type":"OSR","PlateA":"IN","PlateB":"AU"},"geometry":{"type":"LineString","coordinates":[[69.81,-6.44],[70.29,-6.47]]}},{"type":"Feature","properties":{"Type":"OSR","PlateA":"IN","PlateB":"AU"},"geometry":{"type":"LineString","coordinates":[[70.29,-6.47],[70.79,-6.5]]}},{"type":"Feature","properties":{"Type":"OSR","PlateA":"IN","PlateB":"AU"},"geometry":{"type":"LineString","coordinates":[[70.79,-6.5],[71.31,-6.6]]}},{"type":"Feature","properties":{"Type":"OSR","PlateA":"IN","PlateB":"AU"},"geometry":{"type":"LineString","coordinates":[[71.31,-6.6],[71.83,-6.7]]}},{"type":"Feature","properties":{"Type":"OSR","PlateA":"IN","PlateB":"AU"},"geometry":{"type":"LineString","coordinates":[[71.83,-6.7],[72.36,-6.87]]}},{"type":"Feature","properties":{"Type":"OSR","PlateA":"IN","PlateB":"AU"},"geometry":{"type":"LineString","coordinates":[[72.36,-6.87],[72.88,-7.04]]}},{"type":"Feature","properties":{"Type":"OSR","PlateA":"IN","PlateB":"AU"},"geometry":{"type":"LineString","coordinates":[[72.88,-7.04],[73.39,-7.04]]}},{"type":"Feature","properties":{"Type":"OSR","PlateA":"IN","PlateB":"AU"},"geometry":{"type":"LineString","coordinates":[[73.39,-7.04],[73.54,-6.19]]}},{"type":"Feature","properties":{"Type":"OSR","PlateA":"IN","PlateB":"AU"},"geometry":{"type":"LineString","coordinates":[[73.54,-6.19],[73.7,-5.78]]}},{"type":"Feature","properties":{"Type":"OTF","PlateA":"IN","PlateB":"AU"},"geometry":{"type":"LineString","coordinates":[[73.7,-5.78],[73.77,-4.93]]}},{"type":"Feature","properties":{"Type":"OTF","PlateA":"IN","PlateB":"AU"},"geometry":{"type":"LineString","coordinates":[[73.77,-4.93],[73.88,-4.31]]}},{"type":"Feature","properties":{"Type":"OSR","PlateA":"IN","PlateB":"AU"},"geometry":{"type":"LineString","coordinates":[[73.88,-4.31],[74.36,-4.41]]}},{"type":"Feature","properties":{"Type":"OSR","PlateA":"IN","PlateB":"AU"},"geometry":{"type":"LineString","coordinates":[[74.36,-4.41],[74.83,-4.51]]}},{"type":"Feature","properties":{"Type":"OSR","PlateA":"IN","PlateB":"AU"},"geometry":{"type":"LineString","coordinates":[[74.83,-4.51],[75.52,-4.78]]}},{"type":"Feature","properties":{"Type":"OSR","PlateA":"IN","PlateB":"AU"},"geometry":{"type":"LineString","coordinates":[[75.52,-4.78],[76.2,-5.04]]}},{"type":"Feature","properties":{"Type":"OSR","PlateA":"IN","PlateB":"AU"},"geometry":{"type":"LineString","coordinates":[[76.2,-5.04],[76.78,-5.05]]}},{"type":"Feature","properties":{"Type":"OTF","PlateA":"IN","PlateB":"AU"},"geometry":{"type":"LineString","coordinates":[[76.78,-5.05],[77.36,-5.05]]}},{"type":"Feature","properties":{"Type":"OCB","PlateA":"IN","PlateB":"AU"},"geometry":{"type":"LineString","coordinates":[[77.36,-5.05],[77.98,-4.99]]}},{"type":"Feature","properties":{"Type":"OCB","PlateA":"IN","PlateB":"AU"},"geometry":{"type":"LineString","coordinates":[[77.98,-4.99],[78.61,-4.93]]}},{"type":"Feature","properties":{"Type":"OCB","PlateA":"IN","PlateB":"AU"},"geometry":{"type":"LineString","coordinates":[[78.61,-4.93],[79.14,-4.75]]}},{"type":"Feature","properties":{"Type":"OCB","PlateA":"IN","PlateB":"AU"},"geometry":{"type":"LineString","coordinates":[[79.14,-4.75],[79.68,-4.57]]}},{"type":"Feature","properties":{"Type":"OCB","PlateA":"IN","PlateB":"AU"},"geometry":{"type":"LineString","coordinates":[[79.68,-4.57],[80.37,-4.39]]}},{"type":"Feature","properties":{"Type":"OCB","PlateA":"IN","PlateB":"AU"},"geometry":{"type":"LineString","coordinates":[[80.37,-4.39],[81.07,-4.21]]}},{"type":"Feature","properties":{"Type":"OCB","PlateA":"IN","PlateB":"AU"},"geometry":{"type":"LineString","coordinates":[[81.07,-4.21],[81.7,-4.03]]}},{"type":"Feature","properties":{"Type":"OCB","PlateA":"IN","PlateB":"AU"},"geometry":{"type":"LineString","coordinates":[[81.7,-4.03],[82.33,-3.85]]}},{"type":"Feature","properties":{"Type":"OCB","PlateA":"IN","PlateB":"AU"},"geometry":{"type":"LineString","coordinates":[[82.33,-3.85],[82.8,-3.64]]}},{"type":"Feature","properties":{"Type":"OCB","PlateA":"IN","PlateB":"AU"},"geometry":{"type":"LineString","coordinates":[[82.8,-3.64],[83.26,-3.43]]}},{"type":"Feature","properties":{"Type":"OCB","PlateA":"IN","PlateB":"AU"},"geometry":{"type":"LineString","coordinates":[[83.26,-3.43],[83.73,-3.22]]}},{"type":"Feature","properties":{"Type":"OCB","PlateA":"IN","PlateB":"AU"},"geometry":{"type":"LineString","coordinates":[[83.73,-3.22],[84.2,-3.02]]}},{"type":"Feature","properties":{"Type":"OCB","PlateA":"IN","PlateB":"AU"},"geometry":{"type":"LineString","coordinates":[[84.2,-3.02],[84.99,-3.18]]}},{"type":"Feature","properties":{"Type":"OCB","PlateA":"IN","PlateB":"AU"},"geometry":{"type":"LineString","coordinates":[[84.99,-3.18],[85.78,-3.34]]}},{"type":"Feature","properties":{"Type":"OCB","PlateA":"IN","PlateB":"AU"},"geometry":{"type":"LineString","coordinates":[[85.78,-3.34],[86.5,-3.72]]}},{"type":"Feature","properties":{"Type":"OCB","PlateA":"IN","PlateB":"AU"},"geometry":{"type":"LineString","coordinates":[[86.5,-3.72],[87.23,-4.09]]}},{"type":"Feature","properties":{"Type":"OCB","PlateA":"IN","PlateB":"AU"},"geometry":{"type":"LineString","coordinates":[[87.23,-4.09],[87.92,-3.53]]}},{"type":"Feature","properties":{"Type":"OCB","PlateA":"IN","PlateB":"AU"},"geometry":{"type":"LineString","coordinates":[[87.92,-3.53],[88.62,-2.97]]}},{"type":"Feature","properties":{"Type":"OCB","PlateA":"IN","PlateB":"AU"},"geometry":{"type":"LineString","coordinates":[[88.62,-2.97],[88.83,-2.27]]}},{"type":"Feature","properties":{"Type":"OCB","PlateA":"IN","PlateB":"AU"},"geometry":{"type":"LineString","coordinates":[[88.83,-2.27],[89.04,-1.57]]}},{"type":"Feature","properties":{"Type":"OCB","PlateA":"IN","PlateB":"AU"},"geometry":{"type":"LineString","coordinates":[[89.04,-1.57],[89.43,-1.18]]}},{"type":"Feature","properties":{"Type":"OCB","PlateA":"IN","PlateB":"AU"},"geometry":{"type":"LineString","coordinates":[[89.43,-1.18],[89.83,-0.78]]}},{"type":"Feature","properties":{"Type":"OCB","PlateA":"IN","PlateB":"AU"},"geometry":{"type":"LineString","coordinates":[[89.83,-0.78],[90.63,-0.45]]}},{"type":"Feature","properties":{"Type":"OCB","PlateA":"IN","PlateB":"AU"},"geometry":{"type":"LineString","coordinates":[[90.63,-0.45],[91.44,-0.12]]}},{"type":"Feature","properties":{"Type":"OCB","PlateA":"IN","PlateB":"AU"},"geometry":{"type":"LineString","coordinates":[[91.44,-0.12],[92.24,0.22]]}},{"type":"Feature","properties":{"Type":"OCB","PlateA":"IN","PlateB":"AU"},"geometry":{"type":"LineString","coordinates":[[92.24,0.22],[93.05,0.55]]}},{"type":"Feature","properties":{"Type":"OCB","PlateA":"IN","PlateB":"AU"},"geometry":{"type":"LineString","coordinates":[[93.05,0.55],[93.85,0.88]]}},{"type":"Feature","properties":{"Type":"OCB","PlateA":"IN","PlateB":"AU"},"geometry":{"type":"LineString","coordinates":[[93.85,0.88],[94.42,1.49]]}},{"type":"Feature","properties":{"Type":"OCB","PlateA":"IN","PlateB":"AU"},"geometry":{"type":"LineString","coordinates":[[94.42,1.49],[94.98,2.1]]}},{"type":"Feature","properties":{"Type":"SUB","PlateA":"PA","PlateB":"AU"},"geometry":{"type":"LineString","coordinates":[[166.95,-44.99],[166.71,-45.21]]}},{"type":"Feature","properties":{"Type":"SUB","PlateA":"PA","PlateB":"AU"},"geometry":{"type":"LineString","coordinates":[[166.71,-45.21],[166.54,-45.35]]}},{"type":"Feature","properties":{"Type":"SUB","PlateA":"PA","PlateB":"AU"},"geometry":{"type":"LineString","coordinates":[[166.54,-45.35],[166.38,-45.51]]}},{"type":"Feature","properties":{"Type":"SUB","PlateA":"PA","PlateB":"AU"},"geometry":{"type":"LineString","coordinates":[[166.38,-45.51],[166.21,-45.74]]}},{"type":"Feature","properties":{"Type":"SUB","PlateA":"PA","PlateB":"AU"},"geometry":{"type":"LineString","coordinates":[[166.21,-45.74],[166.02,-45.89]]}},{"type":"Feature","properties":{"Type":"SUB","PlateA":"PA","PlateB":"AU"},"geometry":{"type":"LineString","coordinates":[[166.02,-45.89],[165.92,-45.96]]}},{"type":"Feature","properties":{"Type":"SUB","PlateA":"PA","PlateB":"AU"},"geometry":{"type":"LineString","coordinates":[[165.92,-45.96],[165.73,-46.06]]}},{"type":"Feature","properties":{"Type":"SUB","PlateA":"PA","PlateB":"AU"},"geometry":{"type":"LineString","coordinates":[[165.73,-46.06],[165.43,-46.19]]}},{"type":"Feature","properties":{"Type":"SUB","PlateA":"PA","PlateB":"AU"},"geometry":{"type":"LineString","coordinates":[[165.43,-46.19],[165.17,-46.4]]}},{"type":"Feature","properties":{"Type":"SUB","PlateA":"PA","PlateB":"AU"},"geometry":{"type":"LineString","coordinates":[[165.17,-46.4],[165.02,-46.6]]}},{"type":"Feature","properties":{"Type":"SUB","PlateA":"PA","PlateB":"AU"},"geometry":{"type":"LineString","coordinates":[[165.02,-46.6],[164.94,-46.78]]}},{"type":"Feature","properties":{"Type":"SUB","PlateA":"PA","PlateB":"AU"},"geometry":{"type":"LineString","coordinates":[[164.94,-46.78],[164.92,-47.01]]}},{"type":"Feature","properties":{"Type":"SUB","PlateA":"PA","PlateB":"AU"},"geometry":{"type":"LineString","coordinates":[[164.92,-47.01],[164.84,-47.15]]}},{"type":"Feature","properties":{"Type":"SUB","PlateA":"PA","PlateB":"AU"},"geometry":{"type":"LineString","coordinates":[[164.84,-47.15],[164.74,-47.26]]}},{"type":"Feature","properties":{"Type":"SUB","PlateA":"PA","PlateB":"AU"},"geometry":{"type":"LineString","coordinates":[[164.74,-47.26],[164.7,-47.44]]}},{"type":"Feature","properties":{"Type":"SUB","PlateA":"PA","PlateB":"AU"},"geometry":{"type":"LineString","coordinates":[[164.7,-47.44],[164.65,-47.52]]}},{"type":"Feature","properties":{"Type":"SUB","PlateA":"PA","PlateB":"AU"},"geometry":{"type":"LineString","coordinates":[[164.65,-47.52],[164.53,-47.66]]}},{"type":"Feature","properties":{"Type":"SUB","PlateA":"PA","PlateB":"AU"},"geometry":{"type":"LineString","coordinates":[[164.53,-47.66],[164.48,-47.76]]}},{"type":"Feature","properties":{"Type":"SUB","PlateA":"PA","PlateB":"AU"},"geometry":{"type":"LineString","coordinates":[[164.48,-47.76],[164.48,-47.92]]}},{"type":"Feature","properties":{"Type":"SUB","PlateA":"PA","PlateB":"AU"},"geometry":{"type":"LineString","coordinates":[[164.48,-47.92],[164.4,-48.06]]}},{"type":"Feature","properties":{"Type":"SUB","PlateA":"PA","PlateB":"AU"},"geometry":{"type":"LineString","coordinates":[[164.4,-48.06],[164.39,-48.2]]}},{"type":"Feature","properties":{"Type":"SUB","PlateA":"PA","PlateB":"AU"},"geometry":{"type":"LineString","coordinates":[[164.39,-48.2],[164.31,-48.27]]}},{"type":"Feature","properties":{"Type":"SUB","PlateA":"PA","PlateB":"AU"},"geometry":{"type":"LineString","coordinates":[[164.31,-48.27],[164.29,-48.43]]}},{"type":"Feature","properties":{"Type":"SUB","PlateA":"PA","PlateB":"AU"},"geometry":{"type":"LineString","coordinates":[[164.29,-48.43],[164.22,-48.59]]}},{"type":"Feature","properties":{"Type":"SUB","PlateA":"PA","PlateB":"AU"},"geometry":{"type":"LineString","coordinates":[[164.22,-48.59],[164.13,-48.74]]}},{"type":"Feature","properties":{"Type":"SUB","PlateA":"PA","PlateB":"AU"},"geometry":{"type":"LineString","coordinates":[[164.13,-48.74],[163.96,-48.92]]}},{"type":"Feature","properties":{"Type":"SUB","PlateA":"PA","PlateB":"AU"},"geometry":{"type":"LineString","coordinates":[[163.96,-48.92],[163.87,-49.12]]}},{"type":"Feature","properties":{"Type":"SUB","PlateA":"PA","PlateB":"AU"},"geometry":{"type":"LineString","coordinates":[[163.87,-49.12],[163.74,-49.32]]}},{"type":"Feature","properties":{"Type":"SUB","PlateA":"PA","PlateB":"AU"},"geometry":{"type":"LineString","coordinates":[[163.74,-49.32],[163.54,-49.57]]}},{"type":"Feature","properties":{"Type":"SUB","PlateA":"PA","PlateB":"AU"},"geometry":{"type":"LineString","coordinates":[[163.54,-49.57],[163.45,-49.76]]}},{"type":"Feature","properties":{"Type":"SUB","PlateA":"PA","PlateB":"AU"},"geometry":{"type":"LineString","coordinates":[[163.45,-49.76],[163.41,-49.85]]}},{"type":"Feature","properties":{"Type":"SUB","PlateA":"PA","PlateB":"AU"},"geometry":{"type":"LineString","coordinates":[[163.41,-49.85],[163.3,-49.98]]}},{"type":"Feature","properties":{"Type":"SUB","PlateA":"PA","PlateB":"AU"},"geometry":{"type":"LineString","coordinates":[[163.3,-49.98],[163.24,-50.08]]}},{"type":"Feature","properties":{"Type":"OTF","PlateA":"PA","PlateB":"AU"},"geometry":{"type":"LineString","coordinates":[[163.24,-50.08],[163.05,-50.27]]}},{"type":"Feature","properties":{"Type":"OCB","PlateA":"PA","PlateB":"AU"},"geometry":{"type":"LineString","coordinates":[[163.05,-50.27],[162.96,-50.37]]}},{"type":"Feature","properties":{"Type":"OTF","PlateA":"PA","PlateB":"AU"},"geometry":{"type":"LineString","coordinates":[[162.96,-50.37],[162.79,-50.44]]}},{"type":"Feature","properties":{"Type":"OTF","PlateA":"PA","PlateB":"AU"},"geometry":{"type":"LineString","coordinates":[[162.79,-50.44],[162.59,-50.55]]}},{"type":"Feature","properties":{"Type":"OTF","PlateA":"PA","PlateB":"AU"},"geometry":{"type":"LineString","coordinates":[[162.59,-50.55],[162.45,-50.67]]}},{"type":"Feature","properties":{"Type":"OTF","PlateA":"PA","PlateB":"AU"},"geometry":{"type":"LineString","coordinates":[[162.45,-50.67],[162.27,-50.82]]}},{"type":"Feature","properties":{"Type":"OTF","PlateA":"PA","PlateB":"AU"},"geometry":{"type":"LineString","coordinates":[[162.27,-50.82],[162.05,-50.96]]}},{"type":"Feature","properties":{"Type":"OTF","PlateA":"PA","PlateB":"AU"},"geometry":{"type":"LineString","coordinates":[[162.05,-50.96],[161.82,-51.12]]}},{"type":"Feature","properties":{"Type":"OTF","PlateA":"PA","PlateB":"AU"},"geometry":{"type":"LineString","coordinates":[[161.82,-51.12],[161.72,-51.19]]}},{"type":"Feature","properties":{"Type":"OTF","PlateA":"PA","PlateB":"AU"},"geometry":{"type":"LineString","coordinates":[[161.72,-51.19],[161.54,-51.4]]}},{"type":"Feature","properties":{"Type":"OTF","PlateA":"PA","PlateB":"AU"},"geometry":{"type":"LineString","coordinates":[[161.54,-51.4],[161.37,-51.54]]}},{"type":"Feature","properties":{"Type":"OTF","PlateA":"PA","PlateB":"AU"},"geometry":{"type":"LineString","coordinates":[[161.37,-51.54],[161.16,-51.75]]}},{"type":"Feature","properties":{"Type":"OTF","PlateA":"PA","PlateB":"AU"},"geometry":{"type":"LineString","coordinates":[[161.16,-51.75],[161.03,-51.92]]}},{"type":"Feature","properties":{"Type":"OTF","PlateA":"PA","PlateB":"AU"},"geometry":{"type":"LineString","coordinates":[[161.03,-51.92],[160.76,-52.17]]}},{"type":"Feature","properties":{"Type":"OTF","PlateA":"PA","PlateB":"AU"},"geometry":{"type":"LineString","coordinates":[[160.76,-52.17],[160.67,-52.29]]}},{"type":"Feature","properties":{"Type":"OTF","PlateA":"PA","PlateB":"AU"},"geometry":{"type":"LineString","coordinates":[[160.67,-52.29],[160.54,-52.43]]}},{"type":"Feature","properties":{"Type":"OTF","PlateA":"PA","PlateB":"AU"},"geometry":{"type":"LineString","coordinates":[[160.54,-52.43],[160.34,-52.63]]}},{"type":"Feature","properties":{"Type":"OTF","PlateA":"PA","PlateB":"AU"},"geometry":{"type":"LineString","coordinates":[[160.34,-52.63],[160.09,-52.82]]}},{"type":"Feature","properties":{"Type":"OTF","PlateA":"PA","PlateB":"AU"},"geometry":{"type":"LineString","coordinates":[[160.09,-52.82],[159.91,-52.99]]}},{"type":"Feature","properties":{"Type":"OTF","PlateA":"PA","PlateB":"AU"},"geometry":{"type":"LineString","coordinates":[[159.91,-52.99],[159.73,-53.17]]}},{"type":"Feature","properties":{"Type":"OTF","PlateA":"PA","PlateB":"AU"},"geometry":{"type":"LineString","coordinates":[[159.73,-53.17],[159.51,-53.34]]}},{"type":"Feature","properties":{"Type":"OTF","PlateA":"PA","PlateB":"AU"},"geometry":{"type":"LineString","coordinates":[[159.51,-53.34],[159.32,-53.6]]}},{"type":"Feature","properties":{"Type":"OSR","PlateA":"PA","PlateB":"AU"},"geometry":{"type":"LineString","coordinates":[[159.32,-53.6],[159.22,-53.62]]}},{"type":"Feature","properties":{"Type":"OCB","PlateA":"PA","PlateB":"AU"},"geometry":{"type":"LineString","coordinates":[[159.22,-53.62],[159.14,-53.81]]}},{"type":"Feature","properties":{"Type":"OTF","PlateA":"PA","PlateB":"AU"},"geometry":{"type":"LineString","coordinates":[[159.14,-53.81],[158.99,-54.09]]}},{"type":"Feature","properties":{"Type":"OTF","PlateA":"PA","PlateB":"AU"},"geometry":{"type":"LineString","coordinates":[[158.99,-54.09],[158.89,-54.31]]}},{"type":"Feature","properties":{"Type":"OTF","PlateA":"PA","PlateB":"AU"},"geometry":{"type":"LineString","coordinates":[[158.89,-54.31],[158.74,-54.56]]}},{"type":"Feature","properties":{"Type":"OTF","PlateA":"PA","PlateB":"AU"},"geometry":{"type":"LineString","coordinates":[[158.74,-54.56],[158.67,-54.69]]}},{"type":"Feature","properties":{"Type":"OCB","PlateA":"PA","PlateB":"AU"},"geometry":{"type":"LineString","coordinates":[[158.67,-54.69],[158.62,-54.93]]}},{"type":"Feature","properties":{"Type":"OCB","PlateA":"PA","PlateB":"AU"},"geometry":{"type":"LineString","coordinates":[[158.62,-54.93],[158.6,-55.05]]}},{"type":"Feature","properties":{"Type":"OCB","PlateA":"PA","PlateB":"AU"},"geometry":{"type":"LineString","coordinates":[[158.6,-55.05],[158.54,-55.27]]}},{"type":"Feature","properties":{"Type":"OCB","PlateA":"PA","PlateB":"AU"},"geometry":{"type":"LineString","coordinates":[[158.54,-55.27],[158.47,-55.52]]}},{"type":"Feature","properties":{"Type":"OTF","PlateA":"PA","PlateB":"AU"},"geometry":{"type":"LineString","coordinates":[[158.47,-55.52],[158.33,-55.78]]}},{"type":"Feature","properties":{"Type":"OTF","PlateA":"PA","PlateB":"AU"},"geometry":{"type":"LineString","coordinates":[[158.33,-55.78],[158.23,-56.02]]}},{"type":"Feature","properties":{"Type":"OTF","PlateA":"PA","PlateB":"AU"},"geometry":{"type":"LineString","coordinates":[[158.23,-56.02],[158.15,-56.16]]}},{"type":"Feature","properties":{"Type":"OTF","PlateA":"PA","PlateB":"AU"},"geometry":{"type":"LineString","coordinates":[[158.15,-56.16],[158.04,-56.31]]}},{"type":"Feature","properties":{"Type":"OTF","PlateA":"PA","PlateB":"AU"},"geometry":{"type":"LineString","coordinates":[[158.04,-56.31],[157.94,-56.44]]}},{"type":"Feature","properties":{"Type":"OTF","PlateA":"PA","PlateB":"AU"},"geometry":{"type":"LineString","coordinates":[[157.94,-56.44],[157.82,-56.72]]}},{"type":"Feature","properties":{"Type":"OTF","PlateA":"PA","PlateB":"AU"},"geometry":{"type":"LineString","coordinates":[[157.82,-56.72],[157.7,-56.99]]}},{"type":"Feature","properties":{"Type":"OTF","PlateA":"PA","PlateB":"AU"},"geometry":{"type":"LineString","coordinates":[[157.7,-56.99],[157.64,-57.23]]}},{"type":"Feature","properties":{"Type":"OTF","PlateA":"PA","PlateB":"AU"},"geometry":{"type":"LineString","coordinates":[[157.64,-57.23],[157.62,-57.47]]}},{"type":"Feature","properties":{"Type":"OCB","PlateA":"PA","PlateB":"AU"},"geometry":{"type":"LineString","coordinates":[[157.62,-57.47],[157.62,-57.78]]}},{"type":"Feature","properties":{"Type":"OCB","PlateA":"PA","PlateB":"AU"},"geometry":{"type":"LineString","coordinates":[[157.62,-57.78],[157.75,-58.07]]}},{"type":"Feature","properties":{"Type":"OCB","PlateA":"PA","PlateB":"AU"},"geometry":{"type":"LineString","coordinates":[[157.75,-58.07],[157.92,-58.33]]}},{"type":"Feature","properties":{"Type":"OCB","PlateA":"PA","PlateB":"AU"},"geometry":{"type":"LineString","coordinates":[[157.92,-58.33],[158.12,-58.6]]}},{"type":"Feature","properties":{"Type":"OCB","PlateA":"PA","PlateB":"AU"},"geometry":{"type":"LineString","coordinates":[[158.12,-58.6],[158.27,-58.78]]}},{"type":"Feature","properties":{"Type":"OCB","PlateA":"PA","PlateB":"AU"},"geometry":{"type":"LineString","coordinates":[[158.27,-58.78],[158.39,-58.86]]}},{"type":"Feature","properties":{"Type":"OCB","PlateA":"PA","PlateB":"AU"},"geometry":{"type":"LineString","coordinates":[[158.39,-58.86],[158.65,-59.07]]}},{"type":"Feature","properties":{"Type":"OCB","PlateA":"PA","PlateB":"AU"},"geometry":{"type":"LineString","coordinates":[[158.65,-59.07],[158.97,-59.3]]}},{"type":"Feature","properties":{"Type":"OCB","PlateA":"PA","PlateB":"AU"},"geometry":{"type":"LineString","coordinates":[[158.97,-59.3],[159.19,-59.51]]}},{"type":"Feature","properties":{"Type":"OCB","PlateA":"PA","PlateB":"AU"},"geometry":{"type":"LineString","coordinates":[[159.19,-59.51],[159.41,-59.73]]}},{"type":"Feature","properties":{"Type":"OCB","PlateA":"PA","PlateB":"AU"},"geometry":{"type":"LineString","coordinates":[[159.41,-59.73],[159.69,-59.94]]}},{"type":"Feature","properties":{"Type":"OCB","PlateA":"PA","PlateB":"AU"},"geometry":{"type":"LineString","coordinates":[[159.69,-59.94],[159.8,-60.01]]}},{"type":"Feature","properties":{"Type":"CTF","PlateA":"ON","PlateB":"PS"},"geometry":{"type":"LineString","coordinates":[[121.58,24.69],[121.78,24.26]]}},{"type":"Feature","properties":{"Type":"OTF","PlateA":"ON","PlateB":"PS"},"geometry":{"type":"LineString","coordinates":[[121.78,24.26],[122.14,23.95]]}},{"type":"Feature","properties":{"Type":"OTF","PlateA":"ON","PlateB":"PS"},"geometry":{"type":"LineString","coordinates":[[122.14,23.95],[122.5,23.64]]}},{"type":"Feature","properties":{"Type":"OCB","PlateA":"ON","PlateB":"PS"},"geometry":{"type":"LineString","coordinates":[[122.5,23.64],[123.01,23.47]]}},{"type":"Feature","properties":{"Type":"OCB","PlateA":"ON","PlateB":"PS"},"geometry":{"type":"LineString","coordinates":[[123.01,23.47],[123.52,23.45]]}},{"type":"Feature","properties":{"Type":"OCB","PlateA":"ON","PlateB":"PS"},"geometry":{"type":"LineString","coordinates":[[123.52,23.45],[124.03,23.44]]}},{"type":"Feature","properties":{"Type":"OCB","PlateA":"ON","PlateB":"PS"},"geometry":{"type":"LineString","coordinates":[[124.03,23.44],[124.53,23.42]]}},{"type":"Feature","properties":{"Type":"OCB","PlateA":"ON","PlateB":"PS"},"geometry":{"type":"LineString","coordinates":[[124.53,23.42],[125.04,23.4]]}},{"type":"Feature","properties":{"Type":"OCB","PlateA":"ON","PlateB":"PS"},"geometry":{"type":"LineString","coordinates":[[125.04,23.4],[125.55,23.38]]}},{"type":"Feature","properties":{"Type":"SUB","PlateA":"ON","PlateB":"PS"},"geometry":{"type":"LineString","coordinates":[[125.55,23.38],[125.95,23.5]]}},{"type":"Feature","properties":{"Type":"SUB","PlateA":"ON","PlateB":"PS"},"geometry":{"type":"LineString","coordinates":[[125.95,23.5],[126.43,23.76]]}},{"type":"Feature","properties":{"Type":"SUB","PlateA":"ON","PlateB":"PS"},"geometry":{"type":"LineString","coordinates":[[126.43,23.76],[126.9,24.1]]}},{"type":"Feature","properties":{"Type":"SUB","PlateA":"ON","PlateB":"PS"},"geometry":{"type":"LineString","coordinates":[[126.9,24.1],[127.4,24.5]]}},{"type":"Feature","properties":{"Type":"SUB","PlateA":"ON","PlateB":"PS"},"geometry":{"type":"LineString","coordinates":[[127.4,24.5],[127.91,24.97]]}},{"type":"Feature","properties":{"Type":"SUB","PlateA":"ON","PlateB":"PS"},"geometry":{"type":"LineString","coordinates":[[127.91,24.97],[128.46,25.46]]}},{"type":"Feature","properties":{"Type":"CRB","PlateA":"YA","PlateB":"ON"},"geometry":{"type":"LineString","coordinates":[[121.58,24.69],[122.02,24.85]]}},{"type":"Feature","properties":{"Type":"CRB","PlateA":"YA","PlateB":"ON"},"geometry":{"type":"LineString","coordinates":[[122.02,24.85],[122.55,25.07]]}},{"type":"Feature","properties":{"Type":"CRB","PlateA":"YA","PlateB":"ON"},"geometry":{"type":"LineString","coordinates":[[122.55,25.07],[123.18,24.86]]}},{"type":"Feature","properties":{"Type":"CRB","PlateA":"YA","PlateB":"ON"},"geometry":{"type":"LineString","coordinates":[[123.18,24.86],[123.72,24.9]]}},{"type":"Feature","properties":{"Type":"CRB","PlateA":"YA","PlateB":"ON"},"geometry":{"type":"LineString","coordinates":[[123.72,24.9],[123.76,25.02]]}},{"type":"Feature","properties":{"Type":"CRB","PlateA":"YA","PlateB":"ON"},"geometry":{"type":"LineString","coordinates":[[123.76,25.02],[124.15,25.07]]}},{"type":"Feature","properties":{"Type":"OSR","PlateA":"YA","PlateB":"ON"},"geometry":{"type":"LineString","coordinates":[[124.15,25.07],[124.71,25.12]]}},{"type":"Feature","properties":{"Type":"CRB","PlateA":"YA","PlateB":"ON"},"geometry":{"type":"LineString","coordinates":[[124.71,25.12],[124.7,25.48]]}},{"type":"Feature","properties":{"Type":"CRB","PlateA":"YA","PlateB":"ON"},"geometry":{"type":"LineString","coordinates":[[124.7,25.48],[125.16,25.57]]}},{"type":"Feature","properties":{"Type":"CRB","PlateA":"YA","PlateB":"ON"},"geometry":{"type":"LineString","coordinates":[[125.16,25.57],[125.74,25.64]]}},{"type":"Feature","properties":{"Type":"CTF","PlateA":"YA","PlateB":"ON"},"geometry":{"type":"LineString","coordinates":[[125.74,25.64],[125.66,25.93]]}},{"type":"Feature","properties":{"Type":"CRB","PlateA":"YA","PlateB":"ON"},"geometry":{"type":"LineString","coordinates":[[125.66,25.93],[126.07,26.12]]}},{"type":"Feature","properties":{"Type":"CRB","PlateA":"YA","PlateB":"ON"},"geometry":{"type":"LineString","coordinates":[[126.07,26.12],[126.38,26.37]]}},{"type":"Feature","properties":{"Type":"CRB","PlateA":"YA","PlateB":"ON"},"geometry":{"type":"LineString","coordinates":[[126.38,26.37],[126.48,26.54]]}},{"type":"Feature","properties":{"Type":"CRB","PlateA":"YA","PlateB":"ON"},"geometry":{"type":"LineString","coordinates":[[126.48,26.54],[126.82,26.81]]}},{"type":"Feature","properties":{"Type":"CTF","PlateA":"YA","PlateB":"ON"},"geometry":{"type":"LineString","coordinates":[[126.82,26.81],[126.75,27.01]]}},{"type":"Feature","properties":{"Type":"CRB","PlateA":"YA","PlateB":"ON"},"geometry":{"type":"LineString","coordinates":[[126.75,27.01],[126.89,27.15]]}},{"type":"Feature","properties":{"Type":"CRB","PlateA":"YA","PlateB":"ON"},"geometry":{"type":"LineString","coordinates":[[126.89,27.15],[127.42,27.49]]}},{"type":"Feature","properties":{"Type":"CTF","PlateA":"YA","PlateB":"ON"},"geometry":{"type":"LineString","coordinates":[[127.42,27.49],[127.35,27.66]]}},{"type":"Feature","properties":{"Type":"CRB","PlateA":"YA","PlateB":"ON"},"geometry":{"type":"LineString","coordinates":[[127.35,27.66],[127.6,27.79]]}},{"type":"Feature","properties":{"Type":"CRB","PlateA":"YA","PlateB":"ON"},"geometry":{"type":"LineString","coordinates":[[127.6,27.79],[128.05,28.05]]}},{"type":"Feature","properties":{"Type":"CRB","PlateA":"YA","PlateB":"ON"},"geometry":{"type":"LineString","coordinates":[[128.05,28.05],[128.56,28.4]]}},{"type":"Feature","properties":{"Type":"CTF","PlateA":"YA","PlateB":"ON"},"geometry":{"type":"LineString","coordinates":[[128.56,28.4],[128.32,28.71]]}},{"type":"Feature","properties":{"Type":"CRB","PlateA":"YA","PlateB":"ON"},"geometry":{"type":"LineString","coordinates":[[128.32,28.71],[128.69,29.03]]}},{"type":"Feature","properties":{"Type":"CRB","PlateA":"YA","PlateB":"ON"},"geometry":{"type":"LineString","coordinates":[[128.69,29.03],[129.06,29.36]]}},{"type":"Feature","properties":{"Type":"CCB","PlateA":"YA","PlateB":"ON"},"geometry":{"type":"LineString","coordinates":[[129.06,29.36],[128.65,29.89]]}},{"type":"Feature","properties":{"Type":"CRB","PlateA":"YA","PlateB":"ON"},"geometry":{"type":"LineString","coordinates":[[128.65,29.89],[128.88,30.1]]}},{"type":"Feature","properties":{"Type":"CTF","PlateA":"YA","PlateB":"ON"},"geometry":{"type":"LineString","coordinates":[[128.88,30.1],[128.85,30.39]]}},{"type":"Feature","properties":{"Type":"CRB","PlateA":"YA","PlateB":"ON"},"geometry":{"type":"LineString","coordinates":[[128.85,30.39],[129.03,30.59]]}},{"type":"Feature","properties":{"Type":"CCB","PlateA":"YA","PlateB":"ON"},"geometry":{"type":"LineString","coordinates":[[129.03,30.59],[128.82,31.02]]}},{"type":"Feature","properties":{"Type":"CRB","PlateA":"YA","PlateB":"ON"},"geometry":{"type":"LineString","coordinates":[[128.82,31.02],[129.06,31.26]]}},{"type":"Feature","properties":{"Type":"CTF","PlateA":"YA","PlateB":"ON"},"geometry":{"type":"LineString","coordinates":[[129.06,31.26],[129.12,31.41]]}},{"type":"Feature","properties":{"Type":"CTF","PlateA":"YA","PlateB":"ON"},"geometry":{"type":"LineString","coordinates":[[129.12,31.41],[129.44,31.79]]}},{"type":"Feature","properties":{"Type":"CRB","PlateA":"AM","PlateB":"ON"},"geometry":{"type":"LineString","coordinates":[[129.44,31.79],[129.77,32.04]]}},{"type":"Feature","properties":{"Type":"CRB","PlateA":"AM","PlateB":"ON"},"geometry":{"type":"LineString","coordinates":[[129.77,32.04],[130.19,32.02]]}},{"type":"Feature","properties":{"Type":"CRB","PlateA":"AM","PlateB":"ON"},"geometry":{"type":"LineString","coordinates":[[130.19,32.02],[130.84,31.98]]}},{"type":"Feature","properties":{"Type":"CRB","PlateA":"AM","PlateB":"ON"},"geometry":{"type":"LineString","coordinates":[[130.84,31.98],[131.28,31.88]]}},{"type":"Feature","properties":{"Type":"CRB","PlateA":"AM","PlateB":"ON"},"geometry":{"type":"LineString","coordinates":[[131.28,31.88],[131.72,31.76]]}},{"type":"Feature","properties":{"Type":"CRB","PlateA":"AM","PlateB":"ON"},"geometry":{"type":"LineString","coordinates":[[131.72,31.76],[132.03,31.48]]}},{"type":"Feature","properties":{"Type":"CRB","PlateA":"AM","PlateB":"ON"},"geometry":{"type":"LineString","coordinates":[[132.03,31.48],[132.27,31.26]]}},{"type":"Feature","properties":{"Type":"OSR","PlateA":"AM","PlateB":"ON"},"geometry":{"type":"LineString","coordinates":[[132.27,31.26],[132.58,30.99]]}},{"type":"Feature","properties":{"Type":"OSR","PlateA":"AM","PlateB":"ON"},"geometry":{"type":"LineString","coordinates":[[132.58,30.99],[132.82,30.75]]}},{"type":"Feature","properties":{"Type":"CRB","PlateA":"EU","PlateB":"AM"},"geometry":{"type":"LineString","coordinates":[[123.36,31.47],[124.07,32.17]]}},{"type":"Feature","properties":{"Type":"CRB","PlateA":"EU","PlateB":"AM"},"geometry":{"type":"LineString","coordinates":[[124.07,32.17],[124.79,32.87]]}},{"type":"Feature","properties":{"Type":"CRB","PlateA":"EU","PlateB":"AM"},"geometry":{"type":"LineString","coordinates":[[124.79,32.87],[125.52,33.56]]}},{"type":"Feature","properties":{"Type":"CRB","PlateA":"EU","PlateB":"AM"},"geometry":{"type":"LineString","coordinates":[[125.52,33.56],[126.26,34.25]]}},{"type":"Feature","properties":{"Type":"CTF","PlateA":"AM","PlateB":"YA"},"geometry":{"type":"LineString","coordinates":[[123.36,31.47],[123.87,31.33]]}},{"type":"Feature","properties":{"Type":"CTF","PlateA":"AM","PlateB":"YA"},"geometry":{"type":"LineString","coordinates":[[123.87,31.33],[124.49,31.25]]}},{"type":"Feature","properties":{"Type":"CTF","PlateA":"AM","PlateB":"YA"},"geometry":{"type":"LineString","coordinates":[[124.49,31.25],[125.03,31.2]]}},{"type":"Feature","properties":{"Type":"CTF","PlateA":"AM","PlateB":"YA"},"geometry":{"type":"LineString","coordinates":[[125.03,31.2],[125.73,31.2]]}},{"type":"Feature","properties":{"Type":"CTF","PlateA":"AM","PlateB":"YA"},"geometry":{"type":"LineString","coordinates":[[125.73,31.2],[126.4,31.23]]}},{"type":"Feature","properties":{"Type":"CTF","PlateA":"AM","PlateB":"YA"},"geometry":{"type":"LineString","coordinates":[[126.4,31.23],[127.05,31.27]]}},{"type":"Feature","properties":{"Type":"CTF","PlateA":"AM","PlateB":"YA"},"geometry":{"type":"LineString","coordinates":[[127.05,31.27],[127.66,31.36]]}},{"type":"Feature","properties":{"Type":"CTF","PlateA":"AM","PlateB":"YA"},"geometry":{"type":"LineString","coordinates":[[127.66,31.36],[128.26,31.47]]}},{"type":"Feature","properties":{"Type":"CTF","PlateA":"AM","PlateB":"YA"},"geometry":{"type":"LineString","coordinates":[[128.26,31.47],[128.81,31.6]]}},{"type":"Feature","properties":{"Type":"CTF","PlateA":"AM","PlateB":"YA"},"geometry":{"type":"LineString","coordinates":[[128.81,31.6],[129.44,31.79]]}},{"type":"Feature","properties":{"Type":"OCB","PlateA":"CL","PlateB":"PS"},"geometry":{"type":"LineString","coordinates":[[134.52,6.99],[134.27,6.61]]}},{"type":"Feature","properties":{"Type":"OCB","PlateA":"CL","PlateB":"PS"},"geometry":{"type":"LineString","coordinates":[[134.27,6.61],[133.99,6.33]]}},{"type":"Feature","properties":{"Type":"OSR","PlateA":"CL","PlateB":"PS"},"geometry":{"type":"LineString","coordinates":[[133.99,6.33],[133.67,6.16]]}},{"type":"Feature","properties":{"Type":"OSR","PlateA":"CL","PlateB":"PS"},"geometry":{"type":"LineString","coordinates":[[133.67,6.16],[133.43,5.96]]}},{"type":"Feature","properties":{"Type":"OSR","PlateA":"CL","PlateB":"PS"},"geometry":{"type":"LineString","coordinates":[[133.43,5.96],[133.31,5.73]]}},{"type":"Feature","properties":{"Type":"OSR","PlateA":"CL","PlateB":"PS"},"geometry":{"type":"LineString","coordinates":[[133.31,5.73],[133.24,5.35]]}},{"type":"Feature","properties":{"Type":"OSR","PlateA":"CL","PlateB":"PS"},"geometry":{"type":"LineString","coordinates":[[133.24,5.35],[133.19,5.02]]}},{"type":"Feature","properties":{"Type":"OSR","PlateA":"CL","PlateB":"PS"},"geometry":{"type":"LineString","coordinates":[[133.19,5.02],[133.03,4.79]]}},{"type":"Feature","properties":{"Type":"OSR","PlateA":"CL","PlateB":"PS"},"geometry":{"type":"LineString","coordinates":[[133.03,4.79],[132.91,4.45]]}},{"type":"Feature","properties":{"Type":"OSR","PlateA":"CL","PlateB":"PS"},"geometry":{"type":"LineString","coordinates":[[132.91,4.45],[132.79,4.12]]}},{"type":"Feature","properties":{"Type":"OSR","PlateA":"CL","PlateB":"PS"},"geometry":{"type":"LineString","coordinates":[[132.79,4.12],[132.74,3.7]]}},{"type":"Feature","properties":{"Type":"OSR","PlateA":"CL","PlateB":"PS"},"geometry":{"type":"LineString","coordinates":[[132.74,3.7],[132.79,3.31]]}},{"type":"Feature","properties":{"Type":"OSR","PlateA":"CL","PlateB":"PS"},"geometry":{"type":"LineString","coordinates":[[132.79,3.31],[132.85,2.91]]}},{"type":"Feature","properties":{"Type":"OSR","PlateA":"CL","PlateB":"PS"},"geometry":{"type":"LineString","coordinates":[[132.85,2.91],[132.82,2.54]]}},{"type":"Feature","properties":{"Type":"OSR","PlateA":"CL","PlateB":"PS"},"geometry":{"type":"LineString","coordinates":[[132.82,2.54],[132.77,2.26]]}},{"type":"Feature","properties":{"Type":"OSR","PlateA":"CL","PlateB":"PS"},"geometry":{"type":"LineString","coordinates":[[132.77,2.26],[132.73,1.73]]}},{"type":"Feature","properties":{"Type":"OSR","PlateA":"CL","PlateB":"PS"},"geometry":{"type":"LineString","coordinates":[[132.73,1.73],[132.72,1.17]]}},{"type":"Feature","properties":{"Type":"OSR","PlateA":"CL","PlateB":"PS"},"geometry":{"type":"LineString","coordinates":[[132.72,1.17],[132.65,0.81]]}},{"type":"Feature","properties":{"Type":"OSR","PlateA":"CL","PlateB":"PS"},"geometry":{"type":"LineString","coordinates":[[132.65,0.81],[132.51,0.02]]}},{"type":"Feature","properties":{"Type":"OTF","PlateA":"PA","PlateB":"CL"},"geometry":{"type":"LineString","coordinates":[[138.36,9.38],[139.19,9.07]]}},{"type":"Feature","properties":{"Type":"OTF","PlateA":"PA","PlateB":"CL"},"geometry":{"type":"LineString","coordinates":[[139.19,9.07],[139.89,8.87]]}},{"type":"Feature","properties":{"Type":"OTF","PlateA":"PA","PlateB":"CL"},"geometry":{"type":"LineString","coordinates":[[139.89,8.87],[140.58,8.67]]}},{"type":"Feature","properties":{"Type":"OTF","PlateA":"PA","PlateB":"CL"},"geometry":{"type":"LineString","coordinates":[[140.58,8.67],[141.05,8.39]]}},{"type":"Feature","properties":{"Type":"OTF","PlateA":"PA","PlateB":"CL"},"geometry":{"type":"LineString","coordinates":[[141.05,8.39],[141.52,8.12]]}},{"type":"Feature","properties":{"Type":"OTF","PlateA":"PA","PlateB":"CL"},"geometry":{"type":"LineString","coordinates":[[141.52,8.12],[142.26,7.61]]}},{"type":"Feature","properties":{"Type":"OTF","PlateA":"PA","PlateB":"CL"},"geometry":{"type":"LineString","coordinates":[[142.26,7.61],[142.67,7.39]]}},{"type":"Feature","properties":{"Type":"OTF","PlateA":"PA","PlateB":"CL"},"geometry":{"type":"LineString","coordinates":[[142.67,7.39],[143.07,7.17]]}},{"type":"Feature","properties":{"Type":"OTF","PlateA":"PA","PlateB":"CL"},"geometry":{"type":"LineString","coordinates":[[143.07,7.17],[143.56,6.81]]}},{"type":"Feature","properties":{"Type":"OTF","PlateA":"PA","PlateB":"CL"},"geometry":{"type":"LineString","coordinates":[[143.56,6.81],[144.03,6.68]]}},{"type":"Feature","properties":{"Type":"OSR","PlateA":"PA","PlateB":"CL"},"geometry":{"type":"LineString","coordinates":[[144.03,6.68],[144.66,6.61]]}},{"type":"Feature","properties":{"Type":"OTF","PlateA":"PA","PlateB":"CL"},"geometry":{"type":"LineString","coordinates":[[144.66,6.61],[145.07,6.5]]}},{"type":"Feature","properties":{"Type":"OTF","PlateA":"PA","PlateB":"CL"},"geometry":{"type":"LineString","coordinates":[[145.07,6.5],[145.47,6.35]]}},{"type":"Feature","properties":{"Type":"OTF","PlateA":"PA","PlateB":"CL"},"geometry":{"type":"LineString","coordinates":[[145.47,6.35],[146,6.16]]}},{"type":"Feature","properties":{"Type":"OTF","PlateA":"PA","PlateB":"CL"},"geometry":{"type":"LineString","coordinates":[[146,6.16],[146.38,5.88]]}},{"type":"Feature","properties":{"Type":"OTF","PlateA":"PA","PlateB":"CL"},"geometry":{"type":"LineString","coordinates":[[146.38,5.88],[146.73,5.51]]}},{"type":"Feature","properties":{"Type":"OTF","PlateA":"PA","PlateB":"CL"},"geometry":{"type":"LineString","coordinates":[[146.73,5.51],[147.08,5.14]]}},{"type":"Feature","properties":{"Type":"OTF","PlateA":"PA","PlateB":"CL"},"geometry":{"type":"LineString","coordinates":[[147.08,5.14],[147.43,4.76]]}},{"type":"Feature","properties":{"Type":"OTF","PlateA":"PA","PlateB":"CL"},"geometry":{"type":"LineString","coordinates":[[147.43,4.76],[147.77,4.39]]}},{"type":"Feature","properties":{"Type":"OTF","PlateA":"PA","PlateB":"CL"},"geometry":{"type":"LineString","coordinates":[[147.77,4.39],[148.19,3.78]]}},{"type":"Feature","properties":{"Type":"OTF","PlateA":"PA","PlateB":"CL"},"geometry":{"type":"LineString","coordinates":[[148.19,3.78],[148.69,3.14]]}},{"type":"Feature","properties":{"Type":"OCB","PlateA":"PA","PlateB":"CL"},"geometry":{"type":"LineString","coordinates":[[148.69,3.14],[148.67,2.63]]}},{"type":"Feature","properties":{"Type":"OCB","PlateA":"PA","PlateB":"CL"},"geometry":{"type":"LineString","coordinates":[[148.67,2.63],[148.68,2.06]]}},{"type":"Feature","properties":{"Type":"OCB","PlateA":"PA","PlateB":"CL"},"geometry":{"type":"LineString","coordinates":[[148.68,2.06],[148.7,1.49]]}},{"type":"Feature","properties":{"Type":"OCB","PlateA":"PA","PlateB":"CL"},"geometry":{"type":"LineString","coordinates":[[148.7,1.49],[148.86,0.94]]}},{"type":"Feature","properties":{"Type":"OTF","PlateA":"PA","PlateB":"CL"},"geometry":{"type":"LineString","coordinates":[[148.86,0.94],[149.11,0.41]]}},{"type":"Feature","properties":{"Type":"OCB","PlateA":"PA","PlateB":"CL"},"geometry":{"type":"LineString","coordinates":[[149.11,0.41],[149.19,-0.14]]}},{"type":"Feature","properties":{"Type":"OCB","PlateA":"PA","PlateB":"CL"},"geometry":{"type":"LineString","coordinates":[[149.19,-0.14],[149.25,-0.4]]}},{"type":"Feature","properties":{"Type":"OCB","PlateA":"PA","PlateB":"CL"},"geometry":{"type":"LineString","coordinates":[[149.25,-0.4],[149.27,-0.65]]}},{"type":"Feature","properties":{"Type":"OCB","PlateA":"CL","PlateB":"NB"},"geometry":{"type":"LineString","coordinates":[[142.25,-2.69],[142.39,-2.46]]}},{"type":"Feature","properties":{"Type":"OCB","PlateA":"CL","PlateB":"NB"},"geometry":{"type":"LineString","coordinates":[[142.39,-2.46],[142.63,-1.92]]}},{"type":"Feature","properties":{"Type":"CCB","PlateA":"CL","PlateB":"NB"},"geometry":{"type":"LineString","coordinates":[[142.63,-1.92],[142.92,-1.45]]}},{"type":"Feature","properties":{"Type":"OCB","PlateA":"CL","PlateB":"NB"},"geometry":{"type":"LineString","coordinates":[[142.92,-1.45],[143.26,-1.16]]}},{"type":"Feature","properties":{"Type":"OCB","PlateA":"CL","PlateB":"NB"},"geometry":{"type":"LineString","coordinates":[[143.26,-1.16],[143.81,-0.95]]}},{"type":"Feature","properties":{"Type":"OCB","PlateA":"CL","PlateB":"NB"},"geometry":{"type":"LineString","coordinates":[[143.81,-0.95],[144.36,-0.74]]}},{"type":"Feature","properties":{"Type":"OCB","PlateA":"CL","PlateB":"NB"},"geometry":{"type":"LineString","coordinates":[[144.36,-0.74],[145.03,-0.53]]}},{"type":"Feature","properties":{"Type":"OCB","PlateA":"CL","PlateB":"NB"},"geometry":{"type":"LineString","coordinates":[[145.03,-0.53],[145.5,-0.47]]}},{"type":"Feature","properties":{"Type":"OCB","PlateA":"CL","PlateB":"NB"},"geometry":{"type":"LineString","coordinates":[[145.5,-0.47],[145.92,-0.35]]}},{"type":"Feature","properties":{"Type":"OCB","PlateA":"CL","PlateB":"NB"},"geometry":{"type":"LineString","coordinates":[[145.92,-0.35],[146.6,-0.29]]}},{"type":"Feature","properties":{"Type":"OCB","PlateA":"CL","PlateB":"NB"},"geometry":{"type":"LineString","coordinates":[[146.6,-0.29],[147.06,-0.29]]}},{"type":"Feature","properties":{"Type":"OCB","PlateA":"CL","PlateB":"NB"},"geometry":{"type":"LineString","coordinates":[[147.06,-0.29],[147.35,-0.28]]}},{"type":"Feature","properties":{"Type":"OCB","PlateA":"CL","PlateB":"NB"},"geometry":{"type":"LineString","coordinates":[[147.35,-0.28],[147.86,-0.43]]}},{"type":"Feature","properties":{"Type":"OCB","PlateA":"CL","PlateB":"NB"},"geometry":{"type":"LineString","coordinates":[[147.86,-0.43],[148.34,-0.41]]}},{"type":"Feature","properties":{"Type":"OCB","PlateA":"CL","PlateB":"NB"},"geometry":{"type":"LineString","coordinates":[[148.34,-0.41],[148.72,-0.39]]}},{"type":"Feature","properties":{"Type":"OCB","PlateA":"CL","PlateB":"NB"},"geometry":{"type":"LineString","coordinates":[[148.72,-0.39],[148.91,-0.46]]}},{"type":"Feature","properties":{"Type":"OCB","PlateA":"CL","PlateB":"NB"},"geometry":{"type":"LineString","coordinates":[[148.91,-0.46],[149.27,-0.65]]}},{"type":"Feature","properties":{"Type":"OCB","PlateA":"PA","PlateB":"NB"},"geometry":{"type":"LineString","coordinates":[[149.27,-0.65],[149.48,-0.82]]}},{"type":"Feature","properties":{"Type":"OCB","PlateA":"PA","PlateB":"NB"},"geometry":{"type":"LineString","coordinates":[[149.48,-0.82],[149.77,-1]]}},{"type":"Feature","properties":{"Type":"OCB","PlateA":"PA","PlateB":"NB"},"geometry":{"type":"LineString","coordinates":[[149.77,-1],[150.02,-1.02]]}},{"type":"Feature","properties":{"Type":"OCB","PlateA":"PA","PlateB":"NB"},"geometry":{"type":"LineString","coordinates":[[150.02,-1.02],[150.34,-1.12]]}},{"type":"Feature","properties":{"Type":"OCB","PlateA":"PA","PlateB":"NB"},"geometry":{"type":"LineString","coordinates":[[150.34,-1.12],[150.72,-1.22]]}},{"type":"Feature","properties":{"Type":"OCB","PlateA":"PA","PlateB":"NB"},"geometry":{"type":"LineString","coordinates":[[150.72,-1.22],[151.09,-1.31]]}},{"type":"Feature","properties":{"Type":"OCB","PlateA":"PA","PlateB":"NB"},"geometry":{"type":"LineString","coordinates":[[151.09,-1.31],[151.43,-1.46]]}},{"type":"Feature","properties":{"Type":"OCB","PlateA":"PA","PlateB":"NB"},"geometry":{"type":"LineString","coordinates":[[151.43,-1.46],[151.82,-1.65]]}},{"type":"Feature","properties":{"Type":"OCB","PlateA":"PA","PlateB":"NB"},"geometry":{"type":"LineString","coordinates":[[151.82,-1.65],[152.16,-1.86]]}},{"type":"Feature","properties":{"Type":"OCB","PlateA":"PA","PlateB":"NB"},"geometry":{"type":"LineString","coordinates":[[152.16,-1.86],[152.58,-2.13]]}},{"type":"Feature","properties":{"Type":"OCB","PlateA":"PA","PlateB":"NB"},"geometry":{"type":"LineString","coordinates":[[152.58,-2.13],[152.92,-2.15]]}},{"type":"Feature","properties":{"Type":"OCB","PlateA":"PA","PlateB":"NB"},"geometry":{"type":"LineString","coordinates":[[152.92,-2.15],[153.12,-2.2]]}},{"type":"Feature","properties":{"Type":"OCB","PlateA":"PA","PlateB":"NB"},"geometry":{"type":"LineString","coordinates":[[153.12,-2.2],[153.39,-2.44]]}},{"type":"Feature","properties":{"Type":"OCB","PlateA":"PA","PlateB":"NB"},"geometry":{"type":"LineString","coordinates":[[153.39,-2.44],[153.54,-2.6]]}},{"type":"Feature","properties":{"Type":"OCB","PlateA":"PA","PlateB":"NB"},"geometry":{"type":"LineString","coordinates":[[153.54,-2.6],[153.71,-2.69]]}},{"type":"Feature","properties":{"Type":"OCB","PlateA":"PA","PlateB":"NB"},"geometry":{"type":"LineString","coordinates":[[153.71,-2.69],[153.88,-3.04]]}},{"type":"Feature","properties":{"Type":"OCB","PlateA":"PA","PlateB":"NB"},"geometry":{"type":"LineString","coordinates":[[153.88,-3.04],[154.04,-3.33]]}},{"type":"Feature","properties":{"Type":"OCB","PlateA":"PA","PlateB":"NB"},"geometry":{"type":"LineString","coordinates":[[154.04,-3.33],[154.26,-3.61]]}},{"type":"Feature","properties":{"Type":"OTF","PlateA":"PA","PlateB":"NB"},"geometry":{"type":"LineString","coordinates":[[154.26,-3.61],[154.36,-3.95]]}},{"type":"Feature","properties":{"Type":"OCB","PlateA":"PA","PlateB":"NB"},"geometry":{"type":"LineString","coordinates":[[154.36,-3.95],[154.7,-4.28]]}},{"type":"Feature","properties":{"Type":"OCB","PlateA":"PA","PlateB":"NB"},"geometry":{"type":"LineString","coordinates":[[154.7,-4.28],[154.96,-4.55]]}},{"type":"Feature","properties":{"Type":"OTF","PlateA":"PA","PlateB":"NB"},"geometry":{"type":"LineString","coordinates":[[154.96,-4.55],[154.99,-4.89]]}},{"type":"Feature","properties":{"Type":"OTF","PlateA":"PA","PlateB":"NB"},"geometry":{"type":"LineString","coordinates":[[154.99,-4.89],[154.98,-5.24]]}},{"type":"Feature","properties":{"Type":"CRB","PlateA":"PA","PlateB":"NB"},"geometry":{"type":"LineString","coordinates":[[154.98,-5.24],[154.59,-5.58]]}},{"type":"Feature","properties":{"Type":"CTF","PlateA":"PA","PlateB":"NB"},"geometry":{"type":"LineString","coordinates":[[154.59,-5.58],[154.54,-5.9]]}},{"type":"Feature","properties":{"Type":"CTF","PlateA":"PA","PlateB":"NB"},"geometry":{"type":"LineString","coordinates":[[154.54,-5.9],[154.53,-6.42]]}},{"type":"Feature","properties":{"Type":"OCB","PlateA":"PA","PlateB":"NB"},"geometry":{"type":"LineString","coordinates":[[154.53,-6.42],[154.73,-6.86]]}},{"type":"Feature","properties":{"Type":"OCB","PlateA":"PA","PlateB":"NB"},"geometry":{"type":"LineString","coordinates":[[154.73,-6.86],[154.93,-7.29]]}},{"type":"Feature","properties":{"Type":"SUB","PlateA":"CL","PlateB":"WL"},"geometry":{"type":"LineString","coordinates":[[138.79,-1.16],[139.26,-1.39]]}},{"type":"Feature","properties":{"Type":"SUB","PlateA":"CL","PlateB":"WL"},"geometry":{"type":"LineString","coordinates":[[139.26,-1.39],[139.81,-1.56]]}},{"type":"Feature","properties":{"Type":"SUB","PlateA":"CL","PlateB":"WL"},"geometry":{"type":"LineString","coordinates":[[139.81,-1.56],[140.23,-1.77]]}},{"type":"Feature","properties":{"Type":"SUB","PlateA":"CL","PlateB":"WL"},"geometry":{"type":"LineString","coordinates":[[140.23,-1.77],[140.84,-1.89]]}},{"type":"Feature","properties":{"Type":"SUB","PlateA":"CL","PlateB":"WL"},"geometry":{"type":"LineString","coordinates":[[140.84,-1.89],[141.2,-2.17]]}},{"type":"Feature","properties":{"Type":"SUB","PlateA":"CL","PlateB":"WL"},"geometry":{"type":"LineString","coordinates":[[141.2,-2.17],[141.59,-2.27]]}},{"type":"Feature","properties":{"Type":"SUB","PlateA":"CL","PlateB":"WL"},"geometry":{"type":"LineString","coordinates":[[141.59,-2.27],[141.87,-2.4]]}},{"type":"Feature","properties":{"Type":"SUB","PlateA":"CL","PlateB":"WL"},"geometry":{"type":"LineString","coordinates":[[141.87,-2.4],[142.25,-2.69]]}},{"type":"Feature","properties":{"Type":"OSR","PlateA":"WL","PlateB":"BH"},"geometry":{"type":"LineString","coordinates":[[138.79,-1.16],[138.97,-1.61]]}},{"type":"Feature","properties":{"Type":"CCB","PlateA":"NB","PlateB":"SB"},"geometry":{"type":"LineString","coordinates":[[143.74,-3.46],[144.37,-3.53]]}},{"type":"Feature","properties":{"Type":"CTF","PlateA":"NB","PlateB":"SB"},"geometry":{"type":"LineString","coordinates":[[144.37,-3.53],[144.81,-3.55]]}},{"type":"Feature","properties":{"Type":"CTF","PlateA":"NB","PlateB":"SB"},"geometry":{"type":"LineString","coordinates":[[144.81,-3.55],[145.4,-3.48]]}},{"type":"Feature","properties":{"Type":"OTF","PlateA":"NB","PlateB":"SB"},"geometry":{"type":"LineString","coordinates":[[145.4,-3.48],[146.11,-3.47]]}},{"type":"Feature","properties":{"Type":"OTF","PlateA":"NB","PlateB":"SB"},"geometry":{"type":"LineString","coordinates":[[146.11,-3.47],[146.42,-3.44]]}},{"type":"Feature","properties":{"Type":"CCB","PlateA":"NB","PlateB":"SB"},"geometry":{"type":"LineString","coordinates":[[146.42,-3.44],[146.84,-3.75]]}},{"type":"Feature","properties":{"Type":"CRB","PlateA":"NB","PlateB":"SB"},"geometry":{"type":"LineString","coordinates":[[146.84,-3.75],[146.92,-3.64]]}},{"type":"Feature","properties":{"Type":"CRB","PlateA":"NB","PlateB":"SB"},"geometry":{"type":"LineString","coordinates":[[146.92,-3.64],[147,-3.51]]}},{"type":"Feature","properties":{"Type":"CRB","PlateA":"NB","PlateB":"SB"},"geometry":{"type":"LineString","coordinates":[[147,-3.51],[147.08,-3.38]]}},{"type":"Feature","properties":{"Type":"CRB","PlateA":"NB","PlateB":"SB"},"geometry":{"type":"LineString","coordinates":[[147.08,-3.38],[147.16,-3.26]]}},{"type":"Feature","properties":{"Type":"CRB","PlateA":"NB","PlateB":"SB"},"geometry":{"type":"LineString","coordinates":[[147.16,-3.26],[147.24,-3.15]]}},{"type":"Feature","properties":{"Type":"CRB","PlateA":"NB","PlateB":"SB"},"geometry":{"type":"LineString","coordinates":[[147.24,-3.15],[147.32,-3.05]]}},{"type":"Feature","properties":{"Type":"CRB","PlateA":"NB","PlateB":"SB"},"geometry":{"type":"LineString","coordinates":[[147.32,-3.05],[147.41,-2.96]]}},{"type":"Feature","properties":{"Type":"CRB","PlateA":"NB","PlateB":"SB"},"geometry":{"type":"LineString","coordinates":[[147.41,-2.96],[147.48,-2.91]]}},{"type":"Feature","properties":{"Type":"CRB","PlateA":"NB","PlateB":"SB"},"geometry":{"type":"LineString","coordinates":[[147.48,-2.91],[147.54,-2.88]]}},{"type":"Feature","properties":{"Type":"CTF","PlateA":"NB","PlateB":"SB"},"geometry":{"type":"LineString","coordinates":[[147.54,-2.88],[147.6,-2.88]]}},{"type":"Feature","properties":{"Type":"CRB","PlateA":"NB","PlateB":"SB"},"geometry":{"type":"LineString","coordinates":[[147.6,-2.88],[147.82,-2.81]]}},{"type":"Feature","properties":{"Type":"CCB","PlateA":"NB","PlateB":"SB"},"geometry":{"type":"LineString","coordinates":[[147.82,-2.81],[147.98,-2.92]]}},{"type":"Feature","properties":{"Type":"CCB","PlateA":"NB","PlateB":"SB"},"geometry":{"type":"LineString","coordinates":[[147.98,-2.92],[148.12,-3.03]]}},{"type":"Feature","properties":{"Type":"CTF","PlateA":"NB","PlateB":"SB"},"geometry":{"type":"LineString","coordinates":[[148.12,-3.03],[148.33,-3.14]]}},{"type":"Feature","properties":{"Type":"CTF","PlateA":"NB","PlateB":"SB"},"geometry":{"type":"LineString","coordinates":[[148.33,-3.14],[148.5,-3.22]]}},{"type":"Feature","properties":{"Type":"OTF","PlateA":"NB","PlateB":"SB"},"geometry":{"type":"LineString","coordinates":[[148.5,-3.22],[148.68,-3.31]]}},{"type":"Feature","properties":{"Type":"OTF","PlateA":"NB","PlateB":"SB"},"geometry":{"type":"LineString","coordinates":[[148.68,-3.31],[148.88,-3.39]]}},{"type":"Feature","properties":{"Type":"OTF","PlateA":"NB","PlateB":"SB"},"geometry":{"type":"LineString","coordinates":[[148.88,-3.39],[149.09,-3.47]]}},{"type":"Feature","properties":{"Type":"OTF","PlateA":"NB","PlateB":"SB"},"geometry":{"type":"LineString","coordinates":[[149.09,-3.47],[149.29,-3.52]]}},{"type":"Feature","properties":{"Type":"OTF","PlateA":"NB","PlateB":"SB"},"geometry":{"type":"LineString","coordinates":[[149.29,-3.52],[149.45,-3.54]]}},{"type":"Feature","properties":{"Type":"OTF","PlateA":"NB","PlateB":"SB"},"geometry":{"type":"LineString","coordinates":[[149.45,-3.54],[149.6,-3.57]]}},{"type":"Feature","properties":{"Type":"OTF","PlateA":"NB","PlateB":"SB"},"geometry":{"type":"LineString","coordinates":[[149.6,-3.57],[149.72,-3.58]]}},{"type":"Feature","properties":{"Type":"OTF","PlateA":"NB","PlateB":"SB"},"geometry":{"type":"LineString","coordinates":[[149.72,-3.58],[149.77,-3.59]]}},{"type":"Feature","properties":{"Type":"OTF","PlateA":"NB","PlateB":"SB"},"geometry":{"type":"LineString","coordinates":[[149.77,-3.59],[149.82,-3.62]]}},{"type":"Feature","properties":{"Type":"SUB","PlateA":"NB","PlateB":"WL"},"geometry":{"type":"LineString","coordinates":[[142.25,-2.69],[142.45,-2.81]]}},{"type":"Feature","properties":{"Type":"SUB","PlateA":"NB","PlateB":"WL"},"geometry":{"type":"LineString","coordinates":[[142.45,-2.81],[142.63,-2.93]]}},{"type":"Feature","properties":{"Type":"SUB","PlateA":"NB","PlateB":"WL"},"geometry":{"type":"LineString","coordinates":[[142.63,-2.93],[142.94,-3.02]]}},{"type":"Feature","properties":{"Type":"SUB","PlateA":"NB","PlateB":"WL"},"geometry":{"type":"LineString","coordinates":[[142.94,-3.02],[143.17,-3.05]]}},{"type":"Feature","properties":{"Type":"SUB","PlateA":"NB","PlateB":"WL"},"geometry":{"type":"LineString","coordinates":[[143.17,-3.05],[143.51,-3.16]]}},{"type":"Feature","properties":{"Type":"SUB","PlateA":"NB","PlateB":"WL"},"geometry":{"type":"LineString","coordinates":[[143.51,-3.16],[143.74,-3.46]]}},{"type":"Feature","properties":{"Type":"OSR","PlateA":"NB","PlateB":"MN"},"geometry":{"type":"LineString","coordinates":[[149.82,-3.62],[149.91,-3.49]]}},{"type":"Feature","properties":{"Type":"OSR","PlateA":"NB","PlateB":"MN"},"geometry":{"type":"LineString","coordinates":[[149.91,-3.49],[150.03,-3.37]]}},{"type":"Feature","properties":{"Type":"OSR","PlateA":"NB","PlateB":"MN"},"geometry":{"type":"LineString","coordinates":[[150.03,-3.37],[150.14,-3.27]]}},{"type":"Feature","properties":{"Type":"OSR","PlateA":"NB","PlateB":"MN"},"geometry":{"type":"LineString","coordinates":[[150.14,-3.27],[150.25,-3.2]]}},{"type":"Feature","properties":{"Type":"OSR","PlateA":"NB","PlateB":"MN"},"geometry":{"type":"LineString","coordinates":[[150.25,-3.2],[150.35,-3.14]]}},{"type":"Feature","properties":{"Type":"OSR","PlateA":"NB","PlateB":"MN"},"geometry":{"type":"LineString","coordinates":[[150.35,-3.14],[150.44,-3.09]]}},{"type":"Feature","properties":{"Type":"OSR","PlateA":"NB","PlateB":"MN"},"geometry":{"type":"LineString","coordinates":[[150.44,-3.09],[150.51,-3.06]]}},{"type":"Feature","properties":{"Type":"OTF","PlateA":"NB","PlateB":"MN"},"geometry":{"type":"LineString","coordinates":[[150.51,-3.06],[150.56,-3.05]]}},{"type":"Feature","properties":{"Type":"CCB","PlateA":"NB","PlateB":"MN"},"geometry":{"type":"LineString","coordinates":[[150.56,-3.05],[150.62,-3.05]]}},{"type":"Feature","properties":{"Type":"CCB","PlateA":"NB","PlateB":"MN"},"geometry":{"type":"LineString","coordinates":[[150.62,-3.05],[150.62,-3.08]]}},{"type":"Feature","properties":{"Type":"CCB","PlateA":"NB","PlateB":"MN"},"geometry":{"type":"LineString","coordinates":[[150.62,-3.08],[150.63,-3.16]]}},{"type":"Feature","properties":{"Type":"CCB","PlateA":"NB","PlateB":"MN"},"geometry":{"type":"LineString","coordinates":[[150.63,-3.16],[150.68,-3.23]]}},{"type":"Feature","properties":{"Type":"CCB","PlateA":"NB","PlateB":"MN"},"geometry":{"type":"LineString","coordinates":[[150.68,-3.23],[150.73,-3.29]]}},{"type":"Feature","properties":{"Type":"OCB","PlateA":"NB","PlateB":"MN"},"geometry":{"type":"LineString","coordinates":[[150.73,-3.29],[150.79,-3.33]]}},{"type":"Feature","properties":{"Type":"OCB","PlateA":"NB","PlateB":"MN"},"geometry":{"type":"LineString","coordinates":[[150.79,-3.33],[150.82,-3.35]]}},{"type":"Feature","properties":{"Type":"CCB","PlateA":"NB","PlateB":"MN"},"geometry":{"type":"LineString","coordinates":[[150.82,-3.35],[150.88,-3.33]]}},{"type":"Feature","properties":{"Type":"CCB","PlateA":"NB","PlateB":"MN"},"geometry":{"type":"LineString","coordinates":[[150.88,-3.33],[150.93,-3.37]]}},{"type":"Feature","properties":{"Type":"CCB","PlateA":"NB","PlateB":"MN"},"geometry":{"type":"LineString","coordinates":[[150.93,-3.37],[150.98,-3.42]]}},{"type":"Feature","properties":{"Type":"OCB","PlateA":"NB","PlateB":"MN"},"geometry":{"type":"LineString","coordinates":[[150.98,-3.42],[151.02,-3.48]]}},{"type":"Feature","properties":{"Type":"OCB","PlateA":"NB","PlateB":"MN"},"geometry":{"type":"LineString","coordinates":[[151.02,-3.48],[151.1,-3.55]]}},{"type":"Feature","properties":{"Type":"OCB","PlateA":"NB","PlateB":"MN"},"geometry":{"type":"LineString","coordinates":[[151.1,-3.55],[151.14,-3.59]]}},{"type":"Feature","properties":{"Type":"OCB","PlateA":"NB","PlateB":"MN"},"geometry":{"type":"LineString","coordinates":[[151.14,-3.59],[151.2,-3.6]]}},{"type":"Feature","properties":{"Type":"OCB","PlateA":"NB","PlateB":"MN"},"geometry":{"type":"LineString","coordinates":[[151.2,-3.6],[151.25,-3.61]]}},{"type":"Feature","properties":{"Type":"OCB","PlateA":"NB","PlateB":"MN"},"geometry":{"type":"LineString","coordinates":[[151.25,-3.61],[151.3,-3.66]]}},{"type":"Feature","properties":{"Type":"OCB","PlateA":"MN","PlateB":"SB"},"geometry":{"type":"LineString","coordinates":[[149.82,-3.62],[149.87,-3.66]]}},{"type":"Feature","properties":{"Type":"OCB","PlateA":"MN","PlateB":"SB"},"geometry":{"type":"LineString","coordinates":[[149.87,-3.66],[149.94,-3.72]]}},{"type":"Feature","properties":{"Type":"OTF","PlateA":"MN","PlateB":"SB"},"geometry":{"type":"LineString","coordinates":[[149.94,-3.72],[150.03,-3.75]]}},{"type":"Feature","properties":{"Type":"OTF","PlateA":"MN","PlateB":"SB"},"geometry":{"type":"LineString","coordinates":[[150.03,-3.75],[150.12,-3.79]]}},{"type":"Feature","properties":{"Type":"OTF","PlateA":"MN","PlateB":"SB"},"geometry":{"type":"LineString","coordinates":[[150.12,-3.79],[150.19,-3.83]]}},{"type":"Feature","properties":{"Type":"OTF","PlateA":"MN","PlateB":"SB"},"geometry":{"type":"LineString","coordinates":[[150.19,-3.83],[150.23,-3.87]]}},{"type":"Feature","properties":{"Type":"OTF","PlateA":"MN","PlateB":"SB"},"geometry":{"type":"LineString","coordinates":[[150.23,-3.87],[150.24,-3.9]]}},{"type":"Feature","properties":{"Type":"OSR","PlateA":"MN","PlateB":"SB"},"geometry":{"type":"LineString","coordinates":[[150.24,-3.9],[150.32,-3.88]]}},{"type":"Feature","properties":{"Type":"OSR","PlateA":"MN","PlateB":"SB"},"geometry":{"type":"LineString","coordinates":[[150.32,-3.88],[150.45,-3.86]]}},{"type":"Feature","properties":{"Type":"OSR","PlateA":"MN","PlateB":"SB"},"geometry":{"type":"LineString","coordinates":[[150.45,-3.86],[150.55,-3.84]]}},{"type":"Feature","properties":{"Type":"OSR","PlateA":"MN","PlateB":"SB"},"geometry":{"type":"LineString","coordinates":[[150.55,-3.84],[150.68,-3.82]]}},{"type":"Feature","properties":{"Type":"OSR","PlateA":"MN","PlateB":"SB"},"geometry":{"type":"LineString","coordinates":[[150.68,-3.82],[150.79,-3.77]]}},{"type":"Feature","properties":{"Type":"OSR","PlateA":"MN","PlateB":"SB"},"geometry":{"type":"LineString","coordinates":[[150.79,-3.77],[150.91,-3.72]]}},{"type":"Feature","properties":{"Type":"OSR","PlateA":"MN","PlateB":"SB"},"geometry":{"type":"LineString","coordinates":[[150.91,-3.72],[150.99,-3.69]]}},{"type":"Feature","properties":{"Type":"OSR","PlateA":"MN","PlateB":"SB"},"geometry":{"type":"LineString","coordinates":[[150.99,-3.69],[151.1,-3.81]]}},{"type":"Feature","properties":{"Type":"OSR","PlateA":"MN","PlateB":"SB"},"geometry":{"type":"LineString","coordinates":[[151.1,-3.81],[151.22,-3.74]]}},{"type":"Feature","properties":{"Type":"OSR","PlateA":"MN","PlateB":"SB"},"geometry":{"type":"LineString","coordinates":[[151.22,-3.74],[151.3,-3.66]]}},{"type":"Feature","properties":{"Type":"OTF","PlateA":"NB","PlateB":"SB"},"geometry":{"type":"LineString","coordinates":[[151.3,-3.66],[151.38,-3.71]]}},{"type":"Feature","properties":{"Type":"OTF","PlateA":"NB","PlateB":"SB"},"geometry":{"type":"LineString","coordinates":[[151.38,-3.71],[151.43,-3.75]]}},{"type":"Feature","properties":{"Type":"CRB","PlateA":"NB","PlateB":"SB"},"geometry":{"type":"LineString","coordinates":[[151.43,-3.75],[151.56,-3.66]]}},{"type":"Feature","properties":{"Type":"CTF","PlateA":"NB","PlateB":"SB"},"geometry":{"type":"LineString","coordinates":[[151.56,-3.66],[151.68,-3.77]]}},{"type":"Feature","properties":{"Type":"CRB","PlateA":"NB","PlateB":"SB"},"geometry":{"type":"LineString","coordinates":[[151.68,-3.77],[151.81,-3.72]]}},{"type":"Feature","properties":{"Type":"CRB","PlateA":"NB","PlateB":"SB"},"geometry":{"type":"LineString","coordinates":[[151.81,-3.72],[151.93,-3.68]]}},{"type":"Feature","properties":{"Type":"CRB","PlateA":"NB","PlateB":"SB"},"geometry":{"type":"LineString","coordinates":[[151.93,-3.68],[151.99,-3.65]]}},{"type":"Feature","properties":{"Type":"CRB","PlateA":"NB","PlateB":"SB"},"geometry":{"type":"LineString","coordinates":[[151.99,-3.65],[152.04,-3.64]]}},{"type":"Feature","properties":{"Type":"CRB","PlateA":"NB","PlateB":"SB"},"geometry":{"type":"LineString","coordinates":[[152.04,-3.64],[152.13,-3.67]]}},{"type":"Feature","properties":{"Type":"CTF","PlateA":"NB","PlateB":"SB"},"geometry":{"type":"LineString","coordinates":[[152.13,-3.67],[152.23,-3.74]]}},{"type":"Feature","properties":{"Type":"CTF","PlateA":"NB","PlateB":"SB"},"geometry":{"type":"LineString","coordinates":[[152.23,-3.74],[152.33,-3.82]]}},{"type":"Feature","properties":{"Type":"CTF","PlateA":"NB","PlateB":"SB"},"geometry":{"type":"LineString","coordinates":[[152.33,-3.82],[152.42,-3.9]]}},{"type":"Feature","properties":{"Type":"CTF","PlateA":"NB","PlateB":"SB"},"geometry":{"type":"LineString","coordinates":[[152.42,-3.9],[152.48,-3.97]]}},{"type":"Feature","properties":{"Type":"CTF","PlateA":"NB","PlateB":"SB"},"geometry":{"type":"LineString","coordinates":[[152.48,-3.97],[152.56,-4.04]]}},{"type":"Feature","properties":{"Type":"CTF","PlateA":"NB","PlateB":"SB"},"geometry":{"type":"LineString","coordinates":[[152.56,-4.04],[152.62,-4.13]]}},{"type":"Feature","properties":{"Type":"CTF","PlateA":"NB","PlateB":"SB"},"geometry":{"type":"LineString","coordinates":[[152.62,-4.13],[152.66,-4.19]]}},{"type":"Feature","properties":{"Type":"CTF","PlateA":"NB","PlateB":"SB"},"geometry":{"type":"LineString","coordinates":[[152.66,-4.19],[152.93,-4.6]]}},{"type":"Feature","properties":{"Type":"CTF","PlateA":"NB","PlateB":"SB"},"geometry":{"type":"LineString","coordinates":[[152.93,-4.6],[153.19,-5.02]]}},{"type":"Feature","properties":{"Type":"OTF","PlateA":"NB","PlateB":"SB"},"geometry":{"type":"LineString","coordinates":[[153.19,-5.02],[153.4,-5.36]]}},{"type":"Feature","properties":{"Type":"OTF","PlateA":"NB","PlateB":"SB"},"geometry":{"type":"LineString","coordinates":[[153.4,-5.36],[153.61,-5.7]]}},{"type":"Feature","properties":{"Type":"OTF","PlateA":"NB","PlateB":"SB"},"geometry":{"type":"LineString","coordinates":[[153.61,-5.7],[153.82,-6.05]]}},{"type":"Feature","properties":{"Type":"OTF","PlateA":"NB","PlateB":"SB"},"geometry":{"type":"LineString","coordinates":[[153.82,-6.05],[153.93,-6.26]]}},{"type":"Feature","properties":{"Type":"CRB","PlateA":"SB","PlateB":"WL"},"geometry":{"type":"LineString","coordinates":[[143.74,-3.46],[144.08,-3.77]]}},{"type":"Feature","properties":{"Type":"CRB","PlateA":"SB","PlateB":"WL"},"geometry":{"type":"LineString","coordinates":[[144.08,-3.77],[144.42,-4]]}},{"type":"Feature","properties":{"Type":"CRB","PlateA":"SB","PlateB":"WL"},"geometry":{"type":"LineString","coordinates":[[144.42,-4],[144.58,-4.38]]}},{"type":"Feature","properties":{"Type":"CRB","PlateA":"SB","PlateB":"WL"},"geometry":{"type":"LineString","coordinates":[[144.58,-4.38],[144.73,-4.7]]}},{"type":"Feature","properties":{"Type":"CRB","PlateA":"SB","PlateB":"WL"},"geometry":{"type":"LineString","coordinates":[[144.73,-4.7],[144.87,-4.97]]}},{"type":"Feature","properties":{"Type":"CRB","PlateA":"SB","PlateB":"WL"},"geometry":{"type":"LineString","coordinates":[[144.87,-4.97],[145.01,-5.2]]}},{"type":"Feature","properties":{"Type":"CTF","PlateA":"SB","PlateB":"WL"},"geometry":{"type":"LineString","coordinates":[[145.01,-5.2],[145.51,-5.76]]}},{"type":"Feature","properties":{"Type":"CCB","PlateA":"SB","PlateB":"WL"},"geometry":{"type":"LineString","coordinates":[[145.51,-5.76],[146.01,-6.11]]}},{"type":"Feature","properties":{"Type":"CCB","PlateA":"SB","PlateB":"WL"},"geometry":{"type":"LineString","coordinates":[[146.01,-6.11],[146.5,-6.51]]}},{"type":"Feature","properties":{"Type":"CCB","PlateA":"SB","PlateB":"WL"},"geometry":{"type":"LineString","coordinates":[[146.5,-6.51],[146.96,-6.72]]}},{"type":"Feature","properties":{"Type":"CCB","PlateA":"SB","PlateB":"WL"},"geometry":{"type":"LineString","coordinates":[[146.96,-6.72],[147.48,-7.1]]}},{"type":"Feature","properties":{"Type":"OCB","PlateA":"SB","PlateB":"WL"},"geometry":{"type":"LineString","coordinates":[[147.48,-7.1],[148.01,-7.31]]}},{"type":"Feature","properties":{"Type":"OCB","PlateA":"SB","PlateB":"WL"},"geometry":{"type":"LineString","coordinates":[[148.01,-7.31],[148.59,-7.39]]}},{"type":"Feature","properties":{"Type":"OTF","PlateA":"WL","PlateB":"SS"},"geometry":{"type":"LineString","coordinates":[[155.45,-7.49],[155.26,-7.63]]}},{"type":"Feature","properties":{"Type":"OTF","PlateA":"WL","PlateB":"SS"},"geometry":{"type":"LineString","coordinates":[[155.26,-7.63],[154.87,-7.96]]}},{"type":"Feature","properties":{"Type":"OTF","PlateA":"WL","PlateB":"SS"},"geometry":{"type":"LineString","coordinates":[[154.87,-7.96],[154.48,-8.3]]}},{"type":"Feature","properties":{"Type":"OTF","PlateA":"WL","PlateB":"SS"},"geometry":{"type":"LineString","coordinates":[[154.48,-8.3],[154.09,-8.63]]}},{"type":"Feature","properties":{"Type":"CTF","PlateA":"WL","PlateB":"SS"},"geometry":{"type":"LineString","coordinates":[[154.09,-8.63],[153.7,-8.97]]}},{"type":"Feature","properties":{"Type":"CTF","PlateA":"WL","PlateB":"SS"},"geometry":{"type":"LineString","coordinates":[[153.7,-8.97],[153.26,-9.19]]}},{"type":"Feature","properties":{"Type":"OSR","PlateA":"WL","PlateB":"AU"},"geometry":{"type":"LineString","coordinates":[[151.65,-9.76],[151.83,-9.76]]}},{"type":"Feature","properties":{"Type":"OTF","PlateA":"WL","PlateB":"AU"},"geometry":{"type":"LineString","coordinates":[[151.83,-9.76],[151.84,-9.91]]}},{"type":"Feature","properties":{"Type":"OSR","PlateA":"WL","PlateB":"AU"},"geometry":{"type":"LineString","coordinates":[[151.84,-9.91],[151.92,-9.93]]}},{"type":"Feature","properties":{"Type":"OSR","PlateA":"WL","PlateB":"AU"},"geometry":{"type":"LineString","coordinates":[[151.92,-9.93],[152.02,-9.94]]}},{"type":"Feature","properties":{"Type":"OSR","PlateA":"WL","PlateB":"AU"},"geometry":{"type":"LineString","coordinates":[[152.02,-9.94],[152.09,-9.94]]}},{"type":"Feature","properties":{"Type":"OSR","PlateA":"WL","PlateB":"AU"},"geometry":{"type":"LineString","coordinates":[[152.09,-9.94],[152.21,-9.94]]}},{"type":"Feature","properties":{"Type":"OTF","PlateA":"WL","PlateB":"AU"},"geometry":{"type":"LineString","coordinates":[[152.21,-9.94],[152.22,-10.04]]}},{"type":"Feature","properties":{"Type":"OSR","PlateA":"WL","PlateB":"AU"},"geometry":{"type":"LineString","coordinates":[[152.22,-10.04],[152.41,-10.05]]}},{"type":"Feature","properties":{"Type":"OSR","PlateA":"WL","PlateB":"AU"},"geometry":{"type":"LineString","coordinates":[[152.41,-10.05],[152.55,-10.06]]}},{"type":"Feature","properties":{"Type":"OSR","PlateA":"WL","PlateB":"AU"},"geometry":{"type":"LineString","coordinates":[[152.55,-10.06],[152.65,-10.08]]}},{"type":"Feature","properties":{"Type":"OSR","PlateA":"WL","PlateB":"AU"},"geometry":{"type":"LineString","coordinates":[[152.65,-10.08],[152.85,-10.09]]}},{"type":"Feature","properties":{"Type":"OTF","PlateA":"WL","PlateB":"AU"},"geometry":{"type":"LineString","coordinates":[[152.85,-10.09],[152.85,-10.38]]}},{"type":"Feature","properties":{"Type":"OSR","PlateA":"WL","PlateB":"AU"},"geometry":{"type":"LineString","coordinates":[[152.85,-10.38],[153.17,-10.4]]}},{"type":"Feature","properties":{"Type":"OSR","PlateA":"WL","PlateB":"AU"},"geometry":{"type":"LineString","coordinates":[[153.17,-10.4],[153.36,-10.4]]}},{"type":"Feature","properties":{"Type":"OSR","PlateA":"WL","PlateB":"AU"},"geometry":{"type":"LineString","coordinates":[[153.36,-10.4],[153.55,-10.35]]}},{"type":"Feature","properties":{"Type":"OSR","PlateA":"WL","PlateB":"AU"},"geometry":{"type":"LineString","coordinates":[[153.55,-10.35],[153.75,-10.34]]}},{"type":"Feature","properties":{"Type":"OSR","PlateA":"WL","PlateB":"AU"},"geometry":{"type":"LineString","coordinates":[[153.75,-10.34],[153.85,-10.32]]}},{"type":"Feature","properties":{"Type":"OSR","PlateA":"WL","PlateB":"AU"},"geometry":{"type":"LineString","coordinates":[[153.85,-10.32],[154.01,-10.34]]}},{"type":"Feature","properties":{"Type":"OSR","PlateA":"WL","PlateB":"AU"},"geometry":{"type":"LineString","coordinates":[[154.01,-10.34],[154.13,-10.33]]}},{"type":"Feature","properties":{"Type":"OSR","PlateA":"WL","PlateB":"AU"},"geometry":{"type":"LineString","coordinates":[[154.13,-10.33],[154.17,-10.32]]}},{"type":"Feature","properties":{"Type":"OSR","PlateA":"WL","PlateB":"AU"},"geometry":{"type":"LineString","coordinates":[[154.17,-10.32],[154.22,-10.28]]}},{"type":"Feature","properties":{"Type":"OTF","PlateA":"WL","PlateB":"AU"},"geometry":{"type":"LineString","coordinates":[[154.22,-10.28],[154.22,-9.91]]}},{"type":"Feature","properties":{"Type":"OSR","PlateA":"WL","PlateB":"AU"},"geometry":{"type":"LineString","coordinates":[[154.22,-9.91],[154.38,-9.87]]}},{"type":"Feature","properties":{"Type":"OSR","PlateA":"WL","PlateB":"AU"},"geometry":{"type":"LineString","coordinates":[[154.38,-9.87],[154.6,-9.81]]}},{"type":"Feature","properties":{"Type":"OSR","PlateA":"WL","PlateB":"AU"},"geometry":{"type":"LineString","coordinates":[[154.6,-9.81],[154.72,-9.76]]}},{"type":"Feature","properties":{"Type":"OSR","PlateA":"WL","PlateB":"AU"},"geometry":{"type":"LineString","coordinates":[[154.72,-9.76],[154.85,-9.72]]}},{"type":"Feature","properties":{"Type":"OTF","PlateA":"WL","PlateB":"AU"},"geometry":{"type":"LineString","coordinates":[[154.85,-9.72],[154.86,-9.84]]}},{"type":"Feature","properties":{"Type":"OSR","PlateA":"WL","PlateB":"AU"},"geometry":{"type":"LineString","coordinates":[[154.86,-9.84],[154.95,-9.84]]}},{"type":"Feature","properties":{"Type":"OSR","PlateA":"WL","PlateB":"AU"},"geometry":{"type":"LineString","coordinates":[[154.95,-9.84],[155.07,-9.79]]}},{"type":"Feature","properties":{"Type":"OSR","PlateA":"WL","PlateB":"AU"},"geometry":{"type":"LineString","coordinates":[[155.07,-9.79],[155.17,-9.73]]}},{"type":"Feature","properties":{"Type":"OTF","PlateA":"WL","PlateB":"AU"},"geometry":{"type":"LineString","coordinates":[[155.17,-9.73],[155.17,-9.62]]}},{"type":"Feature","properties":{"Type":"OSR","PlateA":"WL","PlateB":"AU"},"geometry":{"type":"LineString","coordinates":[[155.17,-9.62],[155.29,-9.56]]}},{"type":"Feature","properties":{"Type":"OSR","PlateA":"WL","PlateB":"AU"},"geometry":{"type":"LineString","coordinates":[[155.29,-9.56],[155.35,-9.53]]}},{"type":"Feature","properties":{"Type":"OSR","PlateA":"WL","PlateB":"AU"},"geometry":{"type":"LineString","coordinates":[[155.35,-9.53],[155.44,-9.49]]}},{"type":"Feature","properties":{"Type":"OTF","PlateA":"WL","PlateB":"AU"},"geometry":{"type":"LineString","coordinates":[[155.44,-9.49],[155.47,-9.57]]}},{"type":"Feature","properties":{"Type":"OSR","PlateA":"WL","PlateB":"AU"},"geometry":{"type":"LineString","coordinates":[[155.47,-9.57],[155.58,-9.53]]}},{"type":"Feature","properties":{"Type":"OTF","PlateA":"WL","PlateB":"AU"},"geometry":{"type":"LineString","coordinates":[[155.58,-9.53],[155.6,-9.58]]}},{"type":"Feature","properties":{"Type":"OSR","PlateA":"WL","PlateB":"AU"},"geometry":{"type":"LineString","coordinates":[[155.6,-9.58],[155.71,-9.55]]}},{"type":"Feature","properties":{"Type":"OSR","PlateA":"WL","PlateB":"AU"},"geometry":{"type":"LineString","coordinates":[[155.71,-9.55],[155.8,-9.53]]}},{"type":"Feature","properties":{"Type":"OTF","PlateA":"WL","PlateB":"AU"},"geometry":{"type":"LineString","coordinates":[[155.8,-9.53],[155.81,-9.57]]}},{"type":"Feature","properties":{"Type":"OSR","PlateA":"WL","PlateB":"AU"},"geometry":{"type":"LineString","coordinates":[[155.81,-9.57],[155.91,-9.55]]}},{"type":"Feature","properties":{"Type":"OSR","PlateA":"WL","PlateB":"AU"},"geometry":{"type":"LineString","coordinates":[[155.91,-9.55],[155.98,-9.55]]}},{"type":"Feature","properties":{"Type":"OSR","PlateA":"WL","PlateB":"AU"},"geometry":{"type":"LineString","coordinates":[[155.98,-9.55],[155.99,-9.56]]}},{"type":"Feature","properties":{"Type":"OSR","PlateA":"WL","PlateB":"AU"},"geometry":{"type":"LineString","coordinates":[[155.99,-9.56],[156.09,-9.54]]}},{"type":"Feature","properties":{"Type":"OTF","PlateA":"WL","PlateB":"AU"},"geometry":{"type":"LineString","coordinates":[[156.09,-9.54],[156.07,-9.4]]}},{"type":"Feature","properties":{"Type":"OSR","PlateA":"WL","PlateB":"AU"},"geometry":{"type":"LineString","coordinates":[[156.07,-9.4],[156.12,-9.38]]}},{"type":"Feature","properties":{"Type":"OTF","PlateA":"WL","PlateB":"AU"},"geometry":{"type":"LineString","coordinates":[[156.12,-9.38],[156.1,-9.27]]}},{"type":"Feature","properties":{"Type":"OSR","PlateA":"WL","PlateB":"AU"},"geometry":{"type":"LineString","coordinates":[[156.1,-9.27],[156.26,-9.22]]}},{"type":"Feature","properties":{"Type":"OSR","PlateA":"WL","PlateB":"AU"},"geometry":{"type":"LineString","coordinates":[[156.26,-9.22],[156.35,-9.21]]}},{"type":"Feature","properties":{"Type":"OSR","PlateA":"WL","PlateB":"AU"},"geometry":{"type":"LineString","coordinates":[[156.35,-9.21],[156.43,-9.18]]}},{"type":"Feature","properties":{"Type":"OTF","PlateA":"WL","PlateB":"AU"},"geometry":{"type":"LineString","coordinates":[[156.43,-9.18],[156.39,-8.81]]}},{"type":"Feature","properties":{"Type":"OTF","PlateA":"WL","PlateB":"AU"},"geometry":{"type":"LineString","coordinates":[[156.39,-8.81],[156.36,-8.6]]}},{"type":"Feature","properties":{"Type":"OTF","PlateA":"WL","PlateB":"AU"},"geometry":{"type":"LineString","coordinates":[[156.36,-8.6],[156.33,-8.38]]}},{"type":"Feature","properties":{"Type":"OTF","PlateA":"WL","PlateB":"AU"},"geometry":{"type":"LineString","coordinates":[[156.33,-8.38],[156.3,-8.17]]}},{"type":"Feature","properties":{"Type":"OSR","PlateA":"PS","PlateB":"MA"},"geometry":{"type":"LineString","coordinates":[[143.1,11.57],[143.08,11.79]]}},{"type":"Feature","properties":{"Type":"OSR","PlateA":"PS","PlateB":"MA"},"geometry":{"type":"LineString","coordinates":[[143.08,11.79],[143.11,12.03]]}},{"type":"Feature","properties":{"Type":"OSR","PlateA":"PS","PlateB":"MA"},"geometry":{"type":"LineString","coordinates":[[143.11,12.03],[143.14,12.27]]}},{"type":"Feature","properties":{"Type":"OSR","PlateA":"PS","PlateB":"MA"},"geometry":{"type":"LineString","coordinates":[[143.14,12.27],[143.24,12.48]]}},{"type":"Feature","properties":{"Type":"OSR","PlateA":"PS","PlateB":"MA"},"geometry":{"type":"LineString","coordinates":[[143.24,12.48],[143.4,12.7]]}},{"type":"Feature","properties":{"Type":"OSR","PlateA":"PS","PlateB":"MA"},"geometry":{"type":"LineString","coordinates":[[143.4,12.7],[143.51,12.82]]}},{"type":"Feature","properties":{"Type":"OSR","PlateA":"PS","PlateB":"MA"},"geometry":{"type":"LineString","coordinates":[[143.51,12.82],[143.66,13.06]]}},{"type":"Feature","properties":{"Type":"OSR","PlateA":"PS","PlateB":"MA"},"geometry":{"type":"LineString","coordinates":[[143.66,13.06],[143.77,13.27]]}},{"type":"Feature","properties":{"Type":"OSR","PlateA":"PS","PlateB":"MA"},"geometry":{"type":"LineString","coordinates":[[143.77,13.27],[143.87,13.54]]}},{"type":"Feature","properties":{"Type":"OSR","PlateA":"PS","PlateB":"MA"},"geometry":{"type":"LineString","coordinates":[[143.87,13.54],[143.9,13.62]]}},{"type":"Feature","properties":{"Type":"OSR","PlateA":"PS","PlateB":"MA"},"geometry":{"type":"LineString","coordinates":[[143.9,13.62],[143.94,13.81]]}},{"type":"Feature","properties":{"Type":"OSR","PlateA":"PS","PlateB":"MA"},"geometry":{"type":"LineString","coordinates":[[143.94,13.81],[143.98,14.09]]}},{"type":"Feature","properties":{"Type":"OSR","PlateA":"PS","PlateB":"MA"},"geometry":{"type":"LineString","coordinates":[[143.98,14.09],[144.08,14.64]]}},{"type":"Feature","properties":{"Type":"OTF","PlateA":"PS","PlateB":"MA"},"geometry":{"type":"LineString","coordinates":[[144.08,14.64],[144.22,14.66]]}},{"type":"Feature","properties":{"Type":"OSR","PlateA":"PS","PlateB":"MA"},"geometry":{"type":"LineString","coordinates":[[144.22,14.66],[144.33,14.88]]}},{"type":"Feature","properties":{"Type":"OTF","PlateA":"PS","PlateB":"MA"},"geometry":{"type":"LineString","coordinates":[[144.33,14.88],[144.53,14.92]]}},{"type":"Feature","properties":{"Type":"OSR","PlateA":"PS","PlateB":"MA"},"geometry":{"type":"LineString","coordinates":[[144.53,14.92],[144.45,15.53]]}},{"type":"Feature","properties":{"Type":"OTF","PlateA":"PS","PlateB":"MA"},"geometry":{"type":"LineString","coordinates":[[144.45,15.53],[144.8,15.65]]}},{"type":"Feature","properties":{"Type":"OSR","PlateA":"PS","PlateB":"MA"},"geometry":{"type":"LineString","coordinates":[[144.8,15.65],[144.79,16.12]]}},{"type":"Feature","properties":{"Type":"OSR","PlateA":"PS","PlateB":"MA"},"geometry":{"type":"LineString","coordinates":[[144.79,16.12],[144.84,16.48]]}},{"type":"Feature","properties":{"Type":"OSR","PlateA":"PS","PlateB":"MA"},"geometry":{"type":"LineString","coordinates":[[144.84,16.48],[144.8,16.98]]}},{"type":"Feature","properties":{"Type":"OSR","PlateA":"PS","PlateB":"MA"},"geometry":{"type":"LineString","coordinates":[[144.8,16.98],[144.67,17.42]]}},{"type":"Feature","properties":{"Type":"OTF","PlateA":"PS","PlateB":"MA"},"geometry":{"type":"LineString","coordinates":[[144.67,17.42],[144.97,17.54]]}},{"type":"Feature","properties":{"Type":"OSR","PlateA":"PS","PlateB":"MA"},"geometry":{"type":"LineString","coordinates":[[144.97,17.54],[144.77,17.83]]}},{"type":"Feature","properties":{"Type":"OSR","PlateA":"PS","PlateB":"MA"},"geometry":{"type":"LineString","coordinates":[[144.77,17.83],[144.71,18.02]]}},{"type":"Feature","properties":{"Type":"OSR","PlateA":"PS","PlateB":"MA"},"geometry":{"type":"LineString","coordinates":[[144.71,18.02],[144.66,18.17]]}},{"type":"Feature","properties":{"Type":"OSR","PlateA":"PS","PlateB":"MA"},"geometry":{"type":"LineString","coordinates":[[144.66,18.17],[144.63,18.36]]}},{"type":"Feature","properties":{"Type":"OSR","PlateA":"PS","PlateB":"MA"},"geometry":{"type":"LineString","coordinates":[[144.63,18.36],[144.6,18.76]]}},{"type":"Feature","properties":{"Type":"OSR","PlateA":"PS","PlateB":"MA"},"geometry":{"type":"LineString","coordinates":[[144.6,18.76],[144.54,19.07]]}},{"type":"Feature","properties":{"Type":"OSR","PlateA":"PS","PlateB":"MA"},"geometry":{"type":"LineString","coordinates":[[144.54,19.07],[144.53,19.12]]}},{"type":"Feature","properties":{"Type":"OSR","PlateA":"PS","PlateB":"MA"},"geometry":{"type":"LineString","coordinates":[[144.53,19.12],[144.25,19.73]]}},{"type":"Feature","properties":{"Type":"OSR","PlateA":"PS","PlateB":"MA"},"geometry":{"type":"LineString","coordinates":[[144.25,19.73],[144.14,19.75]]}},{"type":"Feature","properties":{"Type":"OSR","PlateA":"PS","PlateB":"MA"},"geometry":{"type":"LineString","coordinates":[[144.14,19.75],[144.08,19.86]]}},{"type":"Feature","properties":{"Type":"OSR","PlateA":"PS","PlateB":"MA"},"geometry":{"type":"LineString","coordinates":[[144.08,19.86],[143.97,20.11]]}},{"type":"Feature","properties":{"Type":"OSR","PlateA":"PS","PlateB":"MA"},"geometry":{"type":"LineString","coordinates":[[143.97,20.11],[143.84,20.42]]}},{"type":"Feature","properties":{"Type":"OTF","PlateA":"PS","PlateB":"MA"},"geometry":{"type":"LineString","coordinates":[[143.84,20.42],[143.57,20.4]]}},{"type":"Feature","properties":{"Type":"OSR","PlateA":"PS","PlateB":"MA"},"geometry":{"type":"LineString","coordinates":[[143.57,20.4],[143.49,20.53]]}},{"type":"Feature","properties":{"Type":"OSR","PlateA":"PS","PlateB":"MA"},"geometry":{"type":"LineString","coordinates":[[143.49,20.53],[143.39,20.73]]}},{"type":"Feature","properties":{"Type":"OSR","PlateA":"PS","PlateB":"MA"},"geometry":{"type":"LineString","coordinates":[[143.39,20.73],[143.28,20.96]]}},{"type":"Feature","properties":{"Type":"OSR","PlateA":"PS","PlateB":"MA"},"geometry":{"type":"LineString","coordinates":[[143.28,20.96],[143.32,21.06]]}},{"type":"Feature","properties":{"Type":"OSR","PlateA":"PS","PlateB":"MA"},"geometry":{"type":"LineString","coordinates":[[143.32,21.06],[143.28,21.32]]}},{"type":"Feature","properties":{"Type":"OSR","PlateA":"PS","PlateB":"MA"},"geometry":{"type":"LineString","coordinates":[[143.28,21.32],[143.22,21.66]]}},{"type":"Feature","properties":{"Type":"OSR","PlateA":"PS","PlateB":"MA"},"geometry":{"type":"LineString","coordinates":[[143.22,21.66],[143.15,21.93]]}},{"type":"Feature","properties":{"Type":"OSR","PlateA":"PS","PlateB":"MA"},"geometry":{"type":"LineString","coordinates":[[143.15,21.93],[143,22.14]]}},{"type":"Feature","properties":{"Type":"OSR","PlateA":"PS","PlateB":"MA"},"geometry":{"type":"LineString","coordinates":[[143,22.14],[142.77,22.38]]}},{"type":"Feature","properties":{"Type":"OSR","PlateA":"PS","PlateB":"MA"},"geometry":{"type":"LineString","coordinates":[[142.77,22.38],[142.56,22.66]]}},{"type":"Feature","properties":{"Type":"CRB","PlateA":"PS","PlateB":"MA"},"geometry":{"type":"LineString","coordinates":[[142.56,22.66],[142.26,23.01]]}},{"type":"Feature","properties":{"Type":"CRB","PlateA":"PS","PlateB":"MA"},"geometry":{"type":"LineString","coordinates":[[142.26,23.01],[142.89,23.7]]}},{"type":"Feature","properties":{"Type":"OTF","PlateA":"PS","PlateB":"MA"},"geometry":{"type":"LineString","coordinates":[[142.89,23.7],[143.52,24.39]]}},{"type":"Feature","properties":{"Type":"OSR","PlateA":"NH","PlateB":"PA"},"geometry":{"type":"LineString","coordinates":[[172.57,-13.41],[172.43,-13.43]]}},{"type":"Feature","properties":{"Type":"OSR","PlateA":"NH","PlateB":"PA"},"geometry":{"type":"LineString","coordinates":[[172.43,-13.43],[172.3,-13.48]]}},{"type":"Feature","properties":{"Type":"OSR","PlateA":"NH","PlateB":"PA"},"geometry":{"type":"LineString","coordinates":[[172.3,-13.48],[172.16,-13.57]]}},{"type":"Feature","properties":{"Type":"OSR","PlateA":"NH","PlateB":"PA"},"geometry":{"type":"LineString","coordinates":[[172.16,-13.57],[171.97,-13.68]]}},{"type":"Feature","properties":{"Type":"OSR","PlateA":"NH","PlateB":"PA"},"geometry":{"type":"LineString","coordinates":[[171.97,-13.68],[171.62,-13.75]]}},{"type":"Feature","properties":{"Type":"OSR","PlateA":"NH","PlateB":"PA"},"geometry":{"type":"LineString","coordinates":[[171.62,-13.75],[171.3,-13.79]]}},{"type":"Feature","properties":{"Type":"OTF","PlateA":"NH","PlateB":"PA"},"geometry":{"type":"LineString","coordinates":[[171.3,-13.79],[171.3,-14.07]]}},{"type":"Feature","properties":{"Type":"OSR","PlateA":"NH","PlateB":"PA"},"geometry":{"type":"LineString","coordinates":[[171.3,-14.07],[171.18,-14.08]]}},{"type":"Feature","properties":{"Type":"OSR","PlateA":"NH","PlateB":"PA"},"geometry":{"type":"LineString","coordinates":[[171.18,-14.08],[170.95,-14.09]]}},{"type":"Feature","properties":{"Type":"OSR","PlateA":"NH","PlateB":"PA"},"geometry":{"type":"LineString","coordinates":[[170.95,-14.09],[170.64,-14.09]]}},{"type":"Feature","properties":{"Type":"OSR","PlateA":"NH","PlateB":"PA"},"geometry":{"type":"LineString","coordinates":[[170.64,-14.09],[170.64,-13.94]]}},{"type":"Feature","properties":{"Type":"OSR","PlateA":"NH","PlateB":"PA"},"geometry":{"type":"LineString","coordinates":[[170.64,-13.94],[170.15,-13.97]]}},{"type":"Feature","properties":{"Type":"OSR","PlateA":"NH","PlateB":"PA"},"geometry":{"type":"LineString","coordinates":[[170.15,-13.97],[169.74,-13.95]]}},{"type":"Feature","properties":{"Type":"OSR","PlateA":"NH","PlateB":"PA"},"geometry":{"type":"LineString","coordinates":[[169.74,-13.95],[169.74,-13.82]]}},{"type":"Feature","properties":{"Type":"OSR","PlateA":"NH","PlateB":"PA"},"geometry":{"type":"LineString","coordinates":[[169.74,-13.82],[169.62,-13.81]]}},{"type":"Feature","properties":{"Type":"OSR","PlateA":"NH","PlateB":"PA"},"geometry":{"type":"LineString","coordinates":[[169.62,-13.81],[169.46,-13.81]]}},{"type":"Feature","properties":{"Type":"OSR","PlateA":"NH","PlateB":"PA"},"geometry":{"type":"LineString","coordinates":[[169.46,-13.81],[169.23,-13.8]]}},{"type":"Feature","properties":{"Type":"OSR","PlateA":"NH","PlateB":"PA"},"geometry":{"type":"LineString","coordinates":[[169.23,-13.8],[169.23,-13.65]]}},{"type":"Feature","properties":{"Type":"OSR","PlateA":"NH","PlateB":"PA"},"geometry":{"type":"LineString","coordinates":[[169.23,-13.65],[169.03,-13.64]]}},{"type":"Feature","properties":{"Type":"OSR","PlateA":"NH","PlateB":"PA"},"geometry":{"type":"LineString","coordinates":[[169.03,-13.64],[168.79,-13.63]]}},{"type":"Feature","properties":{"Type":"OSR","PlateA":"NH","PlateB":"PA"},"geometry":{"type":"LineString","coordinates":[[168.79,-13.63],[168.58,-13.6]]}},{"type":"Feature","properties":{"Type":"OSR","PlateA":"NH","PlateB":"PA"},"geometry":{"type":"LineString","coordinates":[[168.58,-13.6],[168.6,-13.51]]}},{"type":"Feature","properties":{"Type":"CRB","PlateA":"NH","PlateB":"PA"},"geometry":{"type":"LineString","coordinates":[[168.6,-13.51],[168.16,-13.51]]}},{"type":"Feature","properties":{"Type":"CCB","PlateA":"NH","PlateB":"PA"},"geometry":{"type":"LineString","coordinates":[[168.16,-13.51],[167.16,-13.65]]}},{"type":"Feature","properties":{"Type":"CCB","PlateA":"NH","PlateB":"PA"},"geometry":{"type":"LineString","coordinates":[[167.16,-13.65],[166.15,-13.78]]}},{"type":"Feature","properties":{"Type":"OSR","PlateA":"CR","PlateB":"NH"},"geometry":{"type":"LineString","coordinates":[[173.9,-16.85],[173.88,-17.16]]}},{"type":"Feature","properties":{"Type":"OSR","PlateA":"CR","PlateB":"NH"},"geometry":{"type":"LineString","coordinates":[[173.88,-17.16],[173.74,-17.49]]}},{"type":"Feature","properties":{"Type":"OSR","PlateA":"CR","PlateB":"NH"},"geometry":{"type":"LineString","coordinates":[[173.74,-17.49],[173.66,-17.68]]}},{"type":"Feature","properties":{"Type":"OSR","PlateA":"CR","PlateB":"NH"},"geometry":{"type":"LineString","coordinates":[[173.66,-17.68],[173.55,-17.96]]}},{"type":"Feature","properties":{"Type":"OSR","PlateA":"CR","PlateB":"NH"},"geometry":{"type":"LineString","coordinates":[[173.55,-17.96],[173.41,-18.24]]}},{"type":"Feature","properties":{"Type":"OSR","PlateA":"CR","PlateB":"NH"},"geometry":{"type":"LineString","coordinates":[[173.41,-18.24],[173.25,-18.53]]}},{"type":"Feature","properties":{"Type":"OTF","PlateA":"CR","PlateB":"NH"},"geometry":{"type":"LineString","coordinates":[[173.25,-18.53],[173.43,-18.52]]}},{"type":"Feature","properties":{"Type":"OSR","PlateA":"CR","PlateB":"NH"},"geometry":{"type":"LineString","coordinates":[[173.43,-18.52],[173.45,-18.77]]}},{"type":"Feature","properties":{"Type":"OSR","PlateA":"CR","PlateB":"NH"},"geometry":{"type":"LineString","coordinates":[[173.45,-18.77],[173.45,-19]]}},{"type":"Feature","properties":{"Type":"OSR","PlateA":"CR","PlateB":"NH"},"geometry":{"type":"LineString","coordinates":[[173.45,-19],[173.44,-19.22]]}},{"type":"Feature","properties":{"Type":"OSR","PlateA":"CR","PlateB":"NH"},"geometry":{"type":"LineString","coordinates":[[173.44,-19.22],[173.43,-19.43]]}},{"type":"Feature","properties":{"Type":"OSR","PlateA":"CR","PlateB":"NH"},"geometry":{"type":"LineString","coordinates":[[173.43,-19.43],[173.4,-19.66]]}},{"type":"Feature","properties":{"Type":"OSR","PlateA":"CR","PlateB":"NH"},"geometry":{"type":"LineString","coordinates":[[173.4,-19.66],[173.36,-19.89]]}},{"type":"Feature","properties":{"Type":"OSR","PlateA":"CR","PlateB":"NH"},"geometry":{"type":"LineString","coordinates":[[173.36,-19.89],[173.34,-20.09]]}},{"type":"Feature","properties":{"Type":"OSR","PlateA":"CR","PlateB":"NH"},"geometry":{"type":"LineString","coordinates":[[173.34,-20.09],[173.35,-20.38]]}},{"type":"Feature","properties":{"Type":"OSR","PlateA":"CR","PlateB":"NH"},"geometry":{"type":"LineString","coordinates":[[173.35,-20.38],[173.38,-20.62]]}},{"type":"Feature","properties":{"Type":"OSR","PlateA":"CR","PlateB":"NH"},"geometry":{"type":"LineString","coordinates":[[173.38,-20.62],[173.38,-20.84]]}},{"type":"Feature","properties":{"Type":"OSR","PlateA":"CR","PlateB":"NH"},"geometry":{"type":"LineString","coordinates":[[173.38,-20.84],[173.38,-20.99]]}},{"type":"Feature","properties":{"Type":"OSR","PlateA":"CR","PlateB":"NH"},"geometry":{"type":"LineString","coordinates":[[173.38,-20.99],[173.38,-21.14]]}},{"type":"Feature","properties":{"Type":"OTF","PlateA":"CR","PlateB":"NH"},"geometry":{"type":"LineString","coordinates":[[173.38,-21.14],[174.12,-21.15]]}},{"type":"Feature","properties":{"Type":"OSR","PlateA":"CR","PlateB":"NH"},"geometry":{"type":"LineString","coordinates":[[174.12,-21.15],[174.12,-21.36]]}},{"type":"Feature","properties":{"Type":"OSR","PlateA":"CR","PlateB":"NH"},"geometry":{"type":"LineString","coordinates":[[174.12,-21.36],[174.11,-21.58]]}},{"type":"Feature","properties":{"Type":"OSR","PlateA":"CR","PlateB":"NH"},"geometry":{"type":"LineString","coordinates":[[174.11,-21.58],[174.09,-21.84]]}},{"type":"Feature","properties":{"Type":"CRB","PlateA":"CR","PlateB":"NH"},"geometry":{"type":"LineString","coordinates":[[174.09,-21.84],[174.06,-22.24]]}},{"type":"Feature","properties":{"Type":"OSR","PlateA":"CR","PlateB":"NH"},"geometry":{"type":"LineString","coordinates":[[174.06,-22.24],[174.03,-22.49]]}},{"type":"Feature","properties":{"Type":"OTF","PlateA":"NH","PlateB":"AU"},"geometry":{"type":"LineString","coordinates":[[172.44,-23.18],[172.78,-23.07]]}},{"type":"Feature","properties":{"Type":"OTF","PlateA":"NH","PlateB":"AU"},"geometry":{"type":"LineString","coordinates":[[172.78,-23.07],[173.04,-23.01]]}},{"type":"Feature","properties":{"Type":"OSR","PlateA":"NH","PlateB":"AU"},"geometry":{"type":"LineString","coordinates":[[173.04,-23.01],[173.21,-22.83]]}},{"type":"Feature","properties":{"Type":"OTF","PlateA":"NH","PlateB":"AU"},"geometry":{"type":"LineString","coordinates":[[173.21,-22.83],[173.61,-22.83]]}},{"type":"Feature","properties":{"Type":"OSR","PlateA":"NH","PlateB":"AU"},"geometry":{"type":"LineString","coordinates":[[173.61,-22.83],[174.03,-22.49]]}},{"type":"Feature","properties":{"Type":"OSR","PlateA":"BR","PlateB":"NH"},"geometry":{"type":"LineString","coordinates":[[172.57,-13.41],[172.74,-13.69]]}},{"type":"Feature","properties":{"Type":"OSR","PlateA":"BR","PlateB":"NH"},"geometry":{"type":"LineString","coordinates":[[172.74,-13.69],[172.88,-13.96]]}},{"type":"Feature","properties":{"Type":"OSR","PlateA":"BR","PlateB":"NH"},"geometry":{"type":"LineString","coordinates":[[172.88,-13.96],[173.02,-14.29]]}},{"type":"Feature","properties":{"Type":"OSR","PlateA":"BR","PlateB":"NH"},"geometry":{"type":"LineString","coordinates":[[173.02,-14.29],[173.14,-14.51]]}},{"type":"Feature","properties":{"Type":"OSR","PlateA":"BR","PlateB":"NH"},"geometry":{"type":"LineString","coordinates":[[173.14,-14.51],[173.18,-14.67]]}},{"type":"Feature","properties":{"Type":"OSR","PlateA":"BR","PlateB":"NH"},"geometry":{"type":"LineString","coordinates":[[173.18,-14.67],[173.21,-14.77]]}},{"type":"Feature","properties":{"Type":"OSR","PlateA":"BR","PlateB":"NH"},"geometry":{"type":"LineString","coordinates":[[173.21,-14.77],[173.26,-14.9]]}},{"type":"Feature","properties":{"Type":"OSR","PlateA":"BR","PlateB":"NH"},"geometry":{"type":"LineString","coordinates":[[173.26,-14.9],[173.29,-14.99]]}},{"type":"Feature","properties":{"Type":"OSR","PlateA":"BR","PlateB":"NH"},"geometry":{"type":"LineString","coordinates":[[173.29,-14.99],[173.32,-15.08]]}},{"type":"Feature","properties":{"Type":"OSR","PlateA":"BR","PlateB":"NH"},"geometry":{"type":"LineString","coordinates":[[173.32,-15.08],[173.35,-15.15]]}},{"type":"Feature","properties":{"Type":"OSR","PlateA":"BR","PlateB":"NH"},"geometry":{"type":"LineString","coordinates":[[173.35,-15.15],[173.36,-15.23]]}},{"type":"Feature","properties":{"Type":"OSR","PlateA":"BR","PlateB":"NH"},"geometry":{"type":"LineString","coordinates":[[173.36,-15.23],[173.39,-15.36]]}},{"type":"Feature","properties":{"Type":"OSR","PlateA":"BR","PlateB":"NH"},"geometry":{"type":"LineString","coordinates":[[173.39,-15.36],[173.43,-15.44]]}},{"type":"Feature","properties":{"Type":"OSR","PlateA":"BR","PlateB":"NH"},"geometry":{"type":"LineString","coordinates":[[173.43,-15.44],[173.46,-15.5]]}},{"type":"Feature","properties":{"Type":"OSR","PlateA":"BR","PlateB":"NH"},"geometry":{"type":"LineString","coordinates":[[173.46,-15.5],[173.52,-15.57]]}},{"type":"Feature","properties":{"Type":"OSR","PlateA":"BR","PlateB":"NH"},"geometry":{"type":"LineString","coordinates":[[173.52,-15.57],[173.54,-15.6]]}},{"type":"Feature","properties":{"Type":"OSR","PlateA":"BR","PlateB":"NH"},"geometry":{"type":"LineString","coordinates":[[173.54,-15.6],[173.56,-15.7]]}},{"type":"Feature","properties":{"Type":"OTF","PlateA":"BR","PlateB":"NH"},"geometry":{"type":"LineString","coordinates":[[173.56,-15.7],[173.4,-15.78]]}},{"type":"Feature","properties":{"Type":"OSR","PlateA":"BR","PlateB":"NH"},"geometry":{"type":"LineString","coordinates":[[173.4,-15.78],[173.49,-15.92]]}},{"type":"Feature","properties":{"Type":"OSR","PlateA":"BR","PlateB":"NH"},"geometry":{"type":"LineString","coordinates":[[173.49,-15.92],[173.53,-16.03]]}},{"type":"Feature","properties":{"Type":"OSR","PlateA":"BR","PlateB":"NH"},"geometry":{"type":"LineString","coordinates":[[173.53,-16.03],[173.57,-16.15]]}},{"type":"Feature","properties":{"Type":"OSR","PlateA":"BR","PlateB":"NH"},"geometry":{"type":"LineString","coordinates":[[173.57,-16.15],[173.46,-16.26]]}},{"type":"Feature","properties":{"Type":"OSR","PlateA":"BR","PlateB":"NH"},"geometry":{"type":"LineString","coordinates":[[173.46,-16.26],[173.59,-16.5]]}},{"type":"Feature","properties":{"Type":"OSR","PlateA":"BR","PlateB":"NH"},"geometry":{"type":"LineString","coordinates":[[173.59,-16.5],[173.67,-16.61]]}},{"type":"Feature","properties":{"Type":"OSR","PlateA":"BR","PlateB":"NH"},"geometry":{"type":"LineString","coordinates":[[173.67,-16.61],[173.72,-16.71]]}},{"type":"Feature","properties":{"Type":"OSR","PlateA":"BR","PlateB":"NH"},"geometry":{"type":"LineString","coordinates":[[173.72,-16.71],[173.79,-16.8]]}},{"type":"Feature","properties":{"Type":"OSR","PlateA":"BR","PlateB":"NH"},"geometry":{"type":"LineString","coordinates":[[173.79,-16.8],[173.9,-16.85]]}},{"type":"Feature","properties":{"Type":"OTF","PlateA":"BR","PlateB":"CR"},"geometry":{"type":"LineString","coordinates":[[173.9,-16.85],[174.5,-16.56]]}},{"type":"Feature","properties":{"Type":"OCB","PlateA":"BR","PlateB":"CR"},"geometry":{"type":"LineString","coordinates":[[174.5,-16.56],[174.89,-16.87]]}},{"type":"Feature","properties":{"Type":"OTF","PlateA":"BR","PlateB":"CR"},"geometry":{"type":"LineString","coordinates":[[174.89,-16.87],[175.11,-16.75]]}},{"type":"Feature","properties":{"Type":"OCB","PlateA":"BR","PlateB":"CR"},"geometry":{"type":"LineString","coordinates":[[175.11,-16.75],[175.23,-16.74]]}},{"type":"Feature","properties":{"Type":"OTF","PlateA":"BR","PlateB":"CR"},"geometry":{"type":"LineString","coordinates":[[175.23,-16.74],[175.38,-16.63]]}},{"type":"Feature","properties":{"Type":"OCB","PlateA":"BR","PlateB":"CR"},"geometry":{"type":"LineString","coordinates":[[175.38,-16.63],[175.49,-16.62]]}},{"type":"Feature","properties":{"Type":"OCB","PlateA":"BR","PlateB":"CR"},"geometry":{"type":"LineString","coordinates":[[175.49,-16.62],[175.61,-16.59]]}},{"type":"Feature","properties":{"Type":"OCB","PlateA":"BR","PlateB":"CR"},"geometry":{"type":"LineString","coordinates":[[175.61,-16.59],[175.89,-16.56]]}},{"type":"Feature","properties":{"Type":"OCB","PlateA":"BR","PlateB":"CR"},"geometry":{"type":"LineString","coordinates":[[175.89,-16.56],[176.18,-16.55]]}},{"type":"Feature","properties":{"Type":"OSR","PlateA":"AU","PlateB":"CR"},"geometry":{"type":"LineString","coordinates":[[176.18,-16.55],[176.18,-16.67]]}},{"type":"Feature","properties":{"Type":"OSR","PlateA":"AU","PlateB":"CR"},"geometry":{"type":"LineString","coordinates":[[176.18,-16.67],[176.15,-16.82]]}},{"type":"Feature","properties":{"Type":"OSR","PlateA":"AU","PlateB":"CR"},"geometry":{"type":"LineString","coordinates":[[176.15,-16.82],[176.11,-16.96]]}},{"type":"Feature","properties":{"Type":"OSR","PlateA":"AU","PlateB":"CR"},"geometry":{"type":"LineString","coordinates":[[176.11,-16.96],[176.07,-17.09]]}},{"type":"Feature","properties":{"Type":"OSR","PlateA":"AU","PlateB":"CR"},"geometry":{"type":"LineString","coordinates":[[176.07,-17.09],[176.04,-17.24]]}},{"type":"Feature","properties":{"Type":"OSR","PlateA":"AU","PlateB":"CR"},"geometry":{"type":"LineString","coordinates":[[176.04,-17.24],[175.99,-17.54]]}},{"type":"Feature","properties":{"Type":"OSR","PlateA":"AU","PlateB":"CR"},"geometry":{"type":"LineString","coordinates":[[175.99,-17.54],[175.97,-17.8]]}},{"type":"Feature","properties":{"Type":"OTF","PlateA":"AU","PlateB":"CR"},"geometry":{"type":"LineString","coordinates":[[175.97,-17.8],[176.34,-17.82]]}},{"type":"Feature","properties":{"Type":"OSR","PlateA":"AU","PlateB":"CR"},"geometry":{"type":"LineString","coordinates":[[176.34,-17.82],[176.34,-18.04]]}},{"type":"Feature","properties":{"Type":"OSR","PlateA":"AU","PlateB":"CR"},"geometry":{"type":"LineString","coordinates":[[176.34,-18.04],[176.3,-18.14]]}},{"type":"Feature","properties":{"Type":"OSR","PlateA":"AU","PlateB":"CR"},"geometry":{"type":"LineString","coordinates":[[176.3,-18.14],[176.24,-18.24]]}},{"type":"Feature","properties":{"Type":"OSR","PlateA":"AU","PlateB":"CR"},"geometry":{"type":"LineString","coordinates":[[176.24,-18.24],[176.22,-18.32]]}},{"type":"Feature","properties":{"Type":"OSR","PlateA":"AU","PlateB":"CR"},"geometry":{"type":"LineString","coordinates":[[176.22,-18.32],[176.21,-18.61]]}},{"type":"Feature","properties":{"Type":"OSR","PlateA":"AU","PlateB":"CR"},"geometry":{"type":"LineString","coordinates":[[176.21,-18.61],[176.14,-18.73]]}},{"type":"Feature","properties":{"Type":"OSR","PlateA":"AU","PlateB":"CR"},"geometry":{"type":"LineString","coordinates":[[176.14,-18.73],[176.06,-18.89]]}},{"type":"Feature","properties":{"Type":"OSR","PlateA":"AU","PlateB":"CR"},"geometry":{"type":"LineString","coordinates":[[176.06,-18.89],[175.98,-19.02]]}},{"type":"Feature","properties":{"Type":"OSR","PlateA":"AU","PlateB":"CR"},"geometry":{"type":"LineString","coordinates":[[175.98,-19.02],[175.92,-19.08]]}},{"type":"Feature","properties":{"Type":"OSR","PlateA":"AU","PlateB":"CR"},"geometry":{"type":"LineString","coordinates":[[175.92,-19.08],[175.9,-19.16]]}},{"type":"Feature","properties":{"Type":"OSR","PlateA":"AU","PlateB":"CR"},"geometry":{"type":"LineString","coordinates":[[175.9,-19.16],[175.89,-19.33]]}},{"type":"Feature","properties":{"Type":"OSR","PlateA":"AU","PlateB":"CR"},"geometry":{"type":"LineString","coordinates":[[175.89,-19.33],[175.84,-19.44]]}},{"type":"Feature","properties":{"Type":"OSR","PlateA":"AU","PlateB":"CR"},"geometry":{"type":"LineString","coordinates":[[175.84,-19.44],[175.77,-19.55]]}},{"type":"Feature","properties":{"Type":"OSR","PlateA":"AU","PlateB":"CR"},"geometry":{"type":"LineString","coordinates":[[175.77,-19.55],[175.56,-19.75]]}},{"type":"Feature","properties":{"Type":"OSR","PlateA":"AU","PlateB":"CR"},"geometry":{"type":"LineString","coordinates":[[175.56,-19.75],[175.57,-19.98]]}},{"type":"Feature","properties":{"Type":"OSR","PlateA":"AU","PlateB":"CR"},"geometry":{"type":"LineString","coordinates":[[175.57,-19.98],[175.59,-20.19]]}},{"type":"Feature","properties":{"Type":"OSR","PlateA":"AU","PlateB":"CR"},"geometry":{"type":"LineString","coordinates":[[175.59,-20.19],[175.83,-20.63]]}},{"type":"Feature","properties":{"Type":"OSR","PlateA":"AU","PlateB":"CR"},"geometry":{"type":"LineString","coordinates":[[175.83,-20.63],[176.12,-21.17]]}},{"type":"Feature","properties":{"Type":"OSR","PlateA":"AU","PlateB":"CR"},"geometry":{"type":"LineString","coordinates":[[176.12,-21.17],[175.73,-21.42]]}},{"type":"Feature","properties":{"Type":"OTF","PlateA":"AU","PlateB":"CR"},"geometry":{"type":"LineString","coordinates":[[175.73,-21.42],[175.23,-21.75]]}},{"type":"Feature","properties":{"Type":"OTF","PlateA":"AU","PlateB":"CR"},"geometry":{"type":"LineString","coordinates":[[175.23,-21.75],[174.58,-22.17]]}},{"type":"Feature","properties":{"Type":"OCB","PlateA":"AU","PlateB":"CR"},"geometry":{"type":"LineString","coordinates":[[174.58,-22.17],[174.03,-22.49]]}},{"type":"Feature","properties":{"Type":"OCB","PlateA":"BR","PlateB":"AU"},"geometry":{"type":"LineString","coordinates":[[176.18,-16.55],[176.38,-16.57]]}},{"type":"Feature","properties":{"Type":"OTF","PlateA":"BR","PlateB":"AU"},"geometry":{"type":"LineString","coordinates":[[176.38,-16.57],[176.55,-16.56]]}},{"type":"Feature","properties":{"Type":"OTF","PlateA":"BR","PlateB":"AU"},"geometry":{"type":"LineString","coordinates":[[176.55,-16.56],[176.67,-16.55]]}},{"type":"Feature","properties":{"Type":"OTF","PlateA":"BR","PlateB":"AU"},"geometry":{"type":"LineString","coordinates":[[176.67,-16.55],[176.79,-16.55]]}},{"type":"Feature","properties":{"Type":"OTF","PlateA":"BR","PlateB":"AU"},"geometry":{"type":"LineString","coordinates":[[176.79,-16.55],[176.88,-16.54]]}},{"type":"Feature","properties":{"Type":"OTF","PlateA":"BR","PlateB":"AU"},"geometry":{"type":"LineString","coordinates":[[176.88,-16.54],[176.95,-16.52]]}},{"type":"Feature","properties":{"Type":"OTF","PlateA":"BR","PlateB":"AU"},"geometry":{"type":"LineString","coordinates":[[176.95,-16.52],[177.04,-16.52]]}},{"type":"Feature","properties":{"Type":"OTF","PlateA":"BR","PlateB":"AU"},"geometry":{"type":"LineString","coordinates":[[177.04,-16.52],[177.13,-16.5]]}},{"type":"Feature","properties":{"Type":"OTF","PlateA":"BR","PlateB":"AU"},"geometry":{"type":"LineString","coordinates":[[177.13,-16.5],[177.19,-16.5]]}},{"type":"Feature","properties":{"Type":"OTF","PlateA":"BR","PlateB":"AU"},"geometry":{"type":"LineString","coordinates":[[177.19,-16.5],[177.27,-16.51]]}},{"type":"Feature","properties":{"Type":"OTF","PlateA":"BR","PlateB":"AU"},"geometry":{"type":"LineString","coordinates":[[177.27,-16.51],[177.41,-16.51]]}},{"type":"Feature","properties":{"Type":"OSR","PlateA":"BR","PlateB":"AU"},"geometry":{"type":"LineString","coordinates":[[177.41,-16.51],[177.41,-16.3]]}},{"type":"Feature","properties":{"Type":"OTF","PlateA":"BR","PlateB":"AU"},"geometry":{"type":"LineString","coordinates":[[177.41,-16.3],[177.35,-16.3]]}},{"type":"Feature","properties":{"Type":"OSR","PlateA":"BR","PlateB":"AU"},"geometry":{"type":"LineString","coordinates":[[177.35,-16.3],[177.4,-16.21]]}},{"type":"Feature","properties":{"Type":"OCB","PlateA":"BR","PlateB":"AU"},"geometry":{"type":"LineString","coordinates":[[177.4,-16.21],[177.59,-16.23]]}},{"type":"Feature","properties":{"Type":"OTF","PlateA":"BR","PlateB":"AU"},"geometry":{"type":"LineString","coordinates":[[177.59,-16.23],[177.72,-16.23]]}},{"type":"Feature","properties":{"Type":"OTF","PlateA":"BR","PlateB":"AU"},"geometry":{"type":"LineString","coordinates":[[177.72,-16.23],[177.81,-16.23]]}},{"type":"Feature","properties":{"Type":"OTF","PlateA":"BR","PlateB":"AU"},"geometry":{"type":"LineString","coordinates":[[177.81,-16.23],[177.88,-16.22]]}},{"type":"Feature","properties":{"Type":"OTF","PlateA":"BR","PlateB":"AU"},"geometry":{"type":"LineString","coordinates":[[177.88,-16.22],[178.01,-16.17]]}},{"type":"Feature","properties":{"Type":"OTF","PlateA":"BR","PlateB":"AU"},"geometry":{"type":"LineString","coordinates":[[178.01,-16.17],[178.09,-16.15]]}},{"type":"Feature","properties":{"Type":"OTF","PlateA":"BR","PlateB":"AU"},"geometry":{"type":"LineString","coordinates":[[178.09,-16.15],[178.17,-16.11]]}},{"type":"Feature","properties":{"Type":"OTF","PlateA":"BR","PlateB":"AU"},"geometry":{"type":"LineString","coordinates":[[178.17,-16.11],[178.28,-16.11]]}},{"type":"Feature","properties":{"Type":"OTF","PlateA":"BR","PlateB":"AU"},"geometry":{"type":"LineString","coordinates":[[178.28,-16.11],[178.4,-16.1]]}},{"type":"Feature","properties":{"Type":"OTF","PlateA":"BR","PlateB":"AU"},"geometry":{"type":"LineString","coordinates":[[178.4,-16.1],[178.49,-16.09]]}},{"type":"Feature","properties":{"Type":"OSR","PlateA":"BR","PlateB":"AU"},"geometry":{"type":"LineString","coordinates":[[178.49,-16.09],[178.52,-15.98]]}},{"type":"Feature","properties":{"Type":"OSR","PlateA":"BR","PlateB":"AU"},"geometry":{"type":"LineString","coordinates":[[178.52,-15.98],[178.56,-15.9]]}},{"type":"Feature","properties":{"Type":"OTF","PlateA":"BR","PlateB":"AU"},"geometry":{"type":"LineString","coordinates":[[178.56,-15.9],[178.94,-15.81]]}},{"type":"Feature","properties":{"Type":"OTF","PlateA":"BR","PlateB":"AU"},"geometry":{"type":"LineString","coordinates":[[178.94,-15.81],[179.33,-15.73]]}},{"type":"Feature","properties":{"Type":"OTF","PlateA":"BR","PlateB":"AU"},"geometry":{"type":"LineString","coordinates":[[179.33,-15.73],[179.61,-15.68]]}},{"type":"Feature","properties":{"Type":"CTF","PlateA":"BR","PlateB":"AU"},"geometry":{"type":"LineString","coordinates":[[179.61,-15.68],[179.89,-15.65]]}},{"type":"Feature","properties":{"Type":"CTF","PlateA":"BR","PlateB":"AU"},"geometry":{"type":"LineString","coordinates":[[179.89,-15.65],[180,-15.62]]}},{"type":"Feature","properties":{"Type":"OSR","PlateA":"PA","PlateB":"BR"},"geometry":{"type":"LineString","coordinates":[[172.57,-13.41],[173.05,-13.49]]}},{"type":"Feature","properties":{"Type":"CRB","PlateA":"PA","PlateB":"BR"},"geometry":{"type":"LineString","coordinates":[[173.05,-13.49],[173.67,-13.52]]}},{"type":"Feature","properties":{"Type":"OSR","PlateA":"PA","PlateB":"BR"},"geometry":{"type":"LineString","coordinates":[[173.67,-13.52],[173.94,-13.29]]}},{"type":"Feature","properties":{"Type":"OSR","PlateA":"PA","PlateB":"BR"},"geometry":{"type":"LineString","coordinates":[[173.94,-13.29],[174.48,-13.4]]}},{"type":"Feature","properties":{"Type":"OSR","PlateA":"PA","PlateB":"BR"},"geometry":{"type":"LineString","coordinates":[[174.48,-13.4],[174.66,-13.41]]}},{"type":"Feature","properties":{"Type":"OSR","PlateA":"PA","PlateB":"BR"},"geometry":{"type":"LineString","coordinates":[[174.66,-13.41],[174.78,-13.39]]}},{"type":"Feature","properties":{"Type":"OSR","PlateA":"PA","PlateB":"BR"},"geometry":{"type":"LineString","coordinates":[[174.78,-13.39],[174.9,-13.33]]}},{"type":"Feature","properties":{"Type":"CRB","PlateA":"PA","PlateB":"BR"},"geometry":{"type":"LineString","coordinates":[[174.9,-13.33],[175.31,-13.24]]}},{"type":"Feature","properties":{"Type":"OSR","PlateA":"PA","PlateB":"BR"},"geometry":{"type":"LineString","coordinates":[[175.31,-13.24],[175.66,-13.33]]}},{"type":"Feature","properties":{"Type":"OSR","PlateA":"PA","PlateB":"BR"},"geometry":{"type":"LineString","coordinates":[[175.66,-13.33],[175.95,-13.42]]}},{"type":"Feature","properties":{"Type":"OCB","PlateA":"PA","PlateB":"BR"},"geometry":{"type":"LineString","coordinates":[[175.95,-13.42],[176.02,-13.64]]}},{"type":"Feature","properties":{"Type":"OSR","PlateA":"PA","PlateB":"BR"},"geometry":{"type":"LineString","coordinates":[[176.02,-13.64],[176.26,-13.67]]}},{"type":"Feature","properties":{"Type":"OSR","PlateA":"PA","PlateB":"BR"},"geometry":{"type":"LineString","coordinates":[[176.26,-13.67],[176.62,-13.73]]}},{"type":"Feature","properties":{"Type":"OSR","PlateA":"PA","PlateB":"BR"},"geometry":{"type":"LineString","coordinates":[[176.62,-13.73],[176.97,-13.85]]}},{"type":"Feature","properties":{"Type":"OTF","PlateA":"PA","PlateB":"BR"},"geometry":{"type":"LineString","coordinates":[[176.97,-13.85],[177.17,-13.95]]}},{"type":"Feature","properties":{"Type":"OTF","PlateA":"PA","PlateB":"BR"},"geometry":{"type":"LineString","coordinates":[[177.17,-13.95],[177.42,-14.05]]}},{"type":"Feature","properties":{"Type":"OTF","PlateA":"PA","PlateB":"BR"},"geometry":{"type":"LineString","coordinates":[[177.42,-14.05],[178.03,-14.31]]}},{"type":"Feature","properties":{"Type":"OTF","PlateA":"PA","PlateB":"BR"},"geometry":{"type":"LineString","coordinates":[[178.03,-14.31],[178.47,-14.5]]}},{"type":"Feature","properties":{"Type":"OTF","PlateA":"PA","PlateB":"BR"},"geometry":{"type":"LineString","coordinates":[[178.47,-14.5],[179.01,-14.78]]}},{"type":"Feature","properties":{"Type":"OTF","PlateA":"PA","PlateB":"BR"},"geometry":{"type":"LineString","coordinates":[[179.01,-14.78],[179.39,-14.97]]}},{"type":"Feature","properties":{"Type":"OTF","PlateA":"PA","PlateB":"BR"},"geometry":{"type":"LineString","coordinates":[[179.39,-14.97],[179.79,-15.22]]}},{"type":"Feature","properties":{"Type":"OTF","PlateA":"PA","PlateB":"BR"},"geometry":{"type":"LineString","coordinates":[[179.79,-15.22],[180,-15.36]]}},{"type":"Feature","properties":{"Type":"OTF","PlateA":"PA","PlateB":"AU"},"geometry":{"type":"LineString","coordinates":[[-179.74,-15.54],[-179.44,-15.53]]}},{"type":"Feature","properties":{"Type":"OTF","PlateA":"FT","PlateB":"AU"},"geometry":{"type":"LineString","coordinates":[[-179.44,-15.53],[-178.81,-15.38]]}},{"type":"Feature","properties":{"Type":"CTF","PlateA":"FT","PlateB":"AU"},"geometry":{"type":"LineString","coordinates":[[-178.81,-15.38],[-178.26,-15.32]]}},{"type":"Feature","properties":{"Type":"CTF","PlateA":"FT","PlateB":"AU"},"geometry":{"type":"LineString","coordinates":[[-178.26,-15.32],[-177.69,-15.4]]}},{"type":"Feature","properties":{"Type":"CTF","PlateA":"FT","PlateB":"AU"},"geometry":{"type":"LineString","coordinates":[[-177.69,-15.4],[-177.13,-15.56]]}},{"type":"Feature","properties":{"Type":"CTF","PlateA":"FT","PlateB":"PA"},"geometry":{"type":"LineString","coordinates":[[-176.35,-14.63],[-176.88,-14.67]]}},{"type":"Feature","properties":{"Type":"CTF","PlateA":"FT","PlateB":"PA"},"geometry":{"type":"LineString","coordinates":[[-176.88,-14.67],[-177.41,-14.71]]}},{"type":"Feature","properties":{"Type":"CTF","PlateA":"FT","PlateB":"PA"},"geometry":{"type":"LineString","coordinates":[[-177.41,-14.71],[-177.75,-14.65]]}},{"type":"Feature","properties":{"Type":"CCB","PlateA":"FT","PlateB":"PA"},"geometry":{"type":"LineString","coordinates":[[-177.75,-14.65],[-178.24,-14.32]]}},{"type":"Feature","properties":{"Type":"CCB","PlateA":"FT","PlateB":"PA"},"geometry":{"type":"LineString","coordinates":[[-178.24,-14.32],[-178.73,-13.99]]}},{"type":"Feature","properties":{"Type":"OSR","PlateA":"FT","PlateB":"PA"},"geometry":{"type":"LineString","coordinates":[[-178.73,-13.99],[-178.77,-14.23]]}},{"type":"Feature","properties":{"Type":"OTF","PlateA":"FT","PlateB":"PA"},"geometry":{"type":"LineString","coordinates":[[-178.77,-14.23],[-178.89,-14.22]]}},{"type":"Feature","properties":{"Type":"OSR","PlateA":"FT","PlateB":"PA"},"geometry":{"type":"LineString","coordinates":[[-178.89,-14.22],[-179.05,-14.93]]}},{"type":"Feature","properties":{"Type":"OTF","PlateA":"FT","PlateB":"PA"},"geometry":{"type":"LineString","coordinates":[[-179.05,-14.93],[-179.29,-14.94]]}},{"type":"Feature","properties":{"Type":"OSR","PlateA":"FT","PlateB":"PA"},"geometry":{"type":"LineString","coordinates":[[-179.29,-14.94],[-179.44,-15.53]]}},{"type":"Feature","properties":{"Type":"OSR","PlateA":"EA","PlateB":"PA"},"geometry":{"type":"LineString","coordinates":[[-114.42,-22.11],[-114.5,-22.2]]}},{"type":"Feature","properties":{"Type":"OSR","PlateA":"EA","PlateB":"PA"},"geometry":{"type":"LineString","coordinates":[[-114.5,-22.2],[-114.5,-22.54]]}},{"type":"Feature","properties":{"Type":"OSR","PlateA":"EA","PlateB":"PA"},"geometry":{"type":"LineString","coordinates":[[-114.5,-22.54],[-114.57,-23.02]]}},{"type":"Feature","properties":{"Type":"OTF","PlateA":"EA","PlateB":"PA"},"geometry":{"type":"LineString","coordinates":[[-114.57,-23.02],[-114.87,-23.04]]}},{"type":"Feature","properties":{"Type":"OSR","PlateA":"EA","PlateB":"PA"},"geometry":{"type":"LineString","coordinates":[[-114.87,-23.04],[-114.96,-23.18]]}},{"type":"Feature","properties":{"Type":"OTF","PlateA":"EA","PlateB":"PA"},"geometry":{"type":"LineString","coordinates":[[-114.96,-23.18],[-115.18,-23.24]]}},{"type":"Feature","properties":{"Type":"OSR","PlateA":"EA","PlateB":"PA"},"geometry":{"type":"LineString","coordinates":[[-115.18,-23.24],[-115.25,-23.4]]}},{"type":"Feature","properties":{"Type":"OTF","PlateA":"EA","PlateB":"PA"},"geometry":{"type":"LineString","coordinates":[[-115.25,-23.4],[-115.6,-23.47]]}},{"type":"Feature","properties":{"Type":"OSR","PlateA":"EA","PlateB":"PA"},"geometry":{"type":"LineString","coordinates":[[-115.6,-23.47],[-115.42,-23.88]]}},{"type":"Feature","properties":{"Type":"OSR","PlateA":"EA","PlateB":"PA"},"geometry":{"type":"LineString","coordinates":[[-115.42,-23.88],[-115.4,-24.02]]}},{"type":"Feature","properties":{"Type":"OSR","PlateA":"EA","PlateB":"PA"},"geometry":{"type":"LineString","coordinates":[[-115.4,-24.02],[-115.48,-24.1]]}},{"type":"Feature","properties":{"Type":"OTF","PlateA":"EA","PlateB":"PA"},"geometry":{"type":"LineString","coordinates":[[-115.48,-24.1],[-115.91,-24.24]]}},{"type":"Feature","properties":{"Type":"OSR","PlateA":"EA","PlateB":"PA"},"geometry":{"type":"LineString","coordinates":[[-115.91,-24.24],[-115.97,-24.38]]}},{"type":"Feature","properties":{"Type":"OTF","PlateA":"EA","PlateB":"PA"},"geometry":{"type":"LineString","coordinates":[[-115.97,-24.38],[-116.18,-24.46]]}},{"type":"Feature","properties":{"Type":"OSR","PlateA":"EA","PlateB":"PA"},"geometry":{"type":"LineString","coordinates":[[-116.18,-24.46],[-116.22,-24.56]]}},{"type":"Feature","properties":{"Type":"OSR","PlateA":"EA","PlateB":"PA"},"geometry":{"type":"LineString","coordinates":[[-116.22,-24.56],[-116.1,-24.85]]}},{"type":"Feature","properties":{"Type":"OTF","PlateA":"EA","PlateB":"PA"},"geometry":{"type":"LineString","coordinates":[[-116.1,-24.85],[-116.49,-25.17]]}},{"type":"Feature","properties":{"Type":"OSR","PlateA":"EA","PlateB":"PA"},"geometry":{"type":"LineString","coordinates":[[-116.49,-25.17],[-116.35,-25.42]]}},{"type":"Feature","properties":{"Type":"OSR","PlateA":"EA","PlateB":"PA"},"geometry":{"type":"LineString","coordinates":[[-116.35,-25.42],[-116.03,-25.67]]}},{"type":"Feature","properties":{"Type":"OSR","PlateA":"EA","PlateB":"PA"},"geometry":{"type":"LineString","coordinates":[[-116.03,-25.67],[-115.77,-25.97]]}},{"type":"Feature","properties":{"Type":"OSR","PlateA":"EA","PlateB":"PA"},"geometry":{"type":"LineString","coordinates":[[-115.77,-25.97],[-115.52,-26.24]]}},{"type":"Feature","properties":{"Type":"OSR","PlateA":"EA","PlateB":"PA"},"geometry":{"type":"LineString","coordinates":[[-115.52,-26.24],[-115.29,-26.47]]}},{"type":"Feature","properties":{"Type":"OSR","PlateA":"EA","PlateB":"PA"},"geometry":{"type":"LineString","coordinates":[[-115.29,-26.47],[-115.1,-26.6]]}},{"type":"Feature","properties":{"Type":"OSR","PlateA":"EA","PlateB":"PA"},"geometry":{"type":"LineString","coordinates":[[-115.1,-26.6],[-114.53,-26.72]]}},{"type":"Feature","properties":{"Type":"OSR","PlateA":"EA","PlateB":"PA"},"geometry":{"type":"LineString","coordinates":[[-114.53,-26.72],[-113.94,-26.79]]}},{"type":"Feature","properties":{"Type":"OTF","PlateA":"EA","PlateB":"PA"},"geometry":{"type":"LineString","coordinates":[[-113.94,-26.79],[-113.61,-26.81]]}},{"type":"Feature","properties":{"Type":"OTF","PlateA":"EA","PlateB":"PA"},"geometry":{"type":"LineString","coordinates":[[-113.61,-26.81],[-112.98,-26.83]]}},{"type":"Feature","properties":{"Type":"OSR","PlateA":"EA","PlateB":"NZ"},"geometry":{"type":"LineString","coordinates":[[-112.98,-26.83],[-112.95,-26.72]]}},{"type":"Feature","properties":{"Type":"OTF","PlateA":"EA","PlateB":"NZ"},"geometry":{"type":"LineString","coordinates":[[-112.95,-26.72],[-112.68,-26.8]]}},{"type":"Feature","properties":{"Type":"OSR","PlateA":"EA","PlateB":"NZ"},"geometry":{"type":"LineString","coordinates":[[-112.68,-26.8],[-112.66,-26.55]]}},{"type":"Feature","properties":{"Type":"OSR","PlateA":"EA","PlateB":"NZ"},"geometry":{"type":"LineString","coordinates":[[-112.66,-26.55],[-112.68,-26.28]]}},{"type":"Feature","properties":{"Type":"OSR","PlateA":"EA","PlateB":"NZ"},"geometry":{"type":"LineString","coordinates":[[-112.68,-26.28],[-112.67,-26.04]]}},{"type":"Feature","properties":{"Type":"OSR","PlateA":"EA","PlateB":"NZ"},"geometry":{"type":"LineString","coordinates":[[-112.67,-26.04],[-112.62,-25.93]]}},{"type":"Feature","properties":{"Type":"OTF","PlateA":"EA","PlateB":"NZ"},"geometry":{"type":"LineString","coordinates":[[-112.62,-25.93],[-112.55,-25.93]]}},{"type":"Feature","properties":{"Type":"OSR","PlateA":"EA","PlateB":"NZ"},"geometry":{"type":"LineString","coordinates":[[-112.55,-25.93],[-112.54,-25.79]]}},{"type":"Feature","properties":{"Type":"OTF","PlateA":"EA","PlateB":"NZ"},"geometry":{"type":"LineString","coordinates":[[-112.54,-25.79],[-112.45,-25.79]]}},{"type":"Feature","properties":{"Type":"OSR","PlateA":"EA","PlateB":"NZ"},"geometry":{"type":"LineString","coordinates":[[-112.45,-25.79],[-112.44,-25.68]]}},{"type":"Feature","properties":{"Type":"OSR","PlateA":"EA","PlateB":"NZ"},"geometry":{"type":"LineString","coordinates":[[-112.44,-25.68],[-112.36,-25.66]]}},{"type":"Feature","properties":{"Type":"OSR","PlateA":"EA","PlateB":"NZ"},"geometry":{"type":"LineString","coordinates":[[-112.36,-25.66],[-112.37,-25.56]]}},{"type":"Feature","properties":{"Type":"OSR","PlateA":"EA","PlateB":"NZ"},"geometry":{"type":"LineString","coordinates":[[-112.37,-25.56],[-112.39,-25.43]]}},{"type":"Feature","properties":{"Type":"OSR","PlateA":"EA","PlateB":"NZ"},"geometry":{"type":"LineString","coordinates":[[-112.39,-25.43],[-112.44,-25.2]]}},{"type":"Feature","properties":{"Type":"OSR","PlateA":"EA","PlateB":"NZ"},"geometry":{"type":"LineString","coordinates":[[-112.44,-25.2],[-112.45,-25.06]]}},{"type":"Feature","properties":{"Type":"OTF","PlateA":"EA","PlateB":"NZ"},"geometry":{"type":"LineString","coordinates":[[-112.45,-25.06],[-111.98,-25.03]]}},{"type":"Feature","properties":{"Type":"OSR","PlateA":"EA","PlateB":"NZ"},"geometry":{"type":"LineString","coordinates":[[-111.98,-25.03],[-111.98,-24.89]]}},{"type":"Feature","properties":{"Type":"OSR","PlateA":"EA","PlateB":"NZ"},"geometry":{"type":"LineString","coordinates":[[-111.98,-24.89],[-112.05,-24.66]]}},{"type":"Feature","properties":{"Type":"OSR","PlateA":"EA","PlateB":"NZ"},"geometry":{"type":"LineString","coordinates":[[-112.05,-24.66],[-112.1,-24.45]]}},{"type":"Feature","properties":{"Type":"OSR","PlateA":"EA","PlateB":"NZ"},"geometry":{"type":"LineString","coordinates":[[-112.1,-24.45],[-112.12,-24.22]]}},{"type":"Feature","properties":{"Type":"OSR","PlateA":"EA","PlateB":"NZ"},"geometry":{"type":"LineString","coordinates":[[-112.12,-24.22],[-112.1,-24.11]]}},{"type":"Feature","properties":{"Type":"OTF","PlateA":"EA","PlateB":"NZ"},"geometry":{"type":"LineString","coordinates":[[-112.1,-24.11],[-111.71,-24.03]]}},{"type":"Feature","properties":{"Type":"OSR","PlateA":"EA","PlateB":"NZ"},"geometry":{"type":"LineString","coordinates":[[-111.71,-24.03],[-111.76,-23.86]]}},{"type":"Feature","properties":{"Type":"OSR","PlateA":"EA","PlateB":"NZ"},"geometry":{"type":"LineString","coordinates":[[-111.76,-23.86],[-111.83,-23.73]]}},{"type":"Feature","properties":{"Type":"OSR","PlateA":"EA","PlateB":"NZ"},"geometry":{"type":"LineString","coordinates":[[-111.83,-23.73],[-111.86,-23.47]]}},{"type":"Feature","properties":{"Type":"OSR","PlateA":"EA","PlateB":"NZ"},"geometry":{"type":"LineString","coordinates":[[-111.86,-23.47],[-111.87,-23.33]]}},{"type":"Feature","properties":{"Type":"OSR","PlateA":"EA","PlateB":"NZ"},"geometry":{"type":"LineString","coordinates":[[-111.87,-23.33],[-111.74,-23.21]]}},{"type":"Feature","properties":{"Type":"OSR","PlateA":"EA","PlateB":"NZ"},"geometry":{"type":"LineString","coordinates":[[-111.74,-23.21],[-111.92,-23.02]]}},{"type":"Feature","properties":{"Type":"OSR","PlateA":"EA","PlateB":"NZ"},"geometry":{"type":"LineString","coordinates":[[-111.92,-23.02],[-112.21,-22.82]]}},{"type":"Feature","properties":{"Type":"OTF","PlateA":"EA","PlateB":"NZ"},"geometry":{"type":"LineString","coordinates":[[-112.21,-22.82],[-112.57,-22.62]]}},{"type":"Feature","properties":{"Type":"OTF","PlateA":"EA","PlateB":"NZ"},"geometry":{"type":"LineString","coordinates":[[-112.57,-22.62],[-112.93,-22.41]]}},{"type":"Feature","properties":{"Type":"OCB","PlateA":"EA","PlateB":"NZ"},"geometry":{"type":"LineString","coordinates":[[-112.93,-22.41],[-113.28,-22.22]]}},{"type":"Feature","properties":{"Type":"OCB","PlateA":"EA","PlateB":"NZ"},"geometry":{"type":"LineString","coordinates":[[-113.28,-22.22],[-113.61,-22.13]]}},{"type":"Feature","properties":{"Type":"OCB","PlateA":"EA","PlateB":"NZ"},"geometry":{"type":"LineString","coordinates":[[-113.61,-22.13],[-113.91,-22.1]]}},{"type":"Feature","properties":{"Type":"OCB","PlateA":"EA","PlateB":"NZ"},"geometry":{"type":"LineString","coordinates":[[-113.91,-22.1],[-114.12,-22.11]]}},{"type":"Feature","properties":{"Type":"OCB","PlateA":"EA","PlateB":"NZ"},"geometry":{"type":"LineString","coordinates":[[-114.12,-22.11],[-114.42,-22.11]]}},{"type":"Feature","properties":{"Type":"OSR","PlateA":"JZ","PlateB":"PA"},"geometry":{"type":"LineString","coordinates":[[-112.02,-31.54],[-112.04,-31.77]]}},{"type":"Feature","properties":{"Type":"OSR","PlateA":"JZ","PlateB":"PA"},"geometry":{"type":"LineString","coordinates":[[-112.04,-31.77],[-112.06,-31.95]]}},{"type":"Feature","properties":{"Type":"OSR","PlateA":"JZ","PlateB":"PA"},"geometry":{"type":"LineString","coordinates":[[-112.06,-31.95],[-112.06,-32.11]]}},{"type":"Feature","properties":{"Type":"OSR","PlateA":"JZ","PlateB":"PA"},"geometry":{"type":"LineString","coordinates":[[-112.06,-32.11],[-112.15,-32.34]]}},{"type":"Feature","properties":{"Type":"OCB","PlateA":"JZ","PlateB":"PA"},"geometry":{"type":"LineString","coordinates":[[-112.15,-32.34],[-112.36,-32.33]]}},{"type":"Feature","properties":{"Type":"OSR","PlateA":"JZ","PlateB":"PA"},"geometry":{"type":"LineString","coordinates":[[-112.36,-32.33],[-112.41,-32.49]]}},{"type":"Feature","properties":{"Type":"OSR","PlateA":"JZ","PlateB":"PA"},"geometry":{"type":"LineString","coordinates":[[-112.41,-32.49],[-112.42,-32.79]]}},{"type":"Feature","properties":{"Type":"OSR","PlateA":"JZ","PlateB":"PA"},"geometry":{"type":"LineString","coordinates":[[-112.42,-32.79],[-112.44,-33.11]]}},{"type":"Feature","properties":{"Type":"OSR","PlateA":"JZ","PlateB":"PA"},"geometry":{"type":"LineString","coordinates":[[-112.44,-33.11],[-112.46,-33.4]]}},{"type":"Feature","properties":{"Type":"OSR","PlateA":"JZ","PlateB":"PA"},"geometry":{"type":"LineString","coordinates":[[-112.46,-33.4],[-112.5,-33.65]]}},{"type":"Feature","properties":{"Type":"OCB","PlateA":"JZ","PlateB":"PA"},"geometry":{"type":"LineString","coordinates":[[-112.5,-33.65],[-112.6,-33.66]]}},{"type":"Feature","properties":{"Type":"OSR","PlateA":"JZ","PlateB":"PA"},"geometry":{"type":"LineString","coordinates":[[-112.6,-33.66],[-112.63,-34]]}},{"type":"Feature","properties":{"Type":"OSR","PlateA":"JZ","PlateB":"PA"},"geometry":{"type":"LineString","coordinates":[[-112.63,-34],[-112.56,-34.3]]}},{"type":"Feature","properties":{"Type":"OSR","PlateA":"JZ","PlateB":"PA"},"geometry":{"type":"LineString","coordinates":[[-112.56,-34.3],[-112.42,-34.56]]}},{"type":"Feature","properties":{"Type":"OSR","PlateA":"JZ","PlateB":"PA"},"geometry":{"type":"LineString","coordinates":[[-112.42,-34.56],[-112.19,-34.67]]}},{"type":"Feature","properties":{"Type":"OSR","PlateA":"JZ","PlateB":"PA"},"geometry":{"type":"LineString","coordinates":[[-112.19,-34.67],[-111.76,-34.81]]}},{"type":"Feature","properties":{"Type":"OSR","PlateA":"JZ","PlateB":"PA"},"geometry":{"type":"LineString","coordinates":[[-111.76,-34.81],[-111.4,-34.91]]}},{"type":"Feature","properties":{"Type":"OSR","PlateA":"JZ","PlateB":"PA"},"geometry":{"type":"LineString","coordinates":[[-111.4,-34.91],[-111.13,-34.99]]}},{"type":"Feature","properties":{"Type":"OSR","PlateA":"JZ","PlateB":"PA"},"geometry":{"type":"LineString","coordinates":[[-111.13,-34.99],[-110.83,-35.09]]}},{"type":"Feature","properties":{"Type":"OSR","PlateA":"JZ","PlateB":"AN"},"geometry":{"type":"LineString","coordinates":[[-110.83,-35.09],[-110.53,-35.06]]}},{"type":"Feature","properties":{"Type":"OSR","PlateA":"JZ","PlateB":"AN"},"geometry":{"type":"LineString","coordinates":[[-110.53,-35.06],[-110.33,-34.95]]}},{"type":"Feature","properties":{"Type":"OSR","PlateA":"JZ","PlateB":"AN"},"geometry":{"type":"LineString","coordinates":[[-110.33,-34.95],[-110.14,-34.82]]}},{"type":"Feature","properties":{"Type":"OSR","PlateA":"JZ","PlateB":"AN"},"geometry":{"type":"LineString","coordinates":[[-110.14,-34.82],[-109.92,-34.7]]}},{"type":"Feature","properties":{"Type":"OSR","PlateA":"JZ","PlateB":"AN"},"geometry":{"type":"LineString","coordinates":[[-109.92,-34.7],[-109.69,-34.61]]}},{"type":"Feature","properties":{"Type":"OTF","PlateA":"JZ","PlateB":"AN"},"geometry":{"type":"LineString","coordinates":[[-109.69,-34.61],[-109.26,-34.54]]}},{"type":"Feature","properties":{"Type":"OSR","PlateA":"JZ","PlateB":"NZ"},"geometry":{"type":"LineString","coordinates":[[-109.26,-34.54],[-109.28,-34.2]]}},{"type":"Feature","properties":{"Type":"OSR","PlateA":"JZ","PlateB":"NZ"},"geometry":{"type":"LineString","coordinates":[[-109.28,-34.2],[-109.27,-33.92]]}},{"type":"Feature","properties":{"Type":"OSR","PlateA":"JZ","PlateB":"NZ"},"geometry":{"type":"LineString","coordinates":[[-109.27,-33.92],[-109.2,-33.7]]}},{"type":"Feature","properties":{"Type":"OSR","PlateA":"JZ","PlateB":"NZ"},"geometry":{"type":"LineString","coordinates":[[-109.2,-33.7],[-109.32,-33.39]]}},{"type":"Feature","properties":{"Type":"OSR","PlateA":"JZ","PlateB":"NZ"},"geometry":{"type":"LineString","coordinates":[[-109.32,-33.39],[-109.41,-33.14]]}},{"type":"Feature","properties":{"Type":"OSR","PlateA":"JZ","PlateB":"NZ"},"geometry":{"type":"LineString","coordinates":[[-109.41,-33.14],[-109.18,-33.02]]}},{"type":"Feature","properties":{"Type":"OSR","PlateA":"JZ","PlateB":"NZ"},"geometry":{"type":"LineString","coordinates":[[-109.18,-33.02],[-108.97,-32.94]]}},{"type":"Feature","properties":{"Type":"OSR","PlateA":"JZ","PlateB":"NZ"},"geometry":{"type":"LineString","coordinates":[[-108.97,-32.94],[-109.21,-32.66]]}},{"type":"Feature","properties":{"Type":"OCB","PlateA":"JZ","PlateB":"NZ"},"geometry":{"type":"LineString","coordinates":[[-109.21,-32.66],[-109.43,-32.4]]}},{"type":"Feature","properties":{"Type":"OCB","PlateA":"JZ","PlateB":"NZ"},"geometry":{"type":"LineString","coordinates":[[-109.43,-32.4],[-109.79,-32.11]]}},{"type":"Feature","properties":{"Type":"OCB","PlateA":"JZ","PlateB":"NZ"},"geometry":{"type":"LineString","coordinates":[[-109.79,-32.11],[-110.21,-31.92]]}},{"type":"Feature","properties":{"Type":"OCB","PlateA":"JZ","PlateB":"NZ"},"geometry":{"type":"LineString","coordinates":[[-110.21,-31.92],[-110.69,-31.71]]}},{"type":"Feature","properties":{"Type":"OCB","PlateA":"JZ","PlateB":"NZ"},"geometry":{"type":"LineString","coordinates":[[-110.69,-31.71],[-111.2,-31.56]]}},{"type":"Feature","properties":{"Type":"OCB","PlateA":"JZ","PlateB":"NZ"},"geometry":{"type":"LineString","coordinates":[[-111.2,-31.56],[-111.66,-31.56]]}},{"type":"Feature","properties":{"Type":"OCB","PlateA":"JZ","PlateB":"NZ"},"geometry":{"type":"LineString","coordinates":[[-111.66,-31.56],[-112.02,-31.54]]}},{"type":"Feature","properties":{"Type":"OSR","PlateA":"NZ","PlateB":"PA"},"geometry":{"type":"LineString","coordinates":[[-112.98,-26.83],[-113.11,-27.01]]}},{"type":"Feature","properties":{"Type":"OSR","PlateA":"NZ","PlateB":"PA"},"geometry":{"type":"LineString","coordinates":[[-113.11,-27.01],[-113.13,-27.27]]}},{"type":"Feature","properties":{"Type":"OSR","PlateA":"NZ","PlateB":"PA"},"geometry":{"type":"LineString","coordinates":[[-113.13,-27.27],[-113.13,-27.58]]}},{"type":"Feature","properties":{"Type":"OTF","PlateA":"NZ","PlateB":"PA"},"geometry":{"type":"LineString","coordinates":[[-113.13,-27.58],[-113,-27.61]]}},{"type":"Feature","properties":{"Type":"OSR","PlateA":"NZ","PlateB":"PA"},"geometry":{"type":"LineString","coordinates":[[-113,-27.61],[-112.97,-27.85]]}},{"type":"Feature","properties":{"Type":"OSR","PlateA":"NZ","PlateB":"PA"},"geometry":{"type":"LineString","coordinates":[[-112.97,-27.85],[-112.95,-28.13]]}},{"type":"Feature","properties":{"Type":"OSR","PlateA":"NZ","PlateB":"PA"},"geometry":{"type":"LineString","coordinates":[[-112.95,-28.13],[-112.93,-28.38]]}},{"type":"Feature","properties":{"Type":"OTF","PlateA":"NZ","PlateB":"PA"},"geometry":{"type":"LineString","coordinates":[[-112.93,-28.38],[-113.01,-28.38]]}},{"type":"Feature","properties":{"Type":"OSR","PlateA":"NZ","PlateB":"PA"},"geometry":{"type":"LineString","coordinates":[[-113.01,-28.38],[-113.02,-28.55]]}},{"type":"Feature","properties":{"Type":"OSR","PlateA":"NZ","PlateB":"PA"},"geometry":{"type":"LineString","coordinates":[[-113.02,-28.55],[-113.02,-28.79]]}},{"type":"Feature","properties":{"Type":"OSR","PlateA":"NZ","PlateB":"PA"},"geometry":{"type":"LineString","coordinates":[[-113.02,-28.79],[-112.96,-29.01]]}},{"type":"Feature","properties":{"Type":"OTF","PlateA":"NZ","PlateB":"PA"},"geometry":{"type":"LineString","coordinates":[[-112.96,-29.01],[-112.37,-29.16]]}},{"type":"Feature","properties":{"Type":"OTF","PlateA":"NZ","PlateB":"PA"},"geometry":{"type":"LineString","coordinates":[[-112.37,-29.16],[-111.81,-29.27]]}},{"type":"Feature","properties":{"Type":"OSR","PlateA":"NZ","PlateB":"PA"},"geometry":{"type":"LineString","coordinates":[[-111.81,-29.27],[-111.75,-29.58]]}},{"type":"Feature","properties":{"Type":"OSR","PlateA":"NZ","PlateB":"PA"},"geometry":{"type":"LineString","coordinates":[[-111.75,-29.58],[-111.77,-30.02]]}},{"type":"Feature","properties":{"Type":"OSR","PlateA":"NZ","PlateB":"PA"},"geometry":{"type":"LineString","coordinates":[[-111.77,-30.02],[-111.77,-30.19]]}},{"type":"Feature","properties":{"Type":"OSR","PlateA":"NZ","PlateB":"PA"},"geometry":{"type":"LineString","coordinates":[[-111.77,-30.19],[-111.8,-30.42]]}},{"type":"Feature","properties":{"Type":"OSR","PlateA":"NZ","PlateB":"PA"},"geometry":{"type":"LineString","coordinates":[[-111.8,-30.42],[-111.85,-30.62]]}},{"type":"Feature","properties":{"Type":"OSR","PlateA":"NZ","PlateB":"PA"},"geometry":{"type":"LineString","coordinates":[[-111.85,-30.62],[-111.88,-30.67]]}},{"type":"Feature","properties":{"Type":"OSR","PlateA":"NZ","PlateB":"PA"},"geometry":{"type":"LineString","coordinates":[[-111.88,-30.67],[-111.95,-31.04]]}},{"type":"Feature","properties":{"Type":"OSR","PlateA":"NZ","PlateB":"PA"},"geometry":{"type":"LineString","coordinates":[[-111.95,-31.04],[-111.98,-31.39]]}},{"type":"Feature","properties":{"Type":"OTF","PlateA":"NZ","PlateB":"PA"},"geometry":{"type":"LineString","coordinates":[[-111.98,-31.39],[-111.96,-31.39]]}},{"type":"Feature","properties":{"Type":"OSR","PlateA":"NZ","PlateB":"PA"},"geometry":{"type":"LineString","coordinates":[[-111.96,-31.39],[-112.02,-31.54]]}},{"type":"Feature","properties":{"Type":"OSR","PlateA":"GP","PlateB":"PA"},"geometry":{"type":"LineString","coordinates":[[-102.07,2.64],[-102.08,2.57]]}},{"type":"Feature","properties":{"Type":"OSR","PlateA":"GP","PlateB":"PA"},"geometry":{"type":"LineString","coordinates":[[-102.08,2.57],[-102.08,2.5]]}},{"type":"Feature","properties":{"Type":"OSR","PlateA":"GP","PlateB":"PA"},"geometry":{"type":"LineString","coordinates":[[-102.08,2.5],[-102.08,2.49]]}},{"type":"Feature","properties":{"Type":"OSR","PlateA":"GP","PlateB":"PA"},"geometry":{"type":"LineString","coordinates":[[-102.08,2.49],[-102.08,2.41]]}},{"type":"Feature","properties":{"Type":"OSR","PlateA":"GP","PlateB":"PA"},"geometry":{"type":"LineString","coordinates":[[-102.08,2.41],[-102.09,2.39]]}},{"type":"Feature","properties":{"Type":"OSR","PlateA":"GP","PlateB":"PA"},"geometry":{"type":"LineString","coordinates":[[-102.09,2.39],[-102.09,2.33]]}},{"type":"Feature","properties":{"Type":"OSR","PlateA":"GP","PlateB":"PA"},"geometry":{"type":"LineString","coordinates":[[-102.09,2.33],[-102.08,2.31]]}},{"type":"Feature","properties":{"Type":"OSR","PlateA":"GP","PlateB":"PA"},"geometry":{"type":"LineString","coordinates":[[-102.08,2.31],[-102.07,2.16]]}},{"type":"Feature","properties":{"Type":"OSR","PlateA":"GP","PlateB":"PA"},"geometry":{"type":"LineString","coordinates":[[-102.07,2.16],[-102.07,2.14]]}},{"type":"Feature","properties":{"Type":"OSR","PlateA":"GP","PlateB":"PA"},"geometry":{"type":"LineString","coordinates":[[-102.07,2.14],[-102.07,2.02]]}},{"type":"Feature","properties":{"Type":"OSR","PlateA":"GP","PlateB":"PA"},"geometry":{"type":"LineString","coordinates":[[-102.07,2.02],[-102.08,1.97]]}},{"type":"Feature","properties":{"Type":"OSR","PlateA":"GP","PlateB":"PA"},"geometry":{"type":"LineString","coordinates":[[-102.08,1.97],[-102.09,1.9]]}},{"type":"Feature","properties":{"Type":"OTF","PlateA":"GP","PlateB":"PA"},"geometry":{"type":"LineString","coordinates":[[-102.09,1.9],[-102.1,1.9]]}},{"type":"Feature","properties":{"Type":"OSR","PlateA":"GP","PlateB":"PA"},"geometry":{"type":"LineString","coordinates":[[-102.1,1.9],[-102.13,1.78]]}},{"type":"Feature","properties":{"Type":"OTF","PlateA":"GP","PlateB":"PA"},"geometry":{"type":"LineString","coordinates":[[-102.13,1.78],[-102.26,1.75]]}},{"type":"Feature","properties":{"Type":"OSR","PlateA":"GP","PlateB":"PA"},"geometry":{"type":"LineString","coordinates":[[-102.26,1.75],[-102.23,1.54]]}},{"type":"Feature","properties":{"Type":"OTF","PlateA":"GP","PlateB":"PA"},"geometry":{"type":"LineString","coordinates":[[-102.23,1.54],[-102.26,1.53]]}},{"type":"Feature","properties":{"Type":"OSR","PlateA":"GP","PlateB":"PA"},"geometry":{"type":"LineString","coordinates":[[-102.26,1.53],[-102.22,1.36]]}},{"type":"Feature","properties":{"Type":"OSR","PlateA":"GP","PlateB":"PA"},"geometry":{"type":"LineString","coordinates":[[-102.22,1.36],[-102.24,1.35]]}},{"type":"Feature","properties":{"Type":"OSR","PlateA":"GP","PlateB":"PA"},"geometry":{"type":"LineString","coordinates":[[-102.24,1.35],[-102.2,1.22]]}},{"type":"Feature","properties":{"Type":"OTF","PlateA":"GP","PlateB":"PA"},"geometry":{"type":"LineString","coordinates":[[-102.2,1.22],[-102.22,1.21]]}},{"type":"Feature","properties":{"Type":"OSR","PlateA":"GP","PlateB":"PA"},"geometry":{"type":"LineString","coordinates":[[-102.22,1.21],[-102.18,1.13]]}},{"type":"Feature","properties":{"Type":"OSR","PlateA":"GP","PlateB":"NZ"},"geometry":{"type":"LineString","coordinates":[[-102.18,1.13],[-102.08,1.21]]}},{"type":"Feature","properties":{"Type":"OSR","PlateA":"GP","PlateB":"NZ"},"geometry":{"type":"LineString","coordinates":[[-102.08,1.21],[-101.96,1.27]]}},{"type":"Feature","properties":{"Type":"OSR","PlateA":"GP","PlateB":"NZ"},"geometry":{"type":"LineString","coordinates":[[-101.96,1.27],[-101.82,1.33]]}},{"type":"Feature","properties":{"Type":"OSR","PlateA":"GP","PlateB":"NZ"},"geometry":{"type":"LineString","coordinates":[[-101.82,1.33],[-101.64,1.4]]}},{"type":"Feature","properties":{"Type":"OTF","PlateA":"GP","PlateB":"NZ"},"geometry":{"type":"LineString","coordinates":[[-101.64,1.4],[-101.58,1.32]]}},{"type":"Feature","properties":{"Type":"OSR","PlateA":"GP","PlateB":"NZ"},"geometry":{"type":"LineString","coordinates":[[-101.58,1.32],[-101.49,1.39]]}},{"type":"Feature","properties":{"Type":"OSR","PlateA":"GP","PlateB":"NZ"},"geometry":{"type":"LineString","coordinates":[[-101.49,1.39],[-101.42,1.34]]}},{"type":"Feature","properties":{"Type":"OSR","PlateA":"GP","PlateB":"NZ"},"geometry":{"type":"LineString","coordinates":[[-101.42,1.34],[-101.35,1.4]]}},{"type":"Feature","properties":{"Type":"OTF","PlateA":"GP","PlateB":"NZ"},"geometry":{"type":"LineString","coordinates":[[-101.35,1.4],[-101.31,1.35]]}},{"type":"Feature","properties":{"Type":"OSR","PlateA":"GP","PlateB":"NZ"},"geometry":{"type":"LineString","coordinates":[[-101.31,1.35],[-101.19,1.42]]}},{"type":"Feature","properties":{"Type":"OSR","PlateA":"GP","PlateB":"NZ"},"geometry":{"type":"LineString","coordinates":[[-101.19,1.42],[-101.15,1.39]]}},{"type":"Feature","properties":{"Type":"OSR","PlateA":"GP","PlateB":"NZ"},"geometry":{"type":"LineString","coordinates":[[-101.15,1.39],[-101.05,1.47]]}},{"type":"Feature","properties":{"Type":"OTF","PlateA":"GP","PlateB":"NZ"},"geometry":{"type":"LineString","coordinates":[[-101.05,1.47],[-101.07,1.51]]}},{"type":"Feature","properties":{"Type":"OSR","PlateA":"GP","PlateB":"NZ"},"geometry":{"type":"LineString","coordinates":[[-101.07,1.51],[-100.96,1.66]]}},{"type":"Feature","properties":{"Type":"OTF","PlateA":"GP","PlateB":"NZ"},"geometry":{"type":"LineString","coordinates":[[-100.96,1.66],[-100.97,1.68]]}},{"type":"Feature","properties":{"Type":"OSR","PlateA":"GP","PlateB":"NZ"},"geometry":{"type":"LineString","coordinates":[[-100.97,1.68],[-100.91,1.74]]}},{"type":"Feature","properties":{"Type":"OTF","PlateA":"GP","PlateB":"NZ"},"geometry":{"type":"LineString","coordinates":[[-100.91,1.74],[-100.97,1.83]]}},{"type":"Feature","properties":{"Type":"OCB","PlateA":"GP","PlateB":"NZ"},"geometry":{"type":"LineString","coordinates":[[-100.97,1.83],[-101.05,1.91]]}},{"type":"Feature","properties":{"Type":"OCB","PlateA":"GP","PlateB":"NZ"},"geometry":{"type":"LineString","coordinates":[[-101.05,1.91],[-101.15,1.98]]}},{"type":"Feature","properties":{"Type":"OCB","PlateA":"GP","PlateB":"NZ"},"geometry":{"type":"LineString","coordinates":[[-101.15,1.98],[-101.27,2.05]]}},{"type":"Feature","properties":{"Type":"OCB","PlateA":"GP","PlateB":"NZ"},"geometry":{"type":"LineString","coordinates":[[-101.27,2.05],[-101.36,2.1]]}},{"type":"Feature","properties":{"Type":"OCB","PlateA":"GP","PlateB":"NZ"},"geometry":{"type":"LineString","coordinates":[[-101.36,2.1],[-101.44,2.16]]}},{"type":"Feature","properties":{"Type":"OCB","PlateA":"GP","PlateB":"NZ"},"geometry":{"type":"LineString","coordinates":[[-101.44,2.16],[-101.51,2.23]]}},{"type":"Feature","properties":{"Type":"OSR","PlateA":"GP","PlateB":"CO"},"geometry":{"type":"LineString","coordinates":[[-101.51,2.23],[-101.49,2.61]]}},{"type":"Feature","properties":{"Type":"OSR","PlateA":"GP","PlateB":"CO"},"geometry":{"type":"LineString","coordinates":[[-101.49,2.61],[-101.7,2.64]]}},{"type":"Feature","properties":{"Type":"OSR","PlateA":"GP","PlateB":"CO"},"geometry":{"type":"LineString","coordinates":[[-101.7,2.64],[-101.88,2.64]]}},{"type":"Feature","properties":{"Type":"OSR","PlateA":"GP","PlateB":"CO"},"geometry":{"type":"LineString","coordinates":[[-101.88,2.64],[-102.07,2.64]]}},{"type":"Feature","properties":{"Type":"OSR","PlateA":"PA","PlateB":"CO"},"geometry":{"type":"LineString","coordinates":[[-102.07,2.64],[-102.11,2.79]]}},{"type":"Feature","properties":{"Type":"OSR","PlateA":"PA","PlateB":"CO"},"geometry":{"type":"LineString","coordinates":[[-102.11,2.79],[-102.1,2.8]]}},{"type":"Feature","properties":{"Type":"OSR","PlateA":"PA","PlateB":"CO"},"geometry":{"type":"LineString","coordinates":[[-102.1,2.8],[-102.12,2.89]]}},{"type":"Feature","properties":{"Type":"OTF","PlateA":"PA","PlateB":"CO"},"geometry":{"type":"LineString","coordinates":[[-102.12,2.89],[-102.14,2.89]]}},{"type":"Feature","properties":{"Type":"OSR","PlateA":"PA","PlateB":"CO"},"geometry":{"type":"LineString","coordinates":[[-102.14,2.89],[-102.19,3.07]]}},{"type":"Feature","properties":{"Type":"OSR","PlateA":"PA","PlateB":"CO"},"geometry":{"type":"LineString","coordinates":[[-102.19,3.07],[-102.22,3.24]]}},{"type":"Feature","properties":{"Type":"OSR","PlateA":"NZ","PlateB":"PA"},"geometry":{"type":"LineString","coordinates":[[-102.18,1.13],[-102.24,0.71]]}},{"type":"Feature","properties":{"Type":"OTF","PlateA":"NZ","PlateB":"PA"},"geometry":{"type":"LineString","coordinates":[[-102.24,0.71],[-102.21,0.71]]}},{"type":"Feature","properties":{"Type":"OSR","PlateA":"NZ","PlateB":"PA"},"geometry":{"type":"LineString","coordinates":[[-102.21,0.71],[-102.25,0.37]]}},{"type":"Feature","properties":{"Type":"OSR","PlateA":"NZ","PlateB":"PA"},"geometry":{"type":"LineString","coordinates":[[-102.25,0.37],[-102.29,0.16]]}},{"type":"Feature","properties":{"Type":"OSR","PlateA":"NZ","PlateB":"PA"},"geometry":{"type":"LineString","coordinates":[[-102.29,0.16],[-102.32,-0.01]]}},{"type":"Feature","properties":{"Type":"OSR","PlateA":"CO","PlateB":"NZ"},"geometry":{"type":"LineString","coordinates":[[-101.51,2.23],[-101.2,2.24]]}},{"type":"Feature","properties":{"Type":"OTF","PlateA":"CO","PlateB":"NZ"},"geometry":{"type":"LineString","coordinates":[[-101.2,2.24],[-101.2,2.2]]}},{"type":"Feature","properties":{"Type":"OSR","PlateA":"CO","PlateB":"NZ"},"geometry":{"type":"LineString","coordinates":[[-101.2,2.2],[-101.07,2.21]]}},{"type":"Feature","properties":{"Type":"OSR","PlateA":"CO","PlateB":"NZ"},"geometry":{"type":"LineString","coordinates":[[-101.07,2.21],[-100.64,2.2]]}},{"type":"Feature","properties":{"Type":"OSR","PlateA":"CO","PlateB":"NZ"},"geometry":{"type":"LineString","coordinates":[[-100.64,2.2],[-100.39,2.21]]}},{"type":"Feature","properties":{"Type":"OSR","PlateA":"CO","PlateB":"NZ"},"geometry":{"type":"LineString","coordinates":[[-100.39,2.21],[-100.07,2.21]]}},{"type":"Feature","properties":{"Type":"OTF","PlateA":"CO","PlateB":"NZ"},"geometry":{"type":"LineString","coordinates":[[-100.07,2.21],[-100.05,2.3]]}},{"type":"Feature","properties":{"Type":"OSR","PlateA":"CO","PlateB":"NZ"},"geometry":{"type":"LineString","coordinates":[[-100.05,2.3],[-99.91,2.27]]}},{"type":"Feature","properties":{"Type":"OSR","PlateA":"CO","PlateB":"NZ"},"geometry":{"type":"LineString","coordinates":[[-99.91,2.27],[-99.81,2.27]]}},{"type":"Feature","properties":{"Type":"OSR","PlateA":"CO","PlateB":"NZ"},"geometry":{"type":"LineString","coordinates":[[-99.81,2.27],[-99.74,2.27]]}},{"type":"Feature","properties":{"Type":"OCB","PlateA":"SC","PlateB":"SA"},"geometry":{"type":"LineString","coordinates":[[-29.49,-55.03],[-30.91,-54.82]]}},{"type":"Feature","properties":{"Type":"OCB","PlateA":"SC","PlateB":"SA"},"geometry":{"type":"LineString","coordinates":[[-30.91,-54.82],[-32.37,-54.58]]}},{"type":"Feature","properties":{"Type":"OCB","PlateA":"SC","PlateB":"SA"},"geometry":{"type":"LineString","coordinates":[[-32.37,-54.58],[-33.73,-54.46]]}},{"type":"Feature","properties":{"Type":"OSR","PlateA":"SC","PlateB":"SA"},"geometry":{"type":"LineString","coordinates":[[-33.73,-54.46],[-33.35,-54.86]]}},{"type":"Feature","properties":{"Type":"OSR","PlateA":"SC","PlateB":"SA"},"geometry":{"type":"LineString","coordinates":[[-33.35,-54.86],[-33.06,-55.46]]}},{"type":"Feature","properties":{"Type":"OTF","PlateA":"SC","PlateB":"SA"},"geometry":{"type":"LineString","coordinates":[[-33.06,-55.46],[-33.69,-55.6]]}},{"type":"Feature","properties":{"Type":"OCB","PlateA":"SC","PlateB":"SA"},"geometry":{"type":"LineString","coordinates":[[-33.69,-55.6],[-34.59,-55.73]]}},{"type":"Feature","properties":{"Type":"CCB","PlateA":"SC","PlateB":"SA"},"geometry":{"type":"LineString","coordinates":[[-34.59,-55.73],[-36.11,-55.64]]}},{"type":"Feature","properties":{"Type":"OCB","PlateA":"SC","PlateB":"SA"},"geometry":{"type":"LineString","coordinates":[[-36.11,-55.64],[-36.85,-55.21]]}},{"type":"Feature","properties":{"Type":"OCB","PlateA":"SC","PlateB":"SA"},"geometry":{"type":"LineString","coordinates":[[-36.85,-55.21],[-37.81,-55.09]]}},{"type":"Feature","properties":{"Type":"CCB","PlateA":"SC","PlateB":"SA"},"geometry":{"type":"LineString","coordinates":[[-37.81,-55.09],[-38.72,-54.85]]}},{"type":"Feature","properties":{"Type":"OCB","PlateA":"SC","PlateB":"SA"},"geometry":{"type":"LineString","coordinates":[[-38.72,-54.85],[-39.71,-54.63]]}},{"type":"Feature","properties":{"Type":"OCB","PlateA":"SC","PlateB":"SA"},"geometry":{"type":"LineString","coordinates":[[-39.71,-54.63],[-40.66,-54.4]]}},{"type":"Feature","properties":{"Type":"OCB","PlateA":"SC","PlateB":"SA"},"geometry":{"type":"LineString","coordinates":[[-40.66,-54.4],[-41.6,-54.15]]}},{"type":"Feature","properties":{"Type":"OCB","PlateA":"SC","PlateB":"SA"},"geometry":{"type":"LineString","coordinates":[[-41.6,-54.15],[-42.41,-53.88]]}},{"type":"Feature","properties":{"Type":"OCB","PlateA":"SC","PlateB":"SA"},"geometry":{"type":"LineString","coordinates":[[-42.41,-53.88],[-43.21,-53.6]]}},{"type":"Feature","properties":{"Type":"OCB","PlateA":"SC","PlateB":"SA"},"geometry":{"type":"LineString","coordinates":[[-43.21,-53.6],[-44.21,-53.27]]}},{"type":"Feature","properties":{"Type":"OCB","PlateA":"SC","PlateB":"SA"},"geometry":{"type":"LineString","coordinates":[[-44.21,-53.27],[-45.19,-52.93]]}},{"type":"Feature","properties":{"Type":"OCB","PlateA":"SC","PlateB":"SA"},"geometry":{"type":"LineString","coordinates":[[-45.19,-52.93],[-46.41,-52.83]]}},{"type":"Feature","properties":{"Type":"OCB","PlateA":"SC","PlateB":"SA"},"geometry":{"type":"LineString","coordinates":[[-46.41,-52.83],[-47.66,-52.69]]}},{"type":"Feature","properties":{"Type":"OCB","PlateA":"SC","PlateB":"SA"},"geometry":{"type":"LineString","coordinates":[[-47.66,-52.69],[-49.16,-52.66]]}},{"type":"Feature","properties":{"Type":"OTF","PlateA":"SC","PlateB":"SA"},"geometry":{"type":"LineString","coordinates":[[-49.16,-52.66],[-50.67,-52.71]]}},{"type":"Feature","properties":{"Type":"OTF","PlateA":"SC","PlateB":"SA"},"geometry":{"type":"LineString","coordinates":[[-50.67,-52.71],[-52.18,-52.87]]}},{"type":"Feature","properties":{"Type":"OTF","PlateA":"SC","PlateB":"SA"},"geometry":{"type":"LineString","coordinates":[[-52.18,-52.87],[-53.38,-53.21]]}},{"type":"Feature","properties":{"Type":"OTF","PlateA":"SC","PlateB":"SA"},"geometry":{"type":"LineString","coordinates":[[-53.38,-53.21],[-54.74,-53.41]]}},{"type":"Feature","properties":{"Type":"OTF","PlateA":"SC","PlateB":"SA"},"geometry":{"type":"LineString","coordinates":[[-54.74,-53.41],[-55.6,-53.53]]}},{"type":"Feature","properties":{"Type":"OTF","PlateA":"SC","PlateB":"SA"},"geometry":{"type":"LineString","coordinates":[[-55.6,-53.53],[-56.46,-53.65]]}},{"type":"Feature","properties":{"Type":"CTF","PlateA":"SC","PlateB":"SA"},"geometry":{"type":"LineString","coordinates":[[-56.46,-53.65],[-57.75,-53.63]]}},{"type":"Feature","properties":{"Type":"CTF","PlateA":"SC","PlateB":"SA"},"geometry":{"type":"LineString","coordinates":[[-57.75,-53.63],[-59.25,-53.6]]}},{"type":"Feature","properties":{"Type":"CTF","PlateA":"SC","PlateB":"SA"},"geometry":{"type":"LineString","coordinates":[[-59.25,-53.6],[-60.53,-53.67]]}},{"type":"Feature","properties":{"Type":"CTF","PlateA":"SC","PlateB":"SA"},"geometry":{"type":"LineString","coordinates":[[-60.53,-53.67],[-61.93,-53.81]]}},{"type":"Feature","properties":{"Type":"CTF","PlateA":"SC","PlateB":"SA"},"geometry":{"type":"LineString","coordinates":[[-61.93,-53.81],[-62.82,-53.92]]}},{"type":"Feature","properties":{"Type":"CTF","PlateA":"SC","PlateB":"SA"},"geometry":{"type":"LineString","coordinates":[[-62.82,-53.92],[-63.71,-54.02]]}},{"type":"Feature","properties":{"Type":"CRB","PlateA":"SC","PlateB":"SA"},"geometry":{"type":"LineString","coordinates":[[-63.71,-54.02],[-64.79,-54.17]]}},{"type":"Feature","properties":{"Type":"CRB","PlateA":"SC","PlateB":"SA"},"geometry":{"type":"LineString","coordinates":[[-64.79,-54.17],[-65.87,-54.32]]}},{"type":"Feature","properties":{"Type":"CTF","PlateA":"SC","PlateB":"SA"},"geometry":{"type":"LineString","coordinates":[[-65.87,-54.32],[-67.4,-54.39]]}},{"type":"Feature","properties":{"Type":"CTF","PlateA":"SC","PlateB":"SA"},"geometry":{"type":"LineString","coordinates":[[-67.4,-54.39],[-68.99,-54.43]]}},{"type":"Feature","properties":{"Type":"CTF","PlateA":"SC","PlateB":"SA"},"geometry":{"type":"LineString","coordinates":[[-68.99,-54.43],[-69.87,-54.23]]}},{"type":"Feature","properties":{"Type":"CTF","PlateA":"SC","PlateB":"SA"},"geometry":{"type":"LineString","coordinates":[[-69.87,-54.23],[-70.51,-54.1]]}},{"type":"Feature","properties":{"Type":"CTF","PlateA":"SC","PlateB":"SA"},"geometry":{"type":"LineString","coordinates":[[-70.51,-54.1],[-71.29,-53.92]]}},{"type":"Feature","properties":{"Type":"CTF","PlateA":"SC","PlateB":"SA"},"geometry":{"type":"LineString","coordinates":[[-71.29,-53.92],[-72.08,-53.72]]}},{"type":"Feature","properties":{"Type":"CTF","PlateA":"SC","PlateB":"SA"},"geometry":{"type":"LineString","coordinates":[[-72.08,-53.72],[-73.01,-53.31]]}},{"type":"Feature","properties":{"Type":"CTF","PlateA":"SC","PlateB":"SA"},"geometry":{"type":"LineString","coordinates":[[-73.01,-53.31],[-74.03,-52.91]]}},{"type":"Feature","properties":{"Type":"CTF","PlateA":"SC","PlateB":"SA"},"geometry":{"type":"LineString","coordinates":[[-74.03,-52.91],[-75,-52.56]]}},{"type":"Feature","properties":{"Type":"CTF","PlateA":"SC","PlateB":"SA"},"geometry":{"type":"LineString","coordinates":[[-75,-52.56],[-75.74,-52.31]]}},{"type":"Feature","properties":{"Type":"CTF","PlateA":"SC","PlateB":"SA"},"geometry":{"type":"LineString","coordinates":[[-75.74,-52.31],[-76.48,-52.07]]}},{"type":"Feature","properties":{"Type":"OSR","PlateA":"SW","PlateB":"SC"},"geometry":{"type":"LineString","coordinates":[[-29.49,-55.03],[-29.71,-55.2]]}},{"type":"Feature","properties":{"Type":"OSR","PlateA":"SW","PlateB":"SC"},"geometry":{"type":"LineString","coordinates":[[-29.71,-55.2],[-29.81,-55.33]]}},{"type":"Feature","properties":{"Type":"OSR","PlateA":"SW","PlateB":"SC"},"geometry":{"type":"LineString","coordinates":[[-29.81,-55.33],[-29.79,-55.5]]}},{"type":"Feature","properties":{"Type":"OSR","PlateA":"SW","PlateB":"SC"},"geometry":{"type":"LineString","coordinates":[[-29.79,-55.5],[-29.77,-55.6]]}},{"type":"Feature","properties":{"Type":"OSR","PlateA":"SW","PlateB":"SC"},"geometry":{"type":"LineString","coordinates":[[-29.77,-55.6],[-29.82,-55.68]]}},{"type":"Feature","properties":{"Type":"OTF","PlateA":"SW","PlateB":"SC"},"geometry":{"type":"LineString","coordinates":[[-29.82,-55.68],[-30.32,-55.75]]}},{"type":"Feature","properties":{"Type":"OSR","PlateA":"SW","PlateB":"SC"},"geometry":{"type":"LineString","coordinates":[[-30.32,-55.75],[-30.33,-55.86]]}},{"type":"Feature","properties":{"Type":"OSR","PlateA":"SW","PlateB":"SC"},"geometry":{"type":"LineString","coordinates":[[-30.33,-55.86],[-30.33,-55.95]]}},{"type":"Feature","properties":{"Type":"OSR","PlateA":"SW","PlateB":"SC"},"geometry":{"type":"LineString","coordinates":[[-30.33,-55.95],[-30.33,-56.05]]}},{"type":"Feature","properties":{"Type":"OSR","PlateA":"SW","PlateB":"SC"},"geometry":{"type":"LineString","coordinates":[[-30.33,-56.05],[-30.32,-56.13]]}},{"type":"Feature","properties":{"Type":"OSR","PlateA":"SW","PlateB":"SC"},"geometry":{"type":"LineString","coordinates":[[-30.32,-56.13],[-30.33,-56.29]]}},{"type":"Feature","properties":{"Type":"OSR","PlateA":"SW","PlateB":"SC"},"geometry":{"type":"LineString","coordinates":[[-30.33,-56.29],[-30.38,-56.44]]}},{"type":"Feature","properties":{"Type":"OTF","PlateA":"SW","PlateB":"SC"},"geometry":{"type":"LineString","coordinates":[[-30.38,-56.44],[-30.72,-56.45]]}},{"type":"Feature","properties":{"Type":"OSR","PlateA":"SW","PlateB":"SC"},"geometry":{"type":"LineString","coordinates":[[-30.72,-56.45],[-30.73,-56.51]]}},{"type":"Feature","properties":{"Type":"OSR","PlateA":"SW","PlateB":"SC"},"geometry":{"type":"LineString","coordinates":[[-30.73,-56.51],[-30.74,-56.57]]}},{"type":"Feature","properties":{"Type":"OSR","PlateA":"SW","PlateB":"SC"},"geometry":{"type":"LineString","coordinates":[[-30.74,-56.57],[-30.74,-56.86]]}},{"type":"Feature","properties":{"Type":"OTF","PlateA":"SW","PlateB":"SC"},"geometry":{"type":"LineString","coordinates":[[-30.74,-56.86],[-30.47,-56.85]]}},{"type":"Feature","properties":{"Type":"OSR","PlateA":"SW","PlateB":"SC"},"geometry":{"type":"LineString","coordinates":[[-30.47,-56.85],[-30.38,-57.09]]}},{"type":"Feature","properties":{"Type":"OTF","PlateA":"SW","PlateB":"SC"},"geometry":{"type":"LineString","coordinates":[[-30.38,-57.09],[-30.13,-57.09]]}},{"type":"Feature","properties":{"Type":"OSR","PlateA":"SW","PlateB":"SC"},"geometry":{"type":"LineString","coordinates":[[-30.13,-57.09],[-30.07,-57.6]]}},{"type":"Feature","properties":{"Type":"OTF","PlateA":"SW","PlateB":"SC"},"geometry":{"type":"LineString","coordinates":[[-30.07,-57.6],[-29.85,-57.6]]}},{"type":"Feature","properties":{"Type":"OSR","PlateA":"SW","PlateB":"SC"},"geometry":{"type":"LineString","coordinates":[[-29.85,-57.6],[-29.84,-58.26]]}},{"type":"Feature","properties":{"Type":"OTF","PlateA":"SW","PlateB":"SC"},"geometry":{"type":"LineString","coordinates":[[-29.84,-58.26],[-30.01,-58.27]]}},{"type":"Feature","properties":{"Type":"OSR","PlateA":"SW","PlateB":"SC"},"geometry":{"type":"LineString","coordinates":[[-30.01,-58.27],[-29.95,-58.8]]}},{"type":"Feature","properties":{"Type":"OTF","PlateA":"SW","PlateB":"SC"},"geometry":{"type":"LineString","coordinates":[[-29.95,-58.8],[-29.56,-58.82]]}},{"type":"Feature","properties":{"Type":"OSR","PlateA":"SW","PlateB":"SC"},"geometry":{"type":"LineString","coordinates":[[-29.56,-58.82],[-29.55,-59.51]]}},{"type":"Feature","properties":{"Type":"OTF","PlateA":"SW","PlateB":"SC"},"geometry":{"type":"LineString","coordinates":[[-29.55,-59.51],[-30.11,-59.51]]}},{"type":"Feature","properties":{"Type":"OSR","PlateA":"SW","PlateB":"SC"},"geometry":{"type":"LineString","coordinates":[[-30.11,-59.51],[-30.03,-59.94]]}},{"type":"Feature","properties":{"Type":"OSR","PlateA":"SW","PlateB":"SC"},"geometry":{"type":"LineString","coordinates":[[-30.03,-59.94],[-29.88,-60.17]]}},{"type":"Feature","properties":{"Type":"OSR","PlateA":"SW","PlateB":"SC"},"geometry":{"type":"LineString","coordinates":[[-29.88,-60.17],[-29.6,-60.43]]}},{"type":"Feature","properties":{"Type":"OTF","PlateA":"SW","PlateB":"SC"},"geometry":{"type":"LineString","coordinates":[[-29.6,-60.43],[-28.68,-60.46]]}},{"type":"Feature","properties":{"Type":"CTF","PlateA":"SW","PlateB":"SC"},"geometry":{"type":"LineString","coordinates":[[-28.68,-60.46],[-27.7,-60.47]]}},{"type":"Feature","properties":{"Type":"OSR","PlateA":"SW","PlateB":"SC"},"geometry":{"type":"LineString","coordinates":[[-27.7,-60.47],[-27.7,-60.62]]}},{"type":"Feature","properties":{"Type":"OTF","PlateA":"SW","PlateB":"AN"},"geometry":{"type":"LineString","coordinates":[[-27.7,-60.62],[-26.89,-60.51]]}},{"type":"Feature","properties":{"Type":"OTF","PlateA":"SW","PlateB":"AN"},"geometry":{"type":"LineString","coordinates":[[-26.89,-60.51],[-26.07,-60.39]]}},{"type":"Feature","properties":{"Type":"OTF","PlateA":"SC","PlateB":"AN"},"geometry":{"type":"LineString","coordinates":[[-44.23,-60.24],[-43.15,-60.38]]}},{"type":"Feature","properties":{"Type":"OTF","PlateA":"SC","PlateB":"AN"},"geometry":{"type":"LineString","coordinates":[[-43.15,-60.38],[-42.07,-60.5]]}},{"type":"Feature","properties":{"Type":"OCB","PlateA":"SC","PlateB":"AN"},"geometry":{"type":"LineString","coordinates":[[-42.07,-60.5],[-41.21,-60.97]]}},{"type":"Feature","properties":{"Type":"OSR","PlateA":"SC","PlateB":"AN"},"geometry":{"type":"LineString","coordinates":[[-41.21,-60.97],[-39.83,-60.63]]}},{"type":"Feature","properties":{"Type":"OCB","PlateA":"SC","PlateB":"AN"},"geometry":{"type":"LineString","coordinates":[[-39.83,-60.63],[-39.09,-61.02]]}},{"type":"Feature","properties":{"Type":"OTF","PlateA":"SC","PlateB":"AN"},"geometry":{"type":"LineString","coordinates":[[-39.09,-61.02],[-37.56,-61.24]]}},{"type":"Feature","properties":{"Type":"OTF","PlateA":"SC","PlateB":"AN"},"geometry":{"type":"LineString","coordinates":[[-37.56,-61.24],[-36.42,-61.39]]}},{"type":"Feature","properties":{"Type":"OSR","PlateA":"SC","PlateB":"AN"},"geometry":{"type":"LineString","coordinates":[[-36.42,-61.39],[-34.83,-60.99]]}},{"type":"Feature","properties":{"Type":"OSR","PlateA":"SC","PlateB":"AN"},"geometry":{"type":"LineString","coordinates":[[-34.83,-60.99],[-33.45,-60.7]]}},{"type":"Feature","properties":{"Type":"CRB","PlateA":"SC","PlateB":"AN"},"geometry":{"type":"LineString","coordinates":[[-33.45,-60.7],[-32.37,-60.41]]}},{"type":"Feature","properties":{"Type":"CTF","PlateA":"SC","PlateB":"AN"},"geometry":{"type":"LineString","coordinates":[[-32.37,-60.41],[-31.01,-60.51]]}},{"type":"Feature","properties":{"Type":"CTF","PlateA":"SC","PlateB":"AN"},"geometry":{"type":"LineString","coordinates":[[-31.01,-60.51],[-29.74,-60.57]]}},{"type":"Feature","properties":{"Type":"OTF","PlateA":"SC","PlateB":"AN"},"geometry":{"type":"LineString","coordinates":[[-29.74,-60.57],[-28.74,-60.6]]}},{"type":"Feature","properties":{"Type":"OTF","PlateA":"SC","PlateB":"AN"},"geometry":{"type":"LineString","coordinates":[[-28.74,-60.6],[-27.7,-60.62]]}},{"type":"Feature","properties":{"Type":"SUB","PlateA":"SW","PlateB":"SA"},"geometry":{"type":"LineString","coordinates":[[-26.07,-60.39],[-25.07,-59.97]]}},{"type":"Feature","properties":{"Type":"SUB","PlateA":"SW","PlateB":"SA"},"geometry":{"type":"LineString","coordinates":[[-25.07,-59.97],[-24.46,-59.39]]}},{"type":"Feature","properties":{"Type":"SUB","PlateA":"SW","PlateB":"SA"},"geometry":{"type":"LineString","coordinates":[[-24.46,-59.39],[-23.99,-58.92]]}},{"type":"Feature","properties":{"Type":"SUB","PlateA":"SW","PlateB":"SA"},"geometry":{"type":"LineString","coordinates":[[-23.99,-58.92],[-23.82,-58.19]]}},{"type":"Feature","properties":{"Type":"SUB","PlateA":"SW","PlateB":"SA"},"geometry":{"type":"LineString","coordinates":[[-23.82,-58.19],[-24.13,-57.42]]}},{"type":"Feature","properties":{"Type":"SUB","PlateA":"SW","PlateB":"SA"},"geometry":{"type":"LineString","coordinates":[[-24.13,-57.42],[-24.23,-57.17]]}},{"type":"Feature","properties":{"Type":"SUB","PlateA":"SW","PlateB":"SA"},"geometry":{"type":"LineString","coordinates":[[-24.23,-57.17],[-24.7,-56.73]]}},{"type":"Feature","properties":{"Type":"SUB","PlateA":"SW","PlateB":"SA"},"geometry":{"type":"LineString","coordinates":[[-24.7,-56.73],[-25.15,-56.29]]}},{"type":"Feature","properties":{"Type":"SUB","PlateA":"SW","PlateB":"SA"},"geometry":{"type":"LineString","coordinates":[[-25.15,-56.29],[-25.72,-55.84]]}},{"type":"Feature","properties":{"Type":"SUB","PlateA":"SW","PlateB":"SA"},"geometry":{"type":"LineString","coordinates":[[-25.72,-55.84],[-26.41,-55.42]]}},{"type":"Feature","properties":{"Type":"SUB","PlateA":"SW","PlateB":"SA"},"geometry":{"type":"LineString","coordinates":[[-26.41,-55.42],[-26.99,-55.23]]}},{"type":"Feature","properties":{"Type":"SUB","PlateA":"SW","PlateB":"SA"},"geometry":{"type":"LineString","coordinates":[[-26.99,-55.23],[-27.6,-55.09]]}},{"type":"Feature","properties":{"Type":"SUB","PlateA":"SW","PlateB":"SA"},"geometry":{"type":"LineString","coordinates":[[-27.6,-55.09],[-28.65,-55]]}},{"type":"Feature","properties":{"Type":"OTF","PlateA":"SW","PlateB":"SA"},"geometry":{"type":"LineString","coordinates":[[-28.65,-55],[-29.49,-55.03]]}},{"type":"Feature","properties":{"Type":"OCB","PlateA":"AR","PlateB":"IN"},"geometry":{"type":"LineString","coordinates":[[60.22,18.24],[60.46,18.8]]}},{"type":"Feature","properties":{"Type":"OCB","PlateA":"AR","PlateB":"IN"},"geometry":{"type":"LineString","coordinates":[[60.46,18.8],[60.71,19.31]]}},{"type":"Feature","properties":{"Type":"OCB","PlateA":"AR","PlateB":"IN"},"geometry":{"type":"LineString","coordinates":[[60.71,19.31],[60.97,19.81]]}},{"type":"Feature","properties":{"Type":"OTF","PlateA":"AR","PlateB":"IN"},"geometry":{"type":"LineString","coordinates":[[60.97,19.81],[61.23,20.23]]}},{"type":"Feature","properties":{"Type":"OTF","PlateA":"AR","PlateB":"IN"},"geometry":{"type":"LineString","coordinates":[[61.23,20.23],[61.49,20.64]]}},{"type":"Feature","properties":{"Type":"OTF","PlateA":"AR","PlateB":"IN"},"geometry":{"type":"LineString","coordinates":[[61.49,20.64],[61.85,21.13]]}},{"type":"Feature","properties":{"Type":"OTF","PlateA":"AR","PlateB":"IN"},"geometry":{"type":"LineString","coordinates":[[61.85,21.13],[62.1,21.43]]}},{"type":"Feature","properties":{"Type":"OCB","PlateA":"AR","PlateB":"IN"},"geometry":{"type":"LineString","coordinates":[[62.1,21.43],[62.13,22.08]]}},{"type":"Feature","properties":{"Type":"OTF","PlateA":"AR","PlateB":"IN"},"geometry":{"type":"LineString","coordinates":[[62.13,22.08],[62.5,22.39]]}},{"type":"Feature","properties":{"Type":"OTF","PlateA":"AR","PlateB":"IN"},"geometry":{"type":"LineString","coordinates":[[62.5,22.39],[62.88,22.68]]}},{"type":"Feature","properties":{"Type":"OTF","PlateA":"AR","PlateB":"IN"},"geometry":{"type":"LineString","coordinates":[[62.88,22.68],[63.63,23.2]]}},{"type":"Feature","properties":{"Type":"OTF","PlateA":"AR","PlateB":"IN"},"geometry":{"type":"LineString","coordinates":[[63.63,23.2],[64.28,23.69]]}},{"type":"Feature","properties":{"Type":"OTF","PlateA":"AR","PlateB":"IN"},"geometry":{"type":"LineString","coordinates":[[64.28,23.69],[64.65,24.04]]}},{"type":"Feature","properties":{"Type":"OTF","PlateA":"AR","PlateB":"IN"},"geometry":{"type":"LineString","coordinates":[[64.65,24.04],[65.03,24.38]]}},{"type":"Feature","properties":{"Type":"OCB","PlateA":"IN","PlateB":"AR"},"geometry":{"type":"LineString","coordinates":[[60.22,18.24],[60.06,17.46]]}},{"type":"Feature","properties":{"Type":"OCB","PlateA":"IN","PlateB":"AR"},"geometry":{"type":"LineString","coordinates":[[60.06,17.46],[60.02,16.71]]}},{"type":"Feature","properties":{"Type":"OCB","PlateA":"IN","PlateB":"AR"},"geometry":{"type":"LineString","coordinates":[[60.02,16.71],[59.96,16.14]]}},{"type":"Feature","properties":{"Type":"OCB","PlateA":"IN","PlateB":"AR"},"geometry":{"type":"LineString","coordinates":[[59.96,16.14],[59.91,15.57]]}},{"type":"Feature","properties":{"Type":"OTF","PlateA":"IN","PlateB":"AR"},"geometry":{"type":"LineString","coordinates":[[59.91,15.57],[59.64,15.24]]}},{"type":"Feature","properties":{"Type":"OTF","PlateA":"IN","PlateB":"AR"},"geometry":{"type":"LineString","coordinates":[[59.64,15.24],[59.41,14.9]]}},{"type":"Feature","properties":{"Type":"OSR","PlateA":"IN","PlateB":"AR"},"geometry":{"type":"LineString","coordinates":[[59.41,14.9],[59.03,15.09]]}},{"type":"Feature","properties":{"Type":"OTF","PlateA":"IN","PlateB":"AR"},"geometry":{"type":"LineString","coordinates":[[59.03,15.09],[58.59,14.65]]}},{"type":"Feature","properties":{"Type":"OSR","PlateA":"IN","PlateB":"AR"},"geometry":{"type":"LineString","coordinates":[[58.59,14.65],[58.21,14.92]]}},{"type":"Feature","properties":{"Type":"OTF","PlateA":"IN","PlateB":"AR"},"geometry":{"type":"LineString","coordinates":[[58.21,14.92],[57.98,14.6]]}},{"type":"Feature","properties":{"Type":"OSR","PlateA":"IN","PlateB":"AR"},"geometry":{"type":"LineString","coordinates":[[57.98,14.6],[57.48,14.66]]}},{"type":"Feature","properties":{"Type":"OSR","PlateA":"IN","PlateB":"AR"},"geometry":{"type":"LineString","coordinates":[[57.48,14.66],[57,14.66]]}},{"type":"Feature","properties":{"Type":"OSR","PlateA":"IN","PlateB":"AR"},"geometry":{"type":"LineString","coordinates":[[57,14.66],[56.27,14.62]]}},{"type":"Feature","properties":{"Type":"OSR","PlateA":"SO","PlateB":"AR"},"geometry":{"type":"LineString","coordinates":[[56.27,14.62],[56.21,14.64]]}},{"type":"Feature","properties":{"Type":"OSR","PlateA":"SO","PlateB":"AR"},"geometry":{"type":"LineString","coordinates":[[56.21,14.64],[56.18,14.62]]}},{"type":"Feature","properties":{"Type":"OSR","PlateA":"SO","PlateB":"AR"},"geometry":{"type":"LineString","coordinates":[[56.18,14.62],[56.06,14.64]]}},{"type":"Feature","properties":{"Type":"OSR","PlateA":"SO","PlateB":"AR"},"geometry":{"type":"LineString","coordinates":[[56.06,14.64],[55.82,14.69]]}},{"type":"Feature","properties":{"Type":"OSR","PlateA":"SO","PlateB":"AR"},"geometry":{"type":"LineString","coordinates":[[55.82,14.69],[55.67,14.72]]}},{"type":"Feature","properties":{"Type":"OSR","PlateA":"SO","PlateB":"AR"},"geometry":{"type":"LineString","coordinates":[[55.67,14.72],[55.63,14.68]]}},{"type":"Feature","properties":{"Type":"OSR","PlateA":"SO","PlateB":"AR"},"geometry":{"type":"LineString","coordinates":[[55.63,14.68],[55.48,14.73]]}},{"type":"Feature","properties":{"Type":"OSR","PlateA":"SO","PlateB":"AR"},"geometry":{"type":"LineString","coordinates":[[55.48,14.73],[55.28,14.79]]}},{"type":"Feature","properties":{"Type":"OSR","PlateA":"SO","PlateB":"AR"},"geometry":{"type":"LineString","coordinates":[[55.28,14.79],[55.11,14.85]]}},{"type":"Feature","properties":{"Type":"OTF","PlateA":"SO","PlateB":"AR"},"geometry":{"type":"LineString","coordinates":[[55.11,14.85],[55.05,14.71]]}},{"type":"Feature","properties":{"Type":"OSR","PlateA":"SO","PlateB":"AR"},"geometry":{"type":"LineString","coordinates":[[55.05,14.71],[54.96,14.73]]}},{"type":"Feature","properties":{"Type":"OSR","PlateA":"SO","PlateB":"AR"},"geometry":{"type":"LineString","coordinates":[[54.96,14.73],[54.73,14.8]]}},{"type":"Feature","properties":{"Type":"OSR","PlateA":"SO","PlateB":"AR"},"geometry":{"type":"LineString","coordinates":[[54.73,14.8],[54.55,14.87]]}},{"type":"Feature","properties":{"Type":"OTF","PlateA":"SO","PlateB":"AR"},"geometry":{"type":"LineString","coordinates":[[54.55,14.87],[54.51,14.76]]}},{"type":"Feature","properties":{"Type":"OTF","PlateA":"SO","PlateB":"AR"},"geometry":{"type":"LineString","coordinates":[[54.51,14.76],[54.45,14.62]]}},{"type":"Feature","properties":{"Type":"OSR","PlateA":"SO","PlateB":"AR"},"geometry":{"type":"LineString","coordinates":[[54.45,14.62],[54.39,14.64]]}},{"type":"Feature","properties":{"Type":"OSR","PlateA":"SO","PlateB":"AR"},"geometry":{"type":"LineString","coordinates":[[54.39,14.64],[54.33,14.67]]}},{"type":"Feature","properties":{"Type":"OSR","PlateA":"SO","PlateB":"AR"},"geometry":{"type":"LineString","coordinates":[[54.33,14.67],[54.29,14.68]]}},{"type":"Feature","properties":{"Type":"OSR","PlateA":"SO","PlateB":"AR"},"geometry":{"type":"LineString","coordinates":[[54.29,14.68],[54.25,14.69]]}},{"type":"Feature","properties":{"Type":"OSR","PlateA":"SO","PlateB":"AR"},"geometry":{"type":"LineString","coordinates":[[54.25,14.69],[54.19,14.71]]}},{"type":"Feature","properties":{"Type":"OSR","PlateA":"SO","PlateB":"AR"},"geometry":{"type":"LineString","coordinates":[[54.19,14.71],[54.15,14.73]]}},{"type":"Feature","properties":{"Type":"OSR","PlateA":"SO","PlateB":"AR"},"geometry":{"type":"LineString","coordinates":[[54.15,14.73],[54.07,14.77]]}},{"type":"Feature","properties":{"Type":"OTF","PlateA":"SO","PlateB":"AR"},"geometry":{"type":"LineString","coordinates":[[54.07,14.77],[54.02,14.66]]}},{"type":"Feature","properties":{"Type":"OTF","PlateA":"SO","PlateB":"AR"},"geometry":{"type":"LineString","coordinates":[[54.02,14.66],[53.93,14.49]]}},{"type":"Feature","properties":{"Type":"OTF","PlateA":"SO","PlateB":"AR"},"geometry":{"type":"LineString","coordinates":[[53.93,14.49],[53.86,14.35]]}},{"type":"Feature","properties":{"Type":"OSR","PlateA":"SO","PlateB":"AR"},"geometry":{"type":"LineString","coordinates":[[53.86,14.35],[53.82,14.36]]}},{"type":"Feature","properties":{"Type":"OSR","PlateA":"SO","PlateB":"AR"},"geometry":{"type":"LineString","coordinates":[[53.82,14.36],[53.58,14.44]]}},{"type":"Feature","properties":{"Type":"OSR","PlateA":"SO","PlateB":"AR"},"geometry":{"type":"LineString","coordinates":[[53.58,14.44],[53.36,14.51]]}},{"type":"Feature","properties":{"Type":"OSR","PlateA":"SO","PlateB":"AR"},"geometry":{"type":"LineString","coordinates":[[53.36,14.51],[53.22,14.56]]}},{"type":"Feature","properties":{"Type":"OTF","PlateA":"SO","PlateB":"AR"},"geometry":{"type":"LineString","coordinates":[[53.22,14.56],[53.21,14.54]]}},{"type":"Feature","properties":{"Type":"OSR","PlateA":"SO","PlateB":"AR"},"geometry":{"type":"LineString","coordinates":[[53.21,14.54],[53.12,14.56]]}},{"type":"Feature","properties":{"Type":"OSR","PlateA":"SO","PlateB":"AR"},"geometry":{"type":"LineString","coordinates":[[53.12,14.56],[52.91,14.62]]}},{"type":"Feature","properties":{"Type":"OSR","PlateA":"SO","PlateB":"AR"},"geometry":{"type":"LineString","coordinates":[[52.91,14.62],[52.74,14.68]]}},{"type":"Feature","properties":{"Type":"OTF","PlateA":"SO","PlateB":"AR"},"geometry":{"type":"LineString","coordinates":[[52.74,14.68],[52.67,14.56]]}},{"type":"Feature","properties":{"Type":"OSR","PlateA":"SO","PlateB":"AR"},"geometry":{"type":"LineString","coordinates":[[52.67,14.56],[52.55,14.6]]}},{"type":"Feature","properties":{"Type":"OSR","PlateA":"SO","PlateB":"AR"},"geometry":{"type":"LineString","coordinates":[[52.55,14.6],[52.3,14.66]]}},{"type":"Feature","properties":{"Type":"OSR","PlateA":"SO","PlateB":"AR"},"geometry":{"type":"LineString","coordinates":[[52.3,14.66],[52.14,14.69]]}},{"type":"Feature","properties":{"Type":"OTF","PlateA":"SO","PlateB":"AR"},"geometry":{"type":"LineString","coordinates":[[52.14,14.69],[51.94,14.35]]}},{"type":"Feature","properties":{"Type":"OTF","PlateA":"SO","PlateB":"AR"},"geometry":{"type":"LineString","coordinates":[[51.94,14.35],[51.76,14.03]]}},{"type":"Feature","properties":{"Type":"OTF","PlateA":"SO","PlateB":"AR"},"geometry":{"type":"LineString","coordinates":[[51.76,14.03],[51.57,13.67]]}},{"type":"Feature","properties":{"Type":"OTF","PlateA":"SO","PlateB":"AR"},"geometry":{"type":"LineString","coordinates":[[51.57,13.67],[51.45,13.46]]}},{"type":"Feature","properties":{"Type":"OTF","PlateA":"SO","PlateB":"AR"},"geometry":{"type":"LineString","coordinates":[[51.45,13.46],[51.34,13.27]]}},{"type":"Feature","properties":{"Type":"OTF","PlateA":"SO","PlateB":"AR"},"geometry":{"type":"LineString","coordinates":[[51.34,13.27],[51.25,13.12]]}},{"type":"Feature","properties":{"Type":"OSR","PlateA":"SO","PlateB":"AR"},"geometry":{"type":"LineString","coordinates":[[51.25,13.12],[51.08,13.19]]}},{"type":"Feature","properties":{"Type":"OSR","PlateA":"SO","PlateB":"AR"},"geometry":{"type":"LineString","coordinates":[[51.08,13.19],[50.84,13.28]]}},{"type":"Feature","properties":{"Type":"OSR","PlateA":"SO","PlateB":"AR"},"geometry":{"type":"LineString","coordinates":[[50.84,13.28],[50.66,13.36]]}},{"type":"Feature","properties":{"Type":"OTF","PlateA":"SO","PlateB":"AR"},"geometry":{"type":"LineString","coordinates":[[50.66,13.36],[50.57,13.22]]}},{"type":"Feature","properties":{"Type":"OSR","PlateA":"SO","PlateB":"AR"},"geometry":{"type":"LineString","coordinates":[[50.57,13.22],[50.43,13.27]]}},{"type":"Feature","properties":{"Type":"OSR","PlateA":"SO","PlateB":"AR"},"geometry":{"type":"LineString","coordinates":[[50.43,13.27],[50.31,13.31]]}},{"type":"Feature","properties":{"Type":"OTF","PlateA":"SO","PlateB":"AR"},"geometry":{"type":"LineString","coordinates":[[50.31,13.31],[50.25,13.23]]}},{"type":"Feature","properties":{"Type":"OTF","PlateA":"SO","PlateB":"AR"},"geometry":{"type":"LineString","coordinates":[[50.25,13.23],[50.17,13.12]]}},{"type":"Feature","properties":{"Type":"OSR","PlateA":"SO","PlateB":"AR"},"geometry":{"type":"LineString","coordinates":[[50.17,13.12],[50.06,13.17]]}},{"type":"Feature","properties":{"Type":"OSR","PlateA":"SO","PlateB":"AR"},"geometry":{"type":"LineString","coordinates":[[50.06,13.17],[49.85,13.25]]}},{"type":"Feature","properties":{"Type":"OSR","PlateA":"SO","PlateB":"AR"},"geometry":{"type":"LineString","coordinates":[[49.85,13.25],[49.68,13.31]]}},{"type":"Feature","properties":{"Type":"OTF","PlateA":"SO","PlateB":"AR"},"geometry":{"type":"LineString","coordinates":[[49.68,13.31],[49.59,13.17]]}},{"type":"Feature","properties":{"Type":"OTF","PlateA":"SO","PlateB":"AR"},"geometry":{"type":"LineString","coordinates":[[49.59,13.17],[49.47,13.01]]}},{"type":"Feature","properties":{"Type":"OSR","PlateA":"SO","PlateB":"AR"},"geometry":{"type":"LineString","coordinates":[[49.47,13.01],[49.43,13.04]]}},{"type":"Feature","properties":{"Type":"OTF","PlateA":"SO","PlateB":"AR"},"geometry":{"type":"LineString","coordinates":[[49.43,13.04],[49.35,12.9]]}},{"type":"Feature","properties":{"Type":"OTF","PlateA":"SO","PlateB":"AR"},"geometry":{"type":"LineString","coordinates":[[49.35,12.9],[49.28,12.8]]}},{"type":"Feature","properties":{"Type":"OSR","PlateA":"SO","PlateB":"AR"},"geometry":{"type":"LineString","coordinates":[[49.28,12.8],[49.07,12.85]]}},{"type":"Feature","properties":{"Type":"OSR","PlateA":"SO","PlateB":"AR"},"geometry":{"type":"LineString","coordinates":[[49.07,12.85],[48.88,12.91]]}},{"type":"Feature","properties":{"Type":"OTF","PlateA":"SO","PlateB":"AR"},"geometry":{"type":"LineString","coordinates":[[48.88,12.91],[48.8,12.77]]}},{"type":"Feature","properties":{"Type":"OSR","PlateA":"SO","PlateB":"AR"},"geometry":{"type":"LineString","coordinates":[[48.8,12.77],[48.7,12.66]]}},{"type":"Feature","properties":{"Type":"OSR","PlateA":"SO","PlateB":"AR"},"geometry":{"type":"LineString","coordinates":[[48.7,12.66],[48.57,12.69]]}},{"type":"Feature","properties":{"Type":"OSR","PlateA":"SO","PlateB":"AR"},"geometry":{"type":"LineString","coordinates":[[48.57,12.69],[48.45,12.73]]}},{"type":"Feature","properties":{"Type":"OTF","PlateA":"SO","PlateB":"AR"},"geometry":{"type":"LineString","coordinates":[[48.45,12.73],[48.35,12.57]]}},{"type":"Feature","properties":{"Type":"OSR","PlateA":"SO","PlateB":"AR"},"geometry":{"type":"LineString","coordinates":[[48.35,12.57],[48.27,12.6]]}},{"type":"Feature","properties":{"Type":"OSR","PlateA":"SO","PlateB":"AR"},"geometry":{"type":"LineString","coordinates":[[48.27,12.6],[48.14,12.64]]}},{"type":"Feature","properties":{"Type":"OSR","PlateA":"SO","PlateB":"AR"},"geometry":{"type":"LineString","coordinates":[[48.14,12.64],[48.05,12.67]]}},{"type":"Feature","properties":{"Type":"OTF","PlateA":"SO","PlateB":"AR"},"geometry":{"type":"LineString","coordinates":[[48.05,12.67],[47.99,12.58]]}},{"type":"Feature","properties":{"Type":"OTF","PlateA":"SO","PlateB":"AR"},"geometry":{"type":"LineString","coordinates":[[47.99,12.58],[47.9,12.46]]}},{"type":"Feature","properties":{"Type":"OSR","PlateA":"SO","PlateB":"AR"},"geometry":{"type":"LineString","coordinates":[[47.9,12.46],[47.79,12.49]]}},{"type":"Feature","properties":{"Type":"OSR","PlateA":"SO","PlateB":"AR"},"geometry":{"type":"LineString","coordinates":[[47.79,12.49],[47.65,12.52]]}},{"type":"Feature","properties":{"Type":"OTF","PlateA":"SO","PlateB":"AR"},"geometry":{"type":"LineString","coordinates":[[47.65,12.52],[47.59,12.44]]}},{"type":"Feature","properties":{"Type":"OTF","PlateA":"SO","PlateB":"AR"},"geometry":{"type":"LineString","coordinates":[[47.59,12.44],[47.54,12.37]]}},{"type":"Feature","properties":{"Type":"OSR","PlateA":"SO","PlateB":"AR"},"geometry":{"type":"LineString","coordinates":[[47.54,12.37],[47.32,12.43]]}},{"type":"Feature","properties":{"Type":"OSR","PlateA":"SO","PlateB":"AR"},"geometry":{"type":"LineString","coordinates":[[47.32,12.43],[47.16,12.46]]}},{"type":"Feature","properties":{"Type":"OTF","PlateA":"SO","PlateB":"AR"},"geometry":{"type":"LineString","coordinates":[[47.16,12.46],[47.13,12.36]]}},{"type":"Feature","properties":{"Type":"OSR","PlateA":"SO","PlateB":"AR"},"geometry":{"type":"LineString","coordinates":[[47.13,12.36],[47.05,12.39]]}},{"type":"Feature","properties":{"Type":"OSR","PlateA":"SO","PlateB":"AR"},"geometry":{"type":"LineString","coordinates":[[47.05,12.39],[46.99,12.4]]}},{"type":"Feature","properties":{"Type":"OTF","PlateA":"SO","PlateB":"AR"},"geometry":{"type":"LineString","coordinates":[[46.99,12.4],[46.93,12.3]]}},{"type":"Feature","properties":{"Type":"OTF","PlateA":"SO","PlateB":"AR"},"geometry":{"type":"LineString","coordinates":[[46.93,12.3],[46.85,12.21]]}},{"type":"Feature","properties":{"Type":"OSR","PlateA":"SO","PlateB":"AR"},"geometry":{"type":"LineString","coordinates":[[46.85,12.21],[46.72,12.25]]}},{"type":"Feature","properties":{"Type":"OSR","PlateA":"SO","PlateB":"AR"},"geometry":{"type":"LineString","coordinates":[[46.72,12.25],[46.58,12.29]]}},{"type":"Feature","properties":{"Type":"OTF","PlateA":"SO","PlateB":"AR"},"geometry":{"type":"LineString","coordinates":[[46.58,12.29],[46.51,12.2]]}},{"type":"Feature","properties":{"Type":"OTF","PlateA":"SO","PlateB":"AR"},"geometry":{"type":"LineString","coordinates":[[46.51,12.2],[46.43,12.09]]}},{"type":"Feature","properties":{"Type":"OSR","PlateA":"SO","PlateB":"AR"},"geometry":{"type":"LineString","coordinates":[[46.43,12.09],[46.31,12.14]]}},{"type":"Feature","properties":{"Type":"OSR","PlateA":"SO","PlateB":"AR"},"geometry":{"type":"LineString","coordinates":[[46.31,12.14],[46.2,12.17]]}},{"type":"Feature","properties":{"Type":"OTF","PlateA":"SO","PlateB":"AR"},"geometry":{"type":"LineString","coordinates":[[46.2,12.17],[46.15,12.11]]}},{"type":"Feature","properties":{"Type":"OTF","PlateA":"SO","PlateB":"AR"},"geometry":{"type":"LineString","coordinates":[[46.15,12.11],[46.11,12.06]]}},{"type":"Feature","properties":{"Type":"OSR","PlateA":"SO","PlateB":"AR"},"geometry":{"type":"LineString","coordinates":[[46.11,12.06],[45.85,12.1]]}},{"type":"Feature","properties":{"Type":"OSR","PlateA":"SO","PlateB":"AR"},"geometry":{"type":"LineString","coordinates":[[45.85,12.1],[45.65,12.15]]}},{"type":"Feature","properties":{"Type":"OSR","PlateA":"SO","PlateB":"AR"},"geometry":{"type":"LineString","coordinates":[[45.65,12.15],[45.64,12.16]]}},{"type":"Feature","properties":{"Type":"OTF","PlateA":"SO","PlateB":"AR"},"geometry":{"type":"LineString","coordinates":[[45.64,12.16],[45.6,12.07]]}},{"type":"Feature","properties":{"Type":"OTF","PlateA":"SO","PlateB":"AR"},"geometry":{"type":"LineString","coordinates":[[45.6,12.07],[45.52,11.98]]}},{"type":"Feature","properties":{"Type":"OSR","PlateA":"SO","PlateB":"AR"},"geometry":{"type":"LineString","coordinates":[[45.52,11.98],[45.43,12.02]]}},{"type":"Feature","properties":{"Type":"OSR","PlateA":"SO","PlateB":"AR"},"geometry":{"type":"LineString","coordinates":[[45.43,12.02],[45.33,12.05]]}},{"type":"Feature","properties":{"Type":"OTF","PlateA":"SO","PlateB":"AR"},"geometry":{"type":"LineString","coordinates":[[45.33,12.05],[45.28,12]]}},{"type":"Feature","properties":{"Type":"OSR","PlateA":"SO","PlateB":"AR"},"geometry":{"type":"LineString","coordinates":[[45.28,12],[45.1,12]]}},{"type":"Feature","properties":{"Type":"OSR","PlateA":"SO","PlateB":"AR"},"geometry":{"type":"LineString","coordinates":[[45.1,12],[44.91,12.01]]}},{"type":"Feature","properties":{"Type":"OSR","PlateA":"SO","PlateB":"AR"},"geometry":{"type":"LineString","coordinates":[[44.91,12.01],[44.88,12.02]]}},{"type":"Feature","properties":{"Type":"OSR","PlateA":"SO","PlateB":"AR"},"geometry":{"type":"LineString","coordinates":[[44.88,12.02],[44.78,12.02]]}},{"type":"Feature","properties":{"Type":"OSR","PlateA":"SO","PlateB":"AR"},"geometry":{"type":"LineString","coordinates":[[44.78,12.02],[44.51,12.01]]}},{"type":"Feature","properties":{"Type":"OSR","PlateA":"SO","PlateB":"AR"},"geometry":{"type":"LineString","coordinates":[[44.51,12.01],[44.05,12.01]]}},{"type":"Feature","properties":{"Type":"OSR","PlateA":"SO","PlateB":"AR"},"geometry":{"type":"LineString","coordinates":[[44.05,12.01],[43.65,12.01]]}},{"type":"Feature","properties":{"Type":"CRB","PlateA":"SO","PlateB":"AR"},"geometry":{"type":"LineString","coordinates":[[43.65,12.01],[42.84,11.8]]}},{"type":"Feature","properties":{"Type":"CRB","PlateA":"SO","PlateB":"AR"},"geometry":{"type":"LineString","coordinates":[[42.84,11.8],[42.03,11.58]]}},{"type":"Feature","properties":{"Type":"CRB","PlateA":"AF","PlateB":"AR"},"geometry":{"type":"LineString","coordinates":[[39.3,19.03],[38.83,19.45]]}},{"type":"Feature","properties":{"Type":"CRB","PlateA":"AF","PlateB":"AR"},"geometry":{"type":"LineString","coordinates":[[38.83,19.45],[38.4,19.91]]}},{"type":"Feature","properties":{"Type":"CRB","PlateA":"AF","PlateB":"AR"},"geometry":{"type":"LineString","coordinates":[[38.4,19.91],[38.08,20.39]]}},{"type":"Feature","properties":{"Type":"CRB","PlateA":"AF","PlateB":"AR"},"geometry":{"type":"LineString","coordinates":[[38.08,20.39],[37.98,21.02]]}},{"type":"Feature","properties":{"Type":"CRB","PlateA":"AF","PlateB":"AR"},"geometry":{"type":"LineString","coordinates":[[37.98,21.02],[37.83,21.84]]}},{"type":"Feature","properties":{"Type":"CRB","PlateA":"AF","PlateB":"AR"},"geometry":{"type":"LineString","coordinates":[[37.83,21.84],[37.54,22.49]]}},{"type":"Feature","properties":{"Type":"CRB","PlateA":"AF","PlateB":"AR"},"geometry":{"type":"LineString","coordinates":[[37.54,22.49],[37.04,23.23]]}},{"type":"Feature","properties":{"Type":"CRB","PlateA":"AF","PlateB":"AR"},"geometry":{"type":"LineString","coordinates":[[37.04,23.23],[36.57,23.64]]}},{"type":"Feature","properties":{"Type":"CRB","PlateA":"AF","PlateB":"AR"},"geometry":{"type":"LineString","coordinates":[[36.57,23.64],[36.41,24.13]]}},{"type":"Feature","properties":{"Type":"CRB","PlateA":"AF","PlateB":"AR"},"geometry":{"type":"LineString","coordinates":[[36.41,24.13],[36.24,24.63]]}},{"type":"Feature","properties":{"Type":"CRB","PlateA":"AF","PlateB":"AR"},"geometry":{"type":"LineString","coordinates":[[36.24,24.63],[36.07,25.06]]}},{"type":"Feature","properties":{"Type":"CRB","PlateA":"AF","PlateB":"AR"},"geometry":{"type":"LineString","coordinates":[[36.07,25.06],[35.89,25.48]]}},{"type":"Feature","properties":{"Type":"CRB","PlateA":"AF","PlateB":"AR"},"geometry":{"type":"LineString","coordinates":[[35.89,25.48],[35.55,25.92]]}},{"type":"Feature","properties":{"Type":"CRB","PlateA":"AF","PlateB":"AR"},"geometry":{"type":"LineString","coordinates":[[35.55,25.92],[35.2,26.35]]}},{"type":"Feature","properties":{"Type":"CRB","PlateA":"AF","PlateB":"AR"},"geometry":{"type":"LineString","coordinates":[[35.2,26.35],[34.88,26.81]]}},{"type":"Feature","properties":{"Type":"CRB","PlateA":"AF","PlateB":"AR"},"geometry":{"type":"LineString","coordinates":[[34.88,26.81],[34.55,27.26]]}},{"type":"Feature","properties":{"Type":"CRB","PlateA":"AF","PlateB":"AR"},"geometry":{"type":"LineString","coordinates":[[34.55,27.26],[34.26,27.89]]}},{"type":"Feature","properties":{"Type":"CTF","PlateA":"AF","PlateB":"AR"},"geometry":{"type":"LineString","coordinates":[[34.26,27.89],[34.43,28.41]]}},{"type":"Feature","properties":{"Type":"CTF","PlateA":"AF","PlateB":"AR"},"geometry":{"type":"LineString","coordinates":[[34.43,28.41],[34.6,28.94]]}},{"type":"Feature","properties":{"Type":"CTF","PlateA":"AF","PlateB":"AR"},"geometry":{"type":"LineString","coordinates":[[34.6,28.94],[34.78,29.47]]}},{"type":"Feature","properties":{"Type":"CTF","PlateA":"AF","PlateB":"AR"},"geometry":{"type":"LineString","coordinates":[[34.78,29.47],[34.95,30]]}},{"type":"Feature","properties":{"Type":"CRB","PlateA":"AR","PlateB":"AF"},"geometry":{"type":"LineString","coordinates":[[39.3,19.03],[39.59,18.42]]}},{"type":"Feature","properties":{"Type":"CRB","PlateA":"AR","PlateB":"AF"},"geometry":{"type":"LineString","coordinates":[[39.59,18.42],[39.99,17.95]]}},{"type":"Feature","properties":{"Type":"CRB","PlateA":"AR","PlateB":"AF"},"geometry":{"type":"LineString","coordinates":[[39.99,17.95],[40.33,17.27]]}},{"type":"Feature","properties":{"Type":"CRB","PlateA":"AR","PlateB":"AF"},"geometry":{"type":"LineString","coordinates":[[40.33,17.27],[40.25,16.79]]}},{"type":"Feature","properties":{"Type":"CRB","PlateA":"AR","PlateB":"AF"},"geometry":{"type":"LineString","coordinates":[[40.25,16.79],[40.17,16.3]]}},{"type":"Feature","properties":{"Type":"CTF","PlateA":"AR","PlateB":"AF"},"geometry":{"type":"LineString","coordinates":[[40.17,16.3],[39.67,15.77]]}},{"type":"Feature","properties":{"Type":"CRB","PlateA":"AR","PlateB":"AF"},"geometry":{"type":"LineString","coordinates":[[39.67,15.77],[39.78,15.14]]}},{"type":"Feature","properties":{"Type":"CRB","PlateA":"AR","PlateB":"AF"},"geometry":{"type":"LineString","coordinates":[[39.78,15.14],[40.03,14.72]]}},{"type":"Feature","properties":{"Type":"CRB","PlateA":"AR","PlateB":"AF"},"geometry":{"type":"LineString","coordinates":[[40.03,14.72],[40.28,14.3]]}},{"type":"Feature","properties":{"Type":"CRB","PlateA":"AR","PlateB":"AF"},"geometry":{"type":"LineString","coordinates":[[40.28,14.3],[40.61,13.74]]}},{"type":"Feature","properties":{"Type":"CTF","PlateA":"AR","PlateB":"AF"},"geometry":{"type":"LineString","coordinates":[[40.61,13.74],[40.09,13.21]]}},{"type":"Feature","properties":{"Type":"CRB","PlateA":"AR","PlateB":"AF"},"geometry":{"type":"LineString","coordinates":[[40.09,13.21],[40.51,12.6]]}},{"type":"Feature","properties":{"Type":"CRB","PlateA":"AR","PlateB":"AF"},"geometry":{"type":"LineString","coordinates":[[40.51,12.6],[40.86,12.21]]}},{"type":"Feature","properties":{"Type":"CRB","PlateA":"AR","PlateB":"AF"},"geometry":{"type":"LineString","coordinates":[[40.86,12.21],[41.21,11.81]]}},{"type":"Feature","properties":{"Type":"CTF","PlateA":"AR","PlateB":"AF"},"geometry":{"type":"LineString","coordinates":[[41.21,11.81],[41.65,12.19]]}},{"type":"Feature","properties":{"Type":"CRB","PlateA":"AR","PlateB":"AF"},"geometry":{"type":"LineString","coordinates":[[41.65,12.19],[42.03,11.58]]}},{"type":"Feature","properties":{"Type":"SUB","PlateA":"AS","PlateB":"AF"},"geometry":{"type":"LineString","coordinates":[[20.3,37.8],[20.76,37.1]]}},{"type":"Feature","properties":{"Type":"SUB","PlateA":"AS","PlateB":"AF"},"geometry":{"type":"LineString","coordinates":[[20.76,37.1],[21.33,36.63]]}},{"type":"Feature","properties":{"Type":"SUB","PlateA":"AS","PlateB":"AF"},"geometry":{"type":"LineString","coordinates":[[21.33,36.63],[21.6,36.22]]}},{"type":"Feature","properties":{"Type":"SUB","PlateA":"AS","PlateB":"AF"},"geometry":{"type":"LineString","coordinates":[[21.6,36.22],[21.89,35.93]]}},{"type":"Feature","properties":{"Type":"SUB","PlateA":"AS","PlateB":"AF"},"geometry":{"type":"LineString","coordinates":[[21.89,35.93],[22.38,35.74]]}},{"type":"Feature","properties":{"Type":"SUB","PlateA":"AS","PlateB":"AF"},"geometry":{"type":"LineString","coordinates":[[22.38,35.74],[22.87,35.44]]}},{"type":"Feature","properties":{"Type":"SUB","PlateA":"AS","PlateB":"AF"},"geometry":{"type":"LineString","coordinates":[[22.87,35.44],[23.4,34.99]]}},{"type":"Feature","properties":{"Type":"SUB","PlateA":"AS","PlateB":"AF"},"geometry":{"type":"LineString","coordinates":[[23.4,34.99],[23.87,34.63]]}},{"type":"Feature","properties":{"Type":"SUB","PlateA":"AS","PlateB":"AF"},"geometry":{"type":"LineString","coordinates":[[23.87,34.63],[24.59,34.34]]}},{"type":"Feature","properties":{"Type":"SUB","PlateA":"AS","PlateB":"AF"},"geometry":{"type":"LineString","coordinates":[[24.59,34.34],[25.58,34.25]]}},{"type":"Feature","properties":{"Type":"SUB","PlateA":"AS","PlateB":"AF"},"geometry":{"type":"LineString","coordinates":[[25.58,34.25],[26.47,34.2]]}},{"type":"Feature","properties":{"Type":"SUB","PlateA":"AS","PlateB":"AF"},"geometry":{"type":"LineString","coordinates":[[26.47,34.2],[27.23,34.34]]}},{"type":"Feature","properties":{"Type":"SUB","PlateA":"AS","PlateB":"AF"},"geometry":{"type":"LineString","coordinates":[[27.23,34.34],[27.68,34.71]]}},{"type":"Feature","properties":{"Type":"SUB","PlateA":"AS","PlateB":"AF"},"geometry":{"type":"LineString","coordinates":[[27.68,34.71],[28.05,34.87]]}},{"type":"Feature","properties":{"Type":"SUB","PlateA":"AS","PlateB":"AF"},"geometry":{"type":"LineString","coordinates":[[28.05,34.87],[28.48,35.13]]}},{"type":"Feature","properties":{"Type":"SUB","PlateA":"AS","PlateB":"AF"},"geometry":{"type":"LineString","coordinates":[[28.48,35.13],[28.78,35.31]]}},{"type":"Feature","properties":{"Type":"SUB","PlateA":"AS","PlateB":"AF"},"geometry":{"type":"LineString","coordinates":[[28.78,35.31],[29.07,35.38]]}},{"type":"Feature","properties":{"Type":"SUB","PlateA":"AS","PlateB":"AF"},"geometry":{"type":"LineString","coordinates":[[29.07,35.38],[29.35,35.42]]}},{"type":"Feature","properties":{"Type":"SUB","PlateA":"AS","PlateB":"AF"},"geometry":{"type":"LineString","coordinates":[[29.35,35.42],[29.73,35.43]]}},{"type":"Feature","properties":{"Type":"SUB","PlateA":"AT","PlateB":"AF"},"geometry":{"type":"LineString","coordinates":[[29.73,35.43],[30.22,35.15]]}},{"type":"Feature","properties":{"Type":"SUB","PlateA":"AT","PlateB":"AF"},"geometry":{"type":"LineString","coordinates":[[30.22,35.15],[30.79,34.99]]}},{"type":"Feature","properties":{"Type":"SUB","PlateA":"AT","PlateB":"AF"},"geometry":{"type":"LineString","coordinates":[[30.79,34.99],[31.26,34.83]]}},{"type":"Feature","properties":{"Type":"SUB","PlateA":"AT","PlateB":"AF"},"geometry":{"type":"LineString","coordinates":[[31.26,34.83],[31.74,34.63]]}},{"type":"Feature","properties":{"Type":"SUB","PlateA":"AT","PlateB":"AF"},"geometry":{"type":"LineString","coordinates":[[31.74,34.63],[32.17,34.49]]}},{"type":"Feature","properties":{"Type":"SUB","PlateA":"AT","PlateB":"AF"},"geometry":{"type":"LineString","coordinates":[[32.17,34.49],[32.67,34.39]]}},{"type":"Feature","properties":{"Type":"SUB","PlateA":"AT","PlateB":"AF"},"geometry":{"type":"LineString","coordinates":[[32.67,34.39],[33.1,34.29]]}},{"type":"Feature","properties":{"Type":"SUB","PlateA":"AT","PlateB":"AF"},"geometry":{"type":"LineString","coordinates":[[33.1,34.29],[33.74,34.3]]}},{"type":"Feature","properties":{"Type":"SUB","PlateA":"AT","PlateB":"AF"},"geometry":{"type":"LineString","coordinates":[[33.74,34.3],[34.05,34.51]]}},{"type":"Feature","properties":{"Type":"SUB","PlateA":"AT","PlateB":"AF"},"geometry":{"type":"LineString","coordinates":[[34.05,34.51],[34.5,34.78]]}},{"type":"Feature","properties":{"Type":"CTF","PlateA":"AT","PlateB":"AF"},"geometry":{"type":"LineString","coordinates":[[34.5,34.78],[34.9,35.09]]}},{"type":"Feature","properties":{"Type":"CTF","PlateA":"AT","PlateB":"AF"},"geometry":{"type":"LineString","coordinates":[[34.9,35.09],[35.36,35.41]]}},{"type":"Feature","properties":{"Type":"CTF","PlateA":"AT","PlateB":"AF"},"geometry":{"type":"LineString","coordinates":[[35.36,35.41],[35.79,35.69]]}},{"type":"Feature","properties":{"Type":"CTF","PlateA":"AT","PlateB":"AF"},"geometry":{"type":"LineString","coordinates":[[35.79,35.69],[36.41,36.02]]}},{"type":"Feature","properties":{"Type":"CRB","PlateA":"SO","PlateB":"AF"},"geometry":{"type":"LineString","coordinates":[[42.03,11.58],[41.44,11.32]]}},{"type":"Feature","properties":{"Type":"CRB","PlateA":"SO","PlateB":"AF"},"geometry":{"type":"LineString","coordinates":[[41.44,11.32],[41.12,10.73]]}},{"type":"Feature","properties":{"Type":"CRB","PlateA":"SO","PlateB":"AF"},"geometry":{"type":"LineString","coordinates":[[41.12,10.73],[40.79,10.15]]}},{"type":"Feature","properties":{"Type":"CRB","PlateA":"SO","PlateB":"AF"},"geometry":{"type":"LineString","coordinates":[[40.79,10.15],[40.45,9.8]]}},{"type":"Feature","properties":{"Type":"CRB","PlateA":"SO","PlateB":"AF"},"geometry":{"type":"LineString","coordinates":[[40.45,9.8],[40.11,9.45]]}},{"type":"Feature","properties":{"Type":"CRB","PlateA":"SO","PlateB":"AF"},"geometry":{"type":"LineString","coordinates":[[40.11,9.45],[39.79,9.07]]}},{"type":"Feature","properties":{"Type":"CRB","PlateA":"SO","PlateB":"AF"},"geometry":{"type":"LineString","coordinates":[[39.79,9.07],[39.47,8.7]]}},{"type":"Feature","properties":{"Type":"CRB","PlateA":"SO","PlateB":"AF"},"geometry":{"type":"LineString","coordinates":[[39.47,8.7],[39.16,8.3]]}},{"type":"Feature","properties":{"Type":"CRB","PlateA":"SO","PlateB":"AF"},"geometry":{"type":"LineString","coordinates":[[39.16,8.3],[38.84,7.9]]}},{"type":"Feature","properties":{"Type":"CRB","PlateA":"SO","PlateB":"AF"},"geometry":{"type":"LineString","coordinates":[[38.84,7.9],[38.48,7.45]]}},{"type":"Feature","properties":{"Type":"CRB","PlateA":"SO","PlateB":"AF"},"geometry":{"type":"LineString","coordinates":[[38.48,7.45],[38.12,7]]}},{"type":"Feature","properties":{"Type":"CRB","PlateA":"SO","PlateB":"AF"},"geometry":{"type":"LineString","coordinates":[[38.12,7],[37.85,6.48]]}},{"type":"Feature","properties":{"Type":"CRB","PlateA":"SO","PlateB":"AF"},"geometry":{"type":"LineString","coordinates":[[37.85,6.48],[37.58,5.96]]}},{"type":"Feature","properties":{"Type":"CTF","PlateA":"SO","PlateB":"AF"},"geometry":{"type":"LineString","coordinates":[[37.58,5.96],[36.91,5.96]]}},{"type":"Feature","properties":{"Type":"CRB","PlateA":"SO","PlateB":"AF"},"geometry":{"type":"LineString","coordinates":[[36.91,5.96],[36.6,5.48]]}},{"type":"Feature","properties":{"Type":"CRB","PlateA":"SO","PlateB":"AF"},"geometry":{"type":"LineString","coordinates":[[36.6,5.48],[36.29,5.01]]}},{"type":"Feature","properties":{"Type":"CTF","PlateA":"SO","PlateB":"AF"},"geometry":{"type":"LineString","coordinates":[[36.29,5.01],[35.78,5.1]]}},{"type":"Feature","properties":{"Type":"CTF","PlateA":"SO","PlateB":"AF"},"geometry":{"type":"LineString","coordinates":[[35.78,5.1],[35.28,5.19]]}},{"type":"Feature","properties":{"Type":"CTF","PlateA":"SO","PlateB":"AF"},"geometry":{"type":"LineString","coordinates":[[35.28,5.19],[34.77,5.28]]}},{"type":"Feature","properties":{"Type":"CTF","PlateA":"SO","PlateB":"AF"},"geometry":{"type":"LineString","coordinates":[[34.77,5.28],[34.26,5.37]]}},{"type":"Feature","properties":{"Type":"CTF","PlateA":"SO","PlateB":"AF"},"geometry":{"type":"LineString","coordinates":[[34.26,5.37],[33.75,5.46]]}},{"type":"Feature","properties":{"Type":"CTF","PlateA":"SO","PlateB":"AF"},"geometry":{"type":"LineString","coordinates":[[33.75,5.46],[33.24,5.54]]}},{"type":"Feature","properties":{"Type":"CTF","PlateA":"SO","PlateB":"AF"},"geometry":{"type":"LineString","coordinates":[[33.24,5.54],[32.74,5.63]]}},{"type":"Feature","properties":{"Type":"CTF","PlateA":"SO","PlateB":"AF"},"geometry":{"type":"LineString","coordinates":[[32.74,5.63],[32.23,5.72]]}},{"type":"Feature","properties":{"Type":"CRB","PlateA":"SO","PlateB":"AF"},"geometry":{"type":"LineString","coordinates":[[32.23,5.72],[31.75,5.1]]}},{"type":"Feature","properties":{"Type":"CRB","PlateA":"SO","PlateB":"AF"},"geometry":{"type":"LineString","coordinates":[[31.75,5.1],[31.28,4.48]]}},{"type":"Feature","properties":{"Type":"CTF","PlateA":"SO","PlateB":"AF"},"geometry":{"type":"LineString","coordinates":[[31.28,4.48],[30.47,4.24]]}},{"type":"Feature","properties":{"Type":"CRB","PlateA":"SO","PlateB":"AF"},"geometry":{"type":"LineString","coordinates":[[30.47,4.24],[30.48,3.52]]}},{"type":"Feature","properties":{"Type":"CRB","PlateA":"SO","PlateB":"AF"},"geometry":{"type":"LineString","coordinates":[[30.48,3.52],[30.48,2.81]]}},{"type":"Feature","properties":{"Type":"CRB","PlateA":"SO","PlateB":"AF"},"geometry":{"type":"LineString","coordinates":[[30.48,2.81],[31.05,2.65]]}},{"type":"Feature","properties":{"Type":"CRB","PlateA":"SO","PlateB":"AF"},"geometry":{"type":"LineString","coordinates":[[31.05,2.65],[31.62,2.48]]}},{"type":"Feature","properties":{"Type":"CRB","PlateA":"SO","PlateB":"AF"},"geometry":{"type":"LineString","coordinates":[[31.62,2.48],[31.12,1.96]]}},{"type":"Feature","properties":{"Type":"CRB","PlateA":"SO","PlateB":"AF"},"geometry":{"type":"LineString","coordinates":[[31.12,1.96],[30.63,1.44]]}},{"type":"Feature","properties":{"Type":"CRB","PlateA":"SO","PlateB":"AF"},"geometry":{"type":"LineString","coordinates":[[30.63,1.44],[30.25,0.75]]}},{"type":"Feature","properties":{"Type":"CRB","PlateA":"SO","PlateB":"AF"},"geometry":{"type":"LineString","coordinates":[[30.25,0.75],[29.87,0.06]]}},{"type":"Feature","properties":{"Type":"CRB","PlateA":"SO","PlateB":"AF"},"geometry":{"type":"LineString","coordinates":[[29.87,0.06],[29.63,-0.63]]}},{"type":"Feature","properties":{"Type":"CRB","PlateA":"SO","PlateB":"AF"},"geometry":{"type":"LineString","coordinates":[[29.63,-0.63],[29.39,-1.31]]}},{"type":"Feature","properties":{"Type":"CRB","PlateA":"SO","PlateB":"AF"},"geometry":{"type":"LineString","coordinates":[[29.39,-1.31],[29.13,-1.81]]}},{"type":"Feature","properties":{"Type":"CRB","PlateA":"SO","PlateB":"AF"},"geometry":{"type":"LineString","coordinates":[[29.13,-1.81],[28.87,-2.31]]}},{"type":"Feature","properties":{"Type":"CRB","PlateA":"SO","PlateB":"AF"},"geometry":{"type":"LineString","coordinates":[[28.87,-2.31],[28.91,-3.13]]}},{"type":"Feature","properties":{"Type":"CRB","PlateA":"SO","PlateB":"AF"},"geometry":{"type":"LineString","coordinates":[[28.91,-3.13],[28.95,-3.96]]}},{"type":"Feature","properties":{"Type":"CRB","PlateA":"SO","PlateB":"AF"},"geometry":{"type":"LineString","coordinates":[[28.95,-3.96],[29.28,-4.56]]}},{"type":"Feature","properties":{"Type":"CRB","PlateA":"SO","PlateB":"AF"},"geometry":{"type":"LineString","coordinates":[[29.28,-4.56],[29.61,-5.15]]}},{"type":"Feature","properties":{"Type":"CRB","PlateA":"SO","PlateB":"AF"},"geometry":{"type":"LineString","coordinates":[[29.61,-5.15],[29.6,-5.62]]}},{"type":"Feature","properties":{"Type":"CRB","PlateA":"SO","PlateB":"AF"},"geometry":{"type":"LineString","coordinates":[[29.6,-5.62],[29.6,-6.1]]}},{"type":"Feature","properties":{"Type":"CRB","PlateA":"SO","PlateB":"AF"},"geometry":{"type":"LineString","coordinates":[[29.6,-6.1],[30.05,-6.79]]}},{"type":"Feature","properties":{"Type":"CRB","PlateA":"SO","PlateB":"AF"},"geometry":{"type":"LineString","coordinates":[[30.05,-6.79],[30.49,-7.48]]}},{"type":"Feature","properties":{"Type":"CRB","PlateA":"SO","PlateB":"AF"},"geometry":{"type":"LineString","coordinates":[[30.49,-7.48],[31.04,-7.63]]}},{"type":"Feature","properties":{"Type":"CRB","PlateA":"SO","PlateB":"AF"},"geometry":{"type":"LineString","coordinates":[[31.04,-7.63],[31.59,-7.78]]}},{"type":"Feature","properties":{"Type":"CRB","PlateA":"SO","PlateB":"AF"},"geometry":{"type":"LineString","coordinates":[[31.59,-7.78],[32.12,-8.16]]}},{"type":"Feature","properties":{"Type":"CRB","PlateA":"SO","PlateB":"AF"},"geometry":{"type":"LineString","coordinates":[[32.12,-8.16],[32.64,-8.55]]}},{"type":"Feature","properties":{"Type":"CRB","PlateA":"SO","PlateB":"AF"},"geometry":{"type":"LineString","coordinates":[[32.64,-8.55],[33.1,-8.64]]}},{"type":"Feature","properties":{"Type":"CRB","PlateA":"SO","PlateB":"AF"},"geometry":{"type":"LineString","coordinates":[[33.1,-8.64],[33.56,-8.74]]}},{"type":"Feature","properties":{"Type":"CRB","PlateA":"SO","PlateB":"AF"},"geometry":{"type":"LineString","coordinates":[[33.56,-8.74],[33.82,-9.6]]}},{"type":"Feature","properties":{"Type":"CRB","PlateA":"SO","PlateB":"AF"},"geometry":{"type":"LineString","coordinates":[[33.82,-9.6],[34.08,-10.45]]}},{"type":"Feature","properties":{"Type":"CRB","PlateA":"SO","PlateB":"AF"},"geometry":{"type":"LineString","coordinates":[[34.08,-10.45],[34.71,-11.03]]}},{"type":"Feature","properties":{"Type":"CRB","PlateA":"SO","PlateB":"AF"},"geometry":{"type":"LineString","coordinates":[[34.71,-11.03],[34.44,-11.72]]}},{"type":"Feature","properties":{"Type":"CRB","PlateA":"SO","PlateB":"AF"},"geometry":{"type":"LineString","coordinates":[[34.44,-11.72],[34.17,-12.41]]}},{"type":"Feature","properties":{"Type":"CRB","PlateA":"SO","PlateB":"AF"},"geometry":{"type":"LineString","coordinates":[[34.17,-12.41],[34.07,-13.17]]}},{"type":"Feature","properties":{"Type":"CRB","PlateA":"SO","PlateB":"AF"},"geometry":{"type":"LineString","coordinates":[[34.07,-13.17],[34.46,-13.86]]}},{"type":"Feature","properties":{"Type":"CRB","PlateA":"SO","PlateB":"AF"},"geometry":{"type":"LineString","coordinates":[[34.46,-13.86],[34.85,-14.55]]}},{"type":"Feature","properties":{"Type":"CRB","PlateA":"SO","PlateB":"AF"},"geometry":{"type":"LineString","coordinates":[[34.85,-14.55],[34.73,-15.19]]}},{"type":"Feature","properties":{"Type":"CRB","PlateA":"SO","PlateB":"AF"},"geometry":{"type":"LineString","coordinates":[[34.73,-15.19],[34.6,-15.83]]}},{"type":"Feature","properties":{"Type":"CRB","PlateA":"SO","PlateB":"AF"},"geometry":{"type":"LineString","coordinates":[[34.6,-15.83],[34.9,-16.33]]}},{"type":"Feature","properties":{"Type":"CRB","PlateA":"SO","PlateB":"AF"},"geometry":{"type":"LineString","coordinates":[[34.9,-16.33],[35.2,-16.83]]}},{"type":"Feature","properties":{"Type":"CRB","PlateA":"SO","PlateB":"AF"},"geometry":{"type":"LineString","coordinates":[[35.2,-16.83],[35.2,-17.4]]}},{"type":"Feature","properties":{"Type":"CRB","PlateA":"SO","PlateB":"AF"},"geometry":{"type":"LineString","coordinates":[[35.2,-17.4],[35.2,-17.98]]}},{"type":"Feature","properties":{"Type":"CRB","PlateA":"SO","PlateB":"AF"},"geometry":{"type":"LineString","coordinates":[[35.2,-17.98],[34.6,-18.36]]}},{"type":"Feature","properties":{"Type":"CRB","PlateA":"SO","PlateB":"AF"},"geometry":{"type":"LineString","coordinates":[[34.6,-18.36],[34.27,-18.69]]}},{"type":"Feature","properties":{"Type":"CRB","PlateA":"SO","PlateB":"AF"},"geometry":{"type":"LineString","coordinates":[[34.27,-18.69],[33.94,-19.02]]}},{"type":"Feature","properties":{"Type":"CRB","PlateA":"SO","PlateB":"AF"},"geometry":{"type":"LineString","coordinates":[[33.94,-19.02],[33.61,-19.35]]}},{"type":"Feature","properties":{"Type":"CRB","PlateA":"SO","PlateB":"AF"},"geometry":{"type":"LineString","coordinates":[[33.61,-19.35],[33.28,-19.68]]}},{"type":"Feature","properties":{"Type":"CRB","PlateA":"SO","PlateB":"AF"},"geometry":{"type":"LineString","coordinates":[[33.28,-19.68],[33.2,-20.51]]}},{"type":"Feature","properties":{"Type":"CRB","PlateA":"SO","PlateB":"AF"},"geometry":{"type":"LineString","coordinates":[[33.2,-20.51],[33.11,-21.34]]}},{"type":"Feature","properties":{"Type":"CTF","PlateA":"SO","PlateB":"AF"},"geometry":{"type":"LineString","coordinates":[[33.11,-21.34],[32.64,-21.49]]}},{"type":"Feature","properties":{"Type":"CTF","PlateA":"SO","PlateB":"AF"},"geometry":{"type":"LineString","coordinates":[[32.64,-21.49],[32.16,-21.64]]}},{"type":"Feature","properties":{"Type":"CTF","PlateA":"SO","PlateB":"AF"},"geometry":{"type":"LineString","coordinates":[[32.16,-21.64],[31.68,-21.78]]}},{"type":"Feature","properties":{"Type":"CTF","PlateA":"SO","PlateB":"AF"},"geometry":{"type":"LineString","coordinates":[[31.68,-21.78],[31.21,-21.93]]}},{"type":"Feature","properties":{"Type":"CCB","PlateA":"SO","PlateB":"AF"},"geometry":{"type":"LineString","coordinates":[[31.21,-21.93],[30.73,-22.07]]}},{"type":"Feature","properties":{"Type":"CCB","PlateA":"SO","PlateB":"AF"},"geometry":{"type":"LineString","coordinates":[[30.73,-22.07],[30.25,-22.21]]}},{"type":"Feature","properties":{"Type":"CCB","PlateA":"SO","PlateB":"AF"},"geometry":{"type":"LineString","coordinates":[[30.25,-22.21],[29.77,-22.35]]}},{"type":"Feature","properties":{"Type":"CCB","PlateA":"SO","PlateB":"AF"},"geometry":{"type":"LineString","coordinates":[[29.77,-22.35],[29.29,-22.49]]}},{"type":"Feature","properties":{"Type":"CTF","PlateA":"SO","PlateB":"AF"},"geometry":{"type":"LineString","coordinates":[[29.29,-22.49],[28.84,-22.97]]}},{"type":"Feature","properties":{"Type":"CTF","PlateA":"SO","PlateB":"AF"},"geometry":{"type":"LineString","coordinates":[[28.84,-22.97],[28.4,-23.45]]}},{"type":"Feature","properties":{"Type":"CTF","PlateA":"SO","PlateB":"AF"},"geometry":{"type":"LineString","coordinates":[[28.4,-23.45],[27.94,-23.93]]}},{"type":"Feature","properties":{"Type":"CTF","PlateA":"SO","PlateB":"AF"},"geometry":{"type":"LineString","coordinates":[[27.94,-23.93],[27.49,-24.4]]}},{"type":"Feature","properties":{"Type":"CRB","PlateA":"SO","PlateB":"AF"},"geometry":{"type":"LineString","coordinates":[[27.49,-24.4],[27.59,-24.85]]}},{"type":"Feature","properties":{"Type":"CRB","PlateA":"SO","PlateB":"AF"},"geometry":{"type":"LineString","coordinates":[[27.59,-24.85],[27.7,-25.29]]}},{"type":"Feature","properties":{"Type":"CRB","PlateA":"SO","PlateB":"AF"},"geometry":{"type":"LineString","coordinates":[[27.7,-25.29],[27.8,-25.73]]}},{"type":"Feature","properties":{"Type":"CRB","PlateA":"SO","PlateB":"AF"},"geometry":{"type":"LineString","coordinates":[[27.8,-25.73],[27.91,-26.18]]}},{"type":"Feature","properties":{"Type":"CCB","PlateA":"SO","PlateB":"AF"},"geometry":{"type":"LineString","coordinates":[[27.91,-26.18],[27.25,-26.47]]}},{"type":"Feature","properties":{"Type":"CCB","PlateA":"SO","PlateB":"AF"},"geometry":{"type":"LineString","coordinates":[[27.25,-26.47],[26.6,-26.77]]}},{"type":"Feature","properties":{"Type":"CTF","PlateA":"SO","PlateB":"AF"},"geometry":{"type":"LineString","coordinates":[[26.6,-26.77],[26.6,-27.48]]}},{"type":"Feature","properties":{"Type":"CTF","PlateA":"SO","PlateB":"AF"},"geometry":{"type":"LineString","coordinates":[[26.6,-27.48],[26.59,-28.19]]}},{"type":"Feature","properties":{"Type":"CRB","PlateA":"SO","PlateB":"AF"},"geometry":{"type":"LineString","coordinates":[[26.59,-28.19],[27.18,-28.62]]}},{"type":"Feature","properties":{"Type":"CRB","PlateA":"SO","PlateB":"AF"},"geometry":{"type":"LineString","coordinates":[[27.18,-28.62],[27.77,-29.06]]}},{"type":"Feature","properties":{"Type":"CTF","PlateA":"SO","PlateB":"AF"},"geometry":{"type":"LineString","coordinates":[[27.77,-29.06],[28.05,-29.45]]}},{"type":"Feature","properties":{"Type":"CTF","PlateA":"SO","PlateB":"AF"},"geometry":{"type":"LineString","coordinates":[[28.05,-29.45],[28.34,-29.85]]}},{"type":"Feature","properties":{"Type":"OCB","PlateA":"AF","PlateB":"SO"},"geometry":{"type":"LineString","coordinates":[[32.13,-47],[32.66,-46.19]]}},{"type":"Feature","properties":{"Type":"OCB","PlateA":"AF","PlateB":"SO"},"geometry":{"type":"LineString","coordinates":[[32.66,-46.19],[33.17,-45.38]]}},{"type":"Feature","properties":{"Type":"OCB","PlateA":"AF","PlateB":"SO"},"geometry":{"type":"LineString","coordinates":[[33.17,-45.38],[33.68,-44.56]]}},{"type":"Feature","properties":{"Type":"OCB","PlateA":"AF","PlateB":"SO"},"geometry":{"type":"LineString","coordinates":[[33.68,-44.56],[34.16,-43.75]]}},{"type":"Feature","properties":{"Type":"OCB","PlateA":"AF","PlateB":"SO"},"geometry":{"type":"LineString","coordinates":[[34.16,-43.75],[34.64,-42.93]]}},{"type":"Feature","properties":{"Type":"OCB","PlateA":"AF","PlateB":"SO"},"geometry":{"type":"LineString","coordinates":[[34.64,-42.93],[35.09,-42.1]]}},{"type":"Feature","properties":{"Type":"OCB","PlateA":"AF","PlateB":"SO"},"geometry":{"type":"LineString","coordinates":[[35.09,-42.1],[35.53,-41.25]]}},{"type":"Feature","properties":{"Type":"OCB","PlateA":"AF","PlateB":"SO"},"geometry":{"type":"LineString","coordinates":[[35.53,-41.25],[35.96,-40.4]]}},{"type":"Feature","properties":{"Type":"OCB","PlateA":"AF","PlateB":"SO"},"geometry":{"type":"LineString","coordinates":[[35.96,-40.4],[36.37,-39.55]]}},{"type":"Feature","properties":{"Type":"OCB","PlateA":"AF","PlateB":"SO"},"geometry":{"type":"LineString","coordinates":[[36.37,-39.55],[36.78,-38.7]]}},{"type":"Feature","properties":{"Type":"OCB","PlateA":"AF","PlateB":"SO"},"geometry":{"type":"LineString","coordinates":[[36.78,-38.7],[37.17,-37.84]]}},{"type":"Feature","properties":{"Type":"OCB","PlateA":"AF","PlateB":"SO"},"geometry":{"type":"LineString","coordinates":[[37.17,-37.84],[37.56,-36.98]]}},{"type":"Feature","properties":{"Type":"OCB","PlateA":"AF","PlateB":"SO"},"geometry":{"type":"LineString","coordinates":[[37.56,-36.98],[36.72,-36.43]]}},{"type":"Feature","properties":{"Type":"OCB","PlateA":"AF","PlateB":"SO"},"geometry":{"type":"LineString","coordinates":[[36.72,-36.43],[35.89,-35.88]]}},{"type":"Feature","properties":{"Type":"OCB","PlateA":"AF","PlateB":"SO"},"geometry":{"type":"LineString","coordinates":[[35.89,-35.88],[35.08,-35.31]]}},{"type":"Feature","properties":{"Type":"OCB","PlateA":"AF","PlateB":"SO"},"geometry":{"type":"LineString","coordinates":[[35.08,-35.31],[34.27,-34.75]]}},{"type":"Feature","properties":{"Type":"OCB","PlateA":"AF","PlateB":"SO"},"geometry":{"type":"LineString","coordinates":[[34.27,-34.75],[33.47,-34.17]]}},{"type":"Feature","properties":{"Type":"OTF","PlateA":"AF","PlateB":"SO"},"geometry":{"type":"LineString","coordinates":[[33.47,-34.17],[32.69,-33.59]]}},{"type":"Feature","properties":{"Type":"OTF","PlateA":"AF","PlateB":"SO"},"geometry":{"type":"LineString","coordinates":[[32.69,-33.59],[31.92,-33.01]]}},{"type":"Feature","properties":{"Type":"OTF","PlateA":"AF","PlateB":"SO"},"geometry":{"type":"LineString","coordinates":[[31.92,-33.01],[31.15,-32.42]]}},{"type":"Feature","properties":{"Type":"OTF","PlateA":"AF","PlateB":"SO"},"geometry":{"type":"LineString","coordinates":[[31.15,-32.42],[30.4,-31.83]]}},{"type":"Feature","properties":{"Type":"CTF","PlateA":"AF","PlateB":"SO"},"geometry":{"type":"LineString","coordinates":[[30.4,-31.83],[29.66,-31.24]]}},{"type":"Feature","properties":{"Type":"CTF","PlateA":"AF","PlateB":"SO"},"geometry":{"type":"LineString","coordinates":[[29.66,-31.24],[28.92,-30.63]]}},{"type":"Feature","properties":{"Type":"CTF","PlateA":"AF","PlateB":"SO"},"geometry":{"type":"LineString","coordinates":[[28.92,-30.63],[28.34,-29.85]]}},{"type":"Feature","properties":{"Type":"CTF","PlateA":"PM","PlateB":"CA"},"geometry":{"type":"LineString","coordinates":[[-76.68,8.73],[-76.76,9.07]]}},{"type":"Feature","properties":{"Type":"CCB","PlateA":"PM","PlateB":"CA"},"geometry":{"type":"LineString","coordinates":[[-76.76,9.07],[-76.92,9.38]]}},{"type":"Feature","properties":{"Type":"OCB","PlateA":"PM","PlateB":"CA"},"geometry":{"type":"LineString","coordinates":[[-76.92,9.38],[-77.08,9.63]]}},{"type":"Feature","properties":{"Type":"OCB","PlateA":"PM","PlateB":"CA"},"geometry":{"type":"LineString","coordinates":[[-77.08,9.63],[-77.29,9.9]]}},{"type":"Feature","properties":{"Type":"OCB","PlateA":"PM","PlateB":"CA"},"geometry":{"type":"LineString","coordinates":[[-77.29,9.9],[-77.5,10.1]]}},{"type":"Feature","properties":{"Type":"OCB","PlateA":"PM","PlateB":"CA"},"geometry":{"type":"LineString","coordinates":[[-77.5,10.1],[-77.68,10.27]]}},{"type":"Feature","properties":{"Type":"OCB","PlateA":"PM","PlateB":"CA"},"geometry":{"type":"LineString","coordinates":[[-77.68,10.27],[-77.92,10.43]]}},{"type":"Feature","properties":{"Type":"OCB","PlateA":"PM","PlateB":"CA"},"geometry":{"type":"LineString","coordinates":[[-77.92,10.43],[-78.13,10.55]]}},{"type":"Feature","properties":{"Type":"OCB","PlateA":"PM","PlateB":"CA"},"geometry":{"type":"LineString","coordinates":[[-78.13,10.55],[-78.23,10.62]]}},{"type":"Feature","properties":{"Type":"OCB","PlateA":"PM","PlateB":"CA"},"geometry":{"type":"LineString","coordinates":[[-78.23,10.62],[-78.43,10.64]]}},{"type":"Feature","properties":{"Type":"OCB","PlateA":"PM","PlateB":"CA"},"geometry":{"type":"LineString","coordinates":[[-78.43,10.64],[-78.74,10.65]]}},{"type":"Feature","properties":{"Type":"OCB","PlateA":"PM","PlateB":"CA"},"geometry":{"type":"LineString","coordinates":[[-78.74,10.65],[-78.97,10.58]]}},{"type":"Feature","properties":{"Type":"OCB","PlateA":"PM","PlateB":"CA"},"geometry":{"type":"LineString","coordinates":[[-78.97,10.58],[-79.15,10.48]]}},{"type":"Feature","properties":{"Type":"OCB","PlateA":"PM","PlateB":"CA"},"geometry":{"type":"LineString","coordinates":[[-79.15,10.48],[-79.23,10.42]]}},{"type":"Feature","properties":{"Type":"OCB","PlateA":"PM","PlateB":"CA"},"geometry":{"type":"LineString","coordinates":[[-79.23,10.42],[-79.43,10.43]]}},{"type":"Feature","properties":{"Type":"OCB","PlateA":"PM","PlateB":"CA"},"geometry":{"type":"LineString","coordinates":[[-79.43,10.43],[-79.75,10.39]]}},{"type":"Feature","properties":{"Type":"OCB","PlateA":"PM","PlateB":"CA"},"geometry":{"type":"LineString","coordinates":[[-79.75,10.39],[-80.1,10.31]]}},{"type":"Feature","properties":{"Type":"OCB","PlateA":"PM","PlateB":"CA"},"geometry":{"type":"LineString","coordinates":[[-80.1,10.31],[-80.36,10.27]]}},{"type":"Feature","properties":{"Type":"OCB","PlateA":"PM","PlateB":"CA"},"geometry":{"type":"LineString","coordinates":[[-80.36,10.27],[-80.64,10.15]]}},{"type":"Feature","properties":{"Type":"OCB","PlateA":"PM","PlateB":"CA"},"geometry":{"type":"LineString","coordinates":[[-80.64,10.15],[-80.88,10.06]]}},{"type":"Feature","properties":{"Type":"OCB","PlateA":"PM","PlateB":"CA"},"geometry":{"type":"LineString","coordinates":[[-80.88,10.06],[-81.08,9.94]]}},{"type":"Feature","properties":{"Type":"OCB","PlateA":"PM","PlateB":"CA"},"geometry":{"type":"LineString","coordinates":[[-81.08,9.94],[-81.31,9.78]]}},{"type":"Feature","properties":{"Type":"OCB","PlateA":"PM","PlateB":"CA"},"geometry":{"type":"LineString","coordinates":[[-81.31,9.78],[-81.47,9.59]]}},{"type":"Feature","properties":{"Type":"OCB","PlateA":"PM","PlateB":"CA"},"geometry":{"type":"LineString","coordinates":[[-81.47,9.59],[-81.65,9.44]]}},{"type":"Feature","properties":{"Type":"CCB","PlateA":"PM","PlateB":"CA"},"geometry":{"type":"LineString","coordinates":[[-81.65,9.44],[-82.08,9.44]]}},{"type":"Feature","properties":{"Type":"CCB","PlateA":"PM","PlateB":"CA"},"geometry":{"type":"LineString","coordinates":[[-82.08,9.44],[-82.31,9.51]]}},{"type":"Feature","properties":{"Type":"CCB","PlateA":"PM","PlateB":"CA"},"geometry":{"type":"LineString","coordinates":[[-82.31,9.51],[-82.52,9.6]]}},{"type":"Feature","properties":{"Type":"CCB","PlateA":"PM","PlateB":"CA"},"geometry":{"type":"LineString","coordinates":[[-82.52,9.6],[-82.8,9.77]]}},{"type":"Feature","properties":{"Type":"CCB","PlateA":"PM","PlateB":"CA"},"geometry":{"type":"LineString","coordinates":[[-82.8,9.77],[-83.02,9.87]]}},{"type":"Feature","properties":{"Type":"CCB","PlateA":"PM","PlateB":"CA"},"geometry":{"type":"LineString","coordinates":[[-83.02,9.87],[-83.21,10.05]]}},{"type":"Feature","properties":{"Type":"CCB","PlateA":"PM","PlateB":"CA"},"geometry":{"type":"LineString","coordinates":[[-83.21,10.05],[-83.46,10.21]]}},{"type":"Feature","properties":{"Type":"CCB","PlateA":"PM","PlateB":"CA"},"geometry":{"type":"LineString","coordinates":[[-83.46,10.21],[-83.78,10.32]]}},{"type":"Feature","properties":{"Type":"CCB","PlateA":"PM","PlateB":"CA"},"geometry":{"type":"LineString","coordinates":[[-83.78,10.32],[-84.07,10.45]]}},{"type":"Feature","properties":{"Type":"CCB","PlateA":"PM","PlateB":"CA"},"geometry":{"type":"LineString","coordinates":[[-84.07,10.45],[-84.42,10.54]]}},{"type":"Feature","properties":{"Type":"CCB","PlateA":"PM","PlateB":"CA"},"geometry":{"type":"LineString","coordinates":[[-84.42,10.54],[-84.75,10.59]]}},{"type":"Feature","properties":{"Type":"CCB","PlateA":"PM","PlateB":"CA"},"geometry":{"type":"LineString","coordinates":[[-84.75,10.59],[-85.12,10.65]]}},{"type":"Feature","properties":{"Type":"CCB","PlateA":"PM","PlateB":"CA"},"geometry":{"type":"LineString","coordinates":[[-85.12,10.65],[-85.43,10.63]]}},{"type":"Feature","properties":{"Type":"CCB","PlateA":"PM","PlateB":"CA"},"geometry":{"type":"LineString","coordinates":[[-85.43,10.63],[-85.72,10.57]]}},{"type":"Feature","properties":{"Type":"CCB","PlateA":"PM","PlateB":"CA"},"geometry":{"type":"LineString","coordinates":[[-85.72,10.57],[-85.97,10.49]]}},{"type":"Feature","properties":{"Type":"CCB","PlateA":"PM","PlateB":"CA"},"geometry":{"type":"LineString","coordinates":[[-85.97,10.49],[-86.25,10.39]]}},{"type":"Feature","properties":{"Type":"CCB","PlateA":"PM","PlateB":"CA"},"geometry":{"type":"LineString","coordinates":[[-86.25,10.39],[-86.65,10.24]]}},{"type":"Feature","properties":{"Type":"OTF","PlateA":"NZ","PlateB":"PM"},"geometry":{"type":"LineString","coordinates":[[-78.65,7.34],[-78.75,7.33]]}},{"type":"Feature","properties":{"Type":"OTF","PlateA":"NZ","PlateB":"PM"},"geometry":{"type":"LineString","coordinates":[[-78.75,7.33],[-78.98,7.32]]}},{"type":"Feature","properties":{"Type":"OTF","PlateA":"NZ","PlateB":"PM"},"geometry":{"type":"LineString","coordinates":[[-78.98,7.32],[-79.24,7.3]]}},{"type":"Feature","properties":{"Type":"OTF","PlateA":"NZ","PlateB":"PM"},"geometry":{"type":"LineString","coordinates":[[-79.24,7.3],[-79.47,7.23]]}},{"type":"Feature","properties":{"Type":"CTF","PlateA":"NZ","PlateB":"PM"},"geometry":{"type":"LineString","coordinates":[[-79.47,7.23],[-79.66,7.18]]}},{"type":"Feature","properties":{"Type":"CTF","PlateA":"NZ","PlateB":"PM"},"geometry":{"type":"LineString","coordinates":[[-79.66,7.18],[-79.85,7.16]]}},{"type":"Feature","properties":{"Type":"OTF","PlateA":"NZ","PlateB":"PM"},"geometry":{"type":"LineString","coordinates":[[-79.85,7.16],[-80.1,7.1]]}},{"type":"Feature","properties":{"Type":"OTF","PlateA":"NZ","PlateB":"PM"},"geometry":{"type":"LineString","coordinates":[[-80.1,7.1],[-80.25,7.13]]}},{"type":"Feature","properties":{"Type":"OCB","PlateA":"NZ","PlateB":"PM"},"geometry":{"type":"LineString","coordinates":[[-80.25,7.13],[-80.36,7.22]]}},{"type":"Feature","properties":{"Type":"OCB","PlateA":"NZ","PlateB":"PM"},"geometry":{"type":"LineString","coordinates":[[-80.36,7.22],[-80.54,7.34]]}},{"type":"Feature","properties":{"Type":"CCB","PlateA":"NZ","PlateB":"PM"},"geometry":{"type":"LineString","coordinates":[[-80.54,7.34],[-80.69,7.42]]}},{"type":"Feature","properties":{"Type":"CRB","PlateA":"NZ","PlateB":"PM"},"geometry":{"type":"LineString","coordinates":[[-80.69,7.42],[-80.78,7.36]]}},{"type":"Feature","properties":{"Type":"OSR","PlateA":"NZ","PlateB":"PM"},"geometry":{"type":"LineString","coordinates":[[-80.78,7.36],[-80.89,7.29]]}},{"type":"Feature","properties":{"Type":"OSR","PlateA":"NZ","PlateB":"PM"},"geometry":{"type":"LineString","coordinates":[[-80.89,7.29],[-81.04,7.22]]}},{"type":"Feature","properties":{"Type":"OTF","PlateA":"NZ","PlateB":"PM"},"geometry":{"type":"LineString","coordinates":[[-81.04,7.22],[-81.16,7.17]]}},{"type":"Feature","properties":{"Type":"OTF","PlateA":"NZ","PlateB":"PM"},"geometry":{"type":"LineString","coordinates":[[-81.16,7.17],[-81.34,7.1]]}},{"type":"Feature","properties":{"Type":"OTF","PlateA":"NZ","PlateB":"PM"},"geometry":{"type":"LineString","coordinates":[[-81.34,7.1],[-81.49,7.06]]}},{"type":"Feature","properties":{"Type":"OTF","PlateA":"NZ","PlateB":"PM"},"geometry":{"type":"LineString","coordinates":[[-81.49,7.06],[-81.58,7.04]]}},{"type":"Feature","properties":{"Type":"OTF","PlateA":"NZ","PlateB":"PM"},"geometry":{"type":"LineString","coordinates":[[-81.58,7.04],[-81.74,7.06]]}},{"type":"Feature","properties":{"Type":"OSR","PlateA":"NZ","PlateB":"PM"},"geometry":{"type":"LineString","coordinates":[[-81.74,7.06],[-81.89,6.98]]}},{"type":"Feature","properties":{"Type":"OSR","PlateA":"NZ","PlateB":"PM"},"geometry":{"type":"LineString","coordinates":[[-81.89,6.98],[-81.94,6.95]]}},{"type":"Feature","properties":{"Type":"OTF","PlateA":"NZ","PlateB":"PM"},"geometry":{"type":"LineString","coordinates":[[-81.94,6.95],[-82.09,6.97]]}},{"type":"Feature","properties":{"Type":"OCB","PlateA":"NZ","PlateB":"PM"},"geometry":{"type":"LineString","coordinates":[[-82.09,6.97],[-82.12,7.01]]}},{"type":"Feature","properties":{"Type":"OCB","PlateA":"NZ","PlateB":"PM"},"geometry":{"type":"LineString","coordinates":[[-82.12,7.01],[-82.2,7.04]]}},{"type":"Feature","properties":{"Type":"OCB","PlateA":"NZ","PlateB":"PM"},"geometry":{"type":"LineString","coordinates":[[-82.2,7.04],[-82.27,7.13]]}},{"type":"Feature","properties":{"Type":"OCB","PlateA":"NZ","PlateB":"PM"},"geometry":{"type":"LineString","coordinates":[[-82.27,7.13],[-82.34,7.25]]}},{"type":"Feature","properties":{"Type":"OCB","PlateA":"NZ","PlateB":"PM"},"geometry":{"type":"LineString","coordinates":[[-82.34,7.25],[-82.49,7.3]]}},{"type":"Feature","properties":{"Type":"OTF","PlateA":"NZ","PlateB":"PM"},"geometry":{"type":"LineString","coordinates":[[-82.49,7.3],[-82.62,7.31]]}},{"type":"Feature","properties":{"Type":"OTF","PlateA":"NZ","PlateB":"PM"},"geometry":{"type":"LineString","coordinates":[[-82.62,7.31],[-82.69,7.28]]}},{"type":"Feature","properties":{"Type":"OTF","PlateA":"NZ","PlateB":"PM"},"geometry":{"type":"LineString","coordinates":[[-82.69,7.28],[-82.75,7.28]]}},{"type":"Feature","properties":{"Type":"OCB","PlateA":"NZ","PlateB":"PM"},"geometry":{"type":"LineString","coordinates":[[-82.75,7.28],[-82.81,7.3]]}},{"type":"Feature","properties":{"Type":"OCB","PlateA":"NZ","PlateB":"PM"},"geometry":{"type":"LineString","coordinates":[[-82.81,7.3],[-82.87,7.37]]}},{"type":"Feature","properties":{"Type":"SUB","PlateA":"CO","PlateB":"PM"},"geometry":{"type":"LineString","coordinates":[[-82.87,7.37],[-83.07,7.59]]}},{"type":"Feature","properties":{"Type":"SUB","PlateA":"CO","PlateB":"PM"},"geometry":{"type":"LineString","coordinates":[[-83.07,7.59],[-83.23,7.85]]}},{"type":"Feature","properties":{"Type":"SUB","PlateA":"CO","PlateB":"PM"},"geometry":{"type":"LineString","coordinates":[[-83.23,7.85],[-83.36,7.93]]}},{"type":"Feature","properties":{"Type":"SUB","PlateA":"CO","PlateB":"PM"},"geometry":{"type":"LineString","coordinates":[[-83.36,7.93],[-83.6,8.04]]}},{"type":"Feature","properties":{"Type":"SUB","PlateA":"CO","PlateB":"PM"},"geometry":{"type":"LineString","coordinates":[[-83.6,8.04],[-83.84,8.18]]}},{"type":"Feature","properties":{"Type":"SUB","PlateA":"CO","PlateB":"PM"},"geometry":{"type":"LineString","coordinates":[[-83.84,8.18],[-84.01,8.3]]}},{"type":"Feature","properties":{"Type":"SUB","PlateA":"CO","PlateB":"PM"},"geometry":{"type":"LineString","coordinates":[[-84.01,8.3],[-84.16,8.47]]}},{"type":"Feature","properties":{"Type":"SUB","PlateA":"CO","PlateB":"PM"},"geometry":{"type":"LineString","coordinates":[[-84.16,8.47],[-84.42,8.64]]}},{"type":"Feature","properties":{"Type":"SUB","PlateA":"CO","PlateB":"PM"},"geometry":{"type":"LineString","coordinates":[[-84.42,8.64],[-84.69,8.77]]}},{"type":"Feature","properties":{"Type":"SUB","PlateA":"CO","PlateB":"PM"},"geometry":{"type":"LineString","coordinates":[[-84.69,8.77],[-85.04,8.94]]}},{"type":"Feature","properties":{"Type":"SUB","PlateA":"CO","PlateB":"PM"},"geometry":{"type":"LineString","coordinates":[[-85.04,8.94],[-85.38,9.09]]}},{"type":"Feature","properties":{"Type":"SUB","PlateA":"CO","PlateB":"PM"},"geometry":{"type":"LineString","coordinates":[[-85.38,9.09],[-85.61,9.2]]}},{"type":"Feature","properties":{"Type":"SUB","PlateA":"CO","PlateB":"PM"},"geometry":{"type":"LineString","coordinates":[[-85.61,9.2],[-85.91,9.42]]}},{"type":"Feature","properties":{"Type":"SUB","PlateA":"CO","PlateB":"PM"},"geometry":{"type":"LineString","coordinates":[[-85.91,9.42],[-86.2,9.68]]}},{"type":"Feature","properties":{"Type":"SUB","PlateA":"CO","PlateB":"PM"},"geometry":{"type":"LineString","coordinates":[[-86.2,9.68],[-86.45,9.94]]}},{"type":"Feature","properties":{"Type":"SUB","PlateA":"CO","PlateB":"PM"},"geometry":{"type":"LineString","coordinates":[[-86.45,9.94],[-86.65,10.24]]}},{"type":"Feature","properties":{"Type":"SUB","PlateA":"ND","PlateB":"NZ"},"geometry":{"type":"LineString","coordinates":[[-78.65,7.34],[-78.71,7.23]]}},{"type":"Feature","properties":{"Type":"SUB","PlateA":"ND","PlateB":"NZ"},"geometry":{"type":"LineString","coordinates":[[-78.71,7.23],[-78.76,7.1]]}},{"type":"Feature","properties":{"Type":"SUB","PlateA":"ND","PlateB":"NZ"},"geometry":{"type":"LineString","coordinates":[[-78.76,7.1],[-78.75,7.03]]}},{"type":"Feature","properties":{"Type":"SUB","PlateA":"ND","PlateB":"NZ"},"geometry":{"type":"LineString","coordinates":[[-78.75,7.03],[-78.7,7]]}},{"type":"Feature","properties":{"Type":"SUB","PlateA":"ND","PlateB":"NZ"},"geometry":{"type":"LineString","coordinates":[[-78.7,7],[-78.6,6.94]]}},{"type":"Feature","properties":{"Type":"SUB","PlateA":"ND","PlateB":"NZ"},"geometry":{"type":"LineString","coordinates":[[-78.6,6.94],[-78.54,6.85]]}},{"type":"Feature","properties":{"Type":"SUB","PlateA":"ND","PlateB":"NZ"},"geometry":{"type":"LineString","coordinates":[[-78.54,6.85],[-78.44,6.76]]}},{"type":"Feature","properties":{"Type":"SUB","PlateA":"ND","PlateB":"NZ"},"geometry":{"type":"LineString","coordinates":[[-78.44,6.76],[-78.4,6.66]]}},{"type":"Feature","properties":{"Type":"SUB","PlateA":"ND","PlateB":"NZ"},"geometry":{"type":"LineString","coordinates":[[-78.4,6.66],[-78.34,6.56]]}},{"type":"Feature","properties":{"Type":"SUB","PlateA":"ND","PlateB":"NZ"},"geometry":{"type":"LineString","coordinates":[[-78.34,6.56],[-78.26,6.5]]}},{"type":"Feature","properties":{"Type":"SUB","PlateA":"ND","PlateB":"NZ"},"geometry":{"type":"LineString","coordinates":[[-78.26,6.5],[-78.19,6.46]]}},{"type":"Feature","properties":{"Type":"SUB","PlateA":"ND","PlateB":"NZ"},"geometry":{"type":"LineString","coordinates":[[-78.19,6.46],[-78.15,6.34]]}},{"type":"Feature","properties":{"Type":"SUB","PlateA":"ND","PlateB":"NZ"},"geometry":{"type":"LineString","coordinates":[[-78.15,6.34],[-78.13,6.24]]}},{"type":"Feature","properties":{"Type":"SUB","PlateA":"ND","PlateB":"NZ"},"geometry":{"type":"LineString","coordinates":[[-78.13,6.24],[-78.09,6.12]]}},{"type":"Feature","properties":{"Type":"SUB","PlateA":"ND","PlateB":"NZ"},"geometry":{"type":"LineString","coordinates":[[-78.09,6.12],[-78.05,6.05]]}},{"type":"Feature","properties":{"Type":"SUB","PlateA":"ND","PlateB":"NZ"},"geometry":{"type":"LineString","coordinates":[[-78.05,6.05],[-78.01,6.01]]}},{"type":"Feature","properties":{"Type":"CTF","PlateA":"PM","PlateB":"ND"},"geometry":{"type":"LineString","coordinates":[[-78.65,7.34],[-78.23,7.51]]}},{"type":"Feature","properties":{"Type":"CTF","PlateA":"PM","PlateB":"ND"},"geometry":{"type":"LineString","coordinates":[[-78.23,7.51],[-78.01,7.64]]}},{"type":"Feature","properties":{"Type":"CTF","PlateA":"PM","PlateB":"ND"},"geometry":{"type":"LineString","coordinates":[[-78.01,7.64],[-77.71,7.83]]}},{"type":"Feature","properties":{"Type":"CCB","PlateA":"PM","PlateB":"ND"},"geometry":{"type":"LineString","coordinates":[[-77.71,7.83],[-77.53,8.01]]}},{"type":"Feature","properties":{"Type":"CTF","PlateA":"PM","PlateB":"ND"},"geometry":{"type":"LineString","coordinates":[[-77.53,8.01],[-77.33,8.11]]}},{"type":"Feature","properties":{"Type":"CTF","PlateA":"PM","PlateB":"ND"},"geometry":{"type":"LineString","coordinates":[[-77.33,8.11],[-77.15,8.19]]}},{"type":"Feature","properties":{"Type":"CCB","PlateA":"PM","PlateB":"ND"},"geometry":{"type":"LineString","coordinates":[[-77.15,8.19],[-76.91,8.44]]}},{"type":"Feature","properties":{"Type":"CCB","PlateA":"PM","PlateB":"ND"},"geometry":{"type":"LineString","coordinates":[[-76.91,8.44],[-76.68,8.73]]}},{"type":"Feature","properties":{"Type":"SUB","PlateA":"CA","PlateB":"ND"},"geometry":{"type":"LineString","coordinates":[[-76.68,8.73],[-76.7,9.02]]}},{"type":"Feature","properties":{"Type":"SUB","PlateA":"CA","PlateB":"ND"},"geometry":{"type":"LineString","coordinates":[[-76.7,9.02],[-76.71,9.38]]}},{"type":"Feature","properties":{"Type":"SUB","PlateA":"CA","PlateB":"ND"},"geometry":{"type":"LineString","coordinates":[[-76.71,9.38],[-76.7,9.76]]}},{"type":"Feature","properties":{"Type":"SUB","PlateA":"CA","PlateB":"ND"},"geometry":{"type":"LineString","coordinates":[[-76.7,9.76],[-76.59,10.09]]}},{"type":"Feature","properties":{"Type":"SUB","PlateA":"CA","PlateB":"ND"},"geometry":{"type":"LineString","coordinates":[[-76.59,10.09],[-76.46,10.33]]}},{"type":"Feature","properties":{"Type":"SUB","PlateA":"CA","PlateB":"ND"},"geometry":{"type":"LineString","coordinates":[[-76.46,10.33],[-76.28,10.57]]}},{"type":"Feature","properties":{"Type":"SUB","PlateA":"CA","PlateB":"ND"},"geometry":{"type":"LineString","coordinates":[[-76.28,10.57],[-76.06,10.77]]}},{"type":"Feature","properties":{"Type":"SUB","PlateA":"CA","PlateB":"ND"},"geometry":{"type":"LineString","coordinates":[[-76.06,10.77],[-75.9,11.09]]}},{"type":"Feature","properties":{"Type":"SUB","PlateA":"CA","PlateB":"ND"},"geometry":{"type":"LineString","coordinates":[[-75.9,11.09],[-75.63,11.39]]}},{"type":"Feature","properties":{"Type":"SUB","PlateA":"CA","PlateB":"ND"},"geometry":{"type":"LineString","coordinates":[[-75.63,11.39],[-75.37,11.6]]}},{"type":"Feature","properties":{"Type":"SUB","PlateA":"CA","PlateB":"ND"},"geometry":{"type":"LineString","coordinates":[[-75.37,11.6],[-75.12,11.76]]}},{"type":"Feature","properties":{"Type":"SUB","PlateA":"CA","PlateB":"ND"},"geometry":{"type":"LineString","coordinates":[[-75.12,11.76],[-74.8,11.91]]}},{"type":"Feature","properties":{"Type":"SUB","PlateA":"CA","PlateB":"ND"},"geometry":{"type":"LineString","coordinates":[[-74.8,11.91],[-74.48,12.02]]}},{"type":"Feature","properties":{"Type":"SUB","PlateA":"CA","PlateB":"ND"},"geometry":{"type":"LineString","coordinates":[[-74.48,12.02],[-74.31,12.22]]}},{"type":"Feature","properties":{"Type":"SUB","PlateA":"CA","PlateB":"ND"},"geometry":{"type":"LineString","coordinates":[[-74.31,12.22],[-74.06,12.39]]}},{"type":"Feature","properties":{"Type":"SUB","PlateA":"CA","PlateB":"ND"},"geometry":{"type":"LineString","coordinates":[[-74.06,12.39],[-73.87,12.74]]}},{"type":"Feature","properties":{"Type":"SUB","PlateA":"CA","PlateB":"ND"},"geometry":{"type":"LineString","coordinates":[[-73.87,12.74],[-73.63,13.06]]}},{"type":"Feature","properties":{"Type":"SUB","PlateA":"CA","PlateB":"ND"},"geometry":{"type":"LineString","coordinates":[[-73.63,13.06],[-73.3,13.29]]}},{"type":"Feature","properties":{"Type":"SUB","PlateA":"CA","PlateB":"ND"},"geometry":{"type":"LineString","coordinates":[[-73.3,13.29],[-72.92,13.37]]}},{"type":"Feature","properties":{"Type":"SUB","PlateA":"CA","PlateB":"ND"},"geometry":{"type":"LineString","coordinates":[[-72.92,13.37],[-72.43,13.41]]}},{"type":"Feature","properties":{"Type":"SUB","PlateA":"CA","PlateB":"ND"},"geometry":{"type":"LineString","coordinates":[[-72.43,13.41],[-71.84,13.47]]}},{"type":"Feature","properties":{"Type":"SUB","PlateA":"CA","PlateB":"ND"},"geometry":{"type":"LineString","coordinates":[[-71.84,13.47],[-71.19,13.5]]}},{"type":"Feature","properties":{"Type":"SUB","PlateA":"CA","PlateB":"ND"},"geometry":{"type":"LineString","coordinates":[[-71.19,13.5],[-70.95,13.44]]}},{"type":"Feature","properties":{"Type":"OTF","PlateA":"CA","PlateB":"ND"},"geometry":{"type":"LineString","coordinates":[[-70.95,13.44],[-70.66,13.31]]}},{"type":"Feature","properties":{"Type":"CRB","PlateA":"CA","PlateB":"ND"},"geometry":{"type":"LineString","coordinates":[[-70.66,13.31],[-70.5,13.16]]}},{"type":"Feature","properties":{"Type":"CTF","PlateA":"CA","PlateB":"ND"},"geometry":{"type":"LineString","coordinates":[[-70.5,13.16],[-70.18,12.93]]}},{"type":"Feature","properties":{"Type":"CRB","PlateA":"CA","PlateB":"ND"},"geometry":{"type":"LineString","coordinates":[[-70.18,12.93],[-69.86,12.67]]}},{"type":"Feature","properties":{"Type":"CRB","PlateA":"CA","PlateB":"ND"},"geometry":{"type":"LineString","coordinates":[[-69.86,12.67],[-69.59,12.45]]}},{"type":"Feature","properties":{"Type":"CRB","PlateA":"CA","PlateB":"ND"},"geometry":{"type":"LineString","coordinates":[[-69.59,12.45],[-69.35,12.18]]}},{"type":"Feature","properties":{"Type":"CRB","PlateA":"CA","PlateB":"ND"},"geometry":{"type":"LineString","coordinates":[[-69.35,12.18],[-69.02,11.84]]}},{"type":"Feature","properties":{"Type":"CRB","PlateA":"CA","PlateB":"ND"},"geometry":{"type":"LineString","coordinates":[[-69.02,11.84],[-68.73,11.51]]}},{"type":"Feature","properties":{"Type":"CRB","PlateA":"CA","PlateB":"ND"},"geometry":{"type":"LineString","coordinates":[[-68.73,11.51],[-68.38,11.17]]}},{"type":"Feature","properties":{"Type":"CRB","PlateA":"CA","PlateB":"ND"},"geometry":{"type":"LineString","coordinates":[[-68.38,11.17],[-68.09,10.81]]}},{"type":"Feature","properties":{"Type":"CRB","PlateA":"CA","PlateB":"ND"},"geometry":{"type":"LineString","coordinates":[[-68.09,10.81],[-67.96,10.5]]}},{"type":"Feature","properties":{"Type":"CTF","PlateA":"ND","PlateB":"SA"},"geometry":{"type":"LineString","coordinates":[[-81.6,-3.24],[-81.3,-3.27]]}},{"type":"Feature","properties":{"Type":"CTF","PlateA":"ND","PlateB":"SA"},"geometry":{"type":"LineString","coordinates":[[-81.3,-3.27],[-80.98,-3.26]]}},{"type":"Feature","properties":{"Type":"CTF","PlateA":"ND","PlateB":"SA"},"geometry":{"type":"LineString","coordinates":[[-80.98,-3.26],[-80.57,-3.07]]}},{"type":"Feature","properties":{"Type":"CTF","PlateA":"ND","PlateB":"SA"},"geometry":{"type":"LineString","coordinates":[[-80.57,-3.07],[-80.21,-2.88]]}},{"type":"Feature","properties":{"Type":"CTF","PlateA":"ND","PlateB":"SA"},"geometry":{"type":"LineString","coordinates":[[-80.21,-2.88],[-79.8,-2.64]]}},{"type":"Feature","properties":{"Type":"CTF","PlateA":"ND","PlateB":"SA"},"geometry":{"type":"LineString","coordinates":[[-79.8,-2.64],[-79.5,-2.47]]}},{"type":"Feature","properties":{"Type":"CCB","PlateA":"ND","PlateB":"SA"},"geometry":{"type":"LineString","coordinates":[[-79.5,-2.47],[-79.22,-2.28]]}},{"type":"Feature","properties":{"Type":"CCB","PlateA":"ND","PlateB":"SA"},"geometry":{"type":"LineString","coordinates":[[-79.22,-2.28],[-78.93,-1.99]]}},{"type":"Feature","properties":{"Type":"CCB","PlateA":"ND","PlateB":"SA"},"geometry":{"type":"LineString","coordinates":[[-78.93,-1.99],[-78.67,-1.42]]}},{"type":"Feature","properties":{"Type":"CCB","PlateA":"ND","PlateB":"SA"},"geometry":{"type":"LineString","coordinates":[[-78.67,-1.42],[-78.44,-0.75]]}},{"type":"Feature","properties":{"Type":"CCB","PlateA":"ND","PlateB":"SA"},"geometry":{"type":"LineString","coordinates":[[-78.44,-0.75],[-78.19,-0.23]]}},{"type":"Feature","properties":{"Type":"CCB","PlateA":"ND","PlateB":"SA"},"geometry":{"type":"LineString","coordinates":[[-78.19,-0.23],[-78.01,0.15]]}},{"type":"Feature","properties":{"Type":"CCB","PlateA":"ND","PlateB":"SA"},"geometry":{"type":"LineString","coordinates":[[-78.01,0.15],[-77.71,0.59]]}},{"type":"Feature","properties":{"Type":"CCB","PlateA":"ND","PlateB":"SA"},"geometry":{"type":"LineString","coordinates":[[-77.71,0.59],[-77.33,0.9]]}},{"type":"Feature","properties":{"Type":"CTF","PlateA":"ND","PlateB":"SA"},"geometry":{"type":"LineString","coordinates":[[-77.33,0.9],[-76.92,1.1]]}},{"type":"Feature","properties":{"Type":"CTF","PlateA":"ND","PlateB":"SA"},"geometry":{"type":"LineString","coordinates":[[-76.92,1.1],[-76.57,1.28]]}},{"type":"Feature","properties":{"Type":"CCB","PlateA":"ND","PlateB":"SA"},"geometry":{"type":"LineString","coordinates":[[-76.57,1.28],[-76.25,1.51]]}},{"type":"Feature","properties":{"Type":"CTF","PlateA":"ND","PlateB":"SA"},"geometry":{"type":"LineString","coordinates":[[-76.25,1.51],[-75.99,1.62]]}},{"type":"Feature","properties":{"Type":"CCB","PlateA":"ND","PlateB":"SA"},"geometry":{"type":"LineString","coordinates":[[-75.99,1.62],[-75.77,1.93]]}},{"type":"Feature","properties":{"Type":"CCB","PlateA":"ND","PlateB":"SA"},"geometry":{"type":"LineString","coordinates":[[-75.77,1.93],[-75.43,2.28]]}},{"type":"Feature","properties":{"Type":"CCB","PlateA":"ND","PlateB":"SA"},"geometry":{"type":"LineString","coordinates":[[-75.43,2.28],[-75.21,2.5]]}},{"type":"Feature","properties":{"Type":"CCB","PlateA":"ND","PlateB":"SA"},"geometry":{"type":"LineString","coordinates":[[-75.21,2.5],[-74.87,2.79]]}},{"type":"Feature","properties":{"Type":"CCB","PlateA":"ND","PlateB":"SA"},"geometry":{"type":"LineString","coordinates":[[-74.87,2.79],[-74.59,3.02]]}},{"type":"Feature","properties":{"Type":"CCB","PlateA":"ND","PlateB":"SA"},"geometry":{"type":"LineString","coordinates":[[-74.59,3.02],[-74.34,3.29]]}},{"type":"Feature","properties":{"Type":"CTF","PlateA":"ND","PlateB":"SA"},"geometry":{"type":"LineString","coordinates":[[-74.34,3.29],[-74.1,3.42]]}},{"type":"Feature","properties":{"Type":"CCB","PlateA":"ND","PlateB":"SA"},"geometry":{"type":"LineString","coordinates":[[-74.1,3.42],[-73.93,3.56]]}},{"type":"Feature","properties":{"Type":"CCB","PlateA":"ND","PlateB":"SA"},"geometry":{"type":"LineString","coordinates":[[-73.93,3.56],[-73.81,3.82]]}},{"type":"Feature","properties":{"Type":"CCB","PlateA":"ND","PlateB":"SA"},"geometry":{"type":"LineString","coordinates":[[-73.81,3.82],[-73.78,3.98]]}},{"type":"Feature","properties":{"Type":"CCB","PlateA":"ND","PlateB":"SA"},"geometry":{"type":"LineString","coordinates":[[-73.78,3.98],[-73.59,4.17]]}},{"type":"Feature","properties":{"Type":"CTF","PlateA":"ND","PlateB":"SA"},"geometry":{"type":"LineString","coordinates":[[-73.59,4.17],[-73.33,4.31]]}},{"type":"Feature","properties":{"Type":"CTF","PlateA":"ND","PlateB":"SA"},"geometry":{"type":"LineString","coordinates":[[-73.33,4.31],[-73.13,4.41]]}},{"type":"Feature","properties":{"Type":"CCB","PlateA":"ND","PlateB":"SA"},"geometry":{"type":"LineString","coordinates":[[-73.13,4.41],[-72.92,4.74]]}},{"type":"Feature","properties":{"Type":"CCB","PlateA":"ND","PlateB":"SA"},"geometry":{"type":"LineString","coordinates":[[-72.92,4.74],[-72.77,4.94]]}},{"type":"Feature","properties":{"Type":"CCB","PlateA":"ND","PlateB":"SA"},"geometry":{"type":"LineString","coordinates":[[-72.77,4.94],[-72.63,5.12]]}},{"type":"Feature","properties":{"Type":"CTF","PlateA":"ND","PlateB":"SA"},"geometry":{"type":"LineString","coordinates":[[-72.63,5.12],[-72.35,5.26]]}},{"type":"Feature","properties":{"Type":"CCB","PlateA":"ND","PlateB":"SA"},"geometry":{"type":"LineString","coordinates":[[-72.35,5.26],[-72.2,5.54]]}},{"type":"Feature","properties":{"Type":"CCB","PlateA":"ND","PlateB":"SA"},"geometry":{"type":"LineString","coordinates":[[-72.2,5.54],[-72.15,5.79]]}},{"type":"Feature","properties":{"Type":"CCB","PlateA":"ND","PlateB":"SA"},"geometry":{"type":"LineString","coordinates":[[-72.15,5.79],[-72.08,6.05]]}},{"type":"Feature","properties":{"Type":"CCB","PlateA":"ND","PlateB":"SA"},"geometry":{"type":"LineString","coordinates":[[-72.08,6.05],[-71.92,6.26]]}},{"type":"Feature","properties":{"Type":"CCB","PlateA":"ND","PlateB":"SA"},"geometry":{"type":"LineString","coordinates":[[-71.92,6.26],[-71.9,6.47]]}},{"type":"Feature","properties":{"Type":"CCB","PlateA":"ND","PlateB":"SA"},"geometry":{"type":"LineString","coordinates":[[-71.9,6.47],[-71.89,6.68]]}},{"type":"Feature","properties":{"Type":"CCB","PlateA":"ND","PlateB":"SA"},"geometry":{"type":"LineString","coordinates":[[-71.89,6.68],[-72.05,7.03]]}},{"type":"Feature","properties":{"Type":"CCB","PlateA":"ND","PlateB":"SA"},"geometry":{"type":"LineString","coordinates":[[-72.05,7.03],[-72.07,7.2]]}},{"type":"Feature","properties":{"Type":"CCB","PlateA":"ND","PlateB":"SA"},"geometry":{"type":"LineString","coordinates":[[-72.07,7.2],[-72.06,7.32]]}},{"type":"Feature","properties":{"Type":"CCB","PlateA":"ND","PlateB":"SA"},"geometry":{"type":"LineString","coordinates":[[-72.06,7.32],[-72.36,7.57]]}},{"type":"Feature","properties":{"Type":"CCB","PlateA":"ND","PlateB":"SA"},"geometry":{"type":"LineString","coordinates":[[-72.36,7.57],[-72.44,7.7]]}},{"type":"Feature","properties":{"Type":"CTF","PlateA":"ND","PlateB":"SA"},"geometry":{"type":"LineString","coordinates":[[-72.44,7.7],[-72.25,7.82]]}},{"type":"Feature","properties":{"Type":"CTF","PlateA":"ND","PlateB":"SA"},"geometry":{"type":"LineString","coordinates":[[-72.25,7.82],[-72.09,7.9]]}},{"type":"Feature","properties":{"Type":"CCB","PlateA":"ND","PlateB":"SA"},"geometry":{"type":"LineString","coordinates":[[-72.09,7.9],[-71.92,8.11]]}},{"type":"Feature","properties":{"Type":"CCB","PlateA":"ND","PlateB":"SA"},"geometry":{"type":"LineString","coordinates":[[-71.92,8.11],[-71.79,8.2]]}},{"type":"Feature","properties":{"Type":"CCB","PlateA":"ND","PlateB":"SA"},"geometry":{"type":"LineString","coordinates":[[-71.79,8.2],[-71.7,8.34]]}},{"type":"Feature","properties":{"Type":"CTF","PlateA":"ND","PlateB":"SA"},"geometry":{"type":"LineString","coordinates":[[-71.7,8.34],[-71.46,8.45]]}},{"type":"Feature","properties":{"Type":"CTF","PlateA":"ND","PlateB":"SA"},"geometry":{"type":"LineString","coordinates":[[-71.46,8.45],[-71.21,8.57]]}},{"type":"Feature","properties":{"Type":"CCB","PlateA":"ND","PlateB":"SA"},"geometry":{"type":"LineString","coordinates":[[-71.21,8.57],[-71.08,8.66]]}},{"type":"Feature","properties":{"Type":"CCB","PlateA":"ND","PlateB":"SA"},"geometry":{"type":"LineString","coordinates":[[-71.08,8.66],[-70.92,8.81]]}},{"type":"Feature","properties":{"Type":"CTF","PlateA":"ND","PlateB":"SA"},"geometry":{"type":"LineString","coordinates":[[-70.92,8.81],[-70.73,8.88]]}},{"type":"Feature","properties":{"Type":"CTF","PlateA":"ND","PlateB":"SA"},"geometry":{"type":"LineString","coordinates":[[-70.73,8.88],[-70.51,9.01]]}},{"type":"Feature","properties":{"Type":"CCB","PlateA":"ND","PlateB":"SA"},"geometry":{"type":"LineString","coordinates":[[-70.51,9.01],[-70.36,9.14]]}},{"type":"Feature","properties":{"Type":"CCB","PlateA":"ND","PlateB":"SA"},"geometry":{"type":"LineString","coordinates":[[-70.36,9.14],[-70.08,9.39]]}},{"type":"Feature","properties":{"Type":"CCB","PlateA":"ND","PlateB":"SA"},"geometry":{"type":"LineString","coordinates":[[-70.08,9.39],[-69.87,9.58]]}},{"type":"Feature","properties":{"Type":"CCB","PlateA":"ND","PlateB":"SA"},"geometry":{"type":"LineString","coordinates":[[-69.87,9.58],[-69.7,9.8]]}},{"type":"Feature","properties":{"Type":"CCB","PlateA":"ND","PlateB":"SA"},"geometry":{"type":"LineString","coordinates":[[-69.7,9.8],[-69.51,9.98]]}},{"type":"Feature","properties":{"Type":"CCB","PlateA":"ND","PlateB":"SA"},"geometry":{"type":"LineString","coordinates":[[-69.51,9.98],[-69.3,10.12]]}},{"type":"Feature","properties":{"Type":"CTF","PlateA":"ND","PlateB":"SA"},"geometry":{"type":"LineString","coordinates":[[-69.3,10.12],[-69.14,10.2]]}},{"type":"Feature","properties":{"Type":"CTF","PlateA":"ND","PlateB":"SA"},"geometry":{"type":"LineString","coordinates":[[-69.14,10.2],[-68.98,10.3]]}},{"type":"Feature","properties":{"Type":"CTF","PlateA":"ND","PlateB":"SA"},"geometry":{"type":"LineString","coordinates":[[-68.98,10.3],[-68.67,10.46]]}},{"type":"Feature","properties":{"Type":"CTF","PlateA":"ND","PlateB":"SA"},"geometry":{"type":"LineString","coordinates":[[-68.67,10.46],[-68.51,10.5]]}},{"type":"Feature","properties":{"Type":"CTF","PlateA":"ND","PlateB":"SA"},"geometry":{"type":"LineString","coordinates":[[-68.51,10.5],[-68.35,10.54]]}},{"type":"Feature","properties":{"Type":"CRB","PlateA":"ND","PlateB":"SA"},"geometry":{"type":"LineString","coordinates":[[-68.35,10.54],[-68.13,10.51]]}},{"type":"Feature","properties":{"Type":"CTF","PlateA":"ND","PlateB":"SA"},"geometry":{"type":"LineString","coordinates":[[-68.13,10.51],[-67.96,10.5]]}},{"type":"Feature","properties":{"Type":"CTF","PlateA":"CA","PlateB":"SA"},"geometry":{"type":"LineString","coordinates":[[-67.96,10.5],[-67.5,10.59]]}},{"type":"Feature","properties":{"Type":"CTF","PlateA":"CA","PlateB":"SA"},"geometry":{"type":"LineString","coordinates":[[-67.5,10.59],[-66.87,10.67]]}},{"type":"Feature","properties":{"Type":"CTF","PlateA":"CA","PlateB":"SA"},"geometry":{"type":"LineString","coordinates":[[-66.87,10.67],[-66.44,10.66]]}},{"type":"Feature","properties":{"Type":"CTF","PlateA":"CA","PlateB":"SA"},"geometry":{"type":"LineString","coordinates":[[-66.44,10.66],[-65.96,10.65]]}},{"type":"Feature","properties":{"Type":"CTF","PlateA":"CA","PlateB":"SA"},"geometry":{"type":"LineString","coordinates":[[-65.96,10.65],[-65.53,10.62]]}},{"type":"Feature","properties":{"Type":"CTF","PlateA":"CA","PlateB":"SA"},"geometry":{"type":"LineString","coordinates":[[-65.53,10.62],[-65.12,10.6]]}},{"type":"Feature","properties":{"Type":"CRB","PlateA":"CA","PlateB":"SA"},"geometry":{"type":"LineString","coordinates":[[-65.12,10.6],[-65,10.54]]}},{"type":"Feature","properties":{"Type":"CTF","PlateA":"CA","PlateB":"SA"},"geometry":{"type":"LineString","coordinates":[[-65,10.54],[-64.51,10.47]]}},{"type":"Feature","properties":{"Type":"CTF","PlateA":"CA","PlateB":"SA"},"geometry":{"type":"LineString","coordinates":[[-64.51,10.47],[-64.21,10.52]]}},{"type":"Feature","properties":{"Type":"CTF","PlateA":"CA","PlateB":"SA"},"geometry":{"type":"LineString","coordinates":[[-64.21,10.52],[-63.88,10.53]]}},{"type":"Feature","properties":{"Type":"SUB","PlateA":"MS","PlateB":"SU"},"geometry":{"type":"LineString","coordinates":[[126.43,1.71],[126.14,1]]}},{"type":"Feature","properties":{"Type":"SUB","PlateA":"MS","PlateB":"BH"},"geometry":{"type":"LineString","coordinates":[[126.43,1.71],[126.14,1]]}},{"type":"Feature","properties":{"Type":"SUB","PlateA":"MS","PlateB":"SU"},"geometry":{"type":"LineString","coordinates":[[126.14,1],[125.97,0.19]]}},{"type":"Feature","properties":{"Type":"SUB","PlateA":"MS","PlateB":"BH"},"geometry":{"type":"LineString","coordinates":[[126.14,1],[125.97,0.19]]}},{"type":"Feature","properties":{"Type":"OTF","PlateA":"PA","PlateB":"AN"},"geometry":{"type":"LineString","coordinates":[[-180,-65.75],[-179.2,-65.99]]}},{"type":"Feature","properties":{"Type":"SUB","PlateA":"KE","PlateB":"PA"},"geometry":{"type":"LineString","coordinates":[[-180,-37.16],[-179.81,-36.79]]}},{"type":"Feature","properties":{"Type":"SUB","PlateA":"NA","PlateB":"PA"},"geometry":{"type":"LineString","coordinates":[[-180,50.5],[-179.2,50.5]]}},{"type":"Feature","properties":{"Type":"CTF","PlateA":"BR","PlateB":"AU"},"geometry":{"type":"LineString","coordinates":[[-180,-15.62],[-179.74,-15.54]]}},{"type":"Feature","properties":{"Type":"OTF","PlateA":"PA","PlateB":"BR"},"geometry":{"type":"LineString","coordinates":[[-180,-15.36],[-179.74,-15.54]]}}]}