{"type":"FeatureCollection","features":[{"type":"Feature","properties":{"zone":"cas","depth_km":400},"geometry":{"type":"LineString","coordinates":[[239.95,43.95],[239.95,43.96],[239.96,44],[239.98,44.05],[240,44.1],[240,44.1],[240.02,44.15],[240.03,44.2],[240.05,44.24],[240.05,44.25],[240.07,44.3],[240.09,44.35],[240.1,44.36],[240.12,44.4],[240.14,44.45],[240.15,44.47],[240.16,44.5],[240.19,44.55],[240.2,44.57],[240.21,44.6],[240.24,44.65],[240.25,44.67],[240.27,44.7],[240.3,44.75],[240.3,44.76],[240.33,44.8],[240.35,44.84],[240.36,44.85],[240.38,44.9],[240.4,44.93],[240.41,44.95],[240.44,45],[240.45,45.01],[240.47,45.05],[240.5,45.1],[240.5,45.1],[240.53,45.15],[240.55,45.2],[240.55,45.2],[240.58,45.25],[240.6,45.3],[240.6,45.3],[240.62,45.35],[240.65,45.4],[240.65,45.41],[240.67,45.45],[240.69,45.5],[240.7,45.51],[240.72,45.55],[240.74,45.6],[240.75,45.62],[240.77,45.65],[240.79,45.7],[240.8,45.71],[240.82,45.75],[240.85,45.8],[240.85,45.8]]}},{"type":"Feature","properties":{"zone":"cas","depth_km":400},"geometry":{"type":"LineString","coordinates":[[239.74,42.5],[239.75,42.45],[239.75,42.44]]}},{"type":"Feature","properties":{"zone":"cas","depth_km":400},"geometry":{"type":"LineString","coordinates":[[240.18,41.4],[240.2,41.37],[240.21,41.35],[240.24,41.3],[240.25,41.28],[240.27,41.25],[240.29,41.2],[240.3,41.18],[240.32,41.15],[240.34,41.1],[240.35,41.08],[240.37,41.05],[240.39,41],[240.4,40.97],[240.41,40.95],[240.43,40.9],[240.45,40.85],[240.45,40.84],[240.47,40.8],[240.48,40.75],[240.5,40.7],[240.5,40.7],[240.52,40.65],[240.53,40.6],[240.55,40.55],[240.55,40.54],[240.56,40.5],[240.58,40.45],[240.59,40.4],[240.6,40.36],[240.6,40.35],[240.62,40.3],[240.63,40.25],[240.64,40.2],[240.65,40.15],[240.65,40.14],[240.66,40.1],[240.66,40.05],[240.67,40],[240.67,39.95],[240.68,39.9],[240.68,39.85],[240.67,39.8],[240.67,39.75],[240.66,39.7],[240.65,39.65],[240.65,39.65],[240.64,39.6],[240.62,39.55],[240.6,39.5],[240.6,39.49],[240.59,39.45],[240.56,39.4],[240.55,39.37],[240.54,39.35],[240.52,39.3],[240.5,39.27],[240.49,39.25],[240.46,39.2],[240.45,39.18],[240.44,39.15],[240.41,39.1],[240.4,39.09],[240.38,39.05],[240.35,39],[240.35,39],[240.32,38.95],[240.3,38.91],[240.3,38.9],[240.27,38.85],[240.25,38.82],[240.24,38.8],[240.21,38.75],[240.2,38.73],[240.19,38.7],[240.16,38.65],[240.15,38.63],[240.14,38.6]]}},{"type":"Feature","properties":{"zone":"cas","depth_km":300},"geometry":{"type":"LineString","coordinates":[[240.05,49.6],[240.05,49.6],[240.09,49.55],[240.1,49.53],[240.12,49.5],[240.15,49.46],[240.15,49.45],[240.18,49.4],[240.2,49.36],[240.21,49.35],[240.23,49.3],[240.25,49.25],[240.25,49.25],[240.27,49.2],[240.29,49.15],[240.3,49.11],[240.3,49.1],[240.32,49.05],[240.34,49],[240.35,48.97],[240.36,48.95],[240.38,48.9],[240.39,48.85],[240.4,48.84],[240.42,48.8],[240.44,48.75],[240.45,48.72],[240.46,48.7],[240.49,48.65],[240.5,48.63],[240.52,48.6],[240.55,48.55],[240.55,48.54],[240.58,48.5],[240.6,48.47],[240.61,48.45],[240.65,48.4],[240.65,48.4],[240.69,48.35],[240.7,48.34],[240.73,48.3],[240.75,48.28],[240.78,48.25],[240.8,48.22],[240.82,48.2],[240.85,48.16],[240.86,48.15],[240.9,48.11],[240.9,48.1],[240.94,48.05],[240.95,48.04],[240.98,48]]}},{"type":"Feature","properties":{"zone":"cas","depth_km":300},"geometry":{"type":"LineString","coordinates":[[239.6,38.8],[239.6,38.81],[239.62,38.85],[239.65,38.9],[239.65,38.9],[239.68,38.95],[239.7,38.99],[239.7,39],[239.73,39.05],[239.75,39.1],[239.75,39.11],[239.77,39.15],[239.78,39.2],[239.8,39.25],[239.8,39.27],[239.81,39.3],[239.81,39.35],[239.82,39.4],[239.83,39.45],[239.83,39.5],[239.83,39.55],[239.83,39.6],[239.83,39.65],[239.83,39.7],[239.82,39.75],[239.82,39.8],[239.82,39.85],[239.81,39.9],[239.81,39.95],[239.81,40],[239.8,40.05],[239.8,40.07],[239.8,40.1],[239.79,40.15],[239.79,40.2],[239.78,40.25],[239.77,40.3],[239.76,40.35],[239.76,40.4],[239.75,40.42],[239.74,40.45],[239.73,40.5],[239.72,40.55],[239.71,40.6],[239.7,40.63],[239.7,40.65],[239.68,40.7],[239.67,40.75],[239.65,40.8],[239.65,40.82],[239.64,40.85],[239.63,40.9],[239.62,40.95],[239.6,41],[239.6,41.01],[239.59,41.05],[239.58,41.1],[239.57,41.15],[239.56,41.2],[239.55,41.25],[239.55,41.25],[239.54,41.3],[239.53,41.35],[239.52,41.4],[239.51,41.45],[239.5,41.5],[239.5,41.51],[239.49,41.55],[239.48,41.6],[239.47,41.65],[239.46,41.7],[239.45,41.75],[239.45,41.75],[239.44,41.8],[239.43,41.85],[239.42,41.9],[239.41,41.95],[239.4,41.97],[239.39,42],[239.38,42.05],[239.37,42.1],[239.36,42.15],[239.35,42.2],[239.35,42.2],[239.34,42.25],[239.33,42.3],[239.32,42.35],[239.31,42.4],[239.31,42.45],[239.3,42.49],[239.3,42.5],[239.29,42.55],[239.29,42.6],[239.28,42.65],[239.28,42.7],[239.28,42.75],[239.27,42.8],[239.27,42.85],[239.27,42.9],[239.27,42.95],[239.27,43],[239.27,43.05],[239.27,43.1],[239.28,43.15],[239.28,43.2],[239.28,43.25],[239.29,43.3],[239.29,43.35],[239.3,43.4],[239.3,43.44],[239.3,43.45],[239.31,43.5],[239.31,43.55],[239.32,43.6],[239.32,43.65],[239.33,43.7],[239.33,43.75],[239.33,43.8],[239.33,43.85],[239.34,43.9],[239.34,43.95],[239.34,44],[239.34,44.05],[239.33,44.1],[239.33,44.15],[239.33,44.2],[239.33,44.25],[239.33,44.3],[239.34,44.35],[239.34,44.4],[239.34,44.45],[239.35,44.49],[239.35,44.5],[239.36,44.55],[239.37,44.6],[239.39,44.65],[239.4,44.7],[239.4,44.7],[239.42,44.75],[239.44,44.8],[239.45,44.83],[239.46,44.85],[239.48,44.9],[239.5,44.94],[239.5,44.95],[239.53,45],[239.55,45.05],[239.55,45.05],[239.57,45.1],[239.6,45.15],[239.6,45.16],[239.62,45.2],[239.64,45.25],[239.65,45.27],[239.67,45.3],[239.69,45.35],[239.7,45.39],[239.71,45.4],[239.73,45.45],[239.74,45.5],[239.75,45.52],[239.76,45.55],[239.78,45.6],[239.79,45.65],[239.8,45.67],[239.81,45.7],[239.82,45.75],[239.84,45.8],[239.85,45.84],[239.85,45.85],[239.87,45.9],[239.88,45.95],[239.9,46],[239.9,46.01],[239.91,46.05],[239.93,46.1],[239.95,46.15],[239.95,46.15],[239.97,46.2],[239.99,46.25],[240,46.28],[240.01,46.3],[240.03,46.35],[240.05,46.39],[240.06,46.4],[240.08,46.45],[240.1,46.49],[240.11,46.5],[240.14,46.55],[240.15,46.58],[240.16,46.6],[240.19,46.65],[240.2,46.66],[240.23,46.7],[240.25,46.74],[240.26,46.75],[240.29,46.8],[240.3,46.81],[240.33,46.85],[240.35,46.87],[240.37,46.9],[240.4,46.93],[240.41,46.95],[240.45,46.99],[240.46,47],[240.5,47.04],[240.51,47.05],[240.55,47.09],[240.57,47.1],[240.6,47.13],[240.63,47.15],[240.65,47.17],[240.7,47.2],[240.7,47.2],[240.75,47.23],[240.77,47.25],[240.8,47.27],[240.85,47.3],[240.85,47.3],[240.9,47.34],[240.92,47.35],[240.95,47.38],[240.97,47.4],[241,47.43],[241.01,47.45]]}},{"type":"Feature","properties":{"zone":"cas","depth_km":200},"geometry":{"type":"LineString","coordinates":[[238.7,49.95],[238.75,49.9],[238.75,49.9],[238.8,49.85],[238.8,49.85],[238.85,49.8],[238.85,49.8],[238.9,49.75],[238.9,49.75],[238.94,49.7],[238.95,49.69],[238.98,49.65],[239,49.62],[239.02,49.6],[239.05,49.55],[239.05,49.55],[239.09,49.5],[239.1,49.48],[239.12,49.45],[239.15,49.4],[239.15,49.4],[239.18,49.35],[239.2,49.31],[239.21,49.3],[239.23,49.25],[239.25,49.22],[239.26,49.2],[239.29,49.15],[239.3,49.13],[239.31,49.1],[239.34,49.05],[239.35,49.03],[239.37,49],[239.39,48.95],[239.4,48.94],[239.42,48.9],[239.45,48.85],[239.45,48.85],[239.48,48.8],[239.5,48.76],[239.5,48.75],[239.53,48.7],[239.55,48.66],[239.56,48.65],[239.58,48.6],[239.6,48.56],[239.61,48.55],[239.63,48.5],[239.65,48.45],[239.65,48.45],[239.67,48.4],[239.69,48.35],[239.7,48.3],[239.7,48.3],[239.71,48.25],[239.72,48.2],[239.73,48.15],[239.74,48.1],[239.74,48.05],[239.74,48],[239.74,47.95],[239.74,47.9],[239.73,47.85],[239.72,47.8],[239.72,47.75],[239.71,47.7],[239.7,47.67],[239.7,47.65],[239.68,47.6],[239.67,47.55],[239.66,47.5],[239.65,47.48],[239.64,47.45],[239.63,47.4],[239.61,47.35],[239.6,47.33],[239.59,47.3],[239.57,47.25],[239.55,47.2],[239.55,47.19],[239.53,47.15],[239.51,47.1],[239.5,47.07],[239.49,47.05],[239.47,47],[239.45,46.95],[239.45,46.95],[239.43,46.9],[239.41,46.85],[239.4,46.83],[239.39,46.8],[239.37,46.75],[239.35,46.71],[239.35,46.7],[239.33,46.65],[239.31,46.6],[239.3,46.57],[239.29,46.55],[239.27,46.5],[239.26,46.45],[239.25,46.42],[239.24,46.4],[239.23,46.35],[239.22,46.3],[239.2,46.25],[239.2,46.23],[239.19,46.2],[239.18,46.15],[239.17,46.1],[239.17,46.05],[239.16,46],[239.15,45.95],[239.15,45.94],[239.14,45.9],[239.14,45.85],[239.13,45.8],[239.13,45.75],[239.12,45.7],[239.11,45.65],[239.1,45.6],[239.1,45.57],[239.1,45.55],[239.09,45.5],[239.07,45.45],[239.06,45.4],[239.05,45.35],[239.05,45.35],[239.03,45.3],[239.02,45.25],[239,45.2],[239,45.2],[238.98,45.15],[238.96,45.1],[238.95,45.07],[238.94,45.05],[238.92,45],[238.9,44.95],[238.9,44.94],[238.88,44.9],[238.87,44.85],[238.85,44.8],[238.85,44.8],[238.83,44.75],[238.82,44.7],[238.81,44.65],[238.8,44.61],[238.8,44.6],[238.79,44.55],[238.79,44.5],[238.78,44.45],[238.78,44.4],[238.78,44.35],[238.78,44.3],[238.78,44.25],[238.78,44.2],[238.79,44.15],[238.79,44.1],[238.79,44.05],[238.79,44],[238.79,43.95],[238.79,43.9],[238.79,43.85],[238.79,43.8],[238.78,43.75],[238.78,43.7],[238.77,43.65],[238.77,43.6],[238.76,43.55],[238.75,43.5],[238.75,43.46],[238.75,43.45],[238.74,43.4],[238.74,43.35],[238.73,43.3],[238.73,43.25],[238.72,43.2],[238.72,43.15],[238.72,43.1],[238.71,43.05],[238.71,43],[238.71,42.95],[238.71,42.9],[238.71,42.85],[238.71,42.8],[238.71,42.75],[238.71,42.7],[238.72,42.65],[238.72,42.6],[238.72,42.55],[238.73,42.5],[238.73,42.45],[238.74,42.4],[238.75,42.35],[238.75,42.34],[238.76,42.3],[238.76,42.25],[238.77,42.2],[238.78,42.15],[238.78,42.1],[238.79,42.05],[238.79,42],[238.79,41.95],[238.8,41.9],[238.8,41.85],[238.8,41.8],[238.8,41.75],[238.79,41.7],[238.79,41.65],[238.79,41.6],[238.78,41.55],[238.78,41.5],[238.78,41.45],[238.77,41.4],[238.77,41.35],[238.77,41.3],[238.77,41.25],[238.77,41.2],[238.78,41.15],[238.78,41.1],[238.79,41.05],[238.79,41],[238.8,40.97],[238.8,40.95],[238.81,40.9],[238.82,40.85],[238.83,40.8],[238.85,40.75],[238.85,40.73],[238.86,40.7],[238.87,40.65],[238.88,40.6],[238.89,40.55],[238.9,40.52],[238.9,40.5],[238.91,40.45],[238.92,40.4],[238.93,40.35],[238.94,40.3],[238.95,40.25],[238.95,40.24],[238.96,40.2],[238.96,40.15],[238.97,40.1],[238.97,40.05],[238.97,40],[238.97,39.95],[238.98,39.9],[238.98,39.85],[238.98,39.8],[238.97,39.75],[238.97,39.7],[238.97,39.65],[238.96,39.6],[238.96,39.55],[238.95,39.5],[238.95,39.49],[238.94,39.45],[238.94,39.4],[238.92,39.35],[238.91,39.3],[238.9,39.26],[238.9,39.25],[238.88,39.2],[238.87,39.15],[238.85,39.1],[238.85,39.1]]}},{"type":"Feature","properties":{"zone":"cas","depth_km":100},"geometry":{"type":"LineString","coordinates":[[237.15,49.95],[237.15,49.95],[237.2,49.9],[237.2,49.9],[237.25,49.85],[237.25,49.85],[237.3,49.8],[237.3,49.8],[237.35,49.75],[237.35,49.75],[237.4,49.7],[237.4,49.7],[237.45,49.65],[237.45,49.65],[237.5,49.6],[237.5,49.6],[237.55,49.56],[237.56,49.55],[237.6,49.51],[237.61,49.5],[237.65,49.47],[237.67,49.45],[237.7,49.42],[237.73,49.4],[237.75,49.38],[237.78,49.35],[237.8,49.33],[237.84,49.3],[237.85,49.29],[237.89,49.25],[237.9,49.24],[237.93,49.2],[237.95,49.18],[237.98,49.15],[238,49.13],[238.02,49.1],[238.05,49.07],[238.06,49.05],[238.1,49],[238.1,49],[238.14,48.95],[238.15,48.94],[238.18,48.9],[238.2,48.87],[238.22,48.85],[238.25,48.81],[238.26,48.8],[238.29,48.75],[238.3,48.74],[238.33,48.7],[238.35,48.68],[238.37,48.65],[238.4,48.61],[238.41,48.6],[238.45,48.55],[238.45,48.55],[238.48,48.5],[238.5,48.48],[238.52,48.45],[238.55,48.4],[238.55,48.4],[238.58,48.35],[238.6,48.31],[238.61,48.3],[238.63,48.25],[238.65,48.21],[238.66,48.2],[238.68,48.15],[238.69,48.1],[238.7,48.08],[238.71,48.05],[238.72,48],[238.73,47.95],[238.74,47.9],[238.75,47.85],[238.75,47.84],[238.75,47.8],[238.76,47.75],[238.76,47.7],[238.76,47.65],[238.76,47.6],[238.75,47.55],[238.75,47.51],[238.75,47.5],[238.74,47.45],[238.74,47.4],[238.73,47.35],[238.72,47.3],[238.71,47.25],[238.7,47.23],[238.69,47.2],[238.68,47.15],[238.67,47.1],[238.66,47.05],[238.65,47.03],[238.64,47],[238.63,46.95],[238.62,46.9],[238.6,46.85],[238.6,46.84],[238.59,46.8],[238.58,46.75],[238.56,46.7],[238.55,46.65],[238.55,46.65],[238.54,46.6],[238.52,46.55],[238.51,46.5],[238.5,46.46],[238.5,46.45],[238.48,46.4],[238.47,46.35],[238.45,46.3],[238.45,46.3],[238.44,46.25],[238.42,46.2],[238.4,46.15],[238.4,46.14],[238.39,46.1],[238.37,46.05],[238.36,46],[238.35,45.97],[238.34,45.95],[238.33,45.9],[238.32,45.85],[238.31,45.8],[238.3,45.76],[238.3,45.75],[238.29,45.7],[238.28,45.65],[238.28,45.6],[238.27,45.55],[238.26,45.5],[238.26,45.45],[238.25,45.4],[238.25,45.38],[238.25,45.35],[238.24,45.3],[238.23,45.25],[238.22,45.2],[238.21,45.15],[238.21,45.1],[238.2,45.07],[238.2,45.05],[238.19,45],[238.18,44.95],[238.17,44.9],[238.17,44.85],[238.16,44.8],[238.15,44.75],[238.15,44.7],[238.15,44.7],[238.15,44.65],[238.14,44.6],[238.14,44.55],[238.14,44.5],[238.14,44.45],[238.14,44.4],[238.13,44.35],[238.13,44.3],[238.13,44.25],[238.13,44.2],[238.13,44.15],[238.12,44.1],[238.12,44.05],[238.11,44],[238.11,43.95],[238.1,43.9],[238.1,43.89],[238.09,43.85],[238.09,43.8],[238.08,43.75],[238.07,43.7],[238.06,43.65],[238.05,43.62],[238.05,43.6],[238.03,43.55],[238.02,43.5],[238.01,43.45],[238,43.41],[238,43.4],[237.98,43.35],[237.97,43.3],[237.95,43.25],[237.95,43.23],[237.94,43.2],[237.92,43.15],[237.91,43.1],[237.9,43.07],[237.89,43.05],[237.87,43],[237.86,42.95],[237.85,42.93],[237.84,42.9],[237.82,42.85],[237.81,42.8],[237.8,42.78],[237.79,42.75],[237.78,42.7],[237.76,42.65],[237.75,42.6],[237.75,42.6],[237.74,42.55],[237.73,42.5],[237.73,42.45],[237.72,42.4],[237.72,42.35],[237.72,42.3],[237.73,42.25],[237.73,42.2],[237.74,42.15],[237.75,42.1],[237.75,42.1],[237.76,42.05],[237.77,42],[237.78,41.95],[237.79,41.9],[237.8,41.87],[237.81,41.85],[237.82,41.8],[237.83,41.75],[237.84,41.7],[237.85,41.65],[237.85,41.64],[237.86,41.6],[237.87,41.55],[237.88,41.5],[237.89,41.45],[237.9,41.41],[237.9,41.4],[237.91,41.35],[237.93,41.3],[237.94,41.25],[237.95,41.22],[237.95,41.2],[237.97,41.15],[237.98,41.1],[238,41.05],[238,41.05],[238.01,41],[238.03,40.95],[238.05,40.9],[238.05,40.88],[238.06,40.85],[238.07,40.8],[238.09,40.75],[238.1,40.71],[238.1,40.7],[238.11,40.65],[238.13,40.6],[238.14,40.55],[238.15,40.5],[238.15,40.49],[238.16,40.45],[238.17,40.4],[238.18,40.35],[238.18,40.3],[238.19,40.25],[238.2,40.2],[238.2,40.16],[238.2,40.15],[238.21,40.1],[238.21,40.05],[238.21,40],[238.21,39.95],[238.21,39.9],[238.21,39.85],[238.2,39.8],[238.2,39.76],[238.2,39.75],[238.19,39.7],[238.18,39.65],[238.17,39.6],[238.16,39.55],[238.15,39.5],[238.15,39.5],[238.14,39.45],[238.12,39.4],[238.11,39.35]]}},{"type":"Feature","properties":{"zone":"cas","depth_km":40},"geometry":{"type":"LineString","coordinates":[[234.43,50],[234.45,49.97],[234.46,49.95],[234.5,49.9],[234.5,49.89],[234.53,49.85],[234.55,49.82],[234.56,49.8],[234.6,49.75],[234.6,49.75],[234.64,49.7],[234.65,49.68],[234.68,49.65],[234.7,49.62],[234.72,49.6],[234.75,49.57],[234.77,49.55],[234.8,49.52],[234.83,49.5],[234.85,49.48],[234.9,49.45],[234.9,49.45],[234.95,49.42],[234.98,49.4],[235,49.39],[235.05,49.36],[235.07,49.35],[235.1,49.34],[235.15,49.31],[235.17,49.3],[235.2,49.28],[235.25,49.26],[235.27,49.25],[235.3,49.23],[235.35,49.2],[235.36,49.2],[235.4,49.17],[235.44,49.15],[235.45,49.14],[235.5,49.11],[235.52,49.1],[235.55,49.08],[235.6,49.05],[235.6,49.05],[235.65,49.02],[235.67,49],[235.7,48.98],[235.75,48.95],[235.76,48.95],[235.8,48.92],[235.84,48.9],[235.85,48.89],[235.9,48.87],[235.93,48.85],[235.95,48.84],[236,48.81],[236.02,48.8],[236.05,48.78],[236.1,48.75],[236.11,48.75],[236.15,48.72],[236.19,48.7],[236.2,48.69],[236.25,48.66],[236.27,48.65],[236.3,48.63],[236.34,48.6],[236.35,48.59],[236.4,48.55],[236.4,48.55],[236.45,48.51],[236.46,48.5],[236.5,48.46],[236.51,48.45],[236.55,48.41],[236.56,48.4],[236.6,48.35],[236.6,48.35],[236.64,48.3],[236.65,48.28],[236.67,48.25],[236.7,48.21],[236.71,48.2],[236.73,48.15],[236.75,48.12],[236.76,48.1],[236.79,48.05],[236.8,48.02],[236.81,48],[236.83,47.95],[236.85,47.9],[236.85,47.9],[236.87,47.85],[236.89,47.8],[236.9,47.76],[236.9,47.75],[236.92,47.7],[236.93,47.65],[236.95,47.6],[236.95,47.59],[236.96,47.55],[236.97,47.5],[236.98,47.45],[236.99,47.4],[237,47.36],[237,47.35],[237.01,47.3],[237.01,47.25],[237.02,47.2],[237.02,47.15],[237.03,47.1],[237.03,47.05],[237.03,47],[237.03,46.95],[237.03,46.9],[237.03,46.85],[237.03,46.8],[237.03,46.75],[237.04,46.7],[237.04,46.65],[237.04,46.6],[237.04,46.55],[237.04,46.5],[237.05,46.45],[237.05,46.44],[237.06,46.4],[237.06,46.35],[237.07,46.3],[237.08,46.25],[237.09,46.2],[237.1,46.18],[237.11,46.15],[237.12,46.1],[237.14,46.05],[237.15,46.02],[237.15,46],[237.17,45.95],[237.19,45.9],[237.2,45.86],[237.2,45.85],[237.22,45.8],[237.23,45.75],[237.25,45.7],[237.25,45.69],[237.26,45.65],[237.27,45.6],[237.28,45.55],[237.29,45.5],[237.3,45.45],[237.3,45.43],[237.3,45.4],[237.31,45.35],[237.31,45.3],[237.31,45.25],[237.31,45.2],[237.31,45.15],[237.31,45.1],[237.3,45.05],[237.3,45.04],[237.29,45],[237.28,44.95],[237.26,44.9],[237.25,44.86],[237.25,44.85],[237.22,44.8],[237.2,44.75],[237.2,44.75],[237.17,44.7],[237.15,44.67],[237.13,44.65],[237.1,44.61],[237.09,44.6],[237.05,44.55],[237.05,44.54],[237.01,44.5],[237,44.48],[236.98,44.45],[236.95,44.41],[236.94,44.4],[236.91,44.35],[236.9,44.32],[236.89,44.3],[236.87,44.25],[236.85,44.2],[236.85,44.19],[236.84,44.15],[236.84,44.1],[236.83,44.05],[236.83,44],[236.83,43.95],[236.83,43.9],[236.84,43.85],[236.84,43.8],[236.84,43.75],[236.84,43.7],[236.84,43.65],[236.84,43.6],[236.84,43.55],[236.83,43.5],[236.82,43.45],[236.81,43.4],[236.8,43.35],[236.8,43.35],[236.78,43.3],[236.77,43.25],[236.75,43.21],[236.75,43.2],[236.73,43.15],[236.71,43.1],[236.7,43.09],[236.68,43.05],[236.66,43],[236.65,42.97],[236.64,42.95],[236.62,42.9],[236.6,42.85],[236.6,42.84],[236.58,42.8],[236.57,42.75],[236.55,42.7],[236.55,42.69],[236.54,42.65],[236.53,42.6],[236.52,42.55],[236.51,42.5],[236.5,42.46],[236.5,42.45],[236.49,42.4],[236.49,42.35],[236.48,42.3],[236.48,42.25],[236.48,42.2],[236.48,42.15],[236.48,42.1],[236.48,42.05],[236.49,42],[236.49,41.95],[236.5,41.9],[236.5,41.88],[236.5,41.85],[236.51,41.8],[236.52,41.75],[236.53,41.7],[236.54,41.65],[236.55,41.63],[236.56,41.6],[236.57,41.55],[236.59,41.5],[236.6,41.47],[236.61,41.45],[236.63,41.4],[236.65,41.35],[236.65,41.35],[236.67,41.3],[236.69,41.25],[236.7,41.24],[236.72,41.2],[236.74,41.15],[236.75,41.13],[236.76,41.1],[236.79,41.05],[236.8,41.02],[236.81,41],[236.83,40.95],[236.85,40.9],[236.85,40.9],[236.87,40.85],[236.89,40.8],[236.9,40.75],[236.9,40.75],[236.91,40.7],[236.92,40.65],[236.93,40.6],[236.94,40.55],[236.94,40.5],[236.94,40.45],[236.93,40.4],[236.93,40.35],[236.92,40.3],[236.91,40.25],[236.9,40.2],[236.9,40.2],[236.89,40.15],[236.87,40.1],[236.86,40.05],[236.85,40.03],[236.84,40],[236.82,39.95],[236.8,39.9],[236.8,39.89],[236.79,39.85]]}},{"type":"Feature","properties":{"zone":"png","depth_km":100},"geometry":{"type":"LineString","coordinates":[[132.8,-2.43],[132.85,-2.44],[132.87,-2.45],[132.9,-2.46],[132.95,-2.47],[133,-2.49],[133.02,-2.5],[133.05,-2.51],[133.1,-2.53],[133.15,-2.54],[133.16,-2.55],[133.2,-2.56],[133.25,-2.58],[133.3,-2.6],[133.3,-2.6],[133.35,-2.62],[133.4,-2.64],[133.43,-2.65],[133.45,-2.66],[133.5,-2.68],[133.55,-2.7],[133.55,-2.7],[133.6,-2.72],[133.65,-2.74],[133.66,-2.75],[133.7,-2.77],[133.75,-2.79],[133.76,-2.8],[133.8,-2.82],[133.85,-2.85],[133.85,-2.85],[133.9,-2.88],[133.93,-2.9],[133.95,-2.91],[134,-2.95],[134.01,-2.95],[134.05,-2.98],[134.07,-3],[134.1,-3.02],[134.14,-3.05],[134.15,-3.06],[134.2,-3.1],[134.2,-3.1],[134.25,-3.15],[134.25,-3.15],[134.3,-3.19],[134.31,-3.2],[134.35,-3.24],[134.36,-3.25],[134.4,-3.29],[134.41,-3.3],[134.45,-3.34],[134.46,-3.35],[134.5,-3.39],[134.51,-3.4],[134.55,-3.44],[134.56,-3.45],[134.6,-3.49],[134.61,-3.5],[134.65,-3.54],[134.66,-3.55],[134.7,-3.6],[134.7,-3.6],[134.75,-3.65],[134.75,-3.65],[134.8,-3.7],[134.8,-3.7],[134.84,-3.75],[134.85,-3.76],[134.89,-3.8],[134.9,-3.81],[134.94,-3.85],[134.95,-3.86],[134.99,-3.9],[135,-3.91],[135.05,-3.95],[135.05,-3.95],[135.1,-4],[135.11,-4],[135.15,-4.04],[135.17,-4.05],[135.2,-4.07],[135.24,-4.1],[135.25,-4.11],[135.3,-4.14],[135.32,-4.15],[135.35,-4.17],[135.4,-4.2],[135.4,-4.2],[135.45,-4.22],[135.5,-4.24],[135.51,-4.25],[135.55,-4.26],[135.6,-4.28],[135.65,-4.29],[135.69,-4.3],[135.7,-4.3],[135.75,-4.31],[135.8,-4.31],[135.85,-4.31],[135.9,-4.31],[135.95,-4.31],[136,-4.3],[136.01,-4.3],[136.05,-4.29],[136.1,-4.29],[136.15,-4.28],[136.2,-4.27],[136.25,-4.26],[136.3,-4.25],[136.31,-4.25],[136.35,-4.24],[136.4,-4.23],[136.45,-4.23],[136.5,-4.22],[136.55,-4.21],[136.6,-4.21],[136.65,-4.21],[136.7,-4.2],[136.74,-4.2],[136.75,-4.2],[136.8,-4.2],[136.85,-4.2],[136.9,-4.2],[136.95,-4.2],[137,-4.2],[137.01,-4.2],[137.05,-4.2],[137.1,-4.21],[137.15,-4.21],[137.2,-4.21],[137.25,-4.22],[137.3,-4.23],[137.35,-4.24],[137.4,-4.25],[137.42,-4.25],[137.45,-4.26],[137.5,-4.27],[137.55,-4.28],[137.6,-4.29],[137.64,-4.3],[137.65,-4.3],[137.7,-4.32],[137.75,-4.33],[137.8,-4.35],[137.8,-4.35],[137.85,-4.36],[137.9,-4.38],[137.95,-4.4],[137.95,-4.4],[138,-4.42],[138.05,-4.44],[138.08,-4.45],[138.1,-4.46],[138.15,-4.48],[138.2,-4.5],[138.2,-4.5],[138.25,-4.52],[138.3,-4.54],[138.32,-4.55],[138.35,-4.56],[138.4,-4.59],[138.43,-4.6],[138.45,-4.61],[138.5,-4.63],[138.53,-4.65],[138.55,-4.66],[138.6,-4.68],[138.64,-4.7],[138.65,-4.71],[138.7,-4.73],[138.75,-4.75],[138.75,-4.75],[138.8,-4.77],[138.85,-4.79],[138.88,-4.8],[138.9,-4.81],[138.95,-4.82],[139,-4.84],[139.03,-4.85],[139.05,-4.85],[139.1,-4.87],[139.15,-4.88],[139.2,-4.89],[139.25,-4.9],[139.27,-4.9],[139.3,-4.9],[139.35,-4.91],[139.4,-4.92],[139.45,-4.92],[139.5,-4.93],[139.55,-4.93],[139.6,-4.94],[139.65,-4.94],[139.7,-4.94],[139.75,-4.95],[139.8,-4.95],[139.83,-4.95],[139.85,-4.95],[139.9,-4.95],[139.95,-4.95],[140,-4.95],[140.05,-4.96],[140.1,-4.96],[140.15,-4.96],[140.2,-4.96],[140.25,-4.96],[140.3,-4.97],[140.35,-4.97],[140.4,-4.97],[140.45,-4.98],[140.5,-4.98],[140.55,-4.99],[140.6,-5],[140.6,-5],[140.65,-5.01],[140.7,-5.02],[140.75,-5.03],[140.8,-5.04],[140.85,-5.05],[140.87,-5.05],[140.9,-5.06],[140.95,-5.07]]}},{"type":"Feature","properties":{"zone":"png","depth_km":40},"geometry":{"type":"LineString","coordinates":[[133.18,-1.1],[133.2,-1.11],[133.25,-1.13],[133.3,-1.15],[133.3,-1.15],[133.35,-1.17],[133.4,-1.19],[133.42,-1.2],[133.45,-1.21],[133.5,-1.23],[133.55,-1.25],[133.55,-1.25],[133.6,-1.27],[133.65,-1.29],[133.69,-1.3],[133.7,-1.3],[133.75,-1.32],[133.8,-1.33],[133.85,-1.35],[133.86,-1.35],[133.9,-1.36],[133.95,-1.37],[134,-1.38],[134.05,-1.39],[134.1,-1.4],[134.1,-1.4],[134.15,-1.41],[134.2,-1.42],[134.25,-1.43],[134.3,-1.44],[134.35,-1.44],[134.38,-1.45],[134.4,-1.45],[134.45,-1.47],[134.5,-1.48],[134.55,-1.49],[134.58,-1.5],[134.6,-1.51],[134.65,-1.52],[134.7,-1.54],[134.73,-1.55],[134.75,-1.56],[134.8,-1.58],[134.85,-1.6],[134.85,-1.6],[134.9,-1.63],[134.95,-1.65],[134.95,-1.65],[135,-1.68],[135.05,-1.7],[135.05,-1.7],[135.1,-1.73],[135.13,-1.75],[135.15,-1.76],[135.2,-1.79],[135.22,-1.8],[135.25,-1.82],[135.3,-1.85],[135.31,-1.85],[135.35,-1.88],[135.39,-1.9],[135.4,-1.91],[135.45,-1.93],[135.48,-1.95],[135.5,-1.96],[135.55,-1.99],[135.57,-2],[135.6,-2.02],[135.65,-2.04],[135.66,-2.05],[135.7,-2.07],[135.75,-2.09],[135.76,-2.1],[135.8,-2.12],[135.85,-2.14],[135.88,-2.15],[135.9,-2.16],[135.95,-2.18],[136,-2.2],[136,-2.2],[136.05,-2.22],[136.1,-2.23],[136.15,-2.25],[136.15,-2.25],[136.2,-2.27],[136.25,-2.28],[136.3,-2.3],[136.31,-2.3],[136.35,-2.31],[136.4,-2.32],[136.45,-2.34],[136.5,-2.35],[136.51,-2.35],[136.55,-2.36],[136.6,-2.37],[136.65,-2.38],[136.7,-2.39],[136.73,-2.4],[136.75,-2.4],[136.8,-2.42],[136.85,-2.43],[136.9,-2.44],[136.95,-2.45],[136.95,-2.45],[137,-2.46],[137.05,-2.47],[137.1,-2.49],[137.14,-2.5],[137.15,-2.5],[137.2,-2.52],[137.25,-2.54],[137.28,-2.55],[137.3,-2.56],[137.35,-2.58],[137.4,-2.6],[137.41,-2.6],[137.45,-2.62],[137.5,-2.64],[137.52,-2.65],[137.55,-2.66],[137.6,-2.68],[137.64,-2.7],[137.65,-2.7],[137.7,-2.72],[137.75,-2.74],[137.78,-2.75],[137.8,-2.76],[137.85,-2.77],[137.9,-2.79],[137.95,-2.8],[137.96,-2.8],[138,-2.81],[138.05,-2.82],[138.1,-2.82],[138.15,-2.83],[138.2,-2.83],[138.25,-2.84],[138.3,-2.84],[138.35,-2.84],[138.4,-2.85],[138.45,-2.85],[138.47,-2.85],[138.5,-2.85],[138.55,-2.86],[138.6,-2.86],[138.65,-2.87],[138.7,-2.88],[138.75,-2.89],[138.78,-2.9],[138.8,-2.9],[138.85,-2.92],[138.9,-2.94],[138.94,-2.95],[138.95,-2.95],[139,-2.97],[139.05,-2.99],[139.06,-3],[139.1,-3.02],[139.15,-3.04],[139.18,-3.05],[139.2,-3.06],[139.25,-3.08],[139.29,-3.1],[139.3,-3.1],[139.35,-3.13],[139.4,-3.15],[139.4,-3.15],[139.45,-3.17],[139.5,-3.19],[139.51,-3.2],[139.55,-3.22],[139.6,-3.24],[139.62,-3.25],[139.65,-3.27],[139.7,-3.29],[139.71,-3.3],[139.75,-3.32],[139.8,-3.35],[139.8,-3.35],[139.85,-3.39],[139.87,-3.4],[139.9,-3.42],[139.94,-3.45],[139.95,-3.46],[140,-3.5],[140,-3.5],[140.05,-3.55],[140.05,-3.55],[140.1,-3.59],[140.11,-3.6],[140.15,-3.63],[140.17,-3.65],[140.2,-3.67],[140.24,-3.7],[140.25,-3.7],[140.3,-3.73],[140.34,-3.75],[140.35,-3.75],[140.4,-3.77],[140.45,-3.79],[140.49,-3.8],[140.5,-3.8],[140.55,-3.81],[140.6,-3.82],[140.65,-3.83],[140.7,-3.83],[140.75,-3.84],[140.8,-3.84],[140.85,-3.85],[140.9,-3.85],[140.92,-3.85],[140.95,-3.85],[141,-3.85],[141.05,-3.85],[141.1,-3.85],[141.15,-3.85],[141.18,-3.85],[141.2,-3.85],[141.25,-3.85],[141.3,-3.84],[141.35,-3.84],[141.4,-3.84],[141.45,-3.83],[141.5,-3.82],[141.55,-3.82],[141.6,-3.81],[141.65,-3.8],[141.66,-3.8],[141.7,-3.79],[141.75,-3.78],[141.8,-3.77],[141.85,-3.77],[141.9,-3.76],[141.95,-3.75],[141.98,-3.75],[142,-3.75]]}},{"type":"Feature","properties":{"zone":"sum","depth_km":600},"geometry":{"type":"LineString","coordinates":[[122.9,-3.37],[122.9,-3.4],[122.91,-3.45]]}},{"type":"Feature","properties":{"zone":"sum","depth_km":600},"geometry":{"type":"LineString","coordinates":[[106.53,-3.4],[106.55,-3.41],[106.59,-3.45],[106.6,-3.46],[106.64,-3.5],[106.65,-3.5],[106.7,-3.55],[106.7,-3.55],[106.75,-3.6],[106.75,-3.6],[106.8,-3.64],[106.81,-3.65],[106.85,-3.69],[106.86,-3.7],[106.9,-3.74],[106.91,-3.75],[106.95,-3.78],[106.97,-3.8],[107,-3.83],[107.02,-3.85],[107.05,-3.87],[107.08,-3.9],[107.1,-3.92],[107.14,-3.95],[107.15,-3.96],[107.19,-4],[107.2,-4],[107.25,-4.05],[107.26,-4.05],[107.3,-4.09],[107.32,-4.1],[107.35,-4.12],[107.38,-4.15],[107.4,-4.16],[107.45,-4.2],[107.45,-4.2],[107.5,-4.23],[107.52,-4.25],[107.55,-4.27],[107.6,-4.3],[107.6,-4.3],[107.65,-4.33],[107.68,-4.35],[107.7,-4.36],[107.75,-4.4],[107.76,-4.4],[107.8,-4.43],[107.84,-4.45],[107.85,-4.45],[107.9,-4.48],[107.93,-4.5],[107.95,-4.51],[108,-4.54],[108.02,-4.55],[108.05,-4.57],[108.1,-4.6],[108.11,-4.6],[108.15,-4.62],[108.2,-4.65],[108.2,-4.65],[108.25,-4.68],[108.3,-4.7],[108.3,-4.7],[108.35,-4.73],[108.39,-4.75],[108.4,-4.75],[108.45,-4.78],[108.5,-4.8],[108.5,-4.8],[108.55,-4.83],[108.6,-4.85],[108.6,-4.85],[108.65,-4.87],[108.7,-4.89],[108.72,-4.9],[108.75,-4.91],[108.8,-4.93],[108.84,-4.95],[108.85,-4.95],[108.9,-4.97],[108.95,-4.99],[108.98,-5],[109,-5.01],[109.05,-5.02],[109.1,-5.04],[109.14,-5.05],[109.15,-5.05],[109.2,-5.07],[109.25,-5.08],[109.3,-5.1],[109.31,-5.1],[109.35,-5.11],[109.4,-5.12],[109.45,-5.14],[109.5,-5.15],[109.5,-5.15],[109.55,-5.16],[109.6,-5.18],[109.65,-5.19],[109.7,-5.2],[109.7,-5.2],[109.75,-5.21],[109.8,-5.22],[109.85,-5.24],[109.9,-5.25],[109.91,-5.25],[109.95,-5.26],[110,-5.27],[110.05,-5.28],[110.1,-5.3],[110.12,-5.3],[110.15,-5.31],[110.2,-5.32],[110.25,-5.33],[110.3,-5.34],[110.35,-5.35],[110.37,-5.35],[110.4,-5.36],[110.45,-5.36],[110.5,-5.37],[110.55,-5.38],[110.6,-5.39],[110.65,-5.4],[110.65,-5.4],[110.7,-5.41],[110.75,-5.42],[110.8,-5.43],[110.85,-5.44],[110.9,-5.45],[110.91,-5.45],[110.95,-5.46],[111,-5.47],[111.05,-5.48],[111.1,-5.49],[111.13,-5.5],[111.15,-5.51],[111.2,-5.52],[111.25,-5.53],[111.3,-5.54],[111.33,-5.55],[111.35,-5.55],[111.4,-5.57],[111.45,-5.58],[111.5,-5.59],[111.55,-5.6],[111.55,-5.6],[111.6,-5.61],[111.65,-5.62],[111.7,-5.63],[111.75,-5.64],[111.8,-5.65],[111.8,-5.65],[111.85,-5.66],[111.9,-5.67],[111.95,-5.68],[112,-5.69],[112.05,-5.7],[112.08,-5.7],[112.1,-5.7],[112.15,-5.71],[112.2,-5.72],[112.25,-5.73],[112.3,-5.74],[112.35,-5.75],[112.36,-5.75],[112.4,-5.76],[112.45,-5.77],[112.5,-5.78],[112.55,-5.78],[112.6,-5.79],[112.65,-5.8],[112.66,-5.8],[112.7,-5.81],[112.75,-5.81],[112.8,-5.82],[112.85,-5.83],[112.9,-5.83],[112.95,-5.84],[113,-5.84],[113.05,-5.85],[113.09,-5.85],[113.1,-5.85],[113.15,-5.85],[113.2,-5.86],[113.25,-5.86],[113.3,-5.86],[113.35,-5.86],[113.4,-5.87],[113.45,-5.87],[113.5,-5.87],[113.55,-5.87],[113.6,-5.87],[113.65,-5.87],[113.7,-5.87],[113.75,-5.86],[113.8,-5.86],[113.85,-5.86],[113.9,-5.86],[113.95,-5.86],[114,-5.86],[114.05,-5.85],[114.1,-5.85],[114.15,-5.85],[114.15,-5.85],[114.2,-5.85],[114.25,-5.85],[114.3,-5.84],[114.35,-5.84],[114.4,-5.84],[114.45,-5.84],[114.5,-5.83],[114.55,-5.83],[114.6,-5.83],[114.65,-5.83],[114.7,-5.83],[114.75,-5.82],[114.8,-5.82],[114.85,-5.82],[114.9,-5.82]]}},{"type":"Feature","properties":{"zone":"sum","depth_km":600},"geometry":{"type":"LineString","coordinates":[[122.95,-3.62],[122.96,-3.65],[122.97,-3.7]]}},{"type":"Feature","properties":{"zone":"sum","depth_km":600},"geometry":{"type":"LineString","coordinates":[[123,-3.83],[123.01,-3.85],[123.02,-3.9]]}},{"type":"Feature","properties":{"zone":"sum","depth_km":600},"geometry":{"type":"LineString","coordinates":[[123.05,-3.99],[123.05,-4],[123.07,-4.05],[123.09,-4.1],[123.1,-4.13],[123.11,-4.15],[123.13,-4.2],[123.15,-4.25],[123.15,-4.25],[123.17,-4.3],[123.2,-4.35],[123.2,-4.36],[123.22,-4.4],[123.25,-4.45],[123.25,-4.45],[123.28,-4.5],[123.3,-4.53],[123.32,-4.55],[123.35,-4.6],[123.35,-4.6],[123.39,-4.65],[123.4,-4.66],[123.43,-4.7],[123.45,-4.72],[123.48,-4.75],[123.5,-4.78],[123.52,-4.8],[123.55,-4.83],[123.57,-4.85],[123.6,-4.88],[123.62,-4.9],[123.65,-4.93],[123.67,-4.95],[123.7,-4.98],[123.72,-5],[123.75,-5.04],[123.76,-5.05],[123.8,-5.09],[123.81,-5.1],[123.85,-5.15],[123.85,-5.15],[123.89,-5.2],[123.9,-5.22],[123.92,-5.25],[123.95,-5.29],[123.96,-5.3],[123.99,-5.35],[124,-5.38],[124.01,-5.4],[124.04,-5.45],[124.05,-5.49],[124.06,-5.5],[124.07,-5.55],[124.09,-5.6],[124.1,-5.64],[124.1,-5.65],[124.11,-5.7],[124.12,-5.75],[124.13,-5.8],[124.13,-5.85],[124.13,-5.9],[124.13,-5.95],[124.13,-6],[124.12,-6.05],[124.11,-6.1],[124.1,-6.14],[124.1,-6.15],[124.08,-6.2],[124.05,-6.25],[124.05,-6.25],[124.01,-6.3],[124,-6.32],[123.97,-6.35],[123.95,-6.37],[123.91,-6.4],[123.9,-6.41],[123.85,-6.44],[123.84,-6.45],[123.8,-6.47],[123.75,-6.5],[123.74,-6.5],[123.7,-6.52],[123.65,-6.53],[123.6,-6.55],[123.59,-6.55],[123.55,-6.56],[123.5,-6.57],[123.45,-6.58],[123.4,-6.58],[123.35,-6.59],[123.3,-6.59],[123.25,-6.6],[123.2,-6.6],[123.15,-6.6],[123.1,-6.6],[123.05,-6.6],[123,-6.6],[122.95,-6.59],[122.9,-6.59],[122.85,-6.59],[122.8,-6.59],[122.75,-6.59],[122.7,-6.59],[122.65,-6.59],[122.6,-6.58],[122.55,-6.58],[122.5,-6.59],[122.45,-6.59],[122.4,-6.59],[122.35,-6.59],[122.3,-6.59],[122.25,-6.6],[122.21,-6.6],[122.2,-6.6],[122.15,-6.6],[122.1,-6.61],[122.05,-6.61],[122,-6.62],[121.95,-6.63],[121.9,-6.63],[121.85,-6.64],[121.8,-6.64],[121.75,-6.65],[121.75,-6.65],[121.7,-6.66],[121.65,-6.66],[121.6,-6.67],[121.55,-6.67],[121.5,-6.68],[121.45,-6.69],[121.4,-6.69],[121.35,-6.7],[121.34,-6.7],[121.3,-6.7],[121.25,-6.71],[121.2,-6.72],[121.15,-6.73],[121.1,-6.73],[121.05,-6.74],[121,-6.75],[120.98,-6.75],[120.95,-6.75],[120.9,-6.76],[120.85,-6.77],[120.8,-6.78],[120.75,-6.78],[120.7,-6.79],[120.65,-6.79],[120.6,-6.8],[120.55,-6.8],[120.54,-6.8],[120.5,-6.8],[120.45,-6.8],[120.4,-6.8],[120.35,-6.8],[120.3,-6.8],[120.25,-6.8],[120.2,-6.8],[120.2,-6.8],[120.15,-6.8],[120.1,-6.79],[120.05,-6.79],[120,-6.79],[119.95,-6.78],[119.9,-6.78],[119.85,-6.78],[119.8,-6.77],[119.75,-6.77],[119.7,-6.76],[119.65,-6.76],[119.6,-6.76],[119.55,-6.75],[119.51,-6.75],[119.5,-6.75],[119.45,-6.75],[119.4,-6.74],[119.35,-6.74],[119.3,-6.74],[119.25,-6.74],[119.2,-6.74],[119.15,-6.73],[119.1,-6.73],[119.05,-6.73],[119,-6.73],[118.95,-6.72],[118.9,-6.72],[118.85,-6.72],[118.8,-6.71],[118.75,-6.71],[118.7,-6.71],[118.65,-6.7],[118.64,-6.7],[118.6,-6.7],[118.55,-6.69],[118.5,-6.68],[118.45,-6.68],[118.4,-6.67],[118.35,-6.66],[118.3,-6.65],[118.28,-6.65],[118.25,-6.64],[118.2,-6.64],[118.15,-6.63],[118.1,-6.62],[118.05,-6.62],[118,-6.61],[117.95,-6.6],[117.93,-6.6],[117.9,-6.6],[117.85,-6.59],[117.8,-6.58],[117.75,-6.58],[117.7,-6.57],[117.65,-6.57],[117.6,-6.56],[117.55,-6.56],[117.5,-6.55],[117.5,-6.55],[117.45,-6.54],[117.4,-6.54],[117.35,-6.53],[117.3,-6.52],[117.25,-6.51],[117.2,-6.5],[117.19,-6.5],[117.15,-6.49],[117.1,-6.48],[117.05,-6.47],[117,-6.45],[116.99,-6.45],[116.95,-6.44],[116.9,-6.43],[116.85,-6.41],[116.82,-6.4],[116.8,-6.39],[116.75,-6.37],[116.7,-6.36],[116.68,-6.35],[116.65,-6.34],[116.6,-6.32],[116.56,-6.3],[116.55,-6.29],[116.5,-6.27],[116.45,-6.25],[116.45,-6.25],[116.4,-6.22],[116.35,-6.2],[116.35,-6.2],[116.3,-6.17],[116.25,-6.15],[116.25,-6.15],[116.2,-6.12],[116.15,-6.1],[116.15,-6.1],[116.1,-6.07],[116.05,-6.05],[116.05,-6.05],[116,-6.03],[115.95,-6],[115.94,-6],[115.9,-5.98],[115.85,-5.96],[115.82,-5.95],[115.8,-5.94],[115.75,-5.93],[115.7,-5.91],[115.66,-5.9],[115.65,-5.9],[115.6,-5.89],[115.55,-5.88],[115.5,-5.87],[115.45,-5.86],[115.4,-5.85],[115.4,-5.85],[115.35,-5.84],[115.3,-5.84],[115.25,-5.83],[115.2,-5.83]]}},{"type":"Feature","properties":{"zone":"sum","depth_km":500},"geometry":{"type":"LineString","coordinates":[[103.67,-1],[103.68,-1.05],[103.69,-1.1],[103.7,-1.13],[103.71,-1.15],[103.72,-1.2],[103.74,-1.25],[103.75,-1.29],[103.75,-1.3],[103.77,-1.35],[103.79,-1.4],[103.8,-1.42],[103.81,-1.45],[103.83,-1.5],[103.85,-1.53],[103.86,-1.55],[103.89,-1.6],[103.9,-1.62],[103.92,-1.65],[103.95,-1.7],[103.95,-1.7],[103.99,-1.75],[104,-1.76],[104.03,-1.8],[104.05,-1.82],[104.07,-1.85],[104.1,-1.88],[104.12,-1.9],[104.15,-1.93],[104.17,-1.95],[104.2,-1.98],[104.22,-2],[104.25,-2.03],[104.28,-2.05],[104.3,-2.07],[104.33,-2.1],[104.35,-2.12],[104.38,-2.15],[104.4,-2.17],[104.44,-2.2],[104.45,-2.21],[104.49,-2.25],[104.5,-2.26],[104.54,-2.3],[104.55,-2.31],[104.59,-2.35],[104.6,-2.36],[104.64,-2.4],[104.65,-2.41],[104.69,-2.45],[104.7,-2.46],[104.74,-2.5],[104.75,-2.51],[104.79,-2.55],[104.8,-2.55],[104.85,-2.6],[104.85,-2.6],[104.9,-2.64],[104.91,-2.65],[104.95,-2.68],[104.97,-2.7],[105,-2.72],[105.04,-2.75],[105.05,-2.76],[105.1,-2.8],[105.1,-2.8],[105.15,-2.84],[105.17,-2.85],[105.2,-2.87],[105.23,-2.9],[105.25,-2.91],[105.3,-2.95],[105.3,-2.95],[105.35,-2.99],[105.36,-3],[105.4,-3.03],[105.42,-3.05],[105.45,-3.08],[105.47,-3.1],[105.5,-3.13],[105.52,-3.15],[105.55,-3.18],[105.57,-3.2],[105.6,-3.23],[105.62,-3.25],[105.65,-3.29],[105.66,-3.3],[105.7,-3.34],[105.71,-3.35],[105.75,-3.4],[105.75,-3.4],[105.79,-3.45],[105.8,-3.46],[105.83,-3.5],[105.85,-3.52],[105.88,-3.55],[105.9,-3.57],[105.93,-3.6],[105.95,-3.63],[105.97,-3.65],[106,-3.67],[106.03,-3.7],[106.05,-3.72],[106.08,-3.75],[106.1,-3.76],[106.14,-3.8],[106.15,-3.8],[106.2,-3.84],[106.21,-3.85],[106.25,-3.88],[106.27,-3.9],[106.3,-3.92],[106.34,-3.95],[106.35,-3.96],[106.4,-4],[106.4,-4],[106.45,-4.03],[106.47,-4.05],[106.5,-4.07],[106.54,-4.1],[106.55,-4.11],[106.6,-4.15],[106.6,-4.15],[106.65,-4.19],[106.67,-4.2],[106.7,-4.22],[106.74,-4.25],[106.75,-4.26],[106.8,-4.3],[106.81,-4.3],[106.85,-4.33],[106.88,-4.35],[106.9,-4.37],[106.95,-4.4],[106.95,-4.4],[107,-4.43],[107.03,-4.45],[107.05,-4.47],[107.1,-4.5],[107.1,-4.5],[107.15,-4.53],[107.18,-4.55],[107.2,-4.56],[107.25,-4.59],[107.27,-4.6],[107.3,-4.62],[107.35,-4.65],[107.35,-4.65],[107.4,-4.68],[107.44,-4.7],[107.45,-4.7],[107.5,-4.73],[107.54,-4.75],[107.55,-4.76],[107.6,-4.78],[107.64,-4.8],[107.65,-4.81],[107.7,-4.83],[107.74,-4.85],[107.75,-4.85],[107.8,-4.88],[107.85,-4.9],[107.85,-4.9],[107.9,-4.92],[107.95,-4.95],[107.96,-4.95],[108,-4.97],[108.05,-4.99],[108.08,-5],[108.1,-5.01],[108.15,-5.03],[108.2,-5.05],[108.21,-5.05],[108.25,-5.06],[108.3,-5.08],[108.35,-5.1],[108.36,-5.1],[108.4,-5.11],[108.45,-5.13],[108.5,-5.14],[108.53,-5.15],[108.55,-5.16],[108.6,-5.17],[108.65,-5.18],[108.7,-5.2],[108.71,-5.2],[108.75,-5.21],[108.8,-5.22],[108.85,-5.24],[108.9,-5.25],[108.9,-5.25],[108.95,-5.26],[109,-5.28],[109.05,-5.29],[109.08,-5.3],[109.1,-5.31],[109.15,-5.32],[109.2,-5.33],[109.25,-5.35],[109.25,-5.35],[109.3,-5.36],[109.35,-5.38],[109.4,-5.39],[109.42,-5.4],[109.45,-5.41],[109.5,-5.43],[109.55,-5.44],[109.58,-5.45],[109.6,-5.46],[109.65,-5.47],[109.7,-5.49],[109.74,-5.5],[109.75,-5.5],[109.8,-5.52],[109.85,-5.53],[109.9,-5.55],[109.92,-5.55],[109.95,-5.56],[110,-5.57],[110.05,-5.58],[110.1,-5.59],[110.15,-5.6],[110.17,-5.6],[110.2,-5.6],[110.25,-5.61],[110.3,-5.62],[110.35,-5.62],[110.4,-5.63],[110.45,-5.64],[110.5,-5.64],[110.55,-5.65],[110.57,-5.65],[110.6,-5.65],[110.65,-5.66],[110.7,-5.67],[110.75,-5.68],[110.8,-5.68],[110.85,-5.69],[110.88,-5.7],[110.9,-5.7],[110.95,-5.71],[111,-5.73],[111.05,-5.74],[111.1,-5.75],[111.1,-5.75],[111.15,-5.76],[111.2,-5.78],[111.25,-5.79],[111.3,-5.8],[111.3,-5.8],[111.35,-5.81],[111.4,-5.83],[111.45,-5.84],[111.49,-5.85],[111.5,-5.85],[111.55,-5.86],[111.6,-5.88],[111.65,-5.89],[111.7,-5.9],[111.71,-5.9],[111.75,-5.91],[111.8,-5.92],[111.85,-5.93],[111.9,-5.94],[111.95,-5.95],[111.96,-5.95],[112,-5.96],[112.05,-5.97],[112.1,-5.97],[112.15,-5.98],[112.2,-5.99],[112.25,-6],[112.26,-6],[112.3,-6.01],[112.35,-6.01],[112.4,-6.02],[112.45,-6.03],[112.5,-6.03],[112.55,-6.04],[112.6,-6.05],[112.63,-6.05],[112.65,-6.05],[112.7,-6.06],[112.75,-6.06],[112.8,-6.07],[112.85,-6.07],[112.9,-6.08],[112.95,-6.08],[113,-6.09],[113.05,-6.09],[113.1,-6.09],[113.15,-6.1],[113.2,-6.1],[113.24,-6.1],[113.25,-6.1],[113.3,-6.1],[113.35,-6.1],[113.4,-6.11],[113.45,-6.11],[113.5,-6.11],[113.55,-6.11],[113.6,-6.11],[113.65,-6.11],[113.7,-6.11],[113.75,-6.11],[113.8,-6.11],[113.85,-6.11],[113.9,-6.11],[113.95,-6.11],[114,-6.11],[114.05,-6.11],[114.1,-6.11],[114.15,-6.11],[114.2,-6.11],[114.25,-6.11],[114.3,-6.11],[114.35,-6.11],[114.4,-6.11],[114.45,-6.11],[114.5,-6.11],[114.55,-6.11],[114.6,-6.12],[114.65,-6.12],[114.7,-6.12],[114.75,-6.13],[114.8,-6.13],[114.85,-6.14],[114.9,-6.14],[114.94,-6.15],[114.95,-6.15],[115,-6.16],[115.05,-6.17],[115.1,-6.18],[115.15,-6.19],[115.2,-6.2],[115.2,-6.2],[115.25,-6.21],[115.3,-6.23],[115.35,-6.24],[115.39,-6.25],[115.4,-6.25],[115.45,-6.27],[115.5,-6.28],[115.55,-6.3],[115.55,-6.3],[115.6,-6.32],[115.65,-6.34],[115.69,-6.35],[115.7,-6.35],[115.75,-6.37],[115.8,-6.39],[115.83,-6.4],[115.85,-6.41],[115.9,-6.43],[115.95,-6.45],[115.96,-6.45],[116,-6.46],[116.05,-6.48],[116.1,-6.5],[116.1,-6.5],[116.15,-6.52],[116.2,-6.54],[116.24,-6.55],[116.25,-6.55],[116.3,-6.57],[116.35,-6.59],[116.38,-6.6],[116.4,-6.61],[116.45,-6.62],[116.5,-6.64],[116.54,-6.65],[116.55,-6.65],[116.6,-6.67],[116.65,-6.68],[116.7,-6.69],[116.72,-6.7],[116.75,-6.71],[116.8,-6.72],[116.85,-6.73],[116.9,-6.74],[116.95,-6.75],[116.96,-6.75],[117,-6.76],[117.05,-6.76],[117.1,-6.77],[117.15,-6.78],[117.2,-6.78],[117.25,-6.79],[117.3,-6.79],[117.35,-6.79],[117.4,-6.8],[117.45,-6.8],[117.5,-6.8],[117.51,-6.8],[117.55,-6.8],[117.6,-6.8],[117.65,-6.8],[117.7,-6.81],[117.75,-6.81],[117.8,-6.81],[117.85,-6.81],[117.9,-6.81],[117.95,-6.82],[118,-6.82],[118.05,-6.83],[118.1,-6.83],[118.15,-6.83],[118.2,-6.84],[118.25,-6.84],[118.29,-6.85],[118.3,-6.85],[118.35,-6.86],[118.4,-6.86],[118.45,-6.87],[118.5,-6.87],[118.55,-6.88],[118.6,-6.88],[118.65,-6.89],[118.7,-6.89],[118.75,-6.9],[118.8,-6.9],[118.82,-6.9],[118.85,-6.9],[118.9,-6.9],[118.95,-6.91],[119,-6.91],[119.05,-6.91],[119.1,-6.91],[119.15,-6.91],[119.2,-6.92],[119.25,-6.92],[119.3,-6.92],[119.35,-6.92],[119.4,-6.93],[119.45,-6.93],[119.5,-6.93],[119.55,-6.93],[119.6,-6.94],[119.65,-6.94],[119.7,-6.95],[119.75,-6.95],[119.76,-6.95],[119.8,-6.95],[119.85,-6.96],[119.9,-6.96],[119.95,-6.97],[120,-6.97],[120.05,-6.97],[120.1,-6.98],[120.15,-6.98],[120.2,-6.98],[120.25,-6.98],[120.3,-6.99],[120.35,-6.99],[120.4,-6.99],[120.45,-6.99],[120.5,-6.99],[120.55,-6.99],[120.6,-6.99],[120.65,-6.98],[120.7,-6.98],[120.75,-6.98],[120.8,-6.98],[120.85,-6.97],[120.9,-6.97],[120.95,-6.96],[121,-6.96],[121.05,-6.96],[121.1,-6.95],[121.13,-6.95],[121.15,-6.95],[121.2,-6.95],[121.25,-6.94],[121.3,-6.94],[121.35,-6.94],[121.4,-6.93],[121.45,-6.93],[121.5,-6.93],[121.55,-6.93],[121.6,-6.92],[121.65,-6.92],[121.7,-6.92],[121.75,-6.92],[121.8,-6.92],[121.85,-6.92],[121.9,-6.92],[121.95,-6.92],[122,-6.92],[122.05,-6.92],[122.1,-6.92],[122.15,-6.92],[122.2,-6.93],[122.25,-6.93],[122.3,-6.93],[122.35,-6.93],[122.4,-6.94],[122.45,-6.94],[122.5,-6.95],[122.55,-6.95],[122.57,-6.95],[122.6,-6.95],[122.65,-6.96],[122.7,-6.96],[122.75,-6.96],[122.8,-6.97],[122.85,-6.97],[122.9,-6.98],[122.95,-6.98],[123,-6.99],[123.05,-6.99],[123.1,-6.99],[123.15,-7],[123.17,-7],[123.2,-7],[123.25,-7.01],[123.3,-7.01],[123.35,-7.01],[123.4,-7.01],[123.45,-7.01],[123.5,-7.02],[123.55,-7.02],[123.6,-7.01],[123.65,-7.01],[123.7,-7.01],[123.75,-7.01],[123.8,-7],[123.82,-7],[123.85,-7],[123.9,-6.99],[123.95,-6.98],[124,-6.98],[124.05,-6.97],[124.1,-6.96],[124.14,-6.95],[124.15,-6.95],[124.2,-6.94],[124.25,-6.93],[124.3,-6.91],[124.35,-6.9],[124.35,-6.9],[124.4,-6.89],[124.45,-6.87],[124.5,-6.86],[124.52,-6.85],[124.55,-6.84],[124.6,-6.82],[124.65,-6.81],[124.67,-6.8],[124.7,-6.79],[124.75,-6.77],[124.8,-6.75],[124.8,-6.75],[124.85,-6.73],[124.9,-6.71],[124.93,-6.7],[124.95,-6.69],[125,-6.67],[125.05,-6.65],[125.05,-6.65],[125.1,-6.63],[125.15,-6.6],[125.16,-6.6],[125.2,-6.58],[125.25,-6.56],[125.27,-6.55],[125.3,-6.53],[125.35,-6.51],[125.37,-6.5],[125.4,-6.48],[125.45,-6.45],[125.45,-6.45],[125.5,-6.42],[125.53,-6.4],[125.55,-6.38],[125.59,-6.35],[125.6,-6.34],[125.65,-6.3],[125.65,-6.29],[125.69,-6.25],[125.7,-6.23],[125.72,-6.2],[125.75,-6.15],[125.75,-6.15],[125.77,-6.1],[125.79,-6.05],[125.79,-6],[125.8,-5.95],[125.79,-5.9],[125.79,-5.85],[125.77,-5.8],[125.76,-5.75],[125.75,-5.73],[125.74,-5.7],[125.71,-5.65],[125.7,-5.63],[125.68,-5.6],[125.65,-5.55],[125.65,-5.55],[125.62,-5.5],[125.6,-5.48],[125.58,-5.45],[125.55,-5.41],[125.54,-5.4],[125.51,-5.35],[125.5,-5.34],[125.47,-5.3],[125.45,-5.28],[125.43,-5.25],[125.4,-5.22],[125.39,-5.2],[125.35,-5.16],[125.34,-5.15],[125.3,-5.1],[125.3,-5.09],[125.26,-5.05],[125.25,-5.03],[125.23,-5],[125.2,-4.97],[125.19,-4.95],[125.15,-4.9],[125.15,-4.9],[125.11,-4.85],[125.1,-4.83],[125.08,-4.8],[125.05,-4.76],[125.04,-4.75],[125,-4.7],[125,-4.69],[124.97,-4.65],[124.95,-4.63],[124.93,-4.6],[124.9,-4.56],[124.89,-4.55],[124.85,-4.5],[124.85,-4.5],[124.81,-4.45],[124.8,-4.44],[124.77,-4.4],[124.75,-4.38],[124.72,-4.35],[124.7,-4.33],[124.67,-4.3],[124.65,-4.28],[124.61,-4.25],[124.6,-4.24],[124.56,-4.2],[124.55,-4.19],[124.5,-4.15],[124.49,-4.15],[124.45,-4.12],[124.43,-4.1],[124.4,-4.08],[124.36,-4.05],[124.35,-4.04],[124.3,-4],[124.3,-4],[124.25,-3.96],[124.23,-3.95],[124.2,-3.92],[124.17,-3.9],[124.15,-3.88],[124.11,-3.85],[124.1,-3.84],[124.05,-3.8],[124.05,-3.8],[124,-3.75],[124,-3.75],[123.95,-3.7],[123.95,-3.7],[123.9,-3.65],[123.9,-3.65],[123.86,-3.6],[123.85,-3.59],[123.82,-3.55],[123.8,-3.53],[123.78,-3.5],[123.75,-3.46],[123.75,-3.45],[123.71,-3.4],[123.7,-3.38],[123.68,-3.35],[123.65,-3.3],[123.65,-3.3],[123.62,-3.25],[123.6,-3.2],[123.6,-3.2],[123.57,-3.15],[123.55,-3.1]]}},{"type":"Feature","properties":{"zone":"sum","depth_km":400},"geometry":{"type":"LineString","coordinates":[[103.07,-1],[103.08,-1.05],[103.1,-1.1],[103.1,-1.1],[103.11,-1.15],[103.13,-1.2],[103.14,-1.25],[103.15,-1.28],[103.16,-1.3],[103.17,-1.35],[103.18,-1.4],[103.2,-1.45],[103.2,-1.46],[103.21,-1.5],[103.23,-1.55],[103.24,-1.6],[103.25,-1.63],[103.26,-1.65],[103.28,-1.7],[103.29,-1.75],[103.3,-1.76],[103.32,-1.8],[103.34,-1.85],[103.35,-1.87],[103.36,-1.9],[103.39,-1.95],[103.4,-1.96],[103.42,-2],[103.45,-2.04],[103.46,-2.05],[103.49,-2.1],[103.5,-2.11],[103.53,-2.15],[103.55,-2.18],[103.57,-2.2],[103.6,-2.23],[103.61,-2.25],[103.65,-2.29],[103.66,-2.3],[103.7,-2.34],[103.71,-2.35],[103.75,-2.39],[103.76,-2.4],[103.8,-2.44],[103.81,-2.45],[103.85,-2.49],[103.86,-2.5],[103.9,-2.53],[103.92,-2.55],[103.95,-2.58],[103.98,-2.6],[104,-2.62],[104.04,-2.65],[104.05,-2.66],[104.1,-2.69],[104.11,-2.7],[104.15,-2.73],[104.18,-2.75],[104.2,-2.76],[104.25,-2.8],[104.25,-2.8],[104.3,-2.83],[104.33,-2.85],[104.35,-2.86],[104.4,-2.89],[104.41,-2.9],[104.45,-2.93],[104.49,-2.95],[104.5,-2.96],[104.55,-2.98],[104.58,-3],[104.6,-3.01],[104.65,-3.04],[104.66,-3.05],[104.7,-3.07],[104.74,-3.1],[104.75,-3.1],[104.8,-3.14],[104.82,-3.15],[104.85,-3.17],[104.9,-3.2],[104.9,-3.2],[104.95,-3.24],[104.96,-3.25],[105,-3.28],[105.02,-3.3],[105.05,-3.32],[105.08,-3.35],[105.1,-3.37],[105.13,-3.4],[105.15,-3.42],[105.17,-3.45],[105.2,-3.48],[105.21,-3.5],[105.25,-3.55],[105.25,-3.55],[105.29,-3.6],[105.3,-3.62],[105.32,-3.65],[105.35,-3.69],[105.36,-3.7],[105.39,-3.75],[105.4,-3.76],[105.43,-3.8],[105.45,-3.83],[105.46,-3.85],[105.5,-3.9],[105.5,-3.9],[105.54,-3.95],[105.55,-3.96],[105.59,-4],[105.6,-4.01],[105.64,-4.05],[105.65,-4.06],[105.69,-4.1],[105.7,-4.11],[105.75,-4.15],[105.75,-4.15],[105.8,-4.19],[105.82,-4.2],[105.85,-4.22],[105.89,-4.25],[105.9,-4.26],[105.95,-4.29],[105.96,-4.3],[106,-4.32],[106.04,-4.35],[106.05,-4.36],[106.1,-4.39],[106.12,-4.4],[106.15,-4.42],[106.2,-4.45],[106.2,-4.45],[106.25,-4.48],[106.29,-4.5],[106.3,-4.51],[106.35,-4.53],[106.38,-4.55],[106.4,-4.56],[106.45,-4.59],[106.46,-4.6],[106.5,-4.62],[106.55,-4.65],[106.55,-4.65],[106.6,-4.68],[106.64,-4.7],[106.65,-4.71],[106.7,-4.74],[106.72,-4.75],[106.75,-4.77],[106.8,-4.8],[106.8,-4.8],[106.85,-4.83],[106.89,-4.85],[106.9,-4.86],[106.95,-4.89],[106.97,-4.9],[107,-4.92],[107.05,-4.95],[107.05,-4.95],[107.1,-4.98],[107.14,-5],[107.15,-5.01],[107.2,-5.04],[107.22,-5.05],[107.25,-5.07],[107.3,-5.1],[107.31,-5.1],[107.35,-5.12],[107.4,-5.15],[107.4,-5.15],[107.45,-5.18],[107.49,-5.2],[107.5,-5.2],[107.55,-5.23],[107.59,-5.25],[107.6,-5.25],[107.65,-5.28],[107.7,-5.3],[107.7,-5.3],[107.75,-5.32],[107.8,-5.34],[107.82,-5.35],[107.85,-5.36],[107.9,-5.38],[107.94,-5.4],[107.95,-5.4],[108,-5.42],[108.05,-5.44],[108.1,-5.45],[108.1,-5.45],[108.15,-5.46],[108.2,-5.48],[108.25,-5.49],[108.3,-5.5],[108.31,-5.5],[108.35,-5.51],[108.4,-5.52],[108.45,-5.52],[108.5,-5.53],[108.55,-5.54],[108.6,-5.55],[108.62,-5.55],[108.65,-5.55],[108.7,-5.56],[108.75,-5.57],[108.8,-5.58],[108.85,-5.59],[108.9,-5.6],[108.9,-5.6],[108.95,-5.61],[109,-5.62],[109.05,-5.64],[109.1,-5.65],[109.1,-5.65],[109.15,-5.67],[109.2,-5.68],[109.25,-5.7],[109.26,-5.7],[109.3,-5.71],[109.35,-5.73],[109.4,-5.75],[109.4,-5.75],[109.45,-5.77],[109.5,-5.79],[109.54,-5.8],[109.55,-5.8],[109.6,-5.82],[109.65,-5.84],[109.69,-5.85],[109.7,-5.85],[109.75,-5.87],[109.8,-5.88],[109.85,-5.9],[109.86,-5.9],[109.9,-5.91],[109.95,-5.92],[110,-5.93],[110.05,-5.94],[110.1,-5.95],[110.11,-5.95],[110.15,-5.96],[110.2,-5.96],[110.25,-5.97],[110.3,-5.97],[110.35,-5.98],[110.4,-5.98],[110.45,-5.98],[110.5,-5.99],[110.55,-5.99],[110.6,-6],[110.65,-6],[110.65,-6],[110.7,-6.01],[110.75,-6.01],[110.8,-6.02],[110.85,-6.03],[110.9,-6.04],[110.95,-6.05],[110.97,-6.05],[111,-6.06],[111.05,-6.07],[111.1,-6.08],[111.15,-6.09],[111.18,-6.1],[111.2,-6.1],[111.25,-6.12],[111.3,-6.13],[111.35,-6.14],[111.38,-6.15],[111.4,-6.15],[111.45,-6.17],[111.5,-6.18],[111.55,-6.19],[111.6,-6.2],[111.6,-6.2],[111.65,-6.21],[111.7,-6.22],[111.75,-6.23],[111.8,-6.24],[111.85,-6.25],[111.86,-6.25],[111.9,-6.26],[111.95,-6.27],[112,-6.27],[112.05,-6.28],[112.1,-6.29],[112.15,-6.29],[112.19,-6.3],[112.2,-6.3],[112.25,-6.31],[112.3,-6.31],[112.35,-6.32],[112.4,-6.32],[112.45,-6.33],[112.5,-6.34],[112.55,-6.34],[112.6,-6.34],[112.65,-6.35],[112.66,-6.35],[112.7,-6.35],[112.75,-6.36],[112.8,-6.36],[112.85,-6.37],[112.9,-6.37],[112.95,-6.37],[113,-6.38],[113.05,-6.38],[113.1,-6.38],[113.15,-6.39],[113.2,-6.39],[113.25,-6.39],[113.3,-6.39],[113.35,-6.4],[113.4,-6.4],[113.4,-6.4],[113.45,-6.4],[113.5,-6.4],[113.55,-6.41],[113.6,-6.41],[113.65,-6.41],[113.7,-6.41],[113.75,-6.42],[113.8,-6.42],[113.85,-6.42],[113.9,-6.42],[113.95,-6.43],[114,-6.43],[114.05,-6.43],[114.1,-6.43],[114.15,-6.44],[114.2,-6.44],[114.25,-6.45],[114.28,-6.45],[114.3,-6.45],[114.35,-6.46],[114.4,-6.46],[114.45,-6.47],[114.5,-6.48],[114.55,-6.49],[114.6,-6.49],[114.63,-6.5],[114.65,-6.5],[114.7,-6.51],[114.75,-6.52],[114.8,-6.54],[114.85,-6.55],[114.86,-6.55],[114.9,-6.56],[114.95,-6.57],[115,-6.59],[115.05,-6.6],[115.05,-6.6],[115.1,-6.61],[115.15,-6.63],[115.2,-6.64],[115.22,-6.65],[115.25,-6.66],[115.3,-6.67],[115.35,-6.69],[115.39,-6.7],[115.4,-6.7],[115.45,-6.72],[115.5,-6.74],[115.54,-6.75],[115.55,-6.75],[115.6,-6.77],[115.65,-6.78],[115.7,-6.8],[115.7,-6.8],[115.75,-6.81],[115.8,-6.83],[115.85,-6.84],[115.88,-6.85],[115.9,-6.86],[115.95,-6.87],[116,-6.88],[116.05,-6.9],[116.06,-6.9],[116.1,-6.91],[116.15,-6.92],[116.2,-6.93],[116.25,-6.95],[116.26,-6.95],[116.3,-6.96],[116.35,-6.97],[116.4,-6.98],[116.45,-6.99],[116.48,-7],[116.5,-7],[116.55,-7.01],[116.6,-7.02],[116.65,-7.03],[116.7,-7.04],[116.75,-7.05],[116.75,-7.05],[116.8,-7.06],[116.85,-7.07],[116.9,-7.07],[116.95,-7.08],[117,-7.08],[117.05,-7.09],[117.1,-7.09],[117.15,-7.09],[117.2,-7.09],[117.25,-7.09],[117.3,-7.09],[117.35,-7.09],[117.4,-7.09],[117.45,-7.09],[117.5,-7.09],[117.55,-7.09],[117.6,-7.09],[117.65,-7.08],[117.7,-7.08],[117.75,-7.08],[117.8,-7.08],[117.85,-7.08],[117.9,-7.08],[117.95,-7.08],[118,-7.08],[118.05,-7.08],[118.1,-7.08],[118.15,-7.08],[118.2,-7.08],[118.25,-7.09],[118.3,-7.09],[118.35,-7.09],[118.4,-7.1],[118.45,-7.1],[118.45,-7.1],[118.5,-7.1],[118.55,-7.11],[118.6,-7.11],[118.65,-7.11],[118.7,-7.12],[118.75,-7.12],[118.8,-7.12],[118.85,-7.13],[118.9,-7.13],[118.95,-7.13],[119,-7.13],[119.05,-7.13],[119.1,-7.13],[119.15,-7.14],[119.2,-7.14],[119.25,-7.14],[119.3,-7.14],[119.35,-7.14],[119.4,-7.15],[119.45,-7.15],[119.45,-7.15],[119.5,-7.15],[119.55,-7.16],[119.6,-7.16],[119.65,-7.16],[119.7,-7.17],[119.75,-7.17],[119.8,-7.17],[119.85,-7.18],[119.9,-7.18],[119.95,-7.18],[120,-7.18],[120.05,-7.19],[120.1,-7.19],[120.15,-7.19],[120.2,-7.2],[120.25,-7.2],[120.3,-7.2],[120.31,-7.2],[120.35,-7.2],[120.4,-7.2],[120.45,-7.2],[120.5,-7.21],[120.55,-7.21],[120.6,-7.21],[120.65,-7.21],[120.7,-7.21],[120.75,-7.21],[120.8,-7.21],[120.85,-7.21],[120.9,-7.21],[120.95,-7.21],[121,-7.21],[121.05,-7.2],[121.1,-7.2],[121.15,-7.2],[121.2,-7.2],[121.25,-7.2],[121.3,-7.2],[121.34,-7.2],[121.35,-7.2],[121.4,-7.2],[121.45,-7.2],[121.5,-7.2],[121.55,-7.2],[121.6,-7.2],[121.65,-7.2],[121.7,-7.2],[121.75,-7.2],[121.8,-7.2],[121.85,-7.2],[121.88,-7.2],[121.9,-7.2],[121.95,-7.2],[122,-7.21],[122.05,-7.21],[122.1,-7.21],[122.15,-7.21],[122.2,-7.22],[122.25,-7.22],[122.3,-7.22],[122.35,-7.23],[122.4,-7.23],[122.45,-7.23],[122.5,-7.24],[122.55,-7.24],[122.6,-7.24],[122.65,-7.24],[122.7,-7.25],[122.74,-7.25],[122.75,-7.25],[122.8,-7.25],[122.85,-7.26],[122.9,-7.26],[122.95,-7.26],[123,-7.27],[123.05,-7.27],[123.1,-7.28],[123.15,-7.28],[123.2,-7.28],[123.25,-7.29],[123.3,-7.29],[123.35,-7.29],[123.4,-7.3],[123.45,-7.3],[123.5,-7.3],[123.55,-7.3],[123.55,-7.3],[123.6,-7.3],[123.65,-7.3],[123.68,-7.3],[123.7,-7.3],[123.75,-7.3],[123.8,-7.3],[123.85,-7.29],[123.9,-7.29],[123.95,-7.29],[124,-7.28],[124.05,-7.28],[124.1,-7.27],[124.15,-7.26],[124.2,-7.26],[124.23,-7.25],[124.25,-7.25],[124.3,-7.24],[124.35,-7.23],[124.4,-7.22],[124.45,-7.21],[124.48,-7.2],[124.5,-7.2],[124.55,-7.18],[124.6,-7.17],[124.65,-7.16],[124.69,-7.15],[124.7,-7.15],[124.75,-7.14],[124.8,-7.12],[124.85,-7.11],[124.9,-7.1],[124.91,-7.1],[124.95,-7.09],[125,-7.08],[125.05,-7.07],[125.1,-7.06],[125.15,-7.06],[125.2,-7.05],[125.2,-7.05],[125.25,-7.04],[125.3,-7.04],[125.35,-7.03],[125.4,-7.03],[125.45,-7.03],[125.5,-7.02],[125.55,-7.02],[125.6,-7.02],[125.65,-7.01],[125.7,-7],[125.74,-7],[125.75,-7],[125.8,-6.99],[125.85,-6.98],[125.9,-6.97],[125.95,-6.96],[125.98,-6.95],[126,-6.94],[126.05,-6.93],[126.1,-6.91],[126.14,-6.9],[126.15,-6.9],[126.2,-6.88],[126.25,-6.86],[126.27,-6.85],[126.3,-6.83],[126.35,-6.81],[126.38,-6.8],[126.4,-6.79],[126.45,-6.76],[126.48,-6.75],[126.5,-6.74],[126.55,-6.71],[126.57,-6.7],[126.6,-6.68],[126.65,-6.65],[126.65,-6.65],[126.7,-6.62],[126.73,-6.6],[126.75,-6.59],[126.8,-6.55],[126.8,-6.55],[126.85,-6.51],[126.86,-6.5],[126.9,-6.47],[126.92,-6.45],[126.95,-6.42],[126.97,-6.4],[127,-6.37],[127.02,-6.35],[127.05,-6.31],[127.06,-6.3],[127.1,-6.25],[127.1,-6.25],[127.13,-6.2],[127.15,-6.16],[127.16,-6.15],[127.18,-6.1],[127.2,-6.05],[127.2,-6.04],[127.21,-6],[127.22,-5.95],[127.22,-5.9],[127.22,-5.85],[127.21,-5.8],[127.2,-5.76],[127.2,-5.75],[127.18,-5.7],[127.16,-5.65],[127.15,-5.64],[127.13,-5.6],[127.1,-5.56],[127.1,-5.55],[127.06,-5.5],[127.05,-5.49],[127.02,-5.45],[127,-5.43],[126.97,-5.4],[126.95,-5.38],[126.92,-5.35],[126.9,-5.33],[126.87,-5.3],[126.85,-5.29],[126.81,-5.25],[126.8,-5.24],[126.75,-5.21],[126.74,-5.2],[126.7,-5.17],[126.68,-5.15],[126.65,-5.13],[126.61,-5.1],[126.6,-5.1],[126.55,-5.06],[126.53,-5.05],[126.5,-5.03],[126.46,-5],[126.45,-4.99],[126.4,-4.96],[126.38,-4.95],[126.35,-4.93],[126.3,-4.9],[126.3,-4.9],[126.25,-4.87],[126.22,-4.85],[126.2,-4.84],[126.15,-4.8],[126.14,-4.8],[126.1,-4.77],[126.07,-4.75],[126.05,-4.74],[126,-4.7],[125.99,-4.7],[125.95,-4.67],[125.92,-4.65],[125.9,-4.63],[125.86,-4.6],[125.85,-4.59],[125.8,-4.55],[125.8,-4.55],[125.75,-4.5],[125.75,-4.5],[125.7,-4.45],[125.7,-4.45],[125.65,-4.4],[125.65,-4.4],[125.61,-4.35],[125.6,-4.34],[125.57,-4.3],[125.55,-4.28],[125.53,-4.25],[125.5,-4.21],[125.49,-4.2],[125.45,-4.15],[125.45,-4.15],[125.41,-4.1],[125.4,-4.09],[125.37,-4.05],[125.35,-4.03],[125.33,-4],[125.3,-3.97],[125.28,-3.95],[125.25,-3.92],[125.23,-3.9],[125.2,-3.87],[125.18,-3.85],[125.15,-3.82],[125.13,-3.8],[125.1,-3.78],[125.07,-3.75],[125.05,-3.74],[125.01,-3.7],[125,-3.7],[124.95,-3.66],[124.94,-3.65],[124.9,-3.62],[124.88,-3.6],[124.85,-3.58],[124.81,-3.55],[124.8,-3.54],[124.75,-3.5],[124.75,-3.5],[124.7,-3.46],[124.69,-3.45],[124.65,-3.42],[124.63,-3.4],[124.6,-3.38],[124.57,-3.35],[124.55,-3.33],[124.52,-3.3],[124.5,-3.28],[124.46,-3.25],[124.45,-3.24],[124.42,-3.2],[124.4,-3.18],[124.37,-3.15],[124.35,-3.13],[124.33,-3.1],[124.3,-3.07],[124.28,-3.05],[124.25,-3.01],[124.25,-3],[124.21,-2.95],[124.2,-2.94],[124.17,-2.9],[124.15,-2.86],[124.14,-2.85],[124.11,-2.8]]}},{"type":"Feature","properties":{"zone":"sum","depth_km":300},"geometry":{"type":"LineString","coordinates":[[102.45,-0.9],[102.48,-0.95],[102.5,-0.99],[102.51,-1],[102.53,-1.05],[102.55,-1.08],[102.56,-1.1],[102.58,-1.15],[102.6,-1.19],[102.6,-1.2],[102.63,-1.25],[102.65,-1.3],[102.65,-1.31],[102.67,-1.35],[102.68,-1.4],[102.7,-1.44],[102.7,-1.45],[102.72,-1.5],[102.74,-1.55],[102.75,-1.58],[102.76,-1.6],[102.77,-1.65],[102.79,-1.7],[102.8,-1.72],[102.81,-1.75],[102.83,-1.8],[102.85,-1.85],[102.85,-1.85],[102.87,-1.9],[102.89,-1.95],[102.9,-1.96],[102.92,-2],[102.94,-2.05],[102.95,-2.06],[102.97,-2.1],[103,-2.15],[103,-2.15],[103.03,-2.2],[103.05,-2.23],[103.07,-2.25],[103.1,-2.29],[103.1,-2.3],[103.14,-2.35],[103.15,-2.36],[103.18,-2.4],[103.2,-2.42],[103.23,-2.45],[103.25,-2.47],[103.27,-2.5],[103.3,-2.53],[103.32,-2.55],[103.35,-2.58],[103.37,-2.6],[103.4,-2.63],[103.42,-2.65],[103.45,-2.68],[103.48,-2.7],[103.5,-2.72],[103.53,-2.75],[103.55,-2.77],[103.59,-2.8],[103.6,-2.81],[103.64,-2.85],[103.65,-2.86],[103.7,-2.9],[103.7,-2.9],[103.75,-2.94],[103.76,-2.95],[103.8,-2.98],[103.83,-3],[103.85,-3.02],[103.89,-3.05],[103.9,-3.06],[103.95,-3.1],[103.96,-3.1],[104,-3.13],[104.02,-3.15],[104.05,-3.17],[104.09,-3.2],[104.1,-3.21],[104.15,-3.24],[104.16,-3.25],[104.2,-3.28],[104.23,-3.3],[104.25,-3.31],[104.3,-3.34],[104.31,-3.35],[104.35,-3.38],[104.38,-3.4],[104.4,-3.41],[104.45,-3.44],[104.46,-3.45],[104.5,-3.48],[104.54,-3.5],[104.55,-3.51],[104.6,-3.54],[104.61,-3.55],[104.65,-3.58],[104.67,-3.6],[104.7,-3.62],[104.74,-3.65],[104.75,-3.66],[104.79,-3.7],[104.8,-3.71],[104.84,-3.75],[104.85,-3.76],[104.89,-3.8],[104.9,-3.81],[104.93,-3.85],[104.95,-3.87],[104.97,-3.9],[105,-3.93],[105.01,-3.95],[105.05,-4],[105.05,-4],[105.09,-4.05],[105.1,-4.06],[105.14,-4.1],[105.15,-4.12],[105.18,-4.15],[105.2,-4.17],[105.23,-4.2],[105.25,-4.22],[105.27,-4.25],[105.3,-4.27],[105.33,-4.3],[105.35,-4.32],[105.38,-4.35],[105.4,-4.37],[105.44,-4.4],[105.45,-4.41],[105.5,-4.45],[105.5,-4.45],[105.55,-4.49],[105.57,-4.5],[105.6,-4.52],[105.64,-4.55],[105.65,-4.56],[105.7,-4.59],[105.71,-4.6],[105.75,-4.63],[105.78,-4.65],[105.8,-4.66],[105.85,-4.69],[105.86,-4.7],[105.9,-4.72],[105.95,-4.75],[105.95,-4.75],[106,-4.78],[106.03,-4.8],[106.05,-4.81],[106.1,-4.84],[106.12,-4.85],[106.15,-4.87],[106.2,-4.9],[106.21,-4.9],[106.25,-4.92],[106.3,-4.95],[106.3,-4.95],[106.35,-4.98],[106.39,-5],[106.4,-5.01],[106.45,-5.03],[106.48,-5.05],[106.5,-5.06],[106.55,-5.09],[106.57,-5.1],[106.6,-5.12],[106.65,-5.15],[106.65,-5.15],[106.7,-5.18],[106.73,-5.2],[106.75,-5.21],[106.8,-5.24],[106.82,-5.25],[106.85,-5.27],[106.9,-5.3],[106.9,-5.3],[106.95,-5.33],[106.98,-5.35],[107,-5.36],[107.05,-5.39],[107.06,-5.4],[107.1,-5.42],[107.14,-5.45],[107.15,-5.45],[107.2,-5.48],[107.23,-5.5],[107.25,-5.51],[107.3,-5.54],[107.32,-5.55],[107.35,-5.56],[107.4,-5.59],[107.42,-5.6],[107.45,-5.62],[107.5,-5.64],[107.52,-5.65],[107.55,-5.67],[107.6,-5.69],[107.62,-5.7],[107.65,-5.71],[107.7,-5.73],[107.74,-5.75],[107.75,-5.76],[107.8,-5.78],[107.85,-5.8],[107.86,-5.8],[107.9,-5.81],[107.95,-5.83],[108,-5.85],[108,-5.85],[108.05,-5.86],[108.1,-5.88],[108.15,-5.89],[108.17,-5.9],[108.2,-5.91],[108.25,-5.92],[108.3,-5.93],[108.35,-5.94],[108.4,-5.95],[108.4,-5.95],[108.45,-5.96],[108.5,-5.97],[108.55,-5.98],[108.6,-5.99],[108.65,-6],[108.67,-6],[108.7,-6],[108.75,-6.01],[108.8,-6.02],[108.85,-6.03],[108.9,-6.05],[108.92,-6.05],[108.95,-6.06],[109,-6.07],[109.05,-6.08],[109.1,-6.1],[109.11,-6.1],[109.15,-6.11],[109.2,-6.13],[109.25,-6.14],[109.28,-6.15],[109.3,-6.16],[109.35,-6.17],[109.4,-6.19],[109.44,-6.2],[109.45,-6.2],[109.5,-6.22],[109.55,-6.24],[109.6,-6.25],[109.6,-6.25],[109.65,-6.27],[109.7,-6.28],[109.75,-6.29],[109.77,-6.3],[109.8,-6.31],[109.85,-6.32],[109.9,-6.33],[109.95,-6.34],[109.98,-6.35],[110,-6.35],[110.05,-6.36],[110.1,-6.37],[110.15,-6.38],[110.2,-6.38],[110.25,-6.39],[110.3,-6.4],[110.34,-6.4],[110.35,-6.4],[110.4,-6.41],[110.45,-6.41],[110.5,-6.41],[110.55,-6.42],[110.6,-6.42],[110.65,-6.43],[110.7,-6.43],[110.75,-6.44],[110.8,-6.45],[110.84,-6.45],[110.85,-6.45],[110.9,-6.46],[110.95,-6.47],[111,-6.48],[111.05,-6.49],[111.1,-6.49],[111.13,-6.5],[111.15,-6.5],[111.2,-6.51],[111.25,-6.52],[111.3,-6.53],[111.35,-6.54],[111.38,-6.55],[111.4,-6.55],[111.45,-6.56],[111.5,-6.57],[111.55,-6.58],[111.6,-6.59],[111.65,-6.6],[111.67,-6.6],[111.7,-6.6],[111.75,-6.61],[111.8,-6.62],[111.85,-6.63],[111.9,-6.63],[111.95,-6.64],[112,-6.65],[112.03,-6.65],[112.05,-6.65],[112.1,-6.66],[112.15,-6.66],[112.2,-6.67],[112.25,-6.68],[112.3,-6.68],[112.35,-6.69],[112.4,-6.69],[112.45,-6.7],[112.46,-6.7],[112.5,-6.7],[112.55,-6.71],[112.6,-6.72],[112.65,-6.72],[112.7,-6.73],[112.75,-6.73],[112.8,-6.73],[112.85,-6.74],[112.9,-6.74],[112.95,-6.75],[112.99,-6.75],[113,-6.75],[113.05,-6.76],[113.1,-6.76],[113.15,-6.76],[113.2,-6.77],[113.25,-6.77],[113.3,-6.78],[113.35,-6.78],[113.4,-6.79],[113.45,-6.79],[113.5,-6.8],[113.52,-6.8],[113.55,-6.8],[113.6,-6.81],[113.65,-6.81],[113.7,-6.82],[113.75,-6.83],[113.8,-6.83],[113.85,-6.84],[113.9,-6.85],[113.92,-6.85],[113.95,-6.85],[114,-6.86],[114.05,-6.87],[114.1,-6.88],[114.15,-6.89],[114.2,-6.89],[114.23,-6.9],[114.25,-6.9],[114.3,-6.91],[114.35,-6.92],[114.4,-6.93],[114.45,-6.94],[114.48,-6.95],[114.5,-6.95],[114.55,-6.96],[114.6,-6.98],[114.65,-6.99],[114.7,-7],[114.71,-7],[114.75,-7.01],[114.8,-7.02],[114.85,-7.03],[114.9,-7.04],[114.94,-7.05],[114.95,-7.05],[115,-7.06],[115.05,-7.07],[115.1,-7.09],[115.15,-7.1],[115.16,-7.1],[115.2,-7.11],[115.25,-7.12],[115.3,-7.13],[115.35,-7.15],[115.37,-7.15],[115.4,-7.16],[115.45,-7.17],[115.5,-7.18],[115.55,-7.2],[115.56,-7.2],[115.6,-7.21],[115.65,-7.22],[115.7,-7.23],[115.75,-7.25],[115.77,-7.25],[115.8,-7.26],[115.85,-7.27],[115.9,-7.28],[115.95,-7.29],[116,-7.3],[116.01,-7.3],[116.05,-7.31],[116.1,-7.32],[116.15,-7.33],[116.2,-7.34],[116.25,-7.34],[116.29,-7.35],[116.3,-7.35],[116.35,-7.36],[116.4,-7.37],[116.45,-7.37],[116.5,-7.38],[116.55,-7.39],[116.6,-7.4],[116.64,-7.4],[116.65,-7.4],[116.7,-7.41],[116.75,-7.41],[116.8,-7.42],[116.85,-7.42],[116.9,-7.43],[116.95,-7.43],[117,-7.43],[117.05,-7.43],[117.1,-7.44],[117.15,-7.44],[117.2,-7.44],[117.25,-7.44],[117.3,-7.44],[117.35,-7.44],[117.4,-7.44],[117.45,-7.43],[117.5,-7.43],[117.55,-7.43],[117.6,-7.43],[117.65,-7.42],[117.7,-7.42],[117.75,-7.42],[117.8,-7.41],[117.85,-7.41],[117.9,-7.41],[117.95,-7.4],[118,-7.4],[118,-7.4],[118.05,-7.4],[118.1,-7.4],[118.15,-7.39],[118.2,-7.39],[118.25,-7.39],[118.3,-7.39],[118.35,-7.4],[118.4,-7.4],[118.45,-7.4],[118.49,-7.4],[118.5,-7.4],[118.55,-7.4],[118.6,-7.4],[118.65,-7.41],[118.7,-7.41],[118.75,-7.41],[118.8,-7.41],[118.85,-7.42],[118.9,-7.42],[118.95,-7.42],[119,-7.42],[119.05,-7.42],[119.1,-7.43],[119.15,-7.43],[119.2,-7.43],[119.25,-7.43],[119.3,-7.43],[119.35,-7.44],[119.4,-7.44],[119.45,-7.44],[119.5,-7.44],[119.55,-7.44],[119.6,-7.45],[119.65,-7.45],[119.69,-7.45],[119.7,-7.45],[119.75,-7.45],[119.8,-7.46],[119.85,-7.46],[119.9,-7.46],[119.95,-7.46],[120,-7.47],[120.05,-7.47],[120.1,-7.47],[120.15,-7.47],[120.2,-7.47],[120.25,-7.48],[120.3,-7.48],[120.35,-7.48],[120.4,-7.48],[120.45,-7.49],[120.5,-7.49],[120.55,-7.49],[120.6,-7.49],[120.65,-7.49],[120.7,-7.5],[120.75,-7.5],[120.79,-7.5],[120.8,-7.5],[120.85,-7.5],[120.9,-7.5],[120.95,-7.51],[121,-7.51],[121.05,-7.51],[121.1,-7.51],[121.15,-7.51],[121.2,-7.51],[121.25,-7.51],[121.3,-7.52],[121.35,-7.52],[121.4,-7.52],[121.45,-7.52],[121.5,-7.52],[121.55,-7.52],[121.6,-7.52],[121.65,-7.52],[121.7,-7.52],[121.75,-7.52],[121.8,-7.52],[121.85,-7.52],[121.9,-7.52],[121.95,-7.52],[122,-7.52],[122.05,-7.52],[122.1,-7.52],[122.15,-7.53],[122.2,-7.53],[122.25,-7.53],[122.3,-7.53],[122.35,-7.53],[122.4,-7.53],[122.45,-7.54],[122.5,-7.54],[122.55,-7.54],[122.6,-7.54],[122.65,-7.54],[122.7,-7.54],[122.75,-7.54],[122.8,-7.55],[122.85,-7.55],[122.87,-7.55],[122.9,-7.55],[122.95,-7.55],[123,-7.56],[123.05,-7.56],[123.1,-7.56],[123.15,-7.56],[123.2,-7.57],[123.25,-7.57],[123.3,-7.57],[123.35,-7.58],[123.4,-7.58],[123.45,-7.58],[123.5,-7.58],[123.55,-7.58],[123.6,-7.58],[123.65,-7.58],[123.7,-7.59],[123.75,-7.59],[123.8,-7.58],[123.85,-7.58],[123.9,-7.58],[123.95,-7.58],[124,-7.58],[124.05,-7.57],[124.1,-7.57],[124.15,-7.56],[124.2,-7.56],[124.24,-7.55],[124.25,-7.55],[124.3,-7.54],[124.35,-7.53],[124.4,-7.52],[124.45,-7.51],[124.5,-7.5],[124.51,-7.5],[124.55,-7.49],[124.6,-7.48],[124.65,-7.47],[124.7,-7.46],[124.72,-7.45],[124.75,-7.44],[124.8,-7.43],[124.85,-7.42],[124.9,-7.41],[124.95,-7.4],[124.97,-7.4],[125,-7.4],[125.05,-7.39],[125.1,-7.38],[125.15,-7.38],[125.2,-7.38],[125.25,-7.37],[125.3,-7.37],[125.35,-7.37],[125.4,-7.37],[125.45,-7.37],[125.5,-7.37],[125.55,-7.37],[125.6,-7.37],[125.65,-7.37],[125.7,-7.37],[125.75,-7.37],[125.8,-7.36],[125.85,-7.36],[125.9,-7.35],[125.91,-7.35],[125.95,-7.34],[126,-7.33],[126.05,-7.32],[126.1,-7.31],[126.14,-7.3],[126.15,-7.3],[126.2,-7.28],[126.25,-7.27],[126.3,-7.25],[126.31,-7.25],[126.35,-7.24],[126.4,-7.22],[126.45,-7.2],[126.45,-7.2],[126.5,-7.18],[126.55,-7.17],[126.59,-7.15],[126.6,-7.15],[126.65,-7.13],[126.7,-7.11],[126.72,-7.1],[126.75,-7.09],[126.8,-7.07],[126.85,-7.05],[126.85,-7.05],[126.9,-7.03],[126.95,-7.01],[126.97,-7],[127,-6.99],[127.05,-6.97],[127.09,-6.95],[127.1,-6.94],[127.15,-6.92],[127.2,-6.9],[127.2,-6.9],[127.25,-6.88],[127.3,-6.85],[127.31,-6.85],[127.35,-6.83],[127.4,-6.8],[127.41,-6.8],[127.45,-6.78],[127.5,-6.75],[127.5,-6.75],[127.55,-6.72],[127.58,-6.7],[127.6,-6.69],[127.65,-6.66],[127.67,-6.65],[127.7,-6.63],[127.74,-6.6],[127.75,-6.59],[127.8,-6.56],[127.81,-6.55],[127.85,-6.52],[127.88,-6.5],[127.9,-6.49],[127.94,-6.45],[127.95,-6.44],[128,-6.4],[128,-6.4],[128.05,-6.36],[128.06,-6.35],[128.1,-6.31],[128.11,-6.3],[128.15,-6.25],[128.15,-6.25],[128.19,-6.2],[128.2,-6.19],[128.23,-6.15],[128.25,-6.11],[128.26,-6.1],[128.29,-6.05],[128.3,-6.02],[128.31,-6],[128.33,-5.95],[128.34,-5.9],[128.35,-5.87],[128.35,-5.85],[128.36,-5.8],[128.37,-5.75],[128.36,-5.7],[128.36,-5.65],[128.35,-5.6],[128.35,-5.59],[128.34,-5.55],[128.32,-5.5],[128.3,-5.45],[128.3,-5.45],[128.27,-5.4],[128.25,-5.37],[128.24,-5.35],[128.2,-5.3],[128.2,-5.3],[128.15,-5.25],[128.15,-5.25],[128.1,-5.2],[128.1,-5.2],[128.05,-5.15],[128.05,-5.15],[128,-5.11],[127.98,-5.1],[127.95,-5.07],[127.92,-5.05],[127.9,-5.04],[127.85,-5],[127.85,-5],[127.8,-4.97],[127.77,-4.95],[127.75,-4.93],[127.7,-4.9],[127.7,-4.9],[127.65,-4.87],[127.63,-4.85],[127.6,-4.83],[127.55,-4.8],[127.55,-4.8],[127.5,-4.76],[127.48,-4.75],[127.45,-4.73],[127.4,-4.7],[127.4,-4.7],[127.35,-4.67],[127.32,-4.65],[127.3,-4.64],[127.25,-4.61],[127.24,-4.6],[127.2,-4.58],[127.15,-4.55],[127.15,-4.55],[127.1,-4.52],[127.06,-4.5],[127.05,-4.49],[127,-4.47],[126.97,-4.45],[126.95,-4.44],[126.9,-4.41],[126.87,-4.4],[126.85,-4.39],[126.8,-4.36],[126.77,-4.35],[126.75,-4.34],[126.7,-4.31],[126.67,-4.3],[126.65,-4.29],[126.6,-4.27],[126.57,-4.25],[126.55,-4.24],[126.5,-4.22],[126.47,-4.2],[126.45,-4.19],[126.4,-4.16],[126.38,-4.15],[126.35,-4.13],[126.3,-4.1],[126.29,-4.1],[126.25,-4.07],[126.22,-4.05],[126.2,-4.04],[126.15,-4],[126.15,-4],[126.1,-3.96],[126.09,-3.95],[126.05,-3.92],[126.03,-3.9],[126,-3.87],[125.97,-3.85],[125.95,-3.83],[125.92,-3.8],[125.9,-3.78],[125.87,-3.75],[125.85,-3.73],[125.81,-3.7],[125.8,-3.69],[125.76,-3.65],[125.75,-3.64],[125.71,-3.6],[125.7,-3.59],[125.65,-3.55],[125.65,-3.55],[125.6,-3.51],[125.59,-3.5],[125.55,-3.47],[125.53,-3.45],[125.5,-3.43],[125.47,-3.4],[125.45,-3.39],[125.4,-3.35],[125.4,-3.35],[125.35,-3.31],[125.33,-3.3],[125.3,-3.27],[125.27,-3.25],[125.25,-3.24],[125.2,-3.2],[125.2,-3.2],[125.15,-3.16],[125.14,-3.15],[125.1,-3.12],[125.08,-3.1],[125.05,-3.08],[125.02,-3.05],[125,-3.03],[124.97,-3],[124.95,-2.99],[124.91,-2.95],[124.9,-2.94],[124.86,-2.9],[124.85,-2.89],[124.82,-2.85],[124.8,-2.83],[124.77,-2.8],[124.75,-2.77],[124.73,-2.75],[124.7,-2.71],[124.69,-2.7],[124.66,-2.65],[124.65,-2.64],[124.62,-2.6],[124.6,-2.56],[124.59,-2.55],[124.56,-2.5]]}},{"type":"Feature","properties":{"zone":"sum","depth_km":200},"geometry":{"type":"LineString","coordinates":[[94.75,9.2],[94.75,9.19],[94.76,9.15],[94.77,9.1],[94.78,9.05],[94.79,9],[94.8,8.95],[94.8,8.93],[94.8,8.9],[94.81,8.85],[94.82,8.8],[94.83,8.75],[94.84,8.7],[94.85,8.65],[94.85,8.64],[94.86,8.6],[94.86,8.55],[94.87,8.5],[94.88,8.45],[94.89,8.4],[94.9,8.35],[94.9,8.34],[94.91,8.3],[94.91,8.25],[94.92,8.2],[94.93,8.15],[94.94,8.1],[94.95,8.06],[94.95,8.05],[94.96,8],[94.97,7.95],[94.98,7.9],[95,7.85],[95,7.83],[95.01,7.8],[95.02,7.75],[95.03,7.7],[95.05,7.65],[95.05,7.64],[95.06,7.6],[95.08,7.55],[95.09,7.5],[95.1,7.48],[95.11,7.45],[95.13,7.4],[95.15,7.35],[95.15,7.34],[95.16,7.3],[95.18,7.25],[95.2,7.21],[95.2,7.2],[95.22,7.15],[95.25,7.1],[95.25,7.09],[95.27,7.05],[95.29,7],[95.3,6.98],[95.31,6.95],[95.34,6.9],[95.35,6.88],[95.36,6.85],[95.39,6.8],[95.4,6.78],[95.42,6.75],[95.44,6.7],[95.45,6.69],[95.47,6.65],[95.5,6.6],[95.5,6.6],[95.53,6.55],[95.55,6.52],[95.56,6.5],[95.6,6.45],[95.6,6.44],[95.63,6.4],[95.65,6.37],[95.67,6.35],[95.7,6.31],[95.7,6.3],[95.74,6.25],[95.75,6.24],[95.78,6.2],[95.8,6.18],[95.83,6.15],[95.85,6.12],[95.87,6.1],[95.9,6.07],[95.92,6.05],[95.95,6.01],[95.96,6],[96,5.96],[96.01,5.95],[96.05,5.91],[96.06,5.9],[96.1,5.86],[96.11,5.85],[96.15,5.82],[96.17,5.8],[96.2,5.77],[96.22,5.75],[96.25,5.72],[96.27,5.7],[96.3,5.67],[96.33,5.65],[96.35,5.63],[96.38,5.6],[96.4,5.58],[96.44,5.55],[96.45,5.54],[96.49,5.5],[96.5,5.49],[96.55,5.45],[96.55,5.45],[96.6,5.41],[96.61,5.4],[96.65,5.37],[96.67,5.35],[96.7,5.33],[96.73,5.3],[96.75,5.29],[96.8,5.25],[96.8,5.25],[96.85,5.21],[96.87,5.2],[96.9,5.18],[96.94,5.15],[96.95,5.14],[97,5.11],[97.02,5.1],[97.05,5.08],[97.09,5.05],[97.1,5.05],[97.15,5.01],[97.17,5],[97.2,4.98],[97.25,4.95],[97.25,4.95],[97.3,4.92],[97.33,4.9],[97.35,4.89],[97.4,4.86],[97.42,4.85],[97.45,4.83],[97.5,4.8],[97.5,4.8],[97.55,4.77],[97.58,4.75],[97.6,4.74],[97.65,4.71],[97.66,4.7],[97.7,4.67],[97.74,4.65],[97.75,4.64]]}},{"type":"Feature","properties":{"zone":"sum","depth_km":200},"geometry":{"type":"LineString","coordinates":[[98.24,4.35],[98.25,4.34],[98.3,4.31],[98.31,4.3],[98.35,4.28],[98.39,4.25],[98.4,4.24],[98.45,4.2],[98.45,4.2],[98.5,4.16],[98.52,4.15],[98.55,4.12],[98.57,4.1],[98.6,4.08],[98.63,4.05],[98.65,4.03],[98.68,4],[98.7,3.98],[98.73,3.95],[98.75,3.93],[98.78,3.9],[98.8,3.87],[98.82,3.85],[98.85,3.82],[98.87,3.8],[98.9,3.76],[98.91,3.75],[98.95,3.7],[98.95,3.7],[99,3.65],[99,3.65],[99.04,3.6],[99.05,3.59],[99.08,3.55],[99.1,3.53],[99.12,3.5],[99.15,3.46],[99.16,3.45],[99.2,3.4],[99.2,3.4],[99.24,3.35],[99.25,3.33],[99.27,3.3],[99.3,3.26],[99.31,3.25],[99.34,3.2],[99.35,3.18],[99.37,3.15],[99.4,3.1],[99.4,3.1],[99.43,3.05],[99.45,3.01],[99.45,3],[99.48,2.95],[99.5,2.9],[99.5,2.9],[99.53,2.85],[99.55,2.8],[99.55,2.79],[99.57,2.75],[99.59,2.7],[99.6,2.68],[99.61,2.65],[99.63,2.6],[99.65,2.55],[99.65,2.55],[99.67,2.5],[99.69,2.45],[99.7,2.43],[99.71,2.4],[99.73,2.35],[99.75,2.31],[99.75,2.3],[99.77,2.25],[99.79,2.2],[99.8,2.19],[99.81,2.15],[99.84,2.1],[99.85,2.07],[99.86,2.05],[99.88,2],[99.9,1.95],[99.9,1.95],[99.92,1.9],[99.94,1.85],[99.95,1.82],[99.96,1.8],[99.98,1.75],[100,1.7],[100,1.7],[100.02,1.65],[100.04,1.6],[100.05,1.58],[100.06,1.55],[100.08,1.5],[100.1,1.46],[100.1,1.45],[100.12,1.4],[100.15,1.35],[100.15,1.34],[100.17,1.3],[100.19,1.25],[100.2,1.24],[100.22,1.2],[100.24,1.15],[100.25,1.13],[100.27,1.1],[100.29,1.05],[100.3,1.03],[100.32,1],[100.34,0.95],[100.35,0.94],[100.37,0.9],[100.39,0.85],[100.4,0.84],[100.42,0.8],[100.45,0.75],[100.45,0.74],[100.47,0.7],[100.5,0.65],[100.5,0.65],[100.53,0.6],[100.55,0.56],[100.55,0.55],[100.58,0.5],[100.6,0.47],[100.61,0.45],[100.64,0.4],[100.65,0.38],[100.67,0.35],[100.7,0.3],[100.7,0.3],[100.73,0.25],[100.75,0.22],[100.77,0.2],[100.8,0.16],[100.8,0.15],[100.84,0.1],[100.85,0.09],[100.88,0.05],[100.9,0.03],[100.93,0],[100.95,-0.03],[100.97,-0.05],[101,-0.08],[101.02,-0.1],[101.05,-0.13],[101.07,-0.15],[101.1,-0.18],[101.12,-0.2],[101.15,-0.23],[101.17,-0.25],[101.2,-0.28],[101.22,-0.3],[101.25,-0.33],[101.27,-0.35],[101.3,-0.38],[101.32,-0.4],[101.35,-0.43],[101.37,-0.45],[101.4,-0.48],[101.42,-0.5],[101.45,-0.54],[101.46,-0.55],[101.5,-0.59],[101.51,-0.6],[101.55,-0.65],[101.55,-0.65],[101.59,-0.7],[101.6,-0.71],[101.63,-0.75],[101.65,-0.77],[101.67,-0.8],[101.7,-0.84],[101.71,-0.85],[101.75,-0.9],[101.75,-0.9],[101.78,-0.95],[101.8,-0.97],[101.82,-1],[101.85,-1.04],[101.85,-1.05],[101.89,-1.1],[101.9,-1.12],[101.92,-1.15],[101.95,-1.2],[101.95,-1.2],[101.98,-1.25],[102,-1.28],[102.01,-1.3],[102.04,-1.35],[102.05,-1.36],[102.07,-1.4],[102.1,-1.45],[102.1,-1.45],[102.13,-1.5],[102.15,-1.54],[102.15,-1.55],[102.18,-1.6],[102.2,-1.64],[102.21,-1.65],[102.23,-1.7],[102.25,-1.73],[102.26,-1.75],[102.28,-1.8],[102.3,-1.83],[102.31,-1.85],[102.33,-1.9],[102.35,-1.93],[102.36,-1.95],[102.39,-2],[102.4,-2.03],[102.41,-2.05],[102.44,-2.1],[102.45,-2.12],[102.47,-2.15],[102.5,-2.2],[102.5,-2.21],[102.52,-2.25],[102.55,-2.29],[102.56,-2.3],[102.59,-2.35],[102.6,-2.37],[102.62,-2.4],[102.65,-2.44],[102.66,-2.45],[102.69,-2.5],[102.7,-2.51],[102.73,-2.55],[102.75,-2.57],[102.77,-2.6],[102.8,-2.63],[102.82,-2.65],[102.85,-2.69],[102.86,-2.7],[102.9,-2.74],[102.91,-2.75],[102.95,-2.79],[102.96,-2.8],[103,-2.84],[103.01,-2.85],[103.05,-2.89],[103.06,-2.9],[103.1,-2.94],[103.11,-2.95],[103.15,-2.99],[103.17,-3],[103.2,-3.03],[103.22,-3.05],[103.25,-3.08],[103.27,-3.1],[103.3,-3.12],[103.33,-3.15],[103.35,-3.17],[103.39,-3.2],[103.4,-3.21],[103.45,-3.25],[103.45,-3.25],[103.5,-3.3],[103.5,-3.3],[103.55,-3.34],[103.56,-3.35],[103.6,-3.38],[103.62,-3.4],[103.65,-3.43],[103.68,-3.45],[103.7,-3.47],[103.73,-3.5],[103.75,-3.52],[103.79,-3.55],[103.8,-3.56],[103.85,-3.6],[103.85,-3.6],[103.9,-3.65],[103.9,-3.65],[103.95,-3.69],[103.96,-3.7],[104,-3.73],[104.03,-3.75],[104.05,-3.77],[104.09,-3.8],[104.1,-3.81],[104.15,-3.84],[104.16,-3.85],[104.2,-3.88],[104.23,-3.9],[104.25,-3.92],[104.3,-3.95],[104.3,-3.95],[104.35,-3.99],[104.37,-4],[104.4,-4.02],[104.44,-4.05],[104.45,-4.06],[104.5,-4.1],[104.5,-4.1],[104.55,-4.14],[104.57,-4.15],[104.6,-4.18],[104.62,-4.2],[104.65,-4.22],[104.68,-4.25],[104.7,-4.27],[104.73,-4.3],[104.75,-4.32],[104.79,-4.35],[104.8,-4.36],[104.84,-4.4],[104.85,-4.41],[104.89,-4.45],[104.9,-4.46],[104.94,-4.5],[104.95,-4.51],[105,-4.55],[105,-4.55],[105.05,-4.6],[105.05,-4.6],[105.1,-4.64],[105.11,-4.65],[105.15,-4.69],[105.17,-4.7],[105.2,-4.73],[105.23,-4.75],[105.25,-4.77],[105.29,-4.8],[105.3,-4.81],[105.35,-4.84],[105.36,-4.85],[105.4,-4.88],[105.42,-4.9],[105.45,-4.92],[105.49,-4.95],[105.5,-4.95],[105.55,-4.99],[105.57,-5],[105.6,-5.02],[105.64,-5.05],[105.65,-5.06],[105.7,-5.09],[105.72,-5.1],[105.75,-5.12],[105.79,-5.15],[105.8,-5.15],[105.85,-5.18],[105.87,-5.2],[105.9,-5.22],[105.95,-5.25],[105.96,-5.25],[106,-5.28],[106.04,-5.3],[106.05,-5.31],[106.1,-5.34],[106.12,-5.35],[106.15,-5.37],[106.2,-5.4],[106.21,-5.4],[106.25,-5.43],[106.29,-5.45],[106.3,-5.46],[106.35,-5.49],[106.37,-5.5],[106.4,-5.52],[106.45,-5.55],[106.45,-5.55],[106.5,-5.58],[106.54,-5.6],[106.55,-5.61],[106.6,-5.64],[106.62,-5.65],[106.65,-5.67],[106.7,-5.7],[106.7,-5.7],[106.75,-5.73],[106.78,-5.75],[106.8,-5.76],[106.85,-5.79],[106.87,-5.8],[106.9,-5.82],[106.95,-5.85],[106.95,-5.85],[107,-5.88],[107.04,-5.9],[107.05,-5.91],[107.1,-5.94],[107.12,-5.95],[107.15,-5.97],[107.2,-5.99],[107.21,-6],[107.25,-6.02],[107.3,-6.05],[107.31,-6.05],[107.35,-6.07],[107.4,-6.1],[107.4,-6.1],[107.45,-6.12],[107.5,-6.15],[107.5,-6.15],[107.55,-6.17],[107.6,-6.2],[107.61,-6.2],[107.65,-6.22],[107.7,-6.24],[107.72,-6.25],[107.75,-6.26],[107.8,-6.28],[107.84,-6.3],[107.85,-6.3],[107.9,-6.32],[107.95,-6.34],[107.97,-6.35],[108,-6.36],[108.05,-6.38],[108.1,-6.39],[108.12,-6.4],[108.15,-6.41],[108.2,-6.43],[108.25,-6.44],[108.28,-6.45],[108.3,-6.46],[108.35,-6.47],[108.4,-6.49],[108.45,-6.5],[108.45,-6.5],[108.5,-6.51],[108.55,-6.53],[108.6,-6.54],[108.63,-6.55],[108.65,-6.56],[108.7,-6.57],[108.75,-6.58],[108.8,-6.6],[108.81,-6.6],[108.85,-6.61],[108.9,-6.63],[108.95,-6.64],[108.99,-6.65],[109,-6.65],[109.05,-6.67],[109.1,-6.68],[109.15,-6.7],[109.16,-6.7],[109.2,-6.71],[109.25,-6.73],[109.3,-6.74],[109.33,-6.75],[109.35,-6.76],[109.4,-6.77],[109.45,-6.79],[109.49,-6.8],[109.5,-6.8],[109.55,-6.82],[109.6,-6.83],[109.65,-6.85],[109.67,-6.85],[109.7,-6.86],[109.75,-6.87],[109.8,-6.88],[109.85,-6.89],[109.88,-6.9],[109.9,-6.91],[109.95,-6.91],[110,-6.92],[110.05,-6.93],[110.1,-6.94],[110.15,-6.95],[110.17,-6.95],[110.2,-6.95],[110.25,-6.96],[110.3,-6.97],[110.35,-6.97],[110.4,-6.98],[110.45,-6.98],[110.5,-6.99],[110.55,-6.99],[110.6,-7],[110.6,-7],[110.65,-7.01],[110.7,-7.01],[110.75,-7.02],[110.8,-7.03],[110.85,-7.03],[110.9,-7.04],[110.95,-7.04],[110.99,-7.05],[111,-7.05],[111.05,-7.06],[111.1,-7.07],[111.15,-7.07],[111.2,-7.08],[111.25,-7.09],[111.3,-7.09],[111.35,-7.1],[111.36,-7.1],[111.4,-7.11],[111.45,-7.11],[111.5,-7.12],[111.55,-7.12],[111.6,-7.13],[111.65,-7.14],[111.7,-7.14],[111.75,-7.15],[111.79,-7.15],[111.8,-7.15],[111.85,-7.16],[111.9,-7.16],[111.95,-7.17],[112,-7.17],[112.05,-7.18],[112.1,-7.18],[112.15,-7.19],[112.2,-7.2],[112.24,-7.2],[112.25,-7.2],[112.3,-7.21],[112.35,-7.21],[112.4,-7.22],[112.45,-7.23],[112.5,-7.23],[112.55,-7.24],[112.6,-7.25],[112.62,-7.25],[112.65,-7.25],[112.7,-7.26],[112.75,-7.27],[112.8,-7.28],[112.85,-7.28],[112.9,-7.29],[112.95,-7.3],[112.97,-7.3],[113,-7.3],[113.05,-7.31],[113.1,-7.32],[113.15,-7.33],[113.2,-7.34],[113.25,-7.34],[113.29,-7.35],[113.3,-7.35],[113.35,-7.36],[113.4,-7.37],[113.45,-7.38],[113.5,-7.39],[113.55,-7.39],[113.58,-7.4],[113.6,-7.4],[113.65,-7.41],[113.7,-7.42],[113.75,-7.43],[113.8,-7.44],[113.85,-7.45],[113.86,-7.45],[113.9,-7.46],[113.95,-7.47],[114,-7.48],[114.05,-7.48],[114.1,-7.49],[114.15,-7.5],[114.15,-7.5],[114.2,-7.51],[114.25,-7.52],[114.3,-7.52],[114.35,-7.53],[114.4,-7.54],[114.45,-7.54],[114.49,-7.55],[114.5,-7.55],[114.55,-7.56],[114.6,-7.57],[114.65,-7.57],[114.7,-7.58],[114.75,-7.59],[114.8,-7.59],[114.84,-7.6],[114.85,-7.6],[114.9,-7.61],[114.95,-7.62],[115,-7.63],[115.05,-7.64],[115.1,-7.64],[115.13,-7.65],[115.15,-7.65],[115.2,-7.66],[115.25,-7.67],[115.3,-7.68],[115.35,-7.69],[115.38,-7.7],[115.4,-7.7],[115.45,-7.71],[115.5,-7.73],[115.55,-7.74],[115.6,-7.75],[115.62,-7.75],[115.65,-7.76],[115.7,-7.77],[115.75,-7.78],[115.8,-7.78],[115.85,-7.79],[115.89,-7.8],[115.9,-7.8],[115.95,-7.81],[116,-7.82],[116.05,-7.82],[116.1,-7.83],[116.15,-7.83],[116.2,-7.84],[116.25,-7.84],[116.3,-7.85],[116.31,-7.85],[116.35,-7.85],[116.4,-7.86],[116.45,-7.86],[116.5,-7.87],[116.55,-7.87],[116.6,-7.87],[116.65,-7.87],[116.7,-7.88],[116.75,-7.88],[116.8,-7.88],[116.85,-7.88],[116.9,-7.88],[116.95,-7.88],[117,-7.88],[117.05,-7.88],[117.1,-7.88],[117.15,-7.88],[117.2,-7.88],[117.25,-7.88],[117.3,-7.88],[117.35,-7.88],[117.4,-7.88],[117.45,-7.87],[117.5,-7.87],[117.55,-7.87],[117.6,-7.87],[117.65,-7.86],[117.7,-7.86],[117.75,-7.86],[117.8,-7.85],[117.84,-7.85],[117.85,-7.85],[117.9,-7.85],[117.95,-7.84],[118,-7.84],[118.05,-7.84],[118.1,-7.83],[118.15,-7.83],[118.2,-7.83],[118.25,-7.82],[118.3,-7.82],[118.35,-7.82],[118.4,-7.82],[118.45,-7.82],[118.5,-7.82],[118.55,-7.82],[118.6,-7.82],[118.65,-7.82],[118.7,-7.83],[118.75,-7.83],[118.8,-7.83],[118.85,-7.83],[118.9,-7.83],[118.95,-7.83],[119,-7.84],[119.05,-7.84],[119.1,-7.84],[119.15,-7.84],[119.2,-7.84],[119.25,-7.84],[119.3,-7.84],[119.35,-7.85],[119.4,-7.85],[119.45,-7.85],[119.5,-7.85],[119.51,-7.85],[119.55,-7.85],[119.6,-7.85],[119.65,-7.86],[119.7,-7.86],[119.75,-7.86],[119.8,-7.86],[119.85,-7.87],[119.9,-7.87],[119.95,-7.87],[120,-7.88],[120.05,-7.88],[120.1,-7.88],[120.15,-7.89],[120.2,-7.89],[120.25,-7.89],[120.3,-7.9],[120.33,-7.9],[120.35,-7.9],[120.4,-7.91],[120.45,-7.91],[120.5,-7.91],[120.55,-7.92],[120.6,-7.92],[120.65,-7.92],[120.7,-7.92],[120.75,-7.93],[120.8,-7.93],[120.85,-7.93],[120.9,-7.94],[120.95,-7.94],[121,-7.94],[121.05,-7.95],[121.09,-7.95],[121.1,-7.95],[121.15,-7.95],[121.2,-7.96],[121.25,-7.96],[121.3,-7.96],[121.35,-7.96],[121.4,-7.96],[121.45,-7.96],[121.5,-7.96],[121.55,-7.96],[121.6,-7.96],[121.65,-7.96],[121.7,-7.96],[121.75,-7.96],[121.8,-7.96],[121.85,-7.95],[121.9,-7.95],[121.95,-7.95],[121.95,-7.95],[122,-7.95],[122.05,-7.95],[122.1,-7.94],[122.15,-7.94],[122.2,-7.94],[122.25,-7.94],[122.3,-7.94],[122.35,-7.93],[122.4,-7.93],[122.45,-7.93],[122.5,-7.93],[122.55,-7.93],[122.6,-7.93],[122.65,-7.93],[122.7,-7.93],[122.75,-7.93],[122.8,-7.93],[122.85,-7.93],[122.9,-7.93],[122.95,-7.93],[123,-7.93],[123.05,-7.93],[123.1,-7.93],[123.15,-7.93],[123.2,-7.93],[123.25,-7.93],[123.3,-7.94],[123.35,-7.94],[123.4,-7.94],[123.45,-7.94],[123.5,-7.94],[123.55,-7.94],[123.6,-7.95],[123.65,-7.95],[123.7,-7.95],[123.75,-7.95],[123.75,-7.95],[123.8,-7.95],[123.85,-7.95],[123.9,-7.95],[123.95,-7.95],[124,-7.95],[124.01,-7.95],[124.05,-7.95],[124.1,-7.95],[124.15,-7.94],[124.2,-7.94],[124.25,-7.93],[124.3,-7.92],[124.35,-7.92],[124.4,-7.91],[124.44,-7.9],[124.45,-7.9],[124.5,-7.89],[124.55,-7.88],[124.6,-7.86],[124.65,-7.85],[124.66,-7.85],[124.7,-7.84],[124.75,-7.83],[124.8,-7.81],[124.85,-7.8],[124.86,-7.8],[124.9,-7.79],[124.95,-7.78],[125,-7.77],[125.05,-7.76],[125.1,-7.76],[125.15,-7.75],[125.18,-7.75],[125.2,-7.75],[125.25,-7.74],[125.3,-7.74],[125.35,-7.74],[125.4,-7.74],[125.45,-7.74],[125.5,-7.73],[125.55,-7.73],[125.6,-7.73],[125.65,-7.73],[125.7,-7.72],[125.75,-7.71],[125.8,-7.71],[125.85,-7.7],[125.85,-7.7],[125.9,-7.69],[125.95,-7.68],[126,-7.67],[126.05,-7.66],[126.1,-7.65],[126.1,-7.65],[126.15,-7.64],[126.2,-7.62],[126.25,-7.61],[126.29,-7.6],[126.3,-7.6],[126.35,-7.58],[126.4,-7.57],[126.45,-7.55],[126.46,-7.55],[126.5,-7.54],[126.55,-7.52],[126.6,-7.5],[126.61,-7.5],[126.65,-7.49],[126.7,-7.47],[126.75,-7.46],[126.77,-7.45],[126.8,-7.44],[126.85,-7.42],[126.9,-7.41],[126.93,-7.4],[126.95,-7.39],[127,-7.38],[127.05,-7.36],[127.09,-7.35],[127.1,-7.35],[127.15,-7.33],[127.2,-7.32],[127.25,-7.31],[127.27,-7.3],[127.3,-7.29],[127.35,-7.28],[127.4,-7.26],[127.45,-7.25],[127.45,-7.25],[127.5,-7.24],[127.55,-7.22],[127.6,-7.21],[127.62,-7.2],[127.65,-7.19],[127.7,-7.17],[127.75,-7.16],[127.77,-7.15],[127.8,-7.14],[127.85,-7.12],[127.9,-7.1],[127.9,-7.1],[127.95,-7.08],[128,-7.06],[128.03,-7.05],[128.05,-7.04],[128.1,-7.02],[128.14,-7],[128.15,-6.99],[128.2,-6.97],[128.24,-6.95],[128.25,-6.95],[128.3,-6.92],[128.34,-6.9],[128.35,-6.9],[128.4,-6.87],[128.43,-6.85],[128.45,-6.84],[128.5,-6.81],[128.52,-6.8],[128.55,-6.78],[128.6,-6.75],[128.61,-6.75],[128.65,-6.72],[128.68,-6.7],[128.7,-6.69],[128.75,-6.65],[128.76,-6.65],[128.8,-6.62],[128.82,-6.6],[128.85,-6.58],[128.88,-6.55],[128.9,-6.53],[128.93,-6.5],[128.95,-6.48],[128.98,-6.45],[129,-6.43],[129.03,-6.4],[129.05,-6.37],[129.07,-6.35],[129.1,-6.31],[129.1,-6.3],[129.14,-6.25],[129.15,-6.23],[129.17,-6.2],[129.2,-6.15],[129.2,-6.15],[129.22,-6.1],[129.25,-6.05],[129.25,-6.04],[129.27,-6],[129.29,-5.95],[129.3,-5.92],[129.31,-5.9],[129.32,-5.85],[129.33,-5.8],[129.34,-5.75],[129.35,-5.7],[129.35,-5.66],[129.35,-5.65],[129.35,-5.6],[129.35,-5.57],[129.35,-5.55],[129.34,-5.5],[129.33,-5.45],[129.32,-5.4],[129.3,-5.35],[129.3,-5.34],[129.28,-5.3],[129.26,-5.25],[129.25,-5.23],[129.23,-5.2],[129.2,-5.15],[129.2,-5.15],[129.16,-5.1],[129.15,-5.09],[129.12,-5.05],[129.1,-5.03],[129.07,-5],[129.05,-4.98],[129.01,-4.95],[129,-4.94],[128.95,-4.9],[128.95,-4.9],[128.9,-4.86],[128.88,-4.85],[128.85,-4.83],[128.81,-4.8],[128.8,-4.8],[128.75,-4.77],[128.72,-4.75],[128.7,-4.74],[128.65,-4.71],[128.63,-4.7],[128.6,-4.68],[128.55,-4.66],[128.53,-4.65],[128.5,-4.63],[128.45,-4.61],[128.43,-4.6],[128.4,-4.59],[128.35,-4.56],[128.32,-4.55],[128.3,-4.54],[128.25,-4.52],[128.21,-4.5],[128.2,-4.49],[128.15,-4.47],[128.11,-4.45],[128.1,-4.45],[128.05,-4.42],[128,-4.4],[128,-4.4],[127.95,-4.37],[127.91,-4.35],[127.9,-4.35],[127.85,-4.32],[127.81,-4.3],[127.8,-4.29],[127.75,-4.27],[127.72,-4.25],[127.7,-4.24],[127.65,-4.21],[127.63,-4.2],[127.6,-4.19],[127.55,-4.16],[127.53,-4.15],[127.5,-4.13],[127.45,-4.11],[127.44,-4.1],[127.4,-4.08],[127.35,-4.05],[127.34,-4.05],[127.3,-4.03],[127.25,-4],[127.25,-4],[127.2,-3.98],[127.15,-3.95],[127.15,-3.95],[127.1,-3.92],[127.05,-3.9],[127.05,-3.9],[127,-3.87],[126.96,-3.85],[126.95,-3.85],[126.9,-3.82],[126.86,-3.8],[126.85,-3.8],[126.8,-3.77],[126.76,-3.75],[126.75,-3.74],[126.7,-3.72],[126.67,-3.7],[126.65,-3.69],[126.6,-3.66],[126.59,-3.65],[126.55,-3.63],[126.51,-3.6],[126.5,-3.6],[126.45,-3.56],[126.43,-3.55],[126.4,-3.53],[126.36,-3.5],[126.35,-3.49],[126.3,-3.45],[126.3,-3.45],[126.25,-3.41],[126.24,-3.4],[126.2,-3.37],[126.18,-3.35],[126.15,-3.33],[126.12,-3.3],[126.1,-3.28],[126.06,-3.25],[126.05,-3.24],[126,-3.2],[126,-3.2],[125.95,-3.15],[125.95,-3.15],[125.9,-3.11],[125.88,-3.1],[125.85,-3.07],[125.82,-3.05],[125.8,-3.03],[125.75,-3],[125.75,-3],[125.7,-2.96],[125.69,-2.95],[125.65,-2.92],[125.62,-2.9],[125.6,-2.89],[125.55,-2.85],[125.55,-2.85],[125.5,-2.81],[125.48,-2.8],[125.45,-2.77],[125.42,-2.75],[125.4,-2.73],[125.36,-2.7],[125.35,-2.69],[125.3,-2.65],[125.3,-2.65],[125.25,-2.6],[125.25,-2.6],[125.21,-2.55],[125.2,-2.54],[125.16,-2.5],[125.15,-2.48],[125.13,-2.45],[125.1,-2.41],[125.09,-2.4],[125.06,-2.35],[125.05,-2.34],[125.03,-2.3],[125,-2.25]]}},{"type":"Feature","properties":{"zone":"sum","depth_km":100},"geometry":{"type":"LineString","coordinates":[[96.2,19],[96.2,19],[96.18,19.05],[96.16,19.1],[96.15,19.12],[96.14,19.15],[96.11,19.2],[96.1,19.22],[96.09,19.25],[96.06,19.3],[96.05,19.31],[96.03,19.35],[96,19.4],[96,19.4],[95.97,19.45],[95.95,19.48],[95.94,19.5],[95.9,19.55],[95.9,19.55],[95.87,19.6],[95.85,19.63],[95.84,19.65],[95.8,19.7],[95.8,19.71],[95.77,19.75],[95.75,19.78],[95.74,19.8],[95.71,19.85],[95.7,19.86],[95.68,19.9],[95.65,19.94],[95.65,19.95],[95.62,20],[95.6,20.04],[95.59,20.05],[95.57,20.1],[95.55,20.14],[95.54,20.15],[95.52,20.2],[95.5,20.25],[95.5,20.25],[95.48,20.3],[95.46,20.35],[95.45,20.37],[95.44,20.4],[95.42,20.45],[95.4,20.5],[95.4,20.51],[95.38,20.55],[95.37,20.6],[95.35,20.64],[95.35,20.65],[95.33,20.7],[95.31,20.75],[95.3,20.77],[95.29,20.8],[95.27,20.85],[95.25,20.89],[95.25,20.9],[95.22,20.95],[95.2,21],[95.2,21.01],[95.18,21.05],[95.16,21.1],[95.15,21.13],[95.14,21.15],[95.12,21.2],[95.11,21.25],[95.1,21.26],[95.09,21.3],[95.07,21.35],[95.05,21.4],[95.05,21.41],[95.04,21.45],[95.02,21.5],[95.01,21.55],[95,21.57],[94.99,21.6],[94.98,21.65],[94.96,21.7],[94.95,21.75],[94.95,21.76],[94.94,21.8],[94.93,21.85],[94.92,21.9],[94.91,21.95],[94.9,22],[94.9,22],[94.89,22.05],[94.88,22.1],[94.88,22.15],[94.87,22.2],[94.87,22.25],[94.86,22.3],[94.86,22.35],[94.86,22.4],[94.86,22.45],[94.86,22.5],[94.86,22.55],[94.86,22.6],[94.86,22.65],[94.86,22.7],[94.87,22.75],[94.87,22.8],[94.87,22.85],[94.88,22.9],[94.89,22.95],[94.89,23],[94.9,23.05],[94.9,23.05],[94.91,23.1],[94.92,23.15],[94.92,23.2],[94.93,23.25],[94.94,23.3],[94.95,23.34],[94.95,23.35],[94.96,23.4],[94.97,23.45],[94.98,23.5],[95,23.55],[95,23.57],[95.01,23.6],[95.02,23.65],[95.03,23.7],[95.04,23.75],[95.05,23.79],[95.05,23.8],[95.06,23.85],[95.08,23.9],[95.09,23.95],[95.1,24],[95.1,24.01],[95.11,24.05],[95.12,24.1],[95.13,24.15],[95.14,24.2],[95.15,24.25],[95.15,24.25],[95.16,24.3],[95.17,24.35],[95.18,24.4],[95.19,24.45],[95.2,24.48],[95.21,24.5],[95.22,24.55],[95.23,24.6],[95.25,24.65],[95.25,24.66],[95.26,24.7],[95.28,24.75],[95.3,24.8],[95.3,24.81],[95.32,24.85],[95.34,24.9],[95.35,24.93],[95.36,24.95],[95.38,25],[95.4,25.03],[95.41,25.05],[95.44,25.1],[95.45,25.13],[95.46,25.15],[95.49,25.2],[95.5,25.21],[95.52,25.25],[95.55,25.29],[95.55,25.3],[95.59,25.35],[95.6,25.37],[95.62,25.4],[95.65,25.44],[95.65,25.45],[95.69,25.5],[95.7,25.52],[95.72,25.55],[95.75,25.59],[95.76,25.6],[95.79,25.65],[95.8,25.66],[95.82,25.7],[95.85,25.74],[95.86,25.75],[95.89,25.8],[95.9,25.82],[95.92,25.85],[95.95,25.9],[95.95,25.9],[95.98,25.95],[96,25.99],[96,26],[96.03,26.05],[96.05,26.1],[96.05,26.1],[96.07,26.15],[96.08,26.2],[96.1,26.25],[96.1,26.25],[96.11,26.3],[96.12,26.35],[96.13,26.4],[96.14,26.45],[96.14,26.5],[96.14,26.55],[96.14,26.6],[96.14,26.65],[96.13,26.7]]}},{"type":"Feature","properties":{"zone":"sum","depth_km":100},"geometry":{"type":"LineString","coordinates":[[125.75,-2.25],[125.8,-2.28],[125.82,-2.3],[125.85,-2.32],[125.9,-2.35],[125.91,-2.35],[125.95,-2.37],[126,-2.4],[126,-2.4],[126.05,-2.43],[126.09,-2.45],[126.1,-2.46],[126.15,-2.48],[126.18,-2.5],[126.2,-2.51],[126.25,-2.55],[126.26,-2.55],[126.3,-2.58],[126.33,-2.6],[126.35,-2.62],[126.39,-2.65],[126.4,-2.65],[126.45,-2.7],[126.46,-2.7],[126.5,-2.74],[126.51,-2.75],[126.55,-2.78],[126.57,-2.8],[126.6,-2.83],[126.62,-2.85],[126.65,-2.88],[126.67,-2.9],[126.7,-2.93],[126.72,-2.95],[126.75,-2.98],[126.77,-3],[126.8,-3.03],[126.83,-3.05],[126.85,-3.07],[126.88,-3.1],[126.9,-3.12],[126.94,-3.15],[126.95,-3.16],[126.99,-3.2],[127,-3.2],[127.05,-3.25],[127.06,-3.25],[127.1,-3.28],[127.12,-3.3],[127.15,-3.32],[127.19,-3.35],[127.2,-3.36],[127.25,-3.39],[127.27,-3.4],[127.3,-3.42],[127.35,-3.45],[127.35,-3.45],[127.4,-3.48],[127.43,-3.5],[127.45,-3.51],[127.5,-3.54],[127.52,-3.55],[127.55,-3.57],[127.6,-3.59],[127.61,-3.6],[127.65,-3.62],[127.7,-3.64],[127.71,-3.65],[127.75,-3.67],[127.8,-3.69],[127.81,-3.7],[127.85,-3.72],[127.9,-3.74],[127.91,-3.75],[127.95,-3.77],[128,-3.8],[128.01,-3.8],[128.05,-3.82],[128.1,-3.85],[128.1,-3.85],[128.15,-3.88],[128.19,-3.9],[128.2,-3.9],[128.25,-3.93],[128.29,-3.95],[128.3,-3.96],[128.35,-3.98],[128.38,-4],[128.4,-4.01],[128.45,-4.03],[128.49,-4.05],[128.5,-4.06],[128.55,-4.08],[128.6,-4.1],[128.6,-4.1],[128.65,-4.12],[128.7,-4.14],[128.73,-4.15],[128.75,-4.16],[128.8,-4.17],[128.85,-4.19],[128.88,-4.2],[128.9,-4.21],[128.95,-4.22],[129,-4.24],[129.04,-4.25],[129.05,-4.25],[129.1,-4.27],[129.15,-4.29],[129.2,-4.3],[129.2,-4.3],[129.25,-4.32],[129.3,-4.33],[129.35,-4.35],[129.35,-4.35],[129.4,-4.37],[129.45,-4.39],[129.48,-4.4],[129.5,-4.41],[129.55,-4.43],[129.59,-4.45],[129.6,-4.45],[129.65,-4.48],[129.68,-4.5],[129.7,-4.51],[129.75,-4.54],[129.76,-4.55],[129.8,-4.57],[129.84,-4.6],[129.85,-4.61],[129.9,-4.65],[129.9,-4.65],[129.95,-4.69],[129.96,-4.7],[130,-4.73],[130.02,-4.75],[130.05,-4.78],[130.07,-4.8],[130.1,-4.83],[130.12,-4.85],[130.15,-4.88],[130.17,-4.9],[130.2,-4.93],[130.21,-4.95],[130.25,-4.99],[130.26,-5],[130.29,-5.05],[130.3,-5.06],[130.33,-5.1],[130.35,-5.13],[130.36,-5.15],[130.39,-5.2],[130.4,-5.22],[130.42,-5.25],[130.44,-5.3],[130.45,-5.34],[130.45,-5.35],[130.47,-5.4],[130.48,-5.45],[130.49,-5.5],[130.49,-5.55],[130.49,-5.6],[130.49,-5.65],[130.49,-5.7],[130.48,-5.75],[130.47,-5.8],[130.46,-5.85],[130.45,-5.87],[130.44,-5.9],[130.43,-5.95],[130.41,-6],[130.4,-6.02],[130.39,-6.05],[130.36,-6.1],[130.35,-6.12],[130.34,-6.15],[130.31,-6.2],[130.3,-6.22],[130.28,-6.25],[130.25,-6.3],[130.25,-6.3],[130.21,-6.35],[130.2,-6.37],[130.18,-6.4],[130.15,-6.44],[130.14,-6.45],[130.1,-6.5],[130.1,-6.5],[130.06,-6.55],[130.05,-6.56],[130.01,-6.6],[130,-6.61],[129.97,-6.65],[129.95,-6.67],[129.92,-6.7],[129.9,-6.72],[129.87,-6.75],[129.85,-6.76],[129.81,-6.8],[129.8,-6.81],[129.75,-6.85],[129.75,-6.85],[129.7,-6.89],[129.69,-6.9],[129.65,-6.93],[129.63,-6.95],[129.6,-6.97],[129.55,-7],[129.55,-7],[129.5,-7.04],[129.48,-7.05],[129.45,-7.07],[129.4,-7.1],[129.39,-7.1],[129.35,-7.12],[129.3,-7.15],[129.3,-7.15],[129.25,-7.17],[129.2,-7.2],[129.19,-7.2],[129.15,-7.22],[129.1,-7.24],[129.07,-7.25],[129.05,-7.26],[129,-7.28],[128.95,-7.3],[128.94,-7.3],[128.9,-7.31],[128.85,-7.33],[128.8,-7.35],[128.8,-7.35],[128.75,-7.36],[128.7,-7.38],[128.65,-7.4],[128.64,-7.4],[128.6,-7.41],[128.55,-7.43],[128.5,-7.44],[128.47,-7.45],[128.45,-7.46],[128.4,-7.47],[128.35,-7.48],[128.3,-7.5],[128.29,-7.5],[128.25,-7.51],[128.2,-7.53],[128.15,-7.54],[128.1,-7.55],[128.1,-7.55],[128.05,-7.56],[128,-7.58],[127.95,-7.59],[127.9,-7.6],[127.89,-7.6],[127.85,-7.61],[127.8,-7.62],[127.75,-7.63],[127.7,-7.64],[127.66,-7.65],[127.65,-7.65],[127.6,-7.66],[127.55,-7.67],[127.5,-7.68],[127.45,-7.69],[127.4,-7.7],[127.4,-7.7],[127.35,-7.71],[127.3,-7.72],[127.25,-7.73],[127.2,-7.74],[127.16,-7.75],[127.15,-7.75],[127.1,-7.77],[127.05,-7.78],[127,-7.79],[126.96,-7.8],[126.95,-7.8],[126.9,-7.82],[126.85,-7.83],[126.8,-7.84],[126.78,-7.85],[126.75,-7.86],[126.7,-7.87],[126.65,-7.89],[126.61,-7.9],[126.6,-7.9],[126.55,-7.92],[126.5,-7.93],[126.45,-7.95],[126.43,-7.95],[126.4,-7.96],[126.35,-7.97],[126.3,-7.99],[126.25,-8],[126.25,-8],[126.2,-8.02],[126.15,-8.03],[126.1,-8.04],[126.08,-8.05],[126.05,-8.06],[126,-8.07],[125.95,-8.09],[125.92,-8.1],[125.9,-8.11],[125.85,-8.12],[125.8,-8.14],[125.76,-8.15],[125.75,-8.15],[125.7,-8.17],[125.65,-8.19],[125.6,-8.2],[125.6,-8.2],[125.55,-8.22],[125.5,-8.23],[125.45,-8.25],[125.44,-8.25],[125.4,-8.26],[125.35,-8.28],[125.3,-8.29],[125.26,-8.3],[125.25,-8.3],[125.2,-8.32],[125.15,-8.33],[125.1,-8.35],[125.08,-8.35],[125.05,-8.36],[125,-8.37],[124.95,-8.39],[124.9,-8.4],[124.9,-8.4],[124.85,-8.41],[124.8,-8.43],[124.75,-8.44],[124.72,-8.45],[124.7,-8.45],[124.65,-8.47],[124.6,-8.48],[124.55,-8.49],[124.5,-8.5],[124.5,-8.5],[124.45,-8.51],[124.4,-8.52],[124.35,-8.53],[124.3,-8.53],[124.25,-8.54],[124.2,-8.54],[124.15,-8.55],[124.11,-8.55],[124.1,-8.55],[124.05,-8.55],[124,-8.55],[123.95,-8.56],[123.9,-8.56],[123.85,-8.56],[123.8,-8.56],[123.75,-8.55],[123.7,-8.55],[123.65,-8.55],[123.6,-8.55],[123.55,-8.55],[123.5,-8.55],[123.5,-8.55],[123.45,-8.55],[123.4,-8.55],[123.35,-8.55],[123.3,-8.55],[123.25,-8.55],[123.2,-8.55],[123.17,-8.55],[123.15,-8.55],[123.1,-8.55],[123.05,-8.55],[123,-8.55],[122.95,-8.55],[122.9,-8.56],[122.85,-8.56],[122.8,-8.56],[122.75,-8.56],[122.7,-8.57],[122.65,-8.57],[122.6,-8.57],[122.55,-8.58],[122.5,-8.58],[122.45,-8.59],[122.4,-8.6],[122.38,-8.6],[122.35,-8.61],[122.3,-8.61],[122.25,-8.62],[122.2,-8.63],[122.15,-8.64],[122.1,-8.65],[122.1,-8.65],[122.05,-8.66],[122,-8.67],[121.95,-8.68],[121.9,-8.69],[121.85,-8.7],[121.84,-8.7],[121.8,-8.71],[121.75,-8.71],[121.7,-8.72],[121.65,-8.73],[121.6,-8.74],[121.55,-8.74],[121.5,-8.75],[121.47,-8.75],[121.45,-8.75],[121.4,-8.76],[121.35,-8.76],[121.3,-8.76],[121.25,-8.76],[121.2,-8.77],[121.15,-8.77],[121.1,-8.77],[121.05,-8.77],[121,-8.77],[120.95,-8.76],[120.9,-8.76],[120.85,-8.76],[120.8,-8.75],[120.8,-8.75],[120.75,-8.74],[120.7,-8.74],[120.65,-8.73],[120.6,-8.72],[120.55,-8.71],[120.5,-8.7],[120.47,-8.7],[120.45,-8.7],[120.4,-8.69],[120.35,-8.68],[120.3,-8.67],[120.25,-8.66],[120.2,-8.65],[120.17,-8.65],[120.15,-8.65],[120.1,-8.64],[120.05,-8.64],[120,-8.63],[119.95,-8.63],[119.9,-8.62],[119.85,-8.62],[119.8,-8.61],[119.75,-8.61],[119.7,-8.61],[119.65,-8.61],[119.6,-8.6],[119.55,-8.6],[119.53,-8.6],[119.5,-8.6],[119.45,-8.6],[119.4,-8.59],[119.35,-8.59],[119.3,-8.59],[119.25,-8.59],[119.2,-8.59],[119.15,-8.58],[119.1,-8.58],[119.05,-8.58],[119,-8.57],[118.95,-8.57],[118.9,-8.57],[118.85,-8.57],[118.8,-8.56],[118.75,-8.56],[118.7,-8.56],[118.65,-8.56],[118.6,-8.56],[118.55,-8.56],[118.5,-8.56],[118.45,-8.56],[118.4,-8.56],[118.35,-8.56],[118.3,-8.56],[118.25,-8.57],[118.2,-8.57],[118.15,-8.57],[118.1,-8.58],[118.05,-8.58],[118,-8.58],[117.95,-8.59],[117.9,-8.59],[117.85,-8.6],[117.8,-8.6],[117.8,-8.6],[117.75,-8.6],[117.7,-8.61],[117.65,-8.61],[117.6,-8.62],[117.55,-8.62],[117.5,-8.62],[117.45,-8.63],[117.4,-8.63],[117.35,-8.64],[117.3,-8.64],[117.25,-8.65],[117.2,-8.65],[117.2,-8.65],[117.15,-8.66],[117.1,-8.66],[117.05,-8.67],[117,-8.67],[116.95,-8.67],[116.9,-8.68],[116.85,-8.68],[116.8,-8.68],[116.75,-8.69],[116.7,-8.69],[116.65,-8.69],[116.6,-8.69],[116.55,-8.69],[116.5,-8.68],[116.45,-8.68],[116.4,-8.68],[116.35,-8.67],[116.3,-8.67],[116.25,-8.66],[116.2,-8.66],[116.15,-8.65],[116.13,-8.65],[116.1,-8.65],[116.05,-8.64],[116,-8.63],[115.95,-8.63],[115.9,-8.62],[115.85,-8.61],[115.8,-8.6],[115.78,-8.6],[115.75,-8.6],[115.7,-8.59],[115.65,-8.58],[115.6,-8.57],[115.55,-8.56],[115.5,-8.55],[115.5,-8.55],[115.45,-8.54],[115.4,-8.53],[115.35,-8.52],[115.3,-8.51],[115.25,-8.5],[115.24,-8.5],[115.2,-8.49],[115.15,-8.48],[115.1,-8.48],[115.05,-8.47],[115,-8.46],[114.95,-8.45],[114.94,-8.45],[114.9,-8.44],[114.85,-8.44],[114.8,-8.43],[114.75,-8.43],[114.7,-8.42],[114.65,-8.42],[114.6,-8.41],[114.55,-8.41],[114.5,-8.41],[114.45,-8.4],[114.4,-8.4],[114.39,-8.4],[114.35,-8.4],[114.3,-8.39],[114.25,-8.39],[114.2,-8.39],[114.15,-8.39],[114.1,-8.38],[114.05,-8.38],[114,-8.38],[113.95,-8.37],[113.9,-8.37],[113.85,-8.36],[113.8,-8.36],[113.75,-8.36],[113.7,-8.35],[113.68,-8.35],[113.65,-8.35],[113.6,-8.34],[113.55,-8.34],[113.5,-8.33],[113.45,-8.33],[113.4,-8.32],[113.35,-8.31],[113.3,-8.31],[113.25,-8.3],[113.25,-8.3],[113.2,-8.29],[113.15,-8.28],[113.1,-8.27],[113.05,-8.27],[113,-8.26],[112.97,-8.25],[112.95,-8.25],[112.9,-8.24],[112.85,-8.23],[112.8,-8.22],[112.75,-8.21],[112.72,-8.2],[112.7,-8.2],[112.65,-8.19],[112.6,-8.18],[112.55,-8.17],[112.5,-8.16],[112.45,-8.15],[112.45,-8.15],[112.4,-8.14],[112.35,-8.13],[112.3,-8.13],[112.25,-8.12],[112.2,-8.11],[112.15,-8.11],[112.1,-8.1],[112.09,-8.1],[112.05,-8.1],[112,-8.09],[111.95,-8.09],[111.9,-8.08],[111.85,-8.08],[111.8,-8.07],[111.75,-8.07],[111.7,-8.07],[111.65,-8.06],[111.6,-8.06],[111.55,-8.06],[111.5,-8.05],[111.45,-8.05],[111.42,-8.05],[111.4,-8.05],[111.35,-8.05],[111.3,-8.04],[111.25,-8.04],[111.2,-8.04],[111.15,-8.03],[111.1,-8.03],[111.05,-8.03],[111,-8.02],[110.95,-8.02],[110.9,-8.01],[110.85,-8.01],[110.8,-8],[110.79,-8],[110.75,-7.99],[110.7,-7.99],[110.65,-7.98],[110.6,-7.97],[110.55,-7.97],[110.5,-7.96],[110.46,-7.95],[110.45,-7.95],[110.4,-7.94],[110.35,-7.93],[110.3,-7.92],[110.25,-7.91],[110.2,-7.9],[110.2,-7.9],[110.15,-7.89],[110.1,-7.88],[110.05,-7.87],[110,-7.85],[109.98,-7.85],[109.95,-7.84],[109.9,-7.83],[109.85,-7.82],[109.8,-7.8],[109.79,-7.8],[109.75,-7.79],[109.7,-7.77],[109.65,-7.76],[109.63,-7.75],[109.6,-7.74],[109.55,-7.72],[109.5,-7.71],[109.48,-7.7],[109.45,-7.69],[109.4,-7.67],[109.35,-7.65],[109.34,-7.65],[109.3,-7.64],[109.25,-7.62],[109.2,-7.6],[109.2,-7.6],[109.15,-7.58],[109.1,-7.56],[109.06,-7.55],[109.05,-7.55],[109,-7.53],[108.95,-7.51],[108.91,-7.5],[108.9,-7.5],[108.85,-7.48],[108.8,-7.46],[108.77,-7.45],[108.75,-7.44],[108.7,-7.43],[108.65,-7.41],[108.62,-7.4],[108.6,-7.39],[108.55,-7.37],[108.5,-7.36],[108.48,-7.35],[108.45,-7.34],[108.4,-7.32],[108.35,-7.3],[108.34,-7.3],[108.3,-7.29],[108.25,-7.27],[108.2,-7.25],[108.2,-7.25],[108.15,-7.23],[108.1,-7.21],[108.06,-7.2],[108.05,-7.2],[108,-7.18],[107.95,-7.16],[107.92,-7.15],[107.9,-7.14],[107.85,-7.12],[107.8,-7.11],[107.79,-7.1],[107.75,-7.09],[107.7,-7.07],[107.66,-7.05],[107.65,-7.05],[107.6,-7.02],[107.55,-7],[107.55,-7],[107.5,-6.98],[107.45,-6.96],[107.44,-6.95],[107.4,-6.93],[107.35,-6.91],[107.34,-6.9],[107.3,-6.88],[107.25,-6.85],[107.24,-6.85],[107.2,-6.83],[107.15,-6.8],[107.15,-6.8],[107.1,-6.77],[107.07,-6.75],[107.05,-6.74],[107,-6.71],[106.98,-6.7],[106.95,-6.68],[106.9,-6.65],[106.9,-6.65],[106.85,-6.62],[106.82,-6.6],[106.8,-6.59],[106.75,-6.56],[106.74,-6.55],[106.7,-6.52],[106.66,-6.5],[106.65,-6.49],[106.6,-6.46],[106.58,-6.45],[106.55,-6.43],[106.5,-6.4],[106.5,-6.4],[106.45,-6.37],[106.42,-6.35],[106.4,-6.34],[106.35,-6.31],[106.34,-6.3],[106.3,-6.27],[106.26,-6.25],[106.25,-6.24],[106.2,-6.21],[106.18,-6.2],[106.15,-6.18],[106.11,-6.15],[106.1,-6.15],[106.05,-6.11],[106.03,-6.1],[106,-6.08],[105.95,-6.05],[105.95,-6.05],[105.9,-6.02],[105.87,-6],[105.85,-5.98],[105.8,-5.95],[105.8,-5.95],[105.75,-5.92],[105.72,-5.9],[105.7,-5.88],[105.65,-5.85],[105.65,-5.85],[105.6,-5.81],[105.58,-5.8],[105.55,-5.78],[105.51,-5.75],[105.5,-5.74],[105.45,-5.71],[105.44,-5.7],[105.4,-5.67],[105.37,-5.65],[105.35,-5.64],[105.3,-5.6],[105.3,-5.6],[105.25,-5.56],[105.23,-5.55],[105.2,-5.53],[105.16,-5.5],[105.15,-5.49],[105.1,-5.46],[105.09,-5.45],[105.05,-5.42],[105.03,-5.4],[105,-5.38],[104.96,-5.35],[104.95,-5.34],[104.9,-5.3],[104.9,-5.3],[104.85,-5.26],[104.83,-5.25],[104.8,-5.22],[104.77,-5.2],[104.75,-5.18],[104.71,-5.15],[104.7,-5.14],[104.65,-5.1],[104.65,-5.1],[104.6,-5.06],[104.59,-5.05],[104.55,-5.02],[104.53,-5],[104.5,-4.98],[104.47,-4.95],[104.45,-4.94],[104.4,-4.9],[104.4,-4.9],[104.35,-4.86],[104.34,-4.85],[104.3,-4.82],[104.28,-4.8],[104.25,-4.78],[104.21,-4.75],[104.2,-4.74],[104.15,-4.71],[104.14,-4.7],[104.1,-4.67],[104.07,-4.65],[104.05,-4.64],[104,-4.6],[104,-4.6],[103.95,-4.57],[103.93,-4.55],[103.9,-4.53],[103.86,-4.5],[103.85,-4.5],[103.8,-4.46],[103.78,-4.45],[103.75,-4.43],[103.72,-4.4],[103.7,-4.39],[103.65,-4.35],[103.65,-4.35],[103.6,-4.31],[103.58,-4.3],[103.55,-4.27],[103.52,-4.25],[103.5,-4.23],[103.46,-4.2],[103.45,-4.19],[103.4,-4.15],[103.4,-4.15],[103.35,-4.11],[103.34,-4.1],[103.3,-4.06],[103.28,-4.05],[103.25,-4.02],[103.23,-4],[103.2,-3.97],[103.17,-3.95],[103.15,-3.93],[103.12,-3.9],[103.1,-3.88],[103.06,-3.85],[103.05,-3.84],[103.01,-3.8],[103,-3.79],[102.96,-3.75],[102.95,-3.74],[102.9,-3.7],[102.9,-3.7],[102.85,-3.65],[102.85,-3.65],[102.8,-3.6],[102.8,-3.6],[102.75,-3.56],[102.74,-3.55],[102.7,-3.51],[102.69,-3.5],[102.65,-3.46],[102.64,-3.45],[102.6,-3.41],[102.59,-3.4],[102.55,-3.36],[102.54,-3.35],[102.5,-3.31],[102.49,-3.3],[102.45,-3.27],[102.43,-3.25],[102.4,-3.21],[102.39,-3.2],[102.35,-3.16],[102.34,-3.15],[102.3,-3.11],[102.29,-3.1],[102.25,-3.06],[102.24,-3.05],[102.2,-3],[102.2,-3],[102.16,-2.95],[102.15,-2.94],[102.12,-2.9],[102.1,-2.88],[102.08,-2.85],[102.05,-2.82],[102.04,-2.8],[102,-2.75],[102,-2.75],[101.96,-2.7],[101.95,-2.68],[101.93,-2.65],[101.9,-2.61],[101.89,-2.6],[101.86,-2.55],[101.85,-2.54],[101.82,-2.5],[101.8,-2.46],[101.79,-2.45],[101.76,-2.4],[101.75,-2.39],[101.72,-2.35],[101.7,-2.31],[101.69,-2.3],[101.66,-2.25],[101.65,-2.24],[101.62,-2.2],[101.6,-2.16],[101.59,-2.15],[101.56,-2.1],[101.55,-2.09],[101.53,-2.05],[101.5,-2.01],[101.49,-2],[101.46,-1.95],[101.45,-1.94],[101.43,-1.9],[101.4,-1.86],[101.39,-1.85],[101.36,-1.8],[101.35,-1.78],[101.33,-1.75],[101.3,-1.71],[101.3,-1.7],[101.26,-1.65],[101.25,-1.63],[101.23,-1.6],[101.2,-1.55],[101.2,-1.55],[101.16,-1.5],[101.15,-1.48],[101.13,-1.45],[101.1,-1.41],[101.09,-1.4],[101.06,-1.35],[101.05,-1.34],[101.02,-1.3],[101,-1.27],[100.98,-1.25],[100.95,-1.21],[100.94,-1.2],[100.9,-1.15],[100.9,-1.15],[100.86,-1.1],[100.85,-1.09],[100.82,-1.05],[100.8,-1.03],[100.78,-1],[100.75,-0.97],[100.73,-0.95],[100.7,-0.92],[100.69,-0.9],[100.65,-0.86],[100.64,-0.85],[100.6,-0.81],[100.59,-0.8],[100.55,-0.75],[100.55,-0.75],[100.5,-0.7],[100.5,-0.7],[100.46,-0.65],[100.45,-0.64],[100.41,-0.6],[100.4,-0.59],[100.36,-0.55],[100.35,-0.54],[100.32,-0.5],[100.3,-0.48],[100.27,-0.45],[100.25,-0.42],[100.23,-0.4],[100.2,-0.37],[100.19,-0.35],[100.15,-0.31],[100.14,-0.3],[100.1,-0.25],[100.1,-0.25],[100.06,-0.2],[100.05,-0.18],[100.02,-0.15],[100,-0.12],[99.99,-0.1],[99.95,-0.05],[99.95,-0.05],[99.91,0],[99.9,0.02],[99.88,0.05],[99.85,0.09],[99.84,0.1],[99.81,0.15],[99.8,0.16],[99.77,0.2],[99.75,0.23],[99.74,0.25],[99.71,0.3],[99.7,0.31],[99.67,0.35],[99.65,0.39],[99.64,0.4],[99.61,0.45],[99.6,0.47],[99.58,0.5],[99.55,0.55],[99.55,0.55],[99.52,0.6],[99.5,0.64],[99.49,0.65],[99.47,0.7],[99.45,0.73],[99.44,0.75],[99.41,0.8],[99.4,0.82],[99.39,0.85],[99.36,0.9],[99.35,0.92],[99.34,0.95],[99.31,1],[99.3,1.02],[99.29,1.05],[99.26,1.1],[99.25,1.12],[99.24,1.15],[99.21,1.2],[99.2,1.22],[99.19,1.25],[99.16,1.3],[99.15,1.32],[99.14,1.35],[99.11,1.4],[99.1,1.43],[99.09,1.45],[99.06,1.5],[99.05,1.53],[99.04,1.55],[99.01,1.6],[99,1.62],[98.99,1.65],[98.96,1.7],[98.95,1.72],[98.93,1.75],[98.91,1.8],[98.9,1.81],[98.88,1.85],[98.85,1.9],[98.85,1.9],[98.82,1.95],[98.8,1.99],[98.8,2],[98.77,2.05],[98.75,2.08],[98.74,2.1],[98.71,2.15],[98.7,2.17],[98.68,2.2],[98.65,2.25],[98.65,2.25],[98.62,2.3],[98.6,2.34],[98.59,2.35],[98.56,2.4],[98.55,2.42],[98.54,2.45],[98.51,2.5],[98.5,2.51],[98.48,2.55],[98.45,2.6],[98.45,2.6],[98.42,2.65],[98.4,2.68],[98.39,2.7],[98.36,2.75],[98.35,2.76],[98.32,2.8],[98.3,2.83],[98.29,2.85],[98.26,2.9],[98.25,2.91],[98.22,2.95],[98.2,2.97],[98.18,3],[98.15,3.04],[98.14,3.05],[98.1,3.1],[98.1,3.1],[98.06,3.15],[98.05,3.16],[98.01,3.2],[98,3.21],[97.97,3.25],[97.95,3.27],[97.92,3.3],[97.9,3.32],[97.87,3.35],[97.85,3.37],[97.82,3.4],[97.8,3.42],[97.77,3.45],[97.75,3.47],[97.72,3.5],[97.7,3.51],[97.66,3.55],[97.65,3.56],[97.61,3.6],[97.6,3.61],[97.55,3.65],[97.55,3.65],[97.5,3.69],[97.49,3.7],[97.45,3.74],[97.44,3.75],[97.4,3.78],[97.38,3.8],[97.35,3.82],[97.32,3.85],[97.3,3.87],[97.26,3.9],[97.25,3.91],[97.2,3.95],[97.2,3.95],[97.15,3.99],[97.14,4],[97.1,4.03],[97.07,4.05],[97.05,4.07],[97.01,4.1],[97,4.11],[96.95,4.15],[96.94,4.15],[96.9,4.18],[96.88,4.2],[96.85,4.22],[96.81,4.25],[96.8,4.26],[96.75,4.3],[96.74,4.3],[96.7,4.33],[96.68,4.35],[96.65,4.37],[96.61,4.4],[96.6,4.41],[96.55,4.45],[96.55,4.45],[96.5,4.49],[96.48,4.5],[96.45,4.52],[96.42,4.55],[96.4,4.56],[96.36,4.6],[96.35,4.6],[96.3,4.65],[96.3,4.65],[96.25,4.69],[96.24,4.7],[96.2,4.73],[96.18,4.75],[96.15,4.78],[96.12,4.8],[96.1,4.82],[96.07,4.85],[96.05,4.87],[96.01,4.9],[96,4.91],[95.96,4.95],[95.95,4.96],[95.91,5],[95.9,5],[95.85,5.05],[95.85,5.05],[95.8,5.1],[95.8,5.1],[95.75,5.15],[95.75,5.15],[95.7,5.2],[95.7,5.2],[95.65,5.25],[95.65,5.25],[95.6,5.3],[95.6,5.3],[95.55,5.35],[95.55,5.35],[95.51,5.4],[95.5,5.41],[95.47,5.45],[95.45,5.47],[95.42,5.5],[95.4,5.53],[95.39,5.55],[95.35,5.6],[95.35,5.6],[95.31,5.65],[95.3,5.67],[95.28,5.7],[95.25,5.75],[95.25,5.75],[95.22,5.8],[95.2,5.83],[95.19,5.85],[95.16,5.9],[95.15,5.91],[95.13,5.95],[95.1,6],[95.1,6],[95.07,6.05],[95.05,6.09],[95.05,6.1],[95.02,6.15],[95,6.19],[94.99,6.2],[94.97,6.25],[94.95,6.28],[94.94,6.3],[94.92,6.35],[94.9,6.38],[94.89,6.4],[94.87,6.45],[94.85,6.48],[94.84,6.5],[94.82,6.55],[94.8,6.59],[94.79,6.6],[94.77,6.65],[94.75,6.69],[94.75,6.7],[94.72,6.75],[94.7,6.8],[94.7,6.8],[94.68,6.85],[94.65,6.9],[94.65,6.91],[94.63,6.95],[94.61,7],[94.6,7.02],[94.59,7.05],[94.56,7.1],[94.55,7.13],[94.54,7.15],[94.52,7.2],[94.5,7.25],[94.5,7.25],[94.48,7.3],[94.46,7.35],[94.45,7.37],[94.44,7.4],[94.42,7.45],[94.4,7.49],[94.4,7.5],[94.38,7.55],[94.36,7.6],[94.35,7.62],[94.34,7.65],[94.32,7.7],[94.3,7.75],[94.3,7.76],[94.29,7.8],[94.27,7.85],[94.25,7.9],[94.25,7.91],[94.24,7.95],[94.22,8],[94.2,8.05],[94.2,8.06],[94.19,8.1],[94.17,8.15],[94.16,8.2],[94.15,8.23],[94.14,8.25],[94.13,8.3],[94.12,8.35],[94.1,8.4],[94.1,8.41],[94.09,8.45],[94.08,8.5],[94.06,8.55],[94.05,8.6],[94.05,8.6],[94.04,8.65],[94.03,8.7],[94.02,8.75],[94.01,8.8],[94,8.83],[93.99,8.85],[93.98,8.9],[93.97,8.95],[93.96,9],[93.95,9.05],[93.95,9.06],[93.94,9.1],[93.93,9.15],[93.92,9.2],[93.91,9.25],[93.9,9.29],[93.9,9.3],[93.89,9.35],[93.88,9.4],[93.87,9.45],[93.86,9.5],[93.85,9.53],[93.85,9.55],[93.84,9.6],[93.83,9.65],[93.82,9.7],[93.81,9.75],[93.8,9.8],[93.8,9.82],[93.79,9.85],[93.79,9.9],[93.78,9.95],[93.77,10],[93.76,10.05],[93.76,10.1],[93.75,10.15],[93.75,10.15],[93.74,10.2],[93.73,10.25],[93.73,10.3],[93.72,10.35],[93.71,10.4],[93.71,10.45],[93.7,10.5],[93.7,10.51],[93.7,10.55],[93.69,10.6],[93.69,10.65],[93.68,10.7],[93.68,10.75],[93.67,10.8],[93.67,10.85],[93.67,10.9],[93.67,10.95],[93.66,11],[93.66,11.05],[93.66,11.1],[93.66,11.15],[93.66,11.2],[93.67,11.25],[93.67,11.3],[93.67,11.35],[93.67,11.4],[93.68,11.45],[93.68,11.5],[93.69,11.55],[93.69,11.6],[93.7,11.64],[93.7,11.65],[93.71,11.7],[93.72,11.75],[93.73,11.8],[93.74,11.85],[93.75,11.9],[93.75,11.91],[93.76,11.95],[93.77,12],[93.79,12.05],[93.8,12.1],[93.8,12.1],[93.82,12.15],[93.83,12.2],[93.85,12.25],[93.85,12.25],[93.87,12.3],[93.88,12.35],[93.9,12.39],[93.9,12.4],[93.92,12.45],[93.95,12.5],[93.95,12.51],[93.97,12.55],[93.99,12.6],[94,12.62],[94.01,12.65],[94.04,12.7],[94.05,12.73],[94.06,12.75],[94.08,12.8],[94.1,12.83],[94.11,12.85],[94.13,12.9],[94.15,12.93],[94.16,12.95],[94.18,13],[94.2,13.03],[94.21,13.05],[94.24,13.1],[94.25,13.13],[94.26,13.15],[94.29,13.2],[94.3,13.22],[94.32,13.25],[94.35,13.3],[94.35,13.31],[94.37,13.35],[94.4,13.4],[94.4,13.4],[94.43,13.45],[94.45,13.48],[94.46,13.5],[94.49,13.55],[94.5,13.56],[94.52,13.6],[94.55,13.64],[94.56,13.65],[94.59,13.7],[94.6,13.72],[94.62,13.75],[94.65,13.79],[94.66,13.8],[94.69,13.85],[94.7,13.86],[94.73,13.9],[94.75,13.93],[94.76,13.95],[94.8,14],[94.8,14],[94.83,14.05],[94.85,14.07],[94.87,14.1],[94.9,14.14],[94.91,14.15],[94.94,14.2],[94.95,14.21],[94.98,14.25],[95,14.27],[95.02,14.3],[95.05,14.34],[95.06,14.35],[95.1,14.4],[95.1,14.4],[95.14,14.45],[95.15,14.47]]}},{"type":"Feature","properties":{"zone":"sum","depth_km":40},"geometry":{"type":"LineString","coordinates":[[93.35,26.52],[93.36,26.5],[93.38,26.45],[93.4,26.4],[93.4,26.39],[93.41,26.35],[93.43,26.3],[93.44,26.25],[93.45,26.21],[93.45,26.2],[93.46,26.15],[93.46,26.1],[93.47,26.05],[93.46,26],[93.46,25.95],[93.45,25.9],[93.45,25.88],[93.44,25.85],[93.43,25.8],[93.41,25.75],[93.4,25.72],[93.39,25.7],[93.37,25.65],[93.35,25.61],[93.35,25.6],[93.32,25.55],[93.3,25.5],[93.3,25.5],[93.27,25.45],[93.25,25.4],[93.25,25.4],[93.23,25.35],[93.2,25.3],[93.2,25.29],[93.18,25.25],[93.16,25.2],[93.15,25.17],[93.14,25.15],[93.12,25.1],[93.1,25.05],[93.1,25.04],[93.08,25],[93.07,24.95],[93.05,24.91],[93.05,24.9],[93.03,24.85],[93.01,24.8],[93,24.77],[92.99,24.75],[92.98,24.7],[92.96,24.65],[92.95,24.62],[92.94,24.6],[92.93,24.55],[92.91,24.5],[92.9,24.46],[92.9,24.45],[92.88,24.4],[92.87,24.35],[92.85,24.3],[92.85,24.29],[92.84,24.25],[92.83,24.2],[92.81,24.15],[92.8,24.1],[92.8,24.1],[92.79,24.05],[92.78,24],[92.77,23.95],[92.76,23.9],[92.75,23.86],[92.75,23.85],[92.74,23.8],[92.74,23.75],[92.73,23.7],[92.73,23.65],[92.73,23.6],[92.74,23.55],[92.74,23.5],[92.75,23.45],[92.75,23.44],[92.76,23.4],[92.77,23.35],[92.79,23.3],[92.8,23.26],[92.81,23.25],[92.83,23.2],[92.85,23.15],[92.85,23.14],[92.87,23.1],[92.9,23.05],[92.9,23.04],[92.92,23],[92.95,22.95],[92.95,22.94],[92.97,22.9],[93,22.85],[93,22.85],[93.02,22.8],[93.05,22.75],[93.05,22.75],[93.07,22.7],[93.1,22.65],[93.1,22.64],[93.12,22.6],[93.14,22.55],[93.15,22.52],[93.16,22.5],[93.18,22.45],[93.19,22.4],[93.2,22.38],[93.21,22.35],[93.23,22.3],[93.24,22.25],[93.25,22.21],[93.25,22.2],[93.27,22.15],[93.28,22.1],[93.29,22.05],[93.3,22.01],[93.3,22],[93.31,21.95],[93.33,21.9],[93.34,21.85],[93.35,21.82],[93.36,21.8],[93.37,21.75],[93.39,21.7],[93.4,21.67],[93.41,21.65],[93.43,21.6],[93.45,21.55],[93.45,21.54],[93.47,21.5],[93.49,21.45],[93.5,21.43],[93.52,21.4],[93.54,21.35],[93.55,21.33],[93.57,21.3],[93.59,21.25],[93.6,21.24],[93.62,21.2],[93.65,21.15],[93.65,21.15],[93.68,21.1],[93.7,21.06],[93.7,21.05],[93.73,21],[93.75,20.97],[93.76,20.95],[93.79,20.9],[93.8,20.88],[93.82,20.85],[93.85,20.8],[93.85,20.79],[93.88,20.75],[93.9,20.71],[93.9,20.7],[93.93,20.65],[93.95,20.62],[93.96,20.6],[93.99,20.55],[94,20.53],[94.01,20.5],[94.04,20.45],[94.05,20.43],[94.07,20.4],[94.09,20.35],[94.1,20.34],[94.12,20.3],[94.14,20.25],[94.15,20.24],[94.17,20.2],[94.19,20.15],[94.2,20.14],[94.22,20.1],[94.24,20.05],[94.25,20.04],[94.27,20],[94.29,19.95],[94.3,19.94],[94.32,19.9],[94.34,19.85],[94.35,19.84],[94.37,19.8],[94.39,19.75],[94.4,19.74],[94.42,19.7],[94.45,19.65],[94.45,19.64],[94.47,19.6],[94.5,19.55],[94.5,19.55],[94.53,19.5],[94.55,19.45],[94.55,19.45],[94.58,19.4],[94.6,19.36],[94.6,19.35],[94.63,19.3],[94.65,19.26],[94.66,19.25],[94.68,19.2],[94.7,19.16],[94.71,19.15],[94.73,19.1],[94.75,19.06],[94.75,19.05],[94.78,19],[94.8,18.95],[94.8,18.95],[94.82,18.9],[94.85,18.85],[94.85,18.84],[94.87,18.8],[94.89,18.75],[94.9,18.72],[94.91,18.7],[94.93,18.65],[94.95,18.6],[94.95,18.6],[94.97,18.55],[94.99,18.5],[95,18.48],[95.01,18.45],[95.03,18.4],[95.05,18.35],[95.05,18.35],[95.07,18.3],[95.09,18.25],[95.1,18.22],[95.11,18.2],[95.13,18.15],[95.15,18.1],[95.15,18.09],[95.16,18.05],[95.18,18],[95.2,17.95],[95.2,17.94],[95.21,17.9],[95.23,17.85],[95.24,17.8],[95.25,17.78],[95.26,17.75],[95.27,17.7],[95.28,17.65],[95.29,17.6],[95.3,17.57],[95.3,17.55],[95.31,17.5],[95.32,17.45],[95.33,17.4],[95.34,17.35],[95.34,17.3],[95.35,17.25],[95.35,17.2],[95.35,17.19],[95.35,17.15],[95.35,17.1],[95.35,17.05],[95.35,17],[95.35,16.95],[95.35,16.9],[95.35,16.87],[95.35,16.85],[95.35,16.8],[95.34,16.75],[95.33,16.7],[95.33,16.65],[95.32,16.6],[95.31,16.55],[95.3,16.5],[95.3,16.49],[95.29,16.45],[95.28,16.4],[95.27,16.35],[95.25,16.3],[95.25,16.29],[95.24,16.25],[95.22,16.2],[95.21,16.15],[95.2,16.13],[95.19,16.1],[95.17,16.05],[95.15,16],[95.15,16],[95.13,15.95],[95.11,15.9],[95.1,15.88],[95.09,15.85],[95.07,15.8],[95.05,15.76],[95.04,15.75],[95.02,15.7],[95,15.66],[95,15.65],[94.97,15.6],[94.95,15.56],[94.95,15.55],[94.92,15.5],[94.9,15.46],[94.9,15.45],[94.87,15.4],[94.85,15.36],[94.84,15.35],[94.82,15.3],[94.8,15.27],[94.79,15.25],[94.76,15.2],[94.75,15.18],[94.73,15.15],[94.7,15.1],[94.7,15.1],[94.67,15.05],[94.65,15.02],[94.64,15],[94.61,14.95],[94.6,14.94],[94.58,14.9],[94.55,14.86],[94.54,14.85],[94.51,14.8],[94.5,14.78],[94.48,14.75],[94.45,14.71],[94.44,14.7],[94.41,14.65],[94.4,14.64],[94.38,14.6],[94.35,14.56],[94.34,14.55],[94.31,14.5],[94.3,14.49],[94.28,14.45],[94.25,14.41],[94.24,14.4],[94.21,14.35],[94.2,14.33],[94.18,14.3],[94.15,14.26],[94.15,14.25],[94.11,14.2],[94.1,14.18],[94.08,14.15],[94.05,14.1],[94.05,14.1],[94.02,14.05],[94,14.02],[93.98,14],[93.95,13.95],[93.95,13.95],[93.92,13.9],[93.9,13.87],[93.89,13.85],[93.85,13.8],[93.85,13.79],[93.82,13.75],[93.8,13.72],[93.79,13.7],[93.76,13.65],[93.75,13.64],[93.73,13.6],[93.7,13.55],[93.7,13.55],[93.67,13.5],[93.65,13.47],[93.64,13.45],[93.61,13.4],[93.6,13.38],[93.58,13.35],[93.55,13.3],[93.55,13.3],[93.52,13.25],[93.5,13.2],[93.5,13.2],[93.47,13.15],[93.45,13.11],[93.44,13.1],[93.42,13.05],[93.4,13.01],[93.39,13],[93.37,12.95],[93.35,12.91],[93.35,12.9],[93.32,12.85],[93.3,12.8],[93.3,12.8],[93.28,12.75],[93.26,12.7],[93.25,12.68],[93.24,12.65],[93.22,12.6],[93.21,12.55],[93.2,12.53],[93.19,12.5],[93.17,12.45],[93.16,12.4],[93.15,12.36],[93.15,12.35],[93.14,12.3],[93.12,12.25],[93.11,12.2],[93.1,12.15],[93.1,12.14],[93.09,12.1],[93.08,12.05],[93.07,12],[93.06,11.95],[93.05,11.9],[93.05,11.87],[93.05,11.85],[93.04,11.8],[93.03,11.75],[93.02,11.7],[93.01,11.65],[93.01,11.6],[93,11.55],[93,11.55],[92.99,11.5],[92.99,11.45],[92.98,11.4],[92.97,11.35],[92.97,11.3],[92.96,11.25],[92.96,11.2],[92.96,11.15],[92.95,11.1],[92.95,11.05],[92.95,11.05],[92.95,11],[92.95,10.95],[92.95,10.9],[92.95,10.85],[92.95,10.8],[92.95,10.75],[92.95,10.7],[92.95,10.65],[92.95,10.62],[92.95,10.6],[92.95,10.55],[92.96,10.5],[92.96,10.45],[92.96,10.4],[92.97,10.35],[92.97,10.3],[92.97,10.25],[92.98,10.2],[92.98,10.15],[92.99,10.1],[92.99,10.05],[92.99,10],[93,9.95],[93,9.94],[93,9.9],[93.01,9.85],[93.01,9.8],[93.02,9.75],[93.02,9.7],[93.03,9.65],[93.03,9.6],[93.03,9.55],[93.04,9.5],[93.05,9.45],[93.05,9.41],[93.05,9.4],[93.06,9.35],[93.07,9.3],[93.07,9.25],[93.08,9.2],[93.09,9.15],[93.1,9.11],[93.1,9.1],[93.11,9.05],[93.12,9],[93.14,8.95],[93.15,8.9],[93.15,8.89],[93.16,8.85],[93.17,8.8],[93.19,8.75],[93.2,8.7],[93.2,8.69],[93.21,8.65],[93.22,8.6],[93.24,8.55],[93.25,8.5],[93.25,8.49],[93.26,8.45],[93.27,8.4],[93.29,8.35],[93.3,8.3],[93.3,8.3],[93.31,8.25],[93.33,8.2],[93.34,8.15],[93.35,8.13],[93.36,8.1],[93.38,8.05],[93.39,8],[93.4,7.98],[93.41,7.95],[93.43,7.9],[93.45,7.85],[93.45,7.85],[93.47,7.8],[93.49,7.75],[93.5,7.73],[93.51,7.7],[93.53,7.65],[93.55,7.61],[93.56,7.6],[93.58,7.55],[93.6,7.5],[93.6,7.5],[93.62,7.45],[93.64,7.4],[93.65,7.38],[93.66,7.35],[93.69,7.3],[93.7,7.27],[93.71,7.25],[93.73,7.2],[93.75,7.15],[93.75,7.15],[93.77,7.1],[93.79,7.05],[93.8,7.02],[93.81,7],[93.83,6.95],[93.85,6.9],[93.85,6.89],[93.86,6.85],[93.88,6.8],[93.9,6.75],[93.9,6.75],[93.92,6.7],[93.93,6.65],[93.95,6.6],[93.95,6.59],[93.96,6.55],[93.98,6.5],[93.99,6.45],[94,6.43],[94.01,6.4],[94.02,6.35],[94.04,6.3],[94.05,6.27],[94.06,6.25],[94.07,6.2],[94.09,6.15],[94.1,6.11],[94.1,6.1],[94.12,6.05],[94.13,6],[94.15,5.96],[94.15,5.95],[94.17,5.9],[94.19,5.85],[94.2,5.82],[94.21,5.8],[94.23,5.75],[94.25,5.7],[94.25,5.7],[94.27,5.65],[94.29,5.6],[94.3,5.58],[94.32,5.55],[94.34,5.5],[94.35,5.48],[94.37,5.45],[94.39,5.4],[94.4,5.39],[94.42,5.35],[94.45,5.3],[94.45,5.3],[94.48,5.25],[94.5,5.21],[94.51,5.2],[94.54,5.15],[94.55,5.13],[94.57,5.1],[94.6,5.05],[94.6,5.05],[94.64,5],[94.65,4.98],[94.67,4.95],[94.7,4.91],[94.71,4.9],[94.74,4.85],[94.75,4.84],[94.78,4.8],[94.8,4.78],[94.82,4.75],[94.85,4.71],[94.86,4.7],[94.9,4.65],[94.9,4.65],[94.94,4.6],[94.95,4.59],[94.98,4.55],[95,4.53],[95.02,4.5],[95.05,4.47],[95.07,4.45],[95.1,4.41],[95.11,4.4],[95.15,4.35],[95.15,4.35],[95.2,4.3],[95.2,4.3],[95.24,4.25],[95.25,4.24],[95.29,4.2],[95.3,4.18],[95.33,4.15],[95.35,4.13],[95.38,4.1],[95.4,4.07],[95.42,4.05],[95.45,4.02],[95.47,4],[95.5,3.97],[95.52,3.95],[95.55,3.92],[95.57,3.9],[95.6,3.87],[95.62,3.85],[95.65,3.82],[95.67,3.8],[95.7,3.77],[95.72,3.75],[95.75,3.73],[95.78,3.7],[95.8,3.68],[95.84,3.65],[95.85,3.64],[95.9,3.6],[95.9,3.6],[95.95,3.56],[95.96,3.55],[96,3.52],[96.02,3.5],[96.05,3.48],[96.08,3.45],[96.1,3.44],[96.14,3.4],[96.15,3.4],[96.2,3.36],[96.21,3.35],[96.25,3.32],[96.27,3.3],[96.3,3.28],[96.33,3.25],[96.35,3.24],[96.39,3.2],[96.4,3.2],[96.45,3.15],[96.46,3.15],[96.5,3.11],[96.52,3.1],[96.55,3.07],[96.57,3.05],[96.6,3.03],[96.63,3],[96.65,2.98],[96.69,2.95],[96.7,2.94],[96.74,2.9],[96.75,2.89],[96.8,2.85],[96.8,2.85],[96.85,2.8],[96.85,2.8],[96.9,2.75],[96.9,2.75],[96.95,2.7],[96.95,2.7],[97,2.65],[97,2.65],[97.04,2.6],[97.05,2.59],[97.09,2.55],[97.1,2.54],[97.13,2.5],[97.15,2.48],[97.17,2.45],[97.2,2.42],[97.21,2.4],[97.25,2.35],[97.25,2.35],[97.29,2.3],[97.3,2.29],[97.33,2.25],[97.35,2.22],[97.36,2.2],[97.4,2.15],[97.4,2.15],[97.44,2.1],[97.45,2.09],[97.48,2.05],[97.5,2.02],[97.52,2],[97.55,1.96],[97.55,1.95],[97.59,1.9],[97.6,1.89],[97.63,1.85],[97.65,1.83],[97.67,1.8],[97.7,1.77],[97.71,1.75],[97.75,1.7],[97.75,1.7],[97.79,1.65],[97.8,1.64],[97.83,1.6],[97.85,1.57],[97.86,1.55],[97.9,1.5],[97.9,1.49],[97.93,1.45],[97.95,1.42],[97.96,1.4],[97.99,1.35],[98,1.33],[98.02,1.3],[98.04,1.25],[98.05,1.23],[98.07,1.2],[98.09,1.15],[98.1,1.12],[98.11,1.1],[98.13,1.05],[98.15,1],[98.15,1],[98.17,0.95],[98.19,0.9],[98.2,0.87],[98.21,0.85],[98.23,0.8],[98.25,0.75],[98.25,0.75],[98.27,0.7],[98.29,0.65],[98.3,0.63],[98.31,0.6],[98.34,0.55],[98.35,0.53],[98.36,0.5],[98.39,0.45],[98.4,0.43],[98.42,0.4],[98.45,0.35],[98.45,0.35],[98.48,0.3],[98.5,0.27],[98.51,0.25],[98.54,0.2],[98.55,0.19],[98.58,0.15],[98.6,0.11],[98.61,0.1],[98.64,0.05],[98.65,0.04],[98.68,0],[98.7,-0.03],[98.71,-0.05],[98.75,-0.1],[98.75,-0.1],[98.78,-0.15],[98.8,-0.17],[98.82,-0.2],[98.85,-0.24],[98.86,-0.25],[98.9,-0.3],[98.9,-0.31],[98.93,-0.35],[98.95,-0.37],[98.97,-0.4],[99,-0.43],[99.01,-0.45],[99.05,-0.49],[99.05,-0.5],[99.1,-0.55],[99.1,-0.56],[99.14,-0.6],[99.15,-0.62],[99.18,-0.65],[99.2,-0.68],[99.22,-0.7],[99.25,-0.74],[99.26,-0.75],[99.3,-0.8],[99.3,-0.8],[99.34,-0.85],[99.35,-0.86],[99.38,-0.9],[99.4,-0.92],[99.42,-0.95],[99.45,-0.98],[99.47,-1],[99.5,-1.04],[99.51,-1.05],[99.55,-1.1],[99.55,-1.1],[99.59,-1.15],[99.6,-1.16],[99.64,-1.2],[99.65,-1.21],[99.68,-1.25],[99.7,-1.27],[99.73,-1.3],[99.75,-1.32],[99.78,-1.35],[99.8,-1.38],[99.82,-1.4],[99.85,-1.43],[99.87,-1.45],[99.9,-1.49],[99.91,-1.5],[99.95,-1.54],[99.96,-1.55],[100,-1.6],[100,-1.6],[100.04,-1.65],[100.05,-1.66],[100.08,-1.7],[100.1,-1.72],[100.13,-1.75],[100.15,-1.78],[100.17,-1.8],[100.2,-1.84],[100.2,-1.85],[100.24,-1.9],[100.25,-1.91],[100.28,-1.95],[100.3,-1.98],[100.32,-2],[100.35,-2.05],[100.35,-2.05],[100.39,-2.1],[100.4,-2.12],[100.42,-2.15],[100.45,-2.19],[100.46,-2.2],[100.5,-2.25],[100.5,-2.26],[100.53,-2.3],[100.55,-2.33],[100.57,-2.35],[100.6,-2.4],[100.6,-2.4],[100.64,-2.45],[100.65,-2.47],[100.68,-2.5],[100.7,-2.53],[100.71,-2.55],[100.75,-2.6],[100.75,-2.6],[100.78,-2.65],[100.8,-2.68],[100.82,-2.7],[100.85,-2.75],[100.85,-2.75],[100.89,-2.8],[100.9,-2.82],[100.92,-2.85],[100.95,-2.89],[100.95,-2.9],[100.99,-2.95],[101,-2.97],[101.02,-3],[101.05,-3.04],[101.05,-3.05],[101.09,-3.1],[101.1,-3.12],[101.12,-3.15],[101.15,-3.19],[101.16,-3.2],[101.19,-3.25],[101.2,-3.26],[101.23,-3.3],[101.25,-3.33],[101.26,-3.35],[101.3,-3.4],[101.3,-3.4],[101.34,-3.45],[101.35,-3.47],[101.38,-3.5],[101.4,-3.53],[101.41,-3.55],[101.45,-3.6],[101.45,-3.6],[101.49,-3.65],[101.5,-3.66],[101.53,-3.7],[101.55,-3.73],[101.57,-3.75],[101.6,-3.79],[101.61,-3.8],[101.65,-3.85],[101.65,-3.85],[101.69,-3.9],[101.7,-3.92],[101.73,-3.95],[101.75,-3.98],[101.77,-4],[101.8,-4.04],[101.81,-4.05],[101.85,-4.1],[101.85,-4.1],[101.89,-4.15],[101.9,-4.16],[101.93,-4.2],[101.95,-4.22],[101.98,-4.25],[102,-4.28],[102.02,-4.3],[102.05,-4.33],[102.06,-4.35],[102.1,-4.39],[102.11,-4.4],[102.15,-4.44],[102.16,-4.45],[102.2,-4.5],[102.2,-4.5],[102.25,-4.55],[102.25,-4.55],[102.3,-4.6],[102.3,-4.6],[102.35,-4.64],[102.36,-4.65],[102.4,-4.68],[102.42,-4.7],[102.45,-4.72],[102.49,-4.75],[102.5,-4.76],[102.55,-4.79],[102.56,-4.8],[102.6,-4.83],[102.64,-4.85],[102.65,-4.85],[102.7,-4.88],[102.74,-4.9],[102.75,-4.91],[102.8,-4.93],[102.84,-4.95],[102.85,-4.95],[102.9,-4.98],[102.95,-5],[102.95,-5],[103,-5.02],[103.05,-5.05],[103.06,-5.05],[103.1,-5.07],[103.15,-5.1],[103.15,-5.1],[103.2,-5.13],[103.24,-5.15],[103.25,-5.16],[103.3,-5.19],[103.32,-5.2],[103.35,-5.22],[103.39,-5.25],[103.4,-5.26],[103.45,-5.3],[103.45,-5.3],[103.5,-5.34],[103.51,-5.35],[103.55,-5.39],[103.56,-5.4],[103.6,-5.44],[103.61,-5.45],[103.65,-5.49],[103.66,-5.5],[103.7,-5.55],[103.7,-5.55],[103.74,-5.6],[103.75,-5.61],[103.78,-5.65],[103.8,-5.67],[103.82,-5.7],[103.85,-5.74],[103.86,-5.75],[103.9,-5.8],[103.9,-5.8],[103.94,-5.85],[103.95,-5.86],[103.98,-5.9],[104,-5.92],[104.03,-5.95],[104.05,-5.97],[104.08,-6],[104.1,-6.02],[104.14,-6.05],[104.15,-6.06],[104.2,-6.1],[104.2,-6.1],[104.25,-6.13],[104.28,-6.15],[104.3,-6.16],[104.35,-6.19],[104.38,-6.2],[104.4,-6.21],[104.45,-6.24],[104.48,-6.25],[104.5,-6.26],[104.55,-6.28],[104.6,-6.3],[104.6,-6.3],[104.65,-6.32],[104.7,-6.34],[104.71,-6.35],[104.75,-6.37],[104.8,-6.39],[104.82,-6.4],[104.85,-6.41],[104.9,-6.44],[104.92,-6.45],[104.95,-6.47],[105,-6.49],[105.01,-6.5],[105.05,-6.52],[105.09,-6.55],[105.1,-6.55],[105.15,-6.58],[105.18,-6.6],[105.2,-6.62],[105.25,-6.65],[105.25,-6.65],[105.3,-6.68],[105.33,-6.7],[105.35,-6.72],[105.4,-6.75],[105.4,-6.75],[105.45,-6.79],[105.47,-6.8],[105.5,-6.83],[105.53,-6.85],[105.55,-6.86],[105.6,-6.9],[105.6,-6.9],[105.65,-6.94],[105.66,-6.95],[105.7,-6.98],[105.72,-7],[105.75,-7.02],[105.79,-7.05],[105.8,-7.06],[105.85,-7.1],[105.85,-7.1],[105.9,-7.14],[105.91,-7.15],[105.95,-7.19],[105.97,-7.2],[106,-7.23],[106.03,-7.25],[106.05,-7.27],[106.09,-7.3],[106.1,-7.31],[106.15,-7.35],[106.15,-7.35],[106.2,-7.39],[106.22,-7.4],[106.25,-7.43],[106.28,-7.45],[106.3,-7.46],[106.35,-7.5],[106.35,-7.5],[106.4,-7.53],[106.42,-7.55],[106.45,-7.57],[106.5,-7.6],[106.5,-7.6],[106.55,-7.63],[106.58,-7.65],[106.6,-7.66],[106.65,-7.69],[106.67,-7.7],[106.7,-7.72],[106.75,-7.74],[106.76,-7.75],[106.8,-7.77],[106.85,-7.79],[106.86,-7.8],[106.9,-7.82],[106.95,-7.84],[106.97,-7.85],[107,-7.87],[107.05,-7.89],[107.07,-7.9],[107.1,-7.91],[107.15,-7.93],[107.19,-7.95],[107.2,-7.95],[107.25,-7.98],[107.3,-8],[107.31,-8],[107.35,-8.02],[107.4,-8.04],[107.44,-8.05],[107.45,-8.05],[107.5,-8.07],[107.55,-8.09],[107.58,-8.1],[107.6,-8.11],[107.65,-8.12],[107.7,-8.14],[107.74,-8.15],[107.75,-8.15],[107.8,-8.17],[107.85,-8.18],[107.9,-8.2],[107.9,-8.2],[107.95,-8.21],[108,-8.23],[108.05,-8.24],[108.07,-8.25],[108.1,-8.26],[108.15,-8.27],[108.2,-8.29],[108.24,-8.3],[108.25,-8.3],[108.3,-8.32],[108.35,-8.33],[108.4,-8.35],[108.41,-8.35],[108.45,-8.36],[108.5,-8.38],[108.55,-8.39],[108.57,-8.4],[108.6,-8.41],[108.65,-8.43],[108.7,-8.44],[108.72,-8.45],[108.75,-8.46],[108.8,-8.48],[108.85,-8.5],[108.86,-8.5],[108.9,-8.52],[108.95,-8.54],[108.99,-8.55],[109,-8.55],[109.05,-8.57],[109.1,-8.59],[109.13,-8.6],[109.15,-8.61],[109.2,-8.63],[109.25,-8.64],[109.28,-8.65],[109.3,-8.66],[109.35,-8.67],[109.4,-8.68],[109.45,-8.69],[109.48,-8.7],[109.5,-8.7],[109.55,-8.71],[109.6,-8.72],[109.65,-8.73],[109.7,-8.74],[109.75,-8.75],[109.79,-8.75],[109.8,-8.75],[109.85,-8.76],[109.9,-8.76],[109.95,-8.77],[110,-8.77],[110.05,-8.78],[110.1,-8.78],[110.15,-8.79],[110.2,-8.79],[110.25,-8.8],[110.25,-8.8],[110.3,-8.81],[110.35,-8.81],[110.4,-8.82],[110.45,-8.82],[110.5,-8.83],[110.55,-8.83],[110.6,-8.84],[110.65,-8.84],[110.7,-8.85],[110.72,-8.85],[110.75,-8.85],[110.8,-8.86],[110.85,-8.86],[110.9,-8.87],[110.95,-8.87],[111,-8.88],[111.05,-8.88],[111.1,-8.89],[111.15,-8.89],[111.2,-8.9],[111.24,-8.9],[111.25,-8.9],[111.3,-8.91],[111.35,-8.91],[111.4,-8.92],[111.45,-8.92],[111.5,-8.93],[111.55,-8.93],[111.6,-8.94],[111.65,-8.95],[111.69,-8.95],[111.7,-8.95],[111.75,-8.96],[111.8,-8.97],[111.85,-8.97],[111.9,-8.98],[111.95,-8.99],[112,-9],[112.03,-9],[112.05,-9],[112.1,-9.01],[112.15,-9.02],[112.2,-9.03],[112.25,-9.04],[112.29,-9.05],[112.3,-9.05],[112.35,-9.06],[112.4,-9.07],[112.45,-9.09],[112.5,-9.1],[112.5,-9.1],[112.55,-9.11],[112.6,-9.13],[112.65,-9.14],[112.68,-9.15],[112.7,-9.16],[112.75,-9.17],[112.8,-9.19],[112.83,-9.2],[112.85,-9.21],[112.9,-9.22],[112.95,-9.24],[112.98,-9.25],[113,-9.26],[113.05,-9.28],[113.1,-9.3],[113.11,-9.3],[113.15,-9.32],[113.2,-9.33],[113.24,-9.35],[113.25,-9.35],[113.3,-9.37],[113.35,-9.39],[113.37,-9.4],[113.4,-9.41],[113.45,-9.43],[113.5,-9.45],[113.51,-9.45],[113.55,-9.46],[113.6,-9.48],[113.65,-9.5],[113.66,-9.5],[113.7,-9.51],[113.75,-9.53],[113.8,-9.54],[113.84,-9.55],[113.85,-9.55],[113.9,-9.56],[113.95,-9.58],[114,-9.59],[114.05,-9.59],[114.08,-9.6],[114.1,-9.6],[114.15,-9.61],[114.2,-9.62],[114.25,-9.62],[114.3,-9.63],[114.35,-9.63],[114.4,-9.64],[114.45,-9.64],[114.5,-9.65],[114.55,-9.65],[114.6,-9.65],[114.64,-9.65],[114.65,-9.65],[114.7,-9.65],[114.75,-9.65],[114.8,-9.65],[114.85,-9.65],[114.9,-9.65],[114.94,-9.65],[114.95,-9.65],[115,-9.65],[115.05,-9.65],[115.09,-9.65],[115.1,-9.65],[115.15,-9.65],[115.2,-9.65],[115.25,-9.65],[115.3,-9.65],[115.35,-9.66],[115.4,-9.66],[115.45,-9.66],[115.5,-9.66],[115.55,-9.66],[115.6,-9.67],[115.65,-9.67],[115.7,-9.67],[115.75,-9.67],[115.8,-9.68],[115.85,-9.68],[115.9,-9.68],[115.95,-9.68],[116,-9.69],[116.05,-9.69],[116.1,-9.69],[116.15,-9.7],[116.2,-9.7],[116.21,-9.7],[116.25,-9.7],[116.3,-9.71],[116.35,-9.71],[116.4,-9.71],[116.45,-9.72],[116.5,-9.72],[116.55,-9.72],[116.6,-9.72],[116.65,-9.73],[116.7,-9.73],[116.75,-9.73],[116.8,-9.74],[116.85,-9.74],[116.9,-9.74],[116.95,-9.74],[117,-9.74],[117.05,-9.74],[117.1,-9.75],[117.15,-9.75],[117.2,-9.75],[117.25,-9.75],[117.3,-9.75],[117.35,-9.74],[117.4,-9.74],[117.45,-9.74],[117.5,-9.74],[117.55,-9.73],[117.6,-9.73],[117.65,-9.73],[117.7,-9.72],[117.75,-9.72],[117.8,-9.71],[117.85,-9.71],[117.9,-9.7],[117.94,-9.7],[117.95,-9.7],[118,-9.69],[118.05,-9.69],[118.1,-9.68],[118.15,-9.68],[118.2,-9.67],[118.25,-9.67],[118.3,-9.66],[118.35,-9.66],[118.4,-9.66],[118.45,-9.65],[118.49,-9.65],[118.5,-9.65],[118.55,-9.65],[118.6,-9.65],[118.65,-9.64],[118.7,-9.64],[118.75,-9.64],[118.8,-9.64],[118.85,-9.64],[118.9,-9.65],[118.95,-9.65],[119,-9.65],[119,-9.65],[119.05,-9.65],[119.1,-9.66],[119.15,-9.66],[119.2,-9.66],[119.25,-9.66],[119.3,-9.67],[119.35,-9.67],[119.4,-9.67],[119.45,-9.68],[119.5,-9.68],[119.55,-9.68],[119.6,-9.69],[119.65,-9.69],[119.7,-9.7],[119.74,-9.7],[119.75,-9.7],[119.8,-9.71],[119.85,-9.71],[119.9,-9.72],[119.95,-9.72],[120,-9.73],[120.05,-9.74],[120.1,-9.75],[120.12,-9.75],[120.15,-9.75],[120.2,-9.76],[120.25,-9.77],[120.3,-9.78],[120.35,-9.79],[120.4,-9.8],[120.43,-9.8],[120.45,-9.8],[120.5,-9.81],[120.55,-9.82],[120.6,-9.82],[120.65,-9.83],[120.7,-9.83],[120.75,-9.83],[120.8,-9.84],[120.85,-9.84],[120.9,-9.84],[120.95,-9.84],[121,-9.84],[121.05,-9.84],[121.1,-9.84],[121.15,-9.83],[121.2,-9.83],[121.25,-9.82],[121.3,-9.82],[121.35,-9.81],[121.4,-9.8],[121.4,-9.8],[121.45,-9.79],[121.5,-9.78],[121.55,-9.77],[121.6,-9.76],[121.62,-9.75],[121.65,-9.74],[121.7,-9.73],[121.75,-9.71],[121.78,-9.7],[121.8,-9.69],[121.85,-9.68],[121.9,-9.66],[121.92,-9.65],[121.95,-9.64],[122,-9.62],[122.05,-9.6],[122.05,-9.6],[122.1,-9.58],[122.15,-9.56],[122.18,-9.55],[122.2,-9.54],[122.25,-9.52],[122.3,-9.5],[122.31,-9.5],[122.35,-9.49],[122.4,-9.47],[122.45,-9.45],[122.46,-9.45],[122.5,-9.44],[122.55,-9.42],[122.6,-9.41],[122.62,-9.4],[122.65,-9.39],[122.7,-9.38],[122.75,-9.37],[122.8,-9.36],[122.82,-9.35],[122.85,-9.34],[122.9,-9.33],[122.95,-9.32],[123,-9.31],[123.05,-9.3],[123.08,-9.3],[123.1,-9.3],[123.15,-9.29],[123.2,-9.28],[123.25,-9.27],[123.3,-9.26],[123.35,-9.25],[123.38,-9.25],[123.4,-9.25],[123.45,-9.24],[123.5,-9.23],[123.55,-9.22],[123.6,-9.22],[123.65,-9.21],[123.7,-9.2],[123.72,-9.2],[123.75,-9.2],[123.8,-9.19],[123.85,-9.18],[123.9,-9.17],[123.95,-9.16],[124,-9.16],[124.03,-9.15],[124.05,-9.15],[124.1,-9.14],[124.15,-9.13],[124.2,-9.12],[124.25,-9.11],[124.28,-9.1],[124.3,-9.1],[124.35,-9.09],[124.4,-9.07],[124.45,-9.06],[124.49,-9.05],[124.5,-9.05],[124.55,-9.03],[124.6,-9.02],[124.65,-9],[124.66,-9],[124.7,-8.99],[124.75,-8.97],[124.8,-8.96],[124.82,-8.95],[124.85,-8.94],[124.9,-8.93],[124.95,-8.91],[124.98,-8.9],[125,-8.89],[125.05,-8.88],[125.1,-8.86],[125.12,-8.85],[125.15,-8.84],[125.2,-8.82],[125.25,-8.81],[125.27,-8.8],[125.3,-8.79],[125.35,-8.77],[125.4,-8.75],[125.4,-8.75],[125.45,-8.73],[125.5,-8.71],[125.53,-8.7],[125.55,-8.69],[125.6,-8.67],[125.65,-8.65],[125.65,-8.65],[125.7,-8.63],[125.75,-8.61],[125.77,-8.6],[125.8,-8.59],[125.85,-8.56],[125.88,-8.55],[125.9,-8.54],[125.95,-8.52],[125.99,-8.5],[126,-8.49],[126.05,-8.47],[126.1,-8.45],[126.1,-8.45],[126.15,-8.43],[126.2,-8.41],[126.23,-8.4],[126.25,-8.39],[126.3,-8.38],[126.35,-8.36],[126.39,-8.35],[126.4,-8.35],[126.45,-8.33],[126.5,-8.32],[126.55,-8.3],[126.56,-8.3],[126.6,-8.29],[126.65,-8.28],[126.7,-8.26],[126.74,-8.25],[126.75,-8.25],[126.8,-8.23],[126.85,-8.22],[126.9,-8.21],[126.92,-8.2],[126.95,-8.19],[127,-8.18],[127.05,-8.17],[127.1,-8.16],[127.12,-8.15],[127.15,-8.14],[127.2,-8.13],[127.25,-8.12],[127.3,-8.11],[127.35,-8.1],[127.35,-8.1],[127.4,-8.09],[127.45,-8.08],[127.5,-8.07],[127.55,-8.06],[127.6,-8.05],[127.63,-8.05],[127.65,-8.05],[127.7,-8.04],[127.75,-8.03],[127.8,-8.02],[127.85,-8.01],[127.9,-8],[127.91,-8],[127.95,-7.99],[128,-7.99],[128.05,-7.98],[128.1,-7.97],[128.15,-7.96],[128.2,-7.95],[128.2,-7.95],[128.25,-7.94],[128.3,-7.93],[128.35,-7.92],[128.4,-7.91],[128.45,-7.9],[128.47,-7.9],[128.5,-7.89],[128.55,-7.88],[128.6,-7.87],[128.65,-7.86],[128.7,-7.85],[128.72,-7.85],[128.75,-7.84],[128.8,-7.83],[128.85,-7.82],[128.9,-7.81],[128.94,-7.8],[128.95,-7.8],[129,-7.79],[129.05,-7.77],[129.1,-7.76],[129.14,-7.75],[129.15,-7.75],[129.2,-7.73],[129.25,-7.72],[129.3,-7.7],[129.31,-7.7],[129.35,-7.69],[129.4,-7.67],[129.45,-7.65],[129.46,-7.65],[129.5,-7.63],[129.55,-7.61],[129.59,-7.6],[129.6,-7.59],[129.65,-7.57],[129.7,-7.55],[129.7,-7.55],[129.75,-7.53],[129.8,-7.51],[129.81,-7.5],[129.85,-7.48],[129.9,-7.46],[129.91,-7.45],[129.95,-7.43],[130,-7.4],[130,-7.4],[130.05,-7.37],[130.09,-7.35],[130.1,-7.34],[130.15,-7.31],[130.17,-7.3],[130.2,-7.28],[130.24,-7.25],[130.25,-7.24],[130.3,-7.2],[130.3,-7.2],[130.35,-7.16],[130.37,-7.15],[130.4,-7.12],[130.43,-7.1],[130.45,-7.08],[130.48,-7.05],[130.5,-7.03],[130.53,-7],[130.55,-6.98],[130.58,-6.95],[130.6,-6.93],[130.63,-6.9],[130.65,-6.87],[130.67,-6.85],[130.7,-6.82],[130.71,-6.8],[130.75,-6.76],[130.76,-6.75],[130.8,-6.7],[130.8,-6.69],[130.83,-6.65],[130.85,-6.63],[130.87,-6.6],[130.9,-6.56],[130.91,-6.55],[130.94,-6.5],[130.95,-6.49],[130.98,-6.45],[131,-6.42],[131.01,-6.4],[131.04,-6.35],[131.05,-6.34],[131.08,-6.3],[131.1,-6.26],[131.11,-6.25],[131.14,-6.2],[131.15,-6.18],[131.17,-6.15],[131.2,-6.1],[131.2,-6.09],[131.22,-6.05],[131.25,-6],[131.25,-6],[131.27,-5.95],[131.3,-5.9],[131.3,-5.89],[131.32,-5.85],[131.34,-5.8],[131.35,-5.77],[131.36,-5.75],[131.38,-5.7],[131.39,-5.65],[131.4,-5.61],[131.4,-5.6],[131.41,-5.55],[131.42,-5.5],[131.43,-5.45],[131.43,-5.4],[131.43,-5.35],[131.43,-5.3],[131.43,-5.25],[131.42,-5.2],[131.41,-5.15],[131.4,-5.1],[131.4,-5.09],[131.39,-5.05],[131.37,-5],[131.35,-4.95],[131.35,-4.95],[131.33,-4.9],[131.3,-4.85],[131.3,-4.85],[131.27,-4.8],[131.25,-4.78],[131.23,-4.75],[131.2,-4.71],[131.19,-4.7],[131.15,-4.66],[131.14,-4.65],[131.1,-4.61],[131.09,-4.6],[131.05,-4.57],[131.03,-4.55],[131,-4.53],[130.96,-4.5],[130.95,-4.49],[130.9,-4.46],[130.89,-4.45],[130.85,-4.42],[130.81,-4.4],[130.8,-4.39],[130.75,-4.36],[130.72,-4.35],[130.7,-4.34],[130.65,-4.31],[130.63,-4.3],[130.6,-4.28],[130.55,-4.25],[130.54,-4.25],[130.5,-4.23],[130.45,-4.2],[130.45,-4.2],[130.4,-4.17],[130.35,-4.15],[130.35,-4.15],[130.3,-4.12],[130.25,-4.1],[130.25,-4.1],[130.2,-4.07],[130.15,-4.05],[130.15,-4.05],[130.1,-4.03],[130.05,-4.01],[130.04,-4],[130,-3.99],[129.95,-3.97],[129.9,-3.95],[129.9,-3.95],[129.85,-3.93],[129.8,-3.92],[129.75,-3.9],[129.74,-3.9],[129.7,-3.89],[129.65,-3.88],[129.6,-3.87],[129.55,-3.86],[129.51,-3.85],[129.5,-3.85],[129.45,-3.84],[129.4,-3.83],[129.35,-3.82],[129.3,-3.82],[129.25,-3.81],[129.2,-3.8],[129.2,-3.8],[129.15,-3.79],[129.1,-3.78],[129.05,-3.77],[129,-3.76],[128.96,-3.75],[128.95,-3.75],[128.9,-3.73],[128.85,-3.72],[128.8,-3.7],[128.8,-3.7],[128.75,-3.68],[128.7,-3.66],[128.68,-3.65],[128.65,-3.64],[128.6,-3.61],[128.57,-3.6],[128.55,-3.59],[128.5,-3.56],[128.47,-3.55],[128.45,-3.54],[128.4,-3.51],[128.37,-3.5],[128.35,-3.49],[128.3,-3.46],[128.28,-3.45],[128.25,-3.43],[128.2,-3.41],[128.18,-3.4],[128.15,-3.38],[128.1,-3.36],[128.09,-3.35],[128.05,-3.33],[128,-3.3],[127.99,-3.3],[127.95,-3.28],[127.9,-3.25],[127.9,-3.25],[127.85,-3.22],[127.82,-3.2],[127.8,-3.19],[127.75,-3.15],[127.74,-3.15],[127.7,-3.12],[127.68,-3.1],[127.65,-3.08],[127.61,-3.05],[127.6,-3.04],[127.56,-3],[127.55,-2.99],[127.51,-2.95],[127.5,-2.94],[127.46,-2.9],[127.45,-2.89],[127.41,-2.85],[127.4,-2.84],[127.37,-2.8],[127.35,-2.78],[127.32,-2.75],[127.3,-2.72],[127.28,-2.7],[127.25,-2.67],[127.23,-2.65],[127.2,-2.62],[127.18,-2.6],[127.15,-2.57],[127.13,-2.55],[127.1,-2.52],[127.08,-2.5],[127.05,-2.48],[127.02,-2.45],[127,-2.43],[126.96,-2.4],[126.95,-2.39],[126.9,-2.36],[126.89,-2.35],[126.85,-2.32],[126.82,-2.3],[126.8,-2.29],[126.75,-2.26],[126.74,-2.25]]}},{"type":"Feature","properties":{"zone":"alu","depth_km":200},"geometry":{"type":"LineString","coordinates":[[203.35,58.78],[203.4,58.8],[203.4,58.8],[203.45,58.82],[203.5,58.85],[203.51,58.85],[203.55,58.87],[203.6,58.89],[203.61,58.9],[203.65,58.92],[203.7,58.95],[203.71,58.95],[203.75,58.97],[203.8,59],[203.8,59],[203.85,59.03],[203.89,59.05],[203.9,59.06],[203.95,59.08],[203.98,59.1],[204,59.11],[204.05,59.14],[204.07,59.15],[204.1,59.17],[204.15,59.2],[204.16,59.2],[204.2,59.22],[204.25,59.25],[204.25,59.25],[204.3,59.27],[204.35,59.3],[204.35,59.3],[204.4,59.33],[204.45,59.35],[204.45,59.35],[204.5,59.38],[204.54,59.4],[204.55,59.41],[204.6,59.43],[204.63,59.45],[204.65,59.46],[204.7,59.5],[204.71,59.5],[204.75,59.53],[204.78,59.55],[204.8,59.56],[204.85,59.6],[204.85,59.6],[204.9,59.63],[204.92,59.65],[204.95,59.67],[204.99,59.7],[205,59.71],[205.05,59.75],[205.05,59.75],[205.1,59.79],[205.12,59.8],[205.15,59.82],[205.18,59.85],[205.2,59.86],[205.25,59.9],[205.25,59.9],[205.3,59.94],[205.31,59.95],[205.35,59.98],[205.38,60],[205.4,60.02],[205.45,60.05],[205.45,60.05],[205.5,60.09],[205.51,60.1],[205.55,60.13],[205.58,60.15],[205.6,60.16],[205.65,60.2],[205.65,60.2],[205.7,60.24],[205.71,60.25],[205.75,60.28],[205.78,60.3],[205.8,60.32],[205.84,60.35],[205.85,60.36],[205.9,60.4],[205.9,60.4],[205.95,60.45],[205.95,60.45],[206,60.49],[206.01,60.5],[206.05,60.54],[206.06,60.55],[206.1,60.6],[206.1,60.6],[206.15,60.65],[206.15,60.65],[206.19,60.7],[206.2,60.72],[206.22,60.75],[206.25,60.79],[206.26,60.8],[206.29,60.85],[206.3,60.86],[206.32,60.9],[206.35,60.95],[206.35,60.95],[206.38,61],[206.4,61.04],[206.41,61.05],[206.43,61.1],[206.45,61.13],[206.46,61.15],[206.48,61.2],[206.5,61.23],[206.51,61.25]]}},{"type":"Feature","properties":{"zone":"alu","depth_km":200},"geometry":{"type":"LineString","coordinates":[[202.9,58.57],[202.95,58.6],[202.95,58.6],[203,58.62],[203.05,58.65],[203.06,58.65],[203.1,58.67],[203.15,58.69],[203.17,58.7]]}},{"type":"Feature","properties":{"zone":"alu","depth_km":200},"geometry":{"type":"LineString","coordinates":[[202.45,58.35],[202.45,58.35],[202.5,58.37],[202.55,58.4],[202.56,58.4],[202.6,58.42],[202.65,58.45],[202.65,58.45],[202.7,58.47],[202.75,58.5],[202.75,58.5],[202.8,58.52],[202.85,58.55]]}},{"type":"Feature","properties":{"zone":"alu","depth_km":200},"geometry":{"type":"LineString","coordinates":[[194.9,55.26],[194.95,55.28],[195,55.29],[195.05,55.3],[195.06,55.3],[195.1,55.31],[195.15,55.32],[195.2,55.33],[195.25,55.35],[195.26,55.35],[195.3,55.36],[195.35,55.37],[195.4,55.39],[195.45,55.4],[195.45,55.4],[195.5,55.42],[195.55,55.43],[195.6,55.45],[195.61,55.45],[195.65,55.46],[195.7,55.48],[195.75,55.49],[195.77,55.5],[195.8,55.51],[195.85,55.53],[195.9,55.54],[195.92,55.55],[195.95,55.56],[196,55.58],[196.05,55.59],[196.06,55.6],[196.1,55.61],[196.15,55.63],[196.2,55.65],[196.2,55.65],[196.25,55.67],[196.3,55.69],[196.33,55.7],[196.35,55.71],[196.4,55.73],[196.45,55.75],[196.46,55.75],[196.5,55.77],[196.55,55.79],[196.57,55.8],[196.6,55.81],[196.65,55.83],[196.69,55.85],[196.7,55.85],[196.75,55.88],[196.8,55.9],[196.8,55.9],[196.85,55.92],[196.9,55.95],[196.91,55.95],[196.95,55.97],[197,55.99],[197.02,56],[197.05,56.02],[197.1,56.04],[197.12,56.05],[197.15,56.06],[197.2,56.09],[197.23,56.1],[197.25,56.11],[197.3,56.13],[197.34,56.15],[197.35,56.15],[197.4,56.18],[197.45,56.2],[197.45,56.2],[197.5,56.22],[197.55,56.24],[197.57,56.25],[197.6,56.26],[197.65,56.28],[197.7,56.3],[197.7,56.3],[197.75,56.32],[197.8,56.34],[197.83,56.35],[197.85,56.36],[197.9,56.37],[197.95,56.39],[197.98,56.4],[198,56.41],[198.05,56.42],[198.1,56.44],[198.13,56.45],[198.15,56.46],[198.2,56.47],[198.25,56.49],[198.28,56.5],[198.3,56.5],[198.35,56.52],[198.4,56.54],[198.45,56.55],[198.45,56.55],[198.5,56.56],[198.55,56.58],[198.6,56.59],[198.65,56.6],[198.65,56.6],[198.7,56.61],[198.75,56.62],[198.8,56.62],[198.85,56.63],[198.9,56.63],[198.95,56.64],[199,56.64],[199.05,56.64],[199.1,56.64],[199.15,56.64],[199.2,56.64],[199.25,56.64],[199.3,56.64],[199.35,56.64]]}},{"type":"Feature","properties":{"zone":"alu","depth_km":200},"geometry":{"type":"LineString","coordinates":[[194.75,55.23],[194.8,55.24],[194.84,55.25]]}},{"type":"Feature","properties":{"zone":"alu","depth_km":200},"geometry":{"type":"LineString","coordinates":[[194.55,55.18],[194.6,55.19],[194.64,55.2]]}},{"type":"Feature","properties":{"zone":"alu","depth_km":200},"geometry":{"type":"LineString","coordinates":[[194.35,55.12],[194.4,55.14],[194.45,55.15]]}},{"type":"Feature","properties":{"zone":"alu","depth_km":200},"geometry":{"type":"LineString","coordinates":[[194.2,55.08],[194.25,55.09],[194.28,55.1]]}},{"type":"Feature","properties":{"zone":"alu","depth_km":200},"geometry":{"type":"LineString","coordinates":[[194.05,55.03],[194.1,55.05],[194.11,55.05]]}},{"type":"Feature","properties":{"zone":"alu","depth_km":200},"geometry":{"type":"LineString","coordinates":[[193.9,54.98],[193.95,55],[193.96,55]]}},{"type":"Feature","properties":{"zone":"alu","depth_km":200},"geometry":{"type":"LineString","coordinates":[[193.75,54.93],[193.8,54.95],[193.81,54.95]]}},{"type":"Feature","properties":{"zone":"alu","depth_km":200},"geometry":{"type":"LineString","coordinates":[[193.6,54.88],[193.65,54.9],[193.66,54.9]]}},{"type":"Feature","properties":{"zone":"alu","depth_km":200},"geometry":{"type":"LineString","coordinates":[[193.45,54.83],[193.5,54.84],[193.52,54.85]]}},{"type":"Feature","properties":{"zone":"alu","depth_km":200},"geometry":{"type":"LineString","coordinates":[[193.3,54.78],[193.35,54.8],[193.36,54.8]]}},{"type":"Feature","properties":{"zone":"alu","depth_km":200},"geometry":{"type":"LineString","coordinates":[[193.15,54.73],[193.2,54.75],[193.21,54.75]]}},{"type":"Feature","properties":{"zone":"alu","depth_km":200},"geometry":{"type":"LineString","coordinates":[[178.79,52.55],[178.8,52.55],[178.85,52.55],[178.9,52.54],[178.95,52.54],[179,52.54],[179.05,52.54],[179.1,52.54],[179.15,52.53],[179.2,52.53],[179.25,52.53],[179.3,52.53],[179.35,52.53],[179.4,52.52],[179.45,52.52],[179.5,52.52],[179.55,52.51],[179.6,52.51],[179.65,52.5],[179.7,52.5],[179.7,52.5],[179.75,52.49],[179.8,52.49],[179.85,52.48],[179.9,52.48],[179.95,52.47],[180,52.47],[180.05,52.46],[180.1,52.46],[180.15,52.45],[180.19,52.45],[180.2,52.45],[180.25,52.45],[180.3,52.44],[180.35,52.44],[180.4,52.43],[180.45,52.43],[180.5,52.43],[180.55,52.43],[180.6,52.42],[180.65,52.42],[180.7,52.42],[180.75,52.42],[180.8,52.42],[180.85,52.42],[180.9,52.42],[180.95,52.42],[181,52.42],[181.05,52.42],[181.1,52.42],[181.15,52.42],[181.2,52.42],[181.25,52.41],[181.3,52.41],[181.35,52.41],[181.4,52.41],[181.45,52.41],[181.5,52.41],[181.55,52.41],[181.6,52.41],[181.65,52.41],[181.7,52.41],[181.75,52.41],[181.8,52.41],[181.85,52.41],[181.9,52.41],[181.95,52.42],[182,52.42],[182.05,52.42],[182.1,52.42],[182.15,52.42],[182.2,52.43],[182.25,52.43],[182.3,52.43],[182.35,52.44],[182.4,52.44],[182.45,52.44],[182.5,52.45],[182.55,52.45],[182.57,52.45],[182.6,52.45],[182.65,52.45],[182.7,52.46],[182.75,52.46],[182.8,52.46],[182.85,52.47],[182.9,52.47],[182.95,52.47],[183,52.48],[183.05,52.48],[183.1,52.48],[183.15,52.49],[183.2,52.49],[183.25,52.5],[183.3,52.5],[183.3,52.5],[183.35,52.51],[183.4,52.51],[183.45,52.52],[183.5,52.52],[183.55,52.53],[183.6,52.54],[183.65,52.54],[183.69,52.55],[183.7,52.55],[183.75,52.56],[183.8,52.57],[183.85,52.58],[183.9,52.58],[183.95,52.59],[183.99,52.6],[184,52.6],[184.05,52.61],[184.1,52.62],[184.15,52.63],[184.2,52.64],[184.25,52.65],[184.28,52.65],[184.3,52.65],[184.35,52.66],[184.4,52.67],[184.45,52.68],[184.5,52.68],[184.55,52.69],[184.6,52.7],[184.61,52.7],[184.65,52.7],[184.7,52.71],[184.75,52.72],[184.8,52.72],[184.85,52.73],[184.9,52.73],[184.95,52.73],[185,52.74],[185.05,52.74],[185.1,52.74],[185.15,52.75],[185.18,52.75],[185.2,52.75],[185.25,52.75],[185.3,52.76],[185.35,52.76],[185.4,52.76],[185.45,52.77],[185.5,52.77],[185.55,52.78],[185.6,52.78],[185.65,52.78],[185.7,52.79],[185.75,52.79],[185.8,52.8],[185.81,52.8],[185.85,52.8],[185.9,52.81],[185.95,52.82],[186,52.82],[186.05,52.83],[186.1,52.84],[186.15,52.84],[186.2,52.85],[186.21,52.85],[186.25,52.86],[186.3,52.86],[186.35,52.87],[186.4,52.88],[186.45,52.88],[186.5,52.89],[186.55,52.89],[186.59,52.9],[186.6,52.9],[186.65,52.91],[186.7,52.91],[186.75,52.92],[186.8,52.92],[186.85,52.93],[186.9,52.94],[186.95,52.94],[187,52.95],[187.02,52.95],[187.05,52.95],[187.1,52.96],[187.15,52.97],[187.2,52.97],[187.25,52.98],[187.3,52.99],[187.35,52.99],[187.4,53],[187.4,53],[187.45,53.01],[187.5,53.02],[187.55,53.03],[187.6,53.03],[187.65,53.04],[187.68,53.05],[187.7,53.06],[187.75,53.07],[187.8,53.08],[187.85,53.09],[187.89,53.1],[187.9,53.1],[187.95,53.11],[188,53.13],[188.05,53.14],[188.1,53.15],[188.11,53.15],[188.15,53.16],[188.2,53.17],[188.25,53.18],[188.3,53.19],[188.35,53.2],[188.35,53.2],[188.4,53.21],[188.45,53.22],[188.5,53.22],[188.55,53.23],[188.6,53.24],[188.65,53.25],[188.68,53.25],[188.7,53.25],[188.75,53.26],[188.8,53.27],[188.85,53.28],[188.9,53.28],[188.95,53.29],[188.99,53.3],[189,53.3],[189.05,53.31],[189.1,53.32],[189.15,53.33],[189.2,53.34],[189.23,53.35],[189.25,53.36],[189.3,53.37],[189.35,53.38],[189.4,53.4],[189.41,53.4],[189.45,53.41],[189.5,53.43],[189.55,53.44],[189.57,53.45],[189.6,53.46],[189.65,53.48],[189.7,53.5],[189.7,53.5],[189.75,53.52],[189.8,53.54],[189.82,53.55],[189.85,53.56],[189.9,53.58],[189.94,53.6],[189.95,53.6],[190,53.63],[190.05,53.65],[190.05,53.65],[190.1,53.67],[190.15,53.69],[190.17,53.7],[190.2,53.72],[190.25,53.74],[190.28,53.75],[190.3,53.76],[190.35,53.78],[190.4,53.8],[190.4,53.8],[190.45,53.82],[190.5,53.84],[190.53,53.85],[190.55,53.86],[190.6,53.88],[190.65,53.9],[190.65,53.9],[190.7,53.92],[190.75,53.94],[190.78,53.95],[190.8,53.96],[190.85,53.98],[190.9,53.99],[190.91,54],[190.95,54.01],[191,54.03],[191.04,54.05],[191.05,54.05],[191.1,54.07],[191.15,54.09],[191.17,54.1],[191.2,54.11],[191.25,54.13],[191.3,54.15],[191.3,54.15],[191.35,54.17],[191.4,54.19],[191.43,54.2],[191.45,54.21],[191.5,54.23],[191.55,54.25],[191.56,54.25],[191.6,54.27],[191.65,54.29],[191.68,54.3],[191.7,54.31],[191.75,54.32],[191.8,54.34],[191.82,54.35],[191.85,54.36],[191.9,54.38],[191.95,54.4],[191.96,54.4],[192,54.41],[192.05,54.43],[192.1,54.45],[192.11,54.45],[192.15,54.46],[192.2,54.48],[192.25,54.49],[192.27,54.5],[192.3,54.51],[192.35,54.52],[192.4,54.54],[192.45,54.55],[192.46,54.55],[192.5,54.56],[192.55,54.57],[192.6,54.59],[192.65,54.6],[192.65,54.6],[192.7,54.61],[192.75,54.62],[192.8,54.64],[192.85,54.65],[192.85,54.65],[192.9,54.66],[192.95,54.68],[193,54.69],[193.04,54.7]]}},{"type":"Feature","properties":{"zone":"alu","depth_km":100},"geometry":{"type":"LineString","coordinates":[[172.68,53.9],[172.7,53.89],[172.74,53.85],[172.75,53.85],[172.8,53.81],[172.81,53.8],[172.85,53.77],[172.88,53.75],[172.9,53.74],[172.95,53.7],[172.95,53.7],[173,53.67],[173.04,53.65],[173.05,53.64],[173.1,53.61],[173.12,53.6],[173.15,53.59],[173.2,53.56],[173.22,53.55],[173.25,53.54],[173.3,53.51],[173.32,53.5],[173.35,53.49],[173.4,53.46],[173.43,53.45],[173.45,53.44],[173.5,53.42],[173.53,53.4],[173.55,53.39],[173.6,53.37],[173.64,53.35],[173.65,53.34],[173.7,53.32],[173.74,53.3],[173.75,53.29],[173.8,53.27],[173.84,53.25],[173.85,53.24],[173.9,53.22],[173.94,53.2],[173.95,53.19],[174,53.17],[174.03,53.15],[174.05,53.14],[174.1,53.12],[174.13,53.1],[174.15,53.09],[174.2,53.07],[174.23,53.05],[174.25,53.04],[174.3,53.02],[174.33,53],[174.35,52.99],[174.4,52.97],[174.44,52.95],[174.45,52.95],[174.5,52.92],[174.55,52.9],[174.55,52.9],[174.6,52.88],[174.65,52.86],[174.66,52.85],[174.7,52.83],[174.75,52.81],[174.78,52.8],[174.8,52.79],[174.85,52.77],[174.89,52.75],[174.9,52.75],[174.95,52.73],[175,52.71],[175.02,52.7],[175.05,52.69],[175.1,52.67],[175.14,52.65],[175.15,52.65],[175.2,52.63],[175.25,52.61],[175.28,52.6],[175.3,52.59],[175.35,52.58],[175.4,52.56],[175.43,52.55],[175.45,52.54],[175.5,52.53],[175.55,52.51],[175.6,52.5],[175.6,52.5],[175.65,52.49],[175.7,52.47],[175.75,52.46],[175.8,52.45],[175.81,52.45],[175.85,52.44],[175.9,52.43],[175.95,52.43],[176,52.42],[176.05,52.41],[176.1,52.41],[176.15,52.4],[176.15,52.4],[176.2,52.39],[176.25,52.39],[176.3,52.39],[176.35,52.38],[176.4,52.38],[176.45,52.37],[176.5,52.37],[176.55,52.36],[176.6,52.36],[176.65,52.35],[176.65,52.35],[176.7,52.34],[176.75,52.34],[176.8,52.33],[176.85,52.32],[176.9,52.31],[176.95,52.3],[176.95,52.3],[177,52.29],[177.05,52.28],[177.1,52.27],[177.15,52.25],[177.17,52.25],[177.2,52.24],[177.25,52.23],[177.3,52.22],[177.35,52.21],[177.37,52.2],[177.4,52.19],[177.45,52.18],[177.5,52.17],[177.55,52.16],[177.58,52.15],[177.6,52.15],[177.65,52.13],[177.7,52.12],[177.75,52.11],[177.8,52.1],[177.81,52.1],[177.85,52.09],[177.9,52.08],[177.95,52.07],[178,52.06],[178.05,52.06],[178.09,52.05],[178.1,52.05],[178.15,52.04],[178.2,52.03],[178.25,52.03],[178.3,52.02],[178.35,52.01],[178.4,52.01],[178.45,52],[178.48,52],[178.5,52],[178.55,51.99],[178.6,51.99],[178.65,51.99],[178.7,51.98],[178.75,51.98],[178.8,51.98],[178.85,51.98],[178.9,51.97],[178.95,51.97],[179,51.97],[179.05,51.97],[179.1,51.97],[179.15,51.96],[179.2,51.96],[179.25,51.96],[179.3,51.96],[179.35,51.96],[179.4,51.96],[179.45,51.95],[179.5,51.95],[179.54,51.95],[179.55,51.95],[179.6,51.95],[179.65,51.95],[179.7,51.94],[179.75,51.94],[179.8,51.94],[179.85,51.94],[179.9,51.94],[179.95,51.93],[180,51.93],[180.05,51.93],[180.1,51.93],[180.15,51.93],[180.2,51.93],[180.25,51.93],[180.3,51.93],[180.35,51.93],[180.4,51.93],[180.45,51.93],[180.5,51.93],[180.55,51.93],[180.6,51.94],[180.65,51.94],[180.7,51.94],[180.75,51.94],[180.8,51.94],[180.85,51.95],[180.9,51.95],[180.94,51.95],[180.95,51.95],[181,51.95],[181.05,51.95],[181.1,51.96],[181.15,51.96],[181.2,51.96],[181.25,51.96],[181.3,51.96],[181.35,51.97],[181.4,51.97],[181.45,51.97],[181.5,51.97],[181.55,51.97],[181.6,51.98],[181.65,51.98],[181.7,51.98],[181.75,51.98],[181.8,51.99],[181.85,51.99],[181.9,51.99],[181.95,52],[182,52],[182.02,52],[182.05,52],[182.1,52.01],[182.15,52.01],[182.2,52.01],[182.25,52.01],[182.3,52.02],[182.35,52.02],[182.4,52.02],[182.45,52.03],[182.5,52.03],[182.55,52.03],[182.6,52.04],[182.65,52.04],[182.7,52.04],[182.75,52.04],[182.8,52.05],[182.85,52.05],[182.88,52.05],[182.9,52.05],[182.95,52.05],[183,52.06],[183.05,52.06],[183.1,52.06],[183.15,52.06],[183.2,52.07],[183.25,52.07],[183.3,52.07],[183.35,52.08],[183.4,52.08],[183.45,52.09],[183.5,52.09],[183.55,52.1],[183.58,52.1],[183.6,52.1],[183.65,52.11],[183.7,52.11],[183.75,52.12],[183.8,52.13],[183.85,52.13],[183.9,52.14],[183.95,52.15],[183.98,52.15],[184,52.15],[184.05,52.16],[184.1,52.16],[184.15,52.17],[184.2,52.18],[184.25,52.18],[184.3,52.19],[184.35,52.19],[184.4,52.2],[184.45,52.2],[184.45,52.2],[184.5,52.2],[184.55,52.21],[184.6,52.21],[184.65,52.21],[184.7,52.22],[184.75,52.22],[184.8,52.22],[184.85,52.22],[184.9,52.22],[184.95,52.23],[185,52.23],[185.05,52.23],[185.1,52.23],[185.15,52.23],[185.2,52.23],[185.25,52.23],[185.3,52.23],[185.35,52.24],[185.4,52.24],[185.45,52.24],[185.5,52.24],[185.55,52.24],[185.6,52.25],[185.65,52.25],[185.68,52.25],[185.7,52.25],[185.75,52.25],[185.8,52.26],[185.85,52.26],[185.9,52.26],[185.95,52.27],[186,52.27],[186.05,52.28],[186.1,52.28],[186.15,52.29],[186.2,52.29],[186.25,52.3],[186.26,52.3],[186.3,52.3],[186.35,52.31],[186.4,52.32],[186.45,52.32],[186.5,52.33],[186.55,52.33],[186.6,52.34],[186.65,52.34],[186.7,52.35],[186.7,52.35],[186.75,52.36],[186.8,52.36],[186.85,52.37],[186.9,52.37],[186.95,52.38],[187,52.39],[187.05,52.4],[187.08,52.4],[187.1,52.4],[187.15,52.41],[187.2,52.42],[187.25,52.42],[187.3,52.43],[187.35,52.44],[187.4,52.45],[187.42,52.45],[187.45,52.45],[187.5,52.46],[187.55,52.47],[187.6,52.48],[187.65,52.49],[187.7,52.5],[187.72,52.5],[187.75,52.51],[187.8,52.52],[187.85,52.53],[187.9,52.54],[187.95,52.55],[187.96,52.55],[188,52.56],[188.05,52.57],[188.1,52.58],[188.15,52.59],[188.17,52.6],[188.2,52.61],[188.25,52.62],[188.3,52.63],[188.35,52.64],[188.4,52.65],[188.4,52.65],[188.45,52.66],[188.5,52.67],[188.55,52.68],[188.6,52.69],[188.65,52.7],[188.68,52.7],[188.7,52.7],[188.75,52.71],[188.8,52.72],[188.85,52.73],[188.9,52.74],[188.95,52.75],[188.97,52.75],[189,52.76],[189.05,52.76],[189.1,52.77],[189.15,52.78],[189.2,52.8],[189.22,52.8],[189.25,52.81],[189.3,52.82],[189.35,52.83],[189.4,52.84],[189.43,52.85],[189.45,52.85],[189.5,52.87],[189.55,52.88],[189.6,52.89],[189.62,52.9],[189.65,52.91],[189.7,52.92],[189.75,52.94],[189.79,52.95],[189.8,52.95],[189.85,52.97],[189.9,52.98],[189.95,53],[189.96,53],[190,53.01],[190.05,53.03],[190.1,53.04],[190.13,53.05],[190.15,53.06],[190.2,53.07],[190.25,53.09],[190.29,53.1],[190.3,53.1],[190.35,53.12],[190.4,53.13],[190.45,53.15],[190.46,53.15],[190.5,53.16],[190.55,53.18],[190.6,53.19],[190.63,53.2],[190.65,53.21],[190.7,53.22],[190.75,53.24],[190.79,53.25],[190.8,53.25],[190.85,53.27],[190.9,53.28],[190.95,53.3],[190.96,53.3],[191,53.31],[191.05,53.32],[191.1,53.34],[191.14,53.35],[191.15,53.35],[191.2,53.36],[191.25,53.38],[191.3,53.39],[191.34,53.4],[191.35,53.4],[191.4,53.41],[191.45,53.43],[191.5,53.44],[191.55,53.45],[191.55,53.45],[191.6,53.46],[191.65,53.47],[191.7,53.48],[191.75,53.49],[191.78,53.5],[191.8,53.51],[191.85,53.52],[191.9,53.53],[191.95,53.54],[191.98,53.55],[192,53.56],[192.05,53.57],[192.1,53.58],[192.15,53.6],[192.15,53.6],[192.2,53.62],[192.25,53.63],[192.29,53.65],[192.3,53.65],[192.35,53.67],[192.4,53.7],[192.41,53.7],[192.45,53.72],[192.5,53.74],[192.52,53.75],[192.55,53.76],[192.6,53.79],[192.62,53.8],[192.65,53.81],[192.7,53.84],[192.73,53.85],[192.75,53.86],[192.8,53.88],[192.84,53.9],[192.85,53.91],[192.9,53.93],[192.95,53.95],[192.95,53.95],[193,53.97],[193.05,53.99],[193.07,54],[193.1,54.01],[193.15,54.03],[193.2,54.05],[193.2,54.05],[193.25,54.07],[193.3,54.09],[193.34,54.1],[193.35,54.1],[193.4,54.12],[193.45,54.14],[193.48,54.15],[193.5,54.16],[193.55,54.17],[193.6,54.19],[193.62,54.2],[193.65,54.21],[193.7,54.23],[193.75,54.24],[193.77,54.25],[193.8,54.26],[193.85,54.28],[193.9,54.29],[193.92,54.3],[193.95,54.31],[194,54.33],[194.05,54.34],[194.08,54.35],[194.1,54.36],[194.15,54.37],[194.2,54.38],[194.25,54.4],[194.25,54.4],[194.3,54.41],[194.35,54.43],[194.4,54.44],[194.44,54.45],[194.45,54.45],[194.5,54.46],[194.55,54.48],[194.6,54.49],[194.65,54.5],[194.65,54.5],[194.7,54.51],[194.75,54.52],[194.8,54.53],[194.85,54.54],[194.88,54.55],[194.9,54.56],[194.95,54.57],[195,54.57],[195.05,54.58],[195.1,54.59],[195.13,54.6],[195.15,54.6],[195.2,54.61],[195.25,54.62],[195.3,54.63],[195.35,54.64],[195.37,54.65],[195.4,54.66],[195.45,54.67],[195.5,54.68],[195.55,54.69],[195.59,54.7],[195.6,54.7],[195.65,54.72],[195.7,54.73],[195.75,54.74],[195.78,54.75],[195.8,54.76],[195.85,54.77],[195.9,54.78],[195.95,54.8],[195.96,54.8],[196,54.81],[196.05,54.83],[196.1,54.84],[196.13,54.85],[196.15,54.85],[196.2,54.87],[196.25,54.88],[196.3,54.9],[196.3,54.9],[196.35,54.91],[196.4,54.93],[196.45,54.94],[196.47,54.95],[196.5,54.96],[196.55,54.97],[196.6,54.99],[196.63,55],[196.65,55.01],[196.7,55.02],[196.75,55.04],[196.78,55.05],[196.8,55.06],[196.85,55.07],[196.9,55.09],[196.93,55.1],[196.95,55.11],[197,55.12],[197.05,55.14],[197.07,55.15],[197.1,55.16],[197.15,55.18],[197.2,55.2],[197.21,55.2],[197.25,55.22],[197.3,55.23],[197.35,55.25],[197.35,55.25],[197.4,55.27],[197.45,55.29],[197.48,55.3],[197.5,55.31],[197.55,55.32],[197.6,55.34],[197.63,55.35],[197.65,55.36],[197.7,55.37],[197.75,55.39],[197.79,55.4],[197.8,55.4],[197.85,55.42],[197.9,55.43],[197.95,55.45],[197.96,55.45],[198,55.46],[198.05,55.48],[198.1,55.49],[198.15,55.5],[198.15,55.5],[198.2,55.51],[198.25,55.53],[198.3,55.54],[198.34,55.55],[198.35,55.55],[198.4,55.56],[198.45,55.58],[198.5,55.59],[198.54,55.6],[198.55,55.6],[198.6,55.61],[198.65,55.63],[198.7,55.64],[198.74,55.65],[198.75,55.65],[198.8,55.67],[198.85,55.68],[198.9,55.69],[198.94,55.7],[198.95,55.7],[199,55.72],[199.05,55.73],[199.1,55.74],[199.14,55.75],[199.15,55.75],[199.2,55.76],[199.25,55.77],[199.3,55.79],[199.35,55.8],[199.36,55.8],[199.4,55.81],[199.45,55.82],[199.5,55.83],[199.55,55.85],[199.56,55.85],[199.6,55.86],[199.65,55.87],[199.7,55.89],[199.74,55.9],[199.75,55.9],[199.8,55.92],[199.85,55.93],[199.9,55.95],[199.9,55.95],[199.95,55.96],[200,55.98],[200.05,56],[200.05,56],[200.1,56.02],[200.15,56.03],[200.2,56.05],[200.2,56.05],[200.25,56.07],[200.3,56.09],[200.33,56.1],[200.35,56.11],[200.4,56.13],[200.45,56.15],[200.45,56.15],[200.5,56.17],[200.55,56.19],[200.56,56.2],[200.6,56.22],[200.65,56.25],[200.66,56.25],[200.7,56.28],[200.74,56.3],[200.75,56.31],[200.8,56.34],[200.82,56.35],[200.85,56.37],[200.89,56.4],[200.9,56.41],[200.95,56.45],[200.96,56.45],[201,56.48],[201.02,56.5],[201.05,56.52],[201.09,56.55],[201.1,56.56],[201.15,56.6],[201.15,56.6],[201.2,56.64],[201.22,56.65],[201.25,56.68],[201.28,56.7],[201.3,56.71],[201.35,56.75],[201.35,56.75],[201.4,56.78],[201.43,56.8],[201.45,56.82],[201.5,56.85],[201.5,56.85],[201.55,56.88],[201.59,56.9],[201.6,56.91],[201.65,56.94],[201.67,56.95],[201.7,56.97],[201.75,56.99],[201.76,57],[201.8,57.02],[201.85,57.05],[201.85,57.05],[201.9,57.07],[201.95,57.1],[201.95,57.1],[202,57.12],[202.05,57.15],[202.06,57.15],[202.1,57.17],[202.15,57.19],[202.16,57.2],[202.2,57.22],[202.25,57.24],[202.27,57.25],[202.3,57.26],[202.35,57.28],[202.39,57.3],[202.4,57.3],[202.45,57.32],[202.5,57.35],[202.51,57.35],[202.55,57.37],[202.6,57.39],[202.63,57.4],[202.65,57.41],[202.7,57.43],[202.75,57.45],[202.76,57.45],[202.8,57.47],[202.85,57.49],[202.89,57.5],[202.9,57.5],[202.95,57.52],[203,57.54],[203.01,57.55],[203.05,57.56],[203.1,57.59],[203.14,57.6],[203.15,57.61],[203.2,57.63],[203.25,57.65],[203.25,57.65],[203.3,57.67],[203.35,57.69],[203.37,57.7],[203.4,57.72],[203.45,57.74],[203.47,57.75],[203.5,57.76],[203.55,57.79],[203.57,57.8],[203.6,57.82],[203.65,57.84],[203.66,57.85],[203.7,57.87],[203.75,57.9],[203.75,57.9],[203.8,57.93],[203.84,57.95],[203.85,57.96],[203.9,57.99],[203.92,58],[203.95,58.02],[204,58.05],[204,58.05],[204.05,58.08],[204.09,58.1],[204.1,58.11],[204.15,58.14],[204.17,58.15],[204.2,58.17],[204.25,58.2],[204.26,58.2],[204.3,58.22],[204.35,58.25],[204.35,58.25],[204.4,58.28],[204.44,58.3],[204.45,58.31],[204.5,58.34],[204.52,58.35],[204.55,58.36],[204.6,58.39],[204.61,58.4],[204.65,58.42],[204.7,58.45],[204.7,58.45],[204.75,58.48],[204.78,58.5],[204.8,58.51],[204.85,58.54],[204.86,58.55],[204.9,58.57],[204.94,58.6],[204.95,58.61],[205,58.64],[205.01,58.65],[205.05,58.68],[205.08,58.7],[205.1,58.71],[205.15,58.75],[205.15,58.75],[205.2,58.79],[205.22,58.8],[205.25,58.83],[205.28,58.85],[205.3,58.87],[205.34,58.9],[205.35,58.91],[205.4,58.95],[205.4,58.95],[205.45,58.99],[205.46,59],[205.5,59.04],[205.52,59.05],[205.55,59.08],[205.58,59.1],[205.6,59.12],[205.64,59.15],[205.65,59.16],[205.7,59.2],[205.7,59.2],[205.75,59.24],[205.76,59.25],[205.8,59.28],[205.82,59.3],[205.85,59.32],[205.89,59.35],[205.9,59.36],[205.95,59.4],[205.96,59.4],[206,59.43],[206.02,59.45],[206.05,59.47],[206.09,59.5],[206.1,59.5],[206.15,59.54],[206.17,59.55],[206.2,59.57],[206.24,59.6],[206.25,59.61],[206.3,59.64],[206.31,59.65],[206.35,59.68],[206.38,59.7],[206.4,59.72],[206.45,59.75],[206.45,59.75],[206.5,59.79],[206.51,59.8],[206.55,59.83],[206.57,59.85],[206.6,59.87],[206.63,59.9],[206.65,59.92],[206.69,59.95],[206.7,59.96],[206.74,60],[206.75,60.01],[206.79,60.05],[206.8,60.06],[206.83,60.1],[206.85,60.12],[206.88,60.15],[206.9,60.18],[206.92,60.2],[206.95,60.24],[206.95,60.25],[206.99,60.3],[207,60.32],[207.02,60.35],[207.05,60.39],[207.05,60.4],[207.08,60.45],[207.1,60.48],[207.11,60.5],[207.14,60.55],[207.15,60.57],[207.17,60.6],[207.19,60.65],[207.2,60.67],[207.22,60.7],[207.24,60.75],[207.25,60.77],[207.27,60.8],[207.29,60.85],[207.3,60.87],[207.31,60.9],[207.34,60.95],[207.35,60.98],[207.36,61],[207.38,61.05],[207.4,61.09],[207.41,61.1],[207.43,61.15],[207.45,61.19],[207.45,61.2],[207.48,61.25],[207.5,61.3],[207.5,61.3],[207.52,61.35],[207.54,61.4],[207.55,61.41],[207.57,61.45],[207.59,61.5],[207.6,61.52],[207.61,61.55],[207.63,61.6],[207.65,61.64],[207.66,61.65],[207.68,61.7],[207.7,61.74],[207.7,61.75],[207.73,61.8],[207.75,61.85],[207.75,61.85],[207.78,61.9],[207.8,61.94],[207.81,61.95],[207.83,62],[207.85,62.03],[207.86,62.05],[207.89,62.1],[207.9,62.11],[207.93,62.15],[207.95,62.18],[207.96,62.2],[208,62.25],[208,62.25],[208.04,62.3],[208.05,62.31],[208.09,62.35],[208.1,62.36],[208.13,62.4],[208.15,62.42],[208.19,62.45],[208.2,62.46],[208.24,62.5],[208.25,62.51],[208.3,62.55],[208.3,62.55],[208.35,62.59],[208.36,62.6],[208.4,62.63],[208.42,62.65],[208.45,62.67],[208.49,62.7],[208.5,62.71],[208.55,62.74],[208.56,62.75],[208.6,62.78],[208.64,62.8],[208.65,62.81],[208.7,62.84],[208.72,62.85],[208.75,62.87],[208.8,62.9],[208.8,62.9],[208.85,62.93],[208.89,62.95],[208.9,62.95],[208.95,62.98],[209,63],[209,63],[209.05,63.02],[209.1,63.05],[209.11,63.05],[209.15,63.07],[209.2,63.08],[209.24,63.1],[209.25,63.1],[209.3,63.12],[209.35,63.14],[209.39,63.15],[209.4,63.15],[209.45,63.17],[209.5,63.18],[209.55,63.19],[209.57,63.2],[209.6,63.21],[209.65,63.22],[209.7,63.23],[209.75,63.25],[209.76,63.25],[209.8,63.26],[209.85,63.27],[209.9,63.29],[209.95,63.3],[209.95,63.3],[210,63.31],[210.05,63.33],[210.1,63.34],[210.13,63.35],[210.15,63.36],[210.2,63.37],[210.25,63.39],[210.29,63.4],[210.3,63.4],[210.35,63.42],[210.4,63.44],[210.43,63.45],[210.45,63.46],[210.5,63.47],[210.55,63.49],[210.57,63.5],[210.6,63.51],[210.65,63.53],[210.7,63.55],[210.7,63.55],[210.75,63.57],[210.8,63.59],[210.83,63.6],[210.85,63.61],[210.9,63.63],[210.95,63.65],[210.96,63.65],[211,63.67],[211.05,63.69],[211.08,63.7],[211.1,63.71],[211.15,63.73],[211.2,63.75],[211.2,63.75],[211.25,63.77],[211.3,63.8],[211.31,63.8],[211.35,63.82],[211.4,63.84],[211.42,63.85],[211.45,63.86],[211.5,63.89],[211.53,63.9],[211.55,63.91],[211.6,63.94],[211.63,63.95],[211.65,63.96],[211.7,63.99],[211.73,64],[211.75,64.01],[211.8,64.04],[211.82,64.05],[211.85,64.06],[211.9,64.09],[211.92,64.1],[211.95,64.12],[212,64.14],[212.01,64.15],[212.05,64.17],[212.1,64.2],[212.11,64.2],[212.15,64.22],[212.2,64.24],[212.21,64.25],[212.25,64.27],[212.3,64.29],[212.32,64.3],[212.35,64.31],[212.4,64.33],[212.45,64.35],[212.45,64.35],[212.5,64.37],[212.55,64.39],[212.59,64.4],[212.6,64.4],[212.65,64.42],[212.7,64.43]]}},{"type":"Feature","properties":{"zone":"alu","depth_km":40},"geometry":{"type":"LineString","coordinates":[[171.18,53.9],[171.2,53.89],[171.25,53.87],[171.29,53.85],[171.3,53.84],[171.35,53.82],[171.38,53.8],[171.4,53.79],[171.45,53.76],[171.47,53.75],[171.5,53.73],[171.55,53.7],[171.55,53.7],[171.6,53.67],[171.63,53.65],[171.65,53.64],[171.7,53.6],[171.71,53.6],[171.75,53.57],[171.78,53.55],[171.8,53.53],[171.85,53.5],[171.85,53.5],[171.9,53.46],[171.92,53.45],[171.95,53.42],[171.98,53.4],[172,53.39],[172.05,53.35],[172.06,53.35],[172.1,53.32],[172.13,53.3],[172.15,53.29],[172.2,53.25],[172.21,53.25],[172.25,53.22],[172.29,53.2],[172.3,53.19],[172.35,53.16],[172.37,53.15],[172.4,53.13],[172.45,53.11],[172.47,53.1],[172.5,53.08],[172.55,53.06],[172.56,53.05],[172.6,53.03],[172.65,53.01],[172.67,53],[172.7,52.99],[172.75,52.96],[172.78,52.95],[172.8,52.94],[172.85,52.92],[172.89,52.9],[172.9,52.9],[172.95,52.88],[173,52.85],[173.01,52.85],[173.05,52.83],[173.1,52.81],[173.13,52.8],[173.15,52.79],[173.2,52.77],[173.25,52.75],[173.25,52.75],[173.3,52.73],[173.35,52.71],[173.36,52.7],[173.4,52.68],[173.45,52.66],[173.48,52.65],[173.5,52.64],[173.55,52.62],[173.59,52.6],[173.6,52.6],[173.65,52.57],[173.7,52.55],[173.71,52.55],[173.75,52.53],[173.8,52.51],[173.82,52.5],[173.85,52.49],[173.9,52.47],[173.94,52.45],[173.95,52.44],[174,52.42],[174.05,52.4],[174.06,52.4],[174.1,52.38],[174.15,52.36],[174.19,52.35],[174.2,52.34],[174.25,52.33],[174.3,52.31],[174.33,52.3],[174.35,52.29],[174.4,52.27],[174.45,52.26],[174.48,52.25],[174.5,52.24],[174.55,52.23],[174.6,52.21],[174.64,52.2],[174.65,52.2],[174.7,52.18],[174.75,52.17],[174.8,52.16],[174.82,52.15],[174.85,52.14],[174.9,52.13],[174.95,52.12],[175,52.1],[175.01,52.1],[175.05,52.09],[175.1,52.08],[175.15,52.06],[175.2,52.05],[175.21,52.05],[175.25,52.04],[175.3,52.03],[175.35,52.01],[175.4,52],[175.41,52],[175.45,51.99],[175.5,51.98],[175.55,51.97],[175.6,51.96],[175.64,51.95],[175.65,51.95],[175.7,51.94],[175.75,51.93],[175.8,51.92],[175.85,51.91],[175.9,51.9],[175.91,51.9],[175.95,51.89],[176,51.89],[176.05,51.88],[176.1,51.87],[176.15,51.86],[176.2,51.86],[176.24,51.85],[176.25,51.85],[176.3,51.84],[176.35,51.83],[176.4,51.83],[176.45,51.82],[176.5,51.81],[176.55,51.8],[176.55,51.8],[176.6,51.79],[176.65,51.78],[176.7,51.77],[176.75,51.76],[176.8,51.75],[176.81,51.75],[176.85,51.74],[176.9,51.73],[176.95,51.72],[177,51.71],[177.04,51.7],[177.05,51.7],[177.1,51.69],[177.15,51.68],[177.2,51.67],[177.25,51.66],[177.28,51.65],[177.3,51.65],[177.35,51.64],[177.4,51.63],[177.45,51.62],[177.5,51.61],[177.54,51.6],[177.55,51.6],[177.6,51.59],[177.65,51.58],[177.7,51.57],[177.75,51.56],[177.8,51.55],[177.81,51.55],[177.85,51.54],[177.9,51.53],[177.95,51.52],[178,51.52],[178.05,51.51],[178.1,51.5],[178.11,51.5],[178.15,51.49],[178.2,51.49],[178.25,51.48],[178.3,51.47],[178.35,51.47],[178.4,51.46],[178.45,51.46],[178.5,51.45],[178.54,51.45],[178.55,51.45],[178.6,51.44],[178.65,51.44],[178.7,51.44],[178.75,51.43],[178.8,51.43],[178.85,51.43],[178.9,51.43],[178.95,51.42],[179,51.42],[179.05,51.42],[179.1,51.42],[179.15,51.41],[179.2,51.41],[179.25,51.41],[179.3,51.41],[179.35,51.41],[179.4,51.41],[179.45,51.4],[179.5,51.4],[179.55,51.4],[179.6,51.4],[179.61,51.4],[179.65,51.4],[179.7,51.4],[179.75,51.4],[179.8,51.4],[179.85,51.4],[179.9,51.4],[179.95,51.4],[180,51.4],[180.05,51.4],[180.1,51.4],[180.15,51.4],[180.2,51.4],[180.25,51.4],[180.29,51.4],[180.3,51.4],[180.35,51.4],[180.4,51.4],[180.45,51.41],[180.5,51.41],[180.55,51.41],[180.6,51.41],[180.65,51.42],[180.7,51.42],[180.75,51.42],[180.8,51.42],[180.85,51.43],[180.9,51.43],[180.95,51.44],[181,51.44],[181.05,51.44],[181.1,51.45],[181.15,51.45],[181.15,51.45],[181.2,51.45],[181.25,51.46],[181.3,51.46],[181.35,51.46],[181.4,51.47],[181.45,51.47],[181.5,51.47],[181.55,51.48],[181.6,51.48],[181.65,51.48],[181.7,51.49],[181.75,51.49],[181.8,51.49],[181.85,51.5],[181.9,51.5],[181.92,51.5],[181.95,51.5],[182,51.5],[182.05,51.51],[182.1,51.51],[182.15,51.51],[182.2,51.52],[182.25,51.52],[182.3,51.52],[182.35,51.52],[182.4,51.53],[182.45,51.53],[182.5,51.53],[182.55,51.53],[182.6,51.54],[182.65,51.54],[182.7,51.54],[182.75,51.54],[182.8,51.55],[182.83,51.55],[182.85,51.55],[182.9,51.56],[182.95,51.56],[183,51.56],[183.05,51.57],[183.1,51.57],[183.15,51.58],[183.2,51.58],[183.25,51.59],[183.3,51.59],[183.35,51.6],[183.39,51.6],[183.4,51.6],[183.45,51.61],[183.5,51.61],[183.55,51.62],[183.6,51.62],[183.65,51.63],[183.7,51.63],[183.75,51.64],[183.8,51.64],[183.85,51.65],[183.85,51.65],[183.9,51.66],[183.95,51.66],[184,51.67],[184.05,51.67],[184.1,51.68],[184.15,51.68],[184.2,51.69],[184.25,51.69],[184.3,51.7],[184.35,51.7],[184.36,51.7],[184.4,51.7],[184.45,51.71],[184.5,51.71],[184.55,51.71],[184.6,51.71],[184.65,51.72],[184.7,51.72],[184.75,51.72],[184.8,51.72],[184.85,51.72],[184.9,51.72],[184.95,51.72],[185,51.72],[185.05,51.72],[185.1,51.72],[185.15,51.73],[185.2,51.73],[185.25,51.73],[185.3,51.73],[185.35,51.73],[185.4,51.73],[185.45,51.73],[185.5,51.73],[185.55,51.73],[185.6,51.73],[185.65,51.73],[185.7,51.72],[185.75,51.72],[185.8,51.72],[185.85,51.72],[185.9,51.72],[185.95,51.72],[186,51.71],[186.05,51.71],[186.1,51.71],[186.15,51.71],[186.2,51.71],[186.25,51.71],[186.3,51.71],[186.35,51.71],[186.4,51.71],[186.45,51.71],[186.5,51.71],[186.55,51.72],[186.6,51.72],[186.65,51.73],[186.7,51.73],[186.75,51.74],[186.8,51.74],[186.85,51.75],[186.86,51.75],[186.9,51.76],[186.95,51.76],[187,51.77],[187.05,51.78],[187.1,51.78],[187.15,51.79],[187.2,51.8],[187.2,51.8],[187.25,51.81],[187.3,51.82],[187.35,51.82],[187.4,51.83],[187.45,51.84],[187.5,51.85],[187.5,51.85],[187.55,51.86],[187.6,51.87],[187.65,51.88],[187.7,51.88],[187.75,51.89],[187.78,51.9],[187.8,51.9],[187.85,51.91],[187.9,51.92],[187.95,51.93],[188,51.94],[188.03,51.95],[188.05,51.95],[188.1,51.96],[188.15,51.97],[188.2,51.99],[188.25,52],[188.25,52],[188.3,52.01],[188.35,52.02],[188.4,52.04],[188.45,52.05],[188.45,52.05],[188.5,52.06],[188.55,52.08],[188.6,52.09],[188.64,52.1],[188.65,52.1],[188.7,52.12],[188.75,52.13],[188.8,52.14],[188.82,52.15],[188.85,52.16],[188.9,52.17],[188.95,52.18],[189,52.2],[189.01,52.2],[189.05,52.21],[189.1,52.22],[189.15,52.24],[189.2,52.25],[189.21,52.25],[189.25,52.26],[189.3,52.27],[189.35,52.29],[189.4,52.3],[189.4,52.3],[189.45,52.31],[189.5,52.33],[189.55,52.34],[189.59,52.35],[189.6,52.35],[189.65,52.37],[189.7,52.38],[189.75,52.39],[189.77,52.4],[189.8,52.41],[189.85,52.42],[189.9,52.43],[189.95,52.45],[189.95,52.45],[190,52.46],[190.05,52.48],[190.1,52.49],[190.14,52.5],[190.15,52.5],[190.2,52.51],[190.25,52.53],[190.3,52.54],[190.34,52.55],[190.35,52.55],[190.4,52.57],[190.45,52.58],[190.5,52.59],[190.54,52.6],[190.55,52.6],[190.6,52.62],[190.65,52.63],[190.7,52.64],[190.73,52.65],[190.75,52.66],[190.8,52.67],[190.85,52.68],[190.9,52.7],[190.91,52.7],[190.95,52.71],[191,52.72],[191.05,52.74],[191.1,52.75],[191.1,52.75],[191.15,52.76],[191.2,52.78],[191.25,52.79],[191.3,52.8],[191.3,52.8],[191.35,52.81],[191.4,52.82],[191.45,52.83],[191.5,52.84],[191.54,52.85],[191.55,52.85],[191.6,52.86],[191.65,52.87],[191.7,52.88],[191.75,52.89],[191.8,52.9],[191.81,52.9],[191.85,52.91],[191.9,52.92],[191.95,52.93],[192,52.94],[192.05,52.95],[192.05,52.95],[192.1,52.96],[192.15,52.97],[192.2,52.98],[192.25,53],[192.26,53],[192.3,53.01],[192.35,53.02],[192.4,53.04],[192.45,53.05],[192.45,53.05],[192.5,53.07],[192.55,53.08],[192.6,53.1],[192.61,53.1],[192.65,53.11],[192.7,53.13],[192.75,53.14],[192.77,53.15],[192.8,53.16],[192.85,53.18],[192.9,53.19],[192.92,53.2],[192.95,53.21],[193,53.23],[193.05,53.24],[193.07,53.25],[193.1,53.26],[193.15,53.27],[193.2,53.29],[193.23,53.3],[193.25,53.31],[193.3,53.32],[193.35,53.34],[193.38,53.35],[193.4,53.36],[193.45,53.37],[193.5,53.39],[193.53,53.4],[193.55,53.41],[193.6,53.42],[193.65,53.44],[193.68,53.45],[193.7,53.46],[193.75,53.47],[193.8,53.49],[193.83,53.5],[193.85,53.51],[193.9,53.52],[193.95,53.54],[193.99,53.55],[194,53.55],[194.05,53.57],[194.1,53.58],[194.15,53.6],[194.16,53.6],[194.2,53.61],[194.25,53.63],[194.3,53.64],[194.33,53.65],[194.35,53.66],[194.4,53.67],[194.45,53.68],[194.5,53.7],[194.51,53.7],[194.55,53.71],[194.6,53.72],[194.65,53.74],[194.7,53.75],[194.71,53.75],[194.75,53.76],[194.8,53.77],[194.85,53.78],[194.9,53.8],[194.92,53.8],[194.95,53.81],[195,53.82],[195.05,53.83],[195.1,53.84],[195.14,53.85],[195.15,53.85],[195.2,53.86],[195.25,53.87],[195.3,53.88],[195.35,53.9],[195.37,53.9],[195.4,53.91],[195.45,53.92],[195.5,53.93],[195.55,53.94],[195.6,53.95],[195.6,53.95],[195.65,53.96],[195.7,53.97],[195.75,53.99],[195.8,54],[195.81,54],[195.85,54.01],[195.9,54.02],[195.95,54.04],[196,54.05],[196,54.05],[196.05,54.06],[196.1,54.08],[196.15,54.09],[196.19,54.1],[196.2,54.1],[196.25,54.12],[196.3,54.13],[196.35,54.15],[196.36,54.15],[196.4,54.16],[196.45,54.18],[196.5,54.19],[196.52,54.2],[196.55,54.21],[196.6,54.22],[196.65,54.24],[196.68,54.25],[196.7,54.25],[196.75,54.27],[196.8,54.29],[196.85,54.3],[196.85,54.3],[196.9,54.32],[196.95,54.33],[197,54.34],[197.02,54.35],[197.05,54.36],[197.1,54.37],[197.15,54.39],[197.19,54.4],[197.2,54.4],[197.25,54.42],[197.3,54.43],[197.35,54.44],[197.37,54.45],[197.4,54.46],[197.45,54.47],[197.5,54.48],[197.55,54.5],[197.56,54.5],[197.6,54.51],[197.65,54.52],[197.7,54.53],[197.75,54.54],[197.77,54.55],[197.8,54.56],[197.85,54.57],[197.9,54.58],[197.95,54.59],[198,54.6],[198.01,54.6],[198.05,54.61],[198.1,54.62],[198.15,54.62],[198.2,54.63],[198.25,54.64],[198.29,54.65],[198.3,54.65],[198.35,54.66],[198.4,54.67],[198.45,54.68],[198.5,54.69],[198.55,54.7],[198.57,54.7],[198.6,54.7],[198.65,54.71],[198.7,54.72],[198.75,54.73],[198.8,54.74],[198.84,54.75],[198.85,54.75],[198.9,54.76],[198.95,54.77],[199,54.78],[199.05,54.79],[199.1,54.8],[199.1,54.8],[199.15,54.81],[199.2,54.82],[199.25,54.83],[199.3,54.84],[199.34,54.85],[199.35,54.85],[199.4,54.86],[199.45,54.87],[199.5,54.89],[199.55,54.9],[199.56,54.9],[199.6,54.91],[199.65,54.92],[199.7,54.93],[199.75,54.95],[199.76,54.95],[199.8,54.96],[199.85,54.98],[199.9,54.99],[199.93,55],[199.95,55.01],[200,55.02],[200.05,55.04],[200.09,55.05],[200.1,55.05],[200.15,55.07],[200.2,55.09],[200.24,55.1],[200.25,55.1],[200.3,55.12],[200.35,55.14],[200.39,55.15],[200.4,55.15],[200.45,55.17],[200.5,55.19],[200.55,55.2],[200.55,55.2],[200.6,55.22],[200.65,55.23],[200.7,55.25],[200.72,55.25],[200.75,55.26],[200.8,55.27],[200.85,55.29],[200.89,55.3],[200.9,55.3],[200.95,55.32],[201,55.33],[201.05,55.35],[201.06,55.35],[201.1,55.36],[201.15,55.38],[201.2,55.4],[201.21,55.4],[201.25,55.42],[201.3,55.44],[201.33,55.45],[201.35,55.46],[201.4,55.48],[201.44,55.5],[201.45,55.51],[201.5,55.53],[201.54,55.55],[201.55,55.56],[201.6,55.59],[201.62,55.6],[201.65,55.62],[201.7,55.65],[201.71,55.65],[201.75,55.68],[201.79,55.7],[201.8,55.71],[201.85,55.74],[201.87,55.75],[201.9,55.77],[201.95,55.8],[201.95,55.8],[202,55.83],[202.03,55.85],[202.05,55.86],[202.1,55.89],[202.12,55.9],[202.15,55.92],[202.2,55.95],[202.21,55.95],[202.25,55.97],[202.3,56],[202.31,56],[202.35,56.02],[202.4,56.05],[202.41,56.05],[202.45,56.07],[202.5,56.09],[202.52,56.1],[202.55,56.11],[202.6,56.13],[202.64,56.15],[202.65,56.15],[202.7,56.18],[202.75,56.2],[202.76,56.2],[202.8,56.22],[202.85,56.24],[202.88,56.25],[202.9,56.26],[202.95,56.28],[202.99,56.3],[203,56.3],[203.05,56.33],[203.1,56.35],[203.1,56.35],[203.15,56.37],[203.2,56.4],[203.21,56.4],[203.25,56.42],[203.3,56.45],[203.31,56.45],[203.35,56.47],[203.4,56.5],[203.4,56.5],[203.45,56.52],[203.5,56.55],[203.5,56.55],[203.55,56.58],[203.59,56.6],[203.6,56.6],[203.65,56.63],[203.69,56.65],[203.7,56.65],[203.75,56.68],[203.79,56.7],[203.8,56.71],[203.85,56.73],[203.89,56.75],[203.9,56.76],[203.95,56.78],[203.99,56.8],[204,56.8],[204.05,56.83],[204.1,56.85],[204.1,56.85],[204.15,56.87],[204.2,56.89],[204.22,56.9],[204.25,56.91],[204.3,56.93],[204.35,56.95],[204.35,56.95],[204.4,56.97],[204.45,56.99],[204.48,57],[204.5,57.01],[204.55,57.02],[204.6,57.04],[204.62,57.05],[204.65,57.06],[204.7,57.08],[204.75,57.1],[204.75,57.1],[204.8,57.12],[204.85,57.14],[204.86,57.15],[204.9,57.17],[204.95,57.19],[204.96,57.2],[205,57.22],[205.05,57.25],[205.05,57.25],[205.1,57.28],[205.13,57.3],[205.15,57.32],[205.2,57.35],[205.2,57.35],[205.25,57.39],[205.27,57.4],[205.3,57.42],[205.33,57.45],[205.35,57.46],[205.4,57.5],[205.4,57.5],[205.45,57.54],[205.47,57.55],[205.5,57.57],[205.54,57.6],[205.55,57.61],[205.6,57.64],[205.61,57.65],[205.65,57.67],[205.69,57.7],[205.7,57.71],[205.75,57.73],[205.78,57.75],[205.8,57.76],[205.85,57.79],[205.87,57.8],[205.9,57.82],[205.95,57.84],[205.96,57.85],[206,57.87],[206.05,57.9],[206.05,57.9],[206.1,57.93],[206.14,57.95],[206.15,57.96],[206.2,57.99],[206.22,58],[206.25,58.02],[206.3,58.05],[206.3,58.05],[206.35,58.08],[206.37,58.1],[206.4,58.12],[206.44,58.15],[206.45,58.16],[206.5,58.2],[206.5,58.2],[206.55,58.24],[206.56,58.25],[206.6,58.28],[206.62,58.3],[206.65,58.33],[206.67,58.35],[206.7,58.38],[206.73,58.4],[206.75,58.42],[206.78,58.45],[206.8,58.47],[206.83,58.5],[206.85,58.52],[206.88,58.55],[206.9,58.57],[206.93,58.6],[206.95,58.62],[206.99,58.65],[207,58.66],[207.04,58.7],[207.05,58.71],[207.09,58.75],[207.1,58.75],[207.15,58.8],[207.15,58.8],[207.2,58.84],[207.21,58.85],[207.25,58.88],[207.27,58.9],[207.3,58.93],[207.33,58.95],[207.35,58.97],[207.39,59],[207.4,59.01],[207.45,59.05],[207.45,59.05],[207.5,59.09],[207.51,59.1],[207.55,59.14],[207.57,59.15],[207.6,59.18],[207.62,59.2],[207.65,59.23],[207.67,59.25],[207.7,59.28],[207.72,59.3],[207.75,59.33],[207.77,59.35],[207.8,59.39],[207.81,59.4],[207.85,59.45],[207.85,59.45],[207.89,59.5],[207.9,59.52],[207.92,59.55],[207.95,59.59],[207.96,59.6],[207.99,59.65],[208,59.67],[208.02,59.7],[208.05,59.75],[208.05,59.75],[208.08,59.8],[208.1,59.83],[208.11,59.85],[208.14,59.9],[208.15,59.91],[208.17,59.95],[208.2,60],[208.2,60],[208.23,60.05],[208.25,60.08],[208.26,60.1],[208.29,60.15],[208.3,60.16],[208.33,60.2],[208.35,60.24],[208.36,60.25],[208.39,60.3],[208.4,60.32],[208.42,60.35],[208.45,60.4],[208.45,60.4],[208.48,60.45],[208.5,60.48],[208.51,60.5],[208.55,60.55],[208.55,60.56],[208.58,60.6],[208.6,60.63],[208.61,60.65],[208.64,60.7],[208.65,60.71],[208.67,60.75],[208.7,60.79],[208.71,60.8],[208.74,60.85],[208.75,60.87],[208.77,60.9],[208.8,60.94],[208.81,60.95],[208.84,61],[208.85,61.01],[208.88,61.05],[208.9,61.09],[208.91,61.1],[208.95,61.15],[208.95,61.15],[208.98,61.2],[209,61.22],[209.02,61.25],[209.05,61.29],[209.06,61.3],[209.1,61.35],[209.1,61.35],[209.14,61.4],[209.15,61.41],[209.18,61.45],[209.2,61.47],[209.22,61.5],[209.25,61.53],[209.27,61.55],[209.3,61.59],[209.31,61.6],[209.35,61.64],[209.36,61.65],[209.4,61.68],[209.42,61.7],[209.45,61.72],[209.49,61.75],[209.5,61.76],[209.55,61.79],[209.57,61.8],[209.6,61.82],[209.65,61.84],[209.66,61.85],[209.7,61.87],[209.75,61.88],[209.8,61.9],[209.8,61.9],[209.85,61.92],[209.9,61.93],[209.95,61.94],[210,61.95],[210,61.95],[210.05,61.96],[210.1,61.97],[210.15,61.98],[210.2,61.98],[210.25,61.99],[210.29,62],[210.3,62],[210.35,62.01],[210.4,62.02],[210.45,62.03],[210.5,62.04],[210.52,62.05],[210.55,62.06],[210.6,62.07],[210.65,62.09],[210.67,62.1],[210.7,62.11],[210.75,62.13],[210.78,62.15],[210.8,62.16],[210.85,62.19],[210.87,62.2],[210.9,62.22],[210.95,62.25],[210.95,62.25],[211,62.28],[211.03,62.3],[211.05,62.32],[211.1,62.35],[211.1,62.35],[211.15,62.38],[211.18,62.4],[211.2,62.41],[211.25,62.44],[211.27,62.45],[211.3,62.47],[211.35,62.49],[211.36,62.5],[211.4,62.52],[211.45,62.54],[211.47,62.55],[211.5,62.56],[211.55,62.58],[211.6,62.6],[211.61,62.6],[211.65,62.61],[211.7,62.63],[211.75,62.65],[211.77,62.65],[211.8,62.66],[211.85,62.67],[211.9,62.69],[211.95,62.7],[211.95,62.7],[212,62.71],[212.05,62.73],[212.1,62.74],[212.14,62.75],[212.15,62.75],[212.2,62.76],[212.25,62.78],[212.3,62.79],[212.34,62.8],[212.35,62.8],[212.4,62.81],[212.45,62.83],[212.5,62.84],[212.54,62.85],[212.55,62.85],[212.6,62.86],[212.65,62.88],[212.7,62.89],[212.75,62.9],[212.77,62.9],[212.8,62.91],[212.85,62.92],[212.9,62.92],[212.95,62.93],[213,62.94],[213.05,62.94],[213.1,62.95],[213.12,62.95],[213.15,62.95],[213.2,62.95],[213.25,62.96],[213.3,62.96],[213.35,62.95],[213.4,62.95],[213.42,62.95],[213.45,62.95],[213.5,62.94],[213.55,62.93],[213.6,62.93],[213.65,62.92],[213.7,62.9],[213.71,62.9],[213.75,62.89],[213.8,62.87],[213.85,62.85],[213.86,62.85],[213.9,62.83],[213.95,62.81],[213.98,62.8],[214,62.79],[214.05,62.76],[214.07,62.75],[214.1,62.74],[214.15,62.71],[214.16,62.7],[214.2,62.68],[214.25,62.65],[214.25,62.65],[214.3,62.62],[214.33,62.6],[214.35,62.59],[214.4,62.55],[214.41,62.55],[214.45,62.52],[214.49,62.5],[214.5,62.49],[214.55,62.46],[214.56,62.45],[214.6,62.43],[214.64,62.4],[214.65,62.39],[214.7,62.36],[214.72,62.35],[214.75,62.33],[214.8,62.3],[214.8,62.3],[214.85,62.27],[214.89,62.25],[214.9,62.24],[214.95,62.21],[214.97,62.2],[215,62.19],[215.05,62.16],[215.07,62.15],[215.1,62.13],[215.15,62.11],[215.17,62.1],[215.2,62.08],[215.25,62.06],[215.28,62.05],[215.3,62.04],[215.35,62.02],[215.4,62],[215.4,62],[215.45,61.98],[215.5,61.96],[215.55,61.95],[215.55,61.95],[215.6,61.93],[215.65,61.92],[215.7,61.91],[215.73,61.9],[215.75,61.9],[215.8,61.89],[215.85,61.88],[215.9,61.87],[215.95,61.86],[216,61.85],[216.03,61.85],[216.05,61.85],[216.1,61.84],[216.15,61.84],[216.2,61.84],[216.25,61.84],[216.3,61.84],[216.35,61.85],[216.39,61.85],[216.4,61.85],[216.45,61.86],[216.5,61.87],[216.55,61.87],[216.6,61.89],[216.65,61.9],[216.66,61.9],[216.7,61.91],[216.75,61.93],[216.8,61.95],[216.81,61.95],[216.85,61.96],[216.9,61.98],[216.94,62],[216.95,62.01],[217,62.03],[217.05,62.05],[217.05,62.05],[217.1,62.08],[217.15,62.1],[217.15,62.1],[217.2,62.13],[217.24,62.15]]}},{"type":"Feature","properties":{"zone":"cam","depth_km":300},"geometry":{"type":"LineString","coordinates":[[259.15,20.51],[259.16,20.5],[259.2,20.48],[259.24,20.45],[259.25,20.45],[259.3,20.42],[259.33,20.4],[259.35,20.39],[259.4,20.37],[259.45,20.35],[259.46,20.35],[259.5,20.34],[259.55,20.32],[259.6,20.32],[259.65,20.31],[259.7,20.3],[259.75,20.3],[259.8,20.3],[259.85,20.3],[259.9,20.3],[259.95,20.31],[260,20.31],[260.05,20.31],[260.1,20.31],[260.15,20.31],[260.2,20.31],[260.25,20.3],[260.29,20.3],[260.3,20.3],[260.35,20.29],[260.4,20.28],[260.45,20.27],[260.5,20.26],[260.53,20.25],[260.55,20.24],[260.6,20.23],[260.65,20.21],[260.69,20.2],[260.7,20.2],[260.75,20.18],[260.8,20.16],[260.82,20.15],[260.85,20.14],[260.9,20.12],[260.95,20.1],[260.95,20.1],[261,20.08],[261.05,20.06],[261.07,20.05],[261.1,20.04],[261.15,20.02],[261.19,20],[261.2,20],[261.25,19.98],[261.3,19.96],[261.32,19.95],[261.35,19.94],[261.4,19.92],[261.45,19.9],[261.45,19.9],[261.5,19.88],[261.55,19.86],[261.58,19.85],[261.6,19.84],[261.65,19.83],[261.7,19.81],[261.72,19.8],[261.75,19.79],[261.8,19.77],[261.84,19.75],[261.85,19.75],[261.9,19.73],[261.95,19.71],[261.96,19.7],[262,19.69],[262.05,19.66],[262.08,19.65],[262.1,19.64],[262.15,19.62],[262.2,19.6],[262.2,19.6],[262.25,19.58],[262.3,19.56],[262.32,19.55],[262.35,19.54],[262.4,19.52],[262.45,19.5],[262.45,19.5],[262.5,19.48],[262.55,19.47],[262.6,19.45],[262.6,19.45],[262.65,19.44],[262.7,19.42],[262.75,19.41],[262.8,19.41],[262.84,19.4],[262.85,19.4],[262.9,19.39],[262.95,19.39],[263,19.38],[263.05,19.38],[263.1,19.38],[263.15,19.38],[263.2,19.38],[263.25,19.38],[263.3,19.38],[263.35,19.38]]}},{"type":"Feature","properties":{"zone":"cam","depth_km":200},"geometry":{"type":"LineString","coordinates":[[256.63,20.55],[256.65,20.5],[256.65,20.5],[256.67,20.45],[256.69,20.4],[256.7,20.38],[256.72,20.35],[256.75,20.3],[256.75,20.29],[256.78,20.25],[256.8,20.23],[256.82,20.2],[256.85,20.18],[256.88,20.15],[256.9,20.14],[256.95,20.11],[256.96,20.1],[257,20.08],[257.05,20.06],[257.06,20.05],[257.1,20.03],[257.15,20.01],[257.18,20],[257.2,19.99],[257.25,19.98],[257.3,19.96],[257.34,19.95],[257.35,19.95],[257.4,19.94],[257.45,19.93],[257.5,19.92],[257.55,19.92],[257.6,19.92],[257.65,19.92],[257.7,19.93],[257.75,19.94],[257.8,19.95],[257.8,19.95],[257.85,19.97],[257.9,19.98],[257.95,20],[257.95,20],[258,20.02],[258.05,20.04],[258.07,20.05],[258.1,20.07],[258.15,20.09],[258.18,20.1],[258.2,20.11],[258.25,20.13],[258.3,20.15],[258.31,20.15]]}},{"type":"Feature","properties":{"zone":"cam","depth_km":200},"geometry":{"type":"LineString","coordinates":[[258.6,20.23],[258.65,20.24],[258.7,20.24],[258.75,20.24],[258.8,20.24],[258.85,20.24],[258.9,20.23],[258.95,20.22],[259,20.21],[259.03,20.2],[259.05,20.19],[259.1,20.18],[259.15,20.16],[259.19,20.15],[259.2,20.15],[259.25,20.13],[259.3,20.12],[259.35,20.11],[259.38,20.1],[259.4,20.09],[259.45,20.08],[259.5,20.07],[259.55,20.06],[259.6,20.06],[259.65,20.05],[259.66,20.05],[259.7,20.04],[259.75,20.04],[259.8,20.03],[259.85,20.03],[259.9,20.02],[259.95,20.02],[260,20.01],[260.05,20],[260.05,20],[260.1,19.99],[260.15,19.98],[260.2,19.97],[260.25,19.95],[260.26,19.95],[260.3,19.94],[260.35,19.92],[260.4,19.9],[260.41,19.9],[260.45,19.89],[260.5,19.87],[260.54,19.85],[260.55,19.85],[260.6,19.83],[260.65,19.81],[260.67,19.8],[260.7,19.79],[260.75,19.77],[260.79,19.75],[260.8,19.74],[260.85,19.72],[260.9,19.7],[260.91,19.7],[260.95,19.68],[261,19.66],[261.04,19.65],[261.05,19.65],[261.1,19.63],[261.15,19.61],[261.17,19.6],[261.2,19.59],[261.25,19.57],[261.3,19.55],[261.31,19.55],[261.35,19.53],[261.4,19.52],[261.44,19.5],[261.45,19.5],[261.5,19.48],[261.55,19.46],[261.58,19.45],[261.6,19.44],[261.65,19.43],[261.7,19.41],[261.72,19.4],[261.75,19.39],[261.8,19.37],[261.85,19.35],[261.85,19.35],[261.9,19.33],[261.95,19.31],[261.99,19.3],[262,19.3],[262.05,19.28],[262.1,19.26],[262.12,19.25],[262.15,19.24],[262.2,19.22],[262.25,19.2],[262.26,19.2],[262.3,19.19],[262.35,19.17],[262.4,19.15],[262.41,19.15],[262.45,19.14],[262.5,19.12],[262.55,19.11],[262.58,19.1],[262.6,19.1],[262.65,19.08],[262.7,19.07],[262.75,19.06],[262.79,19.05],[262.8,19.05],[262.85,19.04],[262.9,19.03],[262.95,19.02],[263,19.01],[263.03,19],[263.05,19],[263.1,18.98],[263.15,18.97],[263.2,18.96],[263.25,18.95],[263.27,18.95],[263.3,18.94],[263.35,18.93],[263.4,18.92],[263.45,18.91],[263.5,18.91],[263.53,18.9],[263.55,18.9],[263.6,18.89],[263.65,18.88],[263.7,18.87],[263.75,18.86],[263.8,18.85],[263.83,18.85],[263.85,18.85],[263.9,18.84],[263.95,18.83],[264,18.82],[264.05,18.81],[264.09,18.8],[264.1,18.8],[264.15,18.79],[264.2,18.77],[264.25,18.76],[264.29,18.75],[264.3,18.75],[264.35,18.73],[264.4,18.72],[264.45,18.7],[264.46,18.7],[264.5,18.69],[264.55,18.67],[264.6,18.65],[264.6,18.65],[264.65,18.63],[264.7,18.61],[264.71,18.6],[264.75,18.58],[264.8,18.55],[264.81,18.55],[264.85,18.53],[264.89,18.5],[264.9,18.5],[264.95,18.47],[264.98,18.45],[265,18.44],[265.05,18.41],[265.06,18.4],[265.1,18.38],[265.15,18.35],[265.15,18.35],[265.2,18.32],[265.24,18.3],[265.25,18.3],[265.3,18.27],[265.34,18.25],[265.35,18.25],[265.4,18.22],[265.45,18.2],[265.46,18.2],[265.5,18.18],[265.55,18.17],[265.6,18.15],[265.6,18.15],[265.65,18.13],[265.7,18.12],[265.75,18.1],[265.75,18.1],[265.8,18.09],[265.85,18.07],[265.9,18.05],[265.91,18.05],[265.95,18.04],[266,18.02],[266.05,18],[266.06,18],[266.1,17.98],[266.15,17.96],[266.17,17.95],[266.2,17.93],[266.25,17.9],[266.26,17.9],[266.3,17.87],[266.33,17.85],[266.35,17.84],[266.4,17.8],[266.4,17.8],[266.45,17.76],[266.46,17.75],[266.5,17.72],[266.52,17.7],[266.55,17.67],[266.57,17.65],[266.6,17.63],[266.63,17.6],[266.65,17.58],[266.68,17.55],[266.7,17.53],[266.73,17.5],[266.75,17.48],[266.78,17.45],[266.8,17.43],[266.82,17.4],[266.85,17.37],[266.87,17.35],[266.9,17.31],[266.91,17.3],[266.95,17.25],[266.95,17.25],[266.99,17.2],[267,17.18],[267.02,17.15],[267.05,17.12],[267.06,17.1],[267.1,17.05],[267.1,17.05],[267.14,17],[267.15,16.99],[267.18,16.95],[267.2,16.92],[267.22,16.9],[267.25,16.86],[267.26,16.85],[267.3,16.8],[267.3,16.8],[267.34,16.75],[267.35,16.74],[267.38,16.7],[267.4,16.68],[267.42,16.65],[267.45,16.61],[267.46,16.6],[267.5,16.55],[267.5,16.54],[267.53,16.5],[267.55,16.47],[267.57,16.45],[267.6,16.4],[267.6,16.4],[267.64,16.35],[267.65,16.33],[267.68,16.3],[267.7,16.27],[267.71,16.25],[267.75,16.21],[267.76,16.2],[267.8,16.15],[267.8,16.15],[267.84,16.1],[267.85,16.09],[267.89,16.05],[267.9,16.04],[267.94,16],[267.95,15.99],[267.99,15.95],[268,15.94],[268.05,15.9],[268.05,15.9],[268.1,15.85],[268.1,15.85],[268.15,15.81],[268.16,15.8],[268.2,15.77],[268.22,15.75],[268.25,15.73],[268.28,15.7],[268.3,15.68],[268.34,15.65],[268.35,15.64],[268.4,15.6],[268.41,15.6],[268.45,15.56],[268.47,15.55],[268.5,15.53],[268.53,15.5],[268.55,15.49],[268.6,15.45],[268.6,15.45],[268.65,15.41],[268.67,15.4],[268.7,15.38],[268.74,15.35],[268.75,15.34],[268.8,15.31],[268.82,15.3],[268.85,15.28],[268.89,15.25],[268.9,15.24],[268.95,15.21],[268.97,15.2],[269,15.18],[269.05,15.15],[269.05,15.15],[269.1,15.12],[269.13,15.1],[269.15,15.09],[269.2,15.06],[269.22,15.05],[269.25,15.03],[269.3,15],[269.31,15],[269.35,14.98],[269.4,14.95],[269.4,14.95],[269.45,14.92],[269.5,14.9],[269.5,14.9],[269.55,14.88],[269.6,14.85],[269.61,14.85],[269.65,14.83],[269.7,14.81],[269.72,14.8],[269.75,14.79],[269.8,14.76],[269.83,14.75],[269.85,14.74],[269.9,14.72],[269.95,14.7],[269.95,14.7],[270,14.68],[270.05,14.66],[270.06,14.65],[270.1,14.63],[270.15,14.61],[270.18,14.6],[270.2,14.59],[270.25,14.57],[270.29,14.55],[270.3,14.54],[270.35,14.52],[270.39,14.5],[270.4,14.5],[270.45,14.47],[270.5,14.45],[270.5,14.45],[270.55,14.43],[270.6,14.41],[270.61,14.4],[270.65,14.38],[270.7,14.36],[270.73,14.35],[270.75,14.34],[270.8,14.32],[270.85,14.3],[270.85,14.3],[270.9,14.28],[270.95,14.26],[270.97,14.25],[271,14.24],[271.05,14.22],[271.09,14.2],[271.1,14.2],[271.15,14.17],[271.2,14.15],[271.2,14.15],[271.25,14.13],[271.3,14.1],[271.3,14.1],[271.35,14.07],[271.39,14.05],[271.4,14.05],[271.45,14.02],[271.49,14],[271.5,13.99],[271.55,13.97],[271.58,13.95],[271.6,13.94],[271.65,13.91],[271.68,13.9],[271.7,13.89],[271.75,13.86],[271.77,13.85],[271.8,13.84],[271.85,13.81],[271.87,13.8],[271.9,13.78],[271.95,13.76],[271.97,13.75],[272,13.74],[272.05,13.71],[272.08,13.7],[272.1,13.69],[272.15,13.67],[272.18,13.65],[272.2,13.64],[272.25,13.62],[272.29,13.6],[272.3,13.59],[272.35,13.57],[272.39,13.55],[272.4,13.54],[272.45,13.51],[272.47,13.5],[272.5,13.48],[272.55,13.45],[272.55,13.45],[272.6,13.41],[272.62,13.4],[272.65,13.37],[272.68,13.35],[272.7,13.33],[272.74,13.3],[272.75,13.29],[272.79,13.25],[272.8,13.25],[272.85,13.2],[272.85,13.2],[272.9,13.15],[272.9,13.15],[272.95,13.11],[272.96,13.1],[273,13.06],[273.01,13.05],[273.05,13.02],[273.07,13],[273.1,12.97],[273.12,12.95],[273.15,12.92],[273.17,12.9],[273.2,12.87],[273.23,12.85],[273.25,12.83],[273.28,12.8],[273.3,12.78],[273.33,12.75],[273.35,12.73],[273.38,12.7],[273.4,12.68],[273.43,12.65],[273.45,12.63],[273.48,12.6],[273.5,12.58],[273.53,12.55],[273.55,12.53],[273.58,12.5],[273.6,12.48],[273.64,12.45],[273.65,12.44],[273.69,12.4],[273.7,12.39],[273.75,12.35],[273.75,12.35],[273.8,12.31],[273.81,12.3],[273.85,12.26],[273.86,12.25],[273.9,12.22],[273.92,12.2],[273.95,12.17],[273.98,12.15],[274,12.13],[274.03,12.1],[274.05,12.08],[274.08,12.05],[274.1,12.03],[274.14,12],[274.15,11.99],[274.19,11.95],[274.2,11.94],[274.24,11.9],[274.25,11.89],[274.29,11.85],[274.3,11.84],[274.35,11.8],[274.35,11.8],[274.4,11.75],[274.4,11.75],[274.45,11.71],[274.46,11.7],[274.5,11.67],[274.53,11.65],[274.55,11.63],[274.59,11.6],[274.6,11.6],[274.65,11.56],[274.66,11.55],[274.7,11.52],[274.73,11.5],[274.75,11.49],[274.8,11.45],[274.8,11.45],[274.85,11.41],[274.87,11.4],[274.9,11.38],[274.93,11.35],[274.95,11.34],[275,11.3],[275,11.3],[275.05,11.26],[275.06,11.25],[275.1,11.22],[275.13,11.2],[275.15,11.18],[275.19,11.15],[275.2,11.14],[275.25,11.1],[275.25,11.1],[275.3,11.06],[275.32,11.05],[275.35,11.03],[275.39,11],[275.4,10.99],[275.45,10.95],[275.46,10.95],[275.5,10.92],[275.53,10.9],[275.55,10.89],[275.6,10.85],[275.61,10.85],[275.65,10.82],[275.69,10.8],[275.7,10.79],[275.75,10.76],[275.77,10.75],[275.8,10.73],[275.85,10.7],[275.85,10.7],[275.9,10.67],[275.94,10.65],[275.95,10.64],[276,10.61],[276.02,10.6],[276.05,10.58],[276.1,10.56],[276.11,10.55],[276.15,10.53],[276.2,10.5],[276.2,10.5],[276.25,10.48],[276.3,10.45],[276.31,10.45],[276.35,10.43],[276.4,10.41],[276.43,10.4],[276.45,10.39],[276.5,10.37],[276.55,10.36],[276.57,10.35],[276.6,10.34],[276.65,10.32],[276.7,10.31],[276.72,10.3],[276.75,10.29],[276.8,10.27],[276.85,10.25],[276.86,10.25],[276.9,10.24],[276.95,10.21],[276.98,10.2],[277,10.19],[277.05,10.17],[277.09,10.15],[277.1,10.14]]}},{"type":"Feature","properties":{"zone":"cam","depth_km":200},"geometry":{"type":"LineString","coordinates":[[258.4,20.18],[258.45,20.19],[258.47,20.2]]}},{"type":"Feature","properties":{"zone":"cam","depth_km":100},"geometry":{"type":"LineString","coordinates":[[255.54,20.95],[255.55,20.94],[255.58,20.9],[255.6,20.86],[255.61,20.85],[255.64,20.8],[255.65,20.79],[255.67,20.75],[255.7,20.71],[255.7,20.7],[255.73,20.65],[255.75,20.62],[255.76,20.6],[255.79,20.55],[255.8,20.53],[255.81,20.5],[255.84,20.45],[255.85,20.43],[255.86,20.4],[255.88,20.35],[255.9,20.31],[255.9,20.3],[255.92,20.25],[255.94,20.2],[255.95,20.18],[255.96,20.15],[255.98,20.1],[255.99,20.05],[256,20.03],[256.01,20],[256.03,19.95],[256.05,19.9],[256.05,19.9],[256.07,19.85],[256.09,19.8],[256.1,19.79],[256.12,19.75],[256.15,19.7],[256.15,19.69],[256.18,19.65],[256.2,19.61],[256.21,19.6],[256.25,19.55],[256.25,19.55],[256.29,19.5],[256.3,19.49],[256.34,19.45],[256.35,19.44],[256.39,19.4],[256.4,19.4],[256.45,19.36],[256.46,19.35],[256.5,19.32],[256.53,19.3],[256.55,19.29],[256.6,19.26],[256.62,19.25],[256.65,19.24],[256.7,19.22],[256.74,19.2],[256.75,19.2],[256.8,19.18],[256.85,19.17],[256.9,19.15],[256.92,19.15],[256.95,19.14],[257,19.13],[257.05,19.13],[257.1,19.12],[257.15,19.11],[257.2,19.11],[257.25,19.1],[257.3,19.1],[257.31,19.1],[257.35,19.1],[257.4,19.1],[257.45,19.1],[257.5,19.09],[257.55,19.09],[257.6,19.1],[257.65,19.1],[257.7,19.1],[257.75,19.1],[257.77,19.1],[257.8,19.1],[257.85,19.1],[257.9,19.11],[257.95,19.11],[258,19.11],[258.05,19.12],[258.1,19.13],[258.15,19.14],[258.2,19.14],[258.22,19.15],[258.25,19.16],[258.3,19.17],[258.35,19.18],[258.4,19.2],[258.4,19.2],[258.45,19.22],[258.5,19.23],[258.54,19.25],[258.55,19.25],[258.6,19.28],[258.65,19.3],[258.65,19.3],[258.7,19.33],[258.73,19.35],[258.75,19.36],[258.8,19.39],[258.81,19.4],[258.85,19.43],[258.88,19.45],[258.9,19.46],[258.95,19.5],[258.95,19.5],[259,19.53],[259.03,19.55],[259.05,19.56],[259.1,19.58],[259.14,19.6],[259.15,19.61],[259.2,19.62],[259.25,19.63],[259.3,19.64],[259.35,19.65],[259.4,19.65],[259.45,19.65],[259.5,19.65],[259.55,19.64],[259.6,19.63],[259.65,19.63],[259.7,19.62],[259.75,19.61],[259.77,19.6],[259.8,19.59],[259.85,19.58],[259.9,19.57],[259.95,19.55],[259.96,19.55],[260,19.54],[260.05,19.52],[260.1,19.5],[260.11,19.5],[260.15,19.49],[260.2,19.47],[260.24,19.45],[260.25,19.45],[260.3,19.43],[260.35,19.4],[260.36,19.4],[260.4,19.38],[260.45,19.36],[260.47,19.35],[260.5,19.34],[260.55,19.31],[260.58,19.3],[260.6,19.29],[260.65,19.27],[260.7,19.25],[260.7,19.25],[260.75,19.23],[260.8,19.21],[260.84,19.2],[260.85,19.2],[260.9,19.18],[260.95,19.16],[260.99,19.15],[261,19.15],[261.05,19.13],[261.1,19.11],[261.14,19.1],[261.15,19.1],[261.2,19.08],[261.25,19.06],[261.27,19.05],[261.3,19.04],[261.35,19.02],[261.39,19],[261.4,19],[261.45,18.98],[261.5,18.96],[261.52,18.95],[261.55,18.94],[261.6,18.92],[261.64,18.9],[261.65,18.9],[261.7,18.88],[261.75,18.86],[261.77,18.85],[261.8,18.84],[261.85,18.82],[261.9,18.8],[261.9,18.8],[261.95,18.78],[262,18.76],[262.02,18.75],[262.05,18.74],[262.1,18.72],[262.15,18.7],[262.15,18.7],[262.2,18.68],[262.25,18.66],[262.28,18.65],[262.3,18.64],[262.35,18.62],[262.4,18.6],[262.4,18.6],[262.45,18.58],[262.5,18.56],[262.52,18.55],[262.55,18.54],[262.6,18.52],[262.64,18.5],[262.65,18.49],[262.7,18.47],[262.75,18.45],[262.75,18.45],[262.8,18.42],[262.84,18.4],[262.85,18.4],[262.9,18.37],[262.94,18.35],[262.95,18.34],[263,18.31],[263.02,18.3],[263.05,18.28],[263.1,18.26],[263.11,18.25],[263.15,18.23],[263.2,18.2],[263.2,18.2],[263.25,18.17],[263.29,18.15],[263.3,18.14],[263.35,18.11],[263.38,18.1],[263.4,18.09],[263.45,18.06],[263.47,18.05],[263.5,18.03],[263.55,18],[263.55,18],[263.6,17.96],[263.62,17.95],[263.65,17.92],[263.68,17.9],[263.7,17.88],[263.74,17.85],[263.75,17.84],[263.8,17.8],[263.8,17.8],[263.85,17.76],[263.86,17.75],[263.9,17.72],[263.93,17.7],[263.95,17.69],[264,17.66],[264.01,17.65],[264.05,17.63],[264.1,17.61],[264.11,17.6],[264.15,17.59],[264.2,17.57],[264.25,17.55],[264.25,17.55],[264.3,17.54],[264.35,17.52],[264.4,17.51],[264.45,17.5],[264.46,17.5],[264.5,17.49],[264.55,17.48],[264.6,17.47],[264.65,17.46],[264.7,17.45],[264.7,17.45],[264.75,17.44],[264.8,17.43],[264.85,17.41],[264.9,17.4],[264.91,17.4],[264.95,17.39],[265,17.37],[265.05,17.35],[265.06,17.35],[265.1,17.34],[265.15,17.32],[265.19,17.3],[265.2,17.3],[265.25,17.28],[265.3,17.25],[265.31,17.25],[265.35,17.23],[265.4,17.21],[265.41,17.2],[265.45,17.18],[265.5,17.16],[265.51,17.15],[265.55,17.13],[265.6,17.1],[265.61,17.1],[265.65,17.08],[265.7,17.05],[265.7,17.05],[265.75,17.02],[265.78,17],[265.8,16.99],[265.85,16.95],[265.86,16.95],[265.9,16.92],[265.93,16.9],[265.95,16.88],[265.99,16.85],[266,16.84],[266.05,16.8],[266.05,16.8],[266.1,16.76],[266.11,16.75],[266.15,16.72],[266.17,16.7],[266.2,16.67],[266.23,16.65],[266.25,16.63],[266.29,16.6],[266.3,16.59],[266.35,16.55],[266.35,16.55],[266.4,16.51],[266.42,16.5],[266.45,16.47],[266.48,16.45],[266.5,16.44],[266.55,16.41],[266.56,16.4],[266.6,16.37],[266.63,16.35],[266.65,16.34],[266.7,16.31],[266.71,16.3],[266.75,16.28],[266.79,16.25],[266.8,16.24],[266.85,16.21],[266.86,16.2],[266.9,16.18],[266.94,16.15],[266.95,16.14],[267,16.1],[267,16.1],[267.05,16.07],[267.07,16.05],[267.1,16.03],[267.13,16],[267.15,15.98],[267.19,15.95],[267.2,15.94],[267.25,15.9],[267.25,15.9],[267.3,15.85],[267.3,15.85],[267.35,15.81],[267.36,15.8],[267.4,15.76],[267.41,15.75],[267.45,15.71],[267.46,15.7],[267.5,15.66],[267.51,15.65],[267.55,15.61],[267.57,15.6],[267.6,15.57],[267.62,15.55],[267.65,15.52],[267.67,15.5],[267.7,15.47],[267.72,15.45],[267.75,15.43],[267.78,15.4],[267.8,15.38],[267.84,15.35],[267.85,15.34],[267.9,15.3],[267.9,15.3],[267.95,15.26],[267.96,15.25],[268,15.22],[268.02,15.2],[268.05,15.18],[268.09,15.15],[268.1,15.14],[268.15,15.1],[268.15,15.1],[268.2,15.07],[268.22,15.05],[268.25,15.03],[268.3,15],[268.3,15],[268.35,14.96],[268.37,14.95],[268.4,14.93],[268.45,14.9],[268.45,14.9],[268.5,14.87],[268.53,14.85],[268.55,14.84],[268.6,14.81],[268.62,14.8],[268.65,14.78],[268.7,14.75],[268.71,14.75],[268.75,14.72],[268.8,14.7],[268.8,14.7],[268.85,14.67],[268.89,14.65],[268.9,14.64],[268.95,14.62],[268.99,14.6],[269,14.59],[269.05,14.57],[269.09,14.55],[269.1,14.55],[269.15,14.52],[269.2,14.5],[269.2,14.5],[269.25,14.48],[269.3,14.46],[269.32,14.45],[269.35,14.44],[269.4,14.41],[269.43,14.4],[269.45,14.39],[269.5,14.37],[269.55,14.35],[269.55,14.35],[269.6,14.33],[269.65,14.3],[269.66,14.3],[269.7,14.28],[269.75,14.26],[269.77,14.25],[269.8,14.24],[269.85,14.21],[269.88,14.2],[269.9,14.19],[269.95,14.17],[269.99,14.15],[270,14.15],[270.05,14.12],[270.1,14.1],[270.1,14.1],[270.15,14.08],[270.2,14.05],[270.2,14.05],[270.25,14.03],[270.3,14],[270.31,14],[270.35,13.98],[270.4,13.95],[270.41,13.95],[270.45,13.93],[270.5,13.91],[270.51,13.9],[270.55,13.88],[270.6,13.86],[270.61,13.85],[270.65,13.83],[270.7,13.81],[270.72,13.8],[270.75,13.78],[270.8,13.76],[270.82,13.75],[270.85,13.74],[270.9,13.71],[270.93,13.7],[270.95,13.69],[271,13.66],[271.03,13.65],[271.05,13.64],[271.1,13.62],[271.14,13.6],[271.15,13.6],[271.2,13.57],[271.25,13.55],[271.26,13.55],[271.3,13.53],[271.35,13.51],[271.38,13.5],[271.4,13.49],[271.45,13.47],[271.5,13.45],[271.5,13.45],[271.55,13.43],[271.6,13.4],[271.61,13.4],[271.65,13.38],[271.7,13.36],[271.72,13.35],[271.75,13.33],[271.8,13.31],[271.82,13.3],[271.85,13.28],[271.9,13.26],[271.91,13.25],[271.95,13.23],[272,13.2],[272,13.2],[272.05,13.17],[272.09,13.15],[272.1,13.15],[272.15,13.12],[272.18,13.1],[272.2,13.09],[272.25,13.06],[272.26,13.05],[272.3,13.02],[272.34,13],[272.35,12.99],[272.4,12.96],[272.41,12.95],[272.45,12.92],[272.48,12.9],[272.5,12.89],[272.55,12.85],[272.56,12.85],[272.6,12.82],[272.63,12.8],[272.65,12.78],[272.7,12.75],[272.7,12.75],[272.75,12.71],[272.77,12.7],[272.8,12.67],[272.83,12.65],[272.85,12.64],[272.9,12.6],[272.9,12.6],[272.95,12.56],[272.96,12.55],[273,12.52],[273.03,12.5],[273.05,12.48],[273.09,12.45],[273.1,12.44],[273.15,12.4],[273.15,12.4],[273.2,12.36],[273.21,12.35],[273.25,12.31],[273.26,12.3],[273.3,12.27],[273.32,12.25],[273.35,12.22],[273.38,12.2],[273.4,12.18],[273.44,12.15],[273.45,12.14],[273.49,12.1],[273.5,12.09],[273.55,12.05],[273.55,12.05],[273.6,12],[273.61,12],[273.65,11.96],[273.66,11.95],[273.7,11.92],[273.72,11.9],[273.75,11.87],[273.77,11.85],[273.8,11.82],[273.82,11.8],[273.85,11.78],[273.88,11.75],[273.9,11.73],[273.93,11.7],[273.95,11.68],[273.98,11.65],[274,11.63],[274.02,11.6],[274.05,11.57],[274.07,11.55],[274.1,11.52],[274.12,11.5],[274.15,11.47],[274.17,11.45],[274.2,11.42],[274.22,11.4],[274.25,11.37],[274.27,11.35],[274.3,11.32],[274.32,11.3],[274.35,11.27],[274.38,11.25],[274.4,11.23],[274.43,11.2],[274.45,11.18],[274.49,11.15],[274.5,11.14],[274.55,11.1],[274.55,11.1],[274.6,11.05],[274.61,11.05],[274.65,11.01],[274.66,11],[274.7,10.97],[274.73,10.95],[274.75,10.93],[274.79,10.9],[274.8,10.89],[274.85,10.85],[274.85,10.85],[274.9,10.81],[274.92,10.8],[274.95,10.78],[274.99,10.75],[275,10.74],[275.05,10.7],[275.05,10.7],[275.1,10.67],[275.12,10.65],[275.15,10.63],[275.19,10.6],[275.2,10.59],[275.25,10.55],[275.26,10.55],[275.3,10.52],[275.32,10.5],[275.35,10.48],[275.38,10.45],[275.4,10.44],[275.44,10.4],[275.45,10.4],[275.5,10.35],[275.5,10.35],[275.55,10.31],[275.56,10.3],[275.6,10.27],[275.62,10.25],[275.65,10.22],[275.68,10.2],[275.7,10.18],[275.74,10.15],[275.75,10.14],[275.8,10.1],[275.8,10.1],[275.85,10.07],[275.87,10.05],[275.9,10.03],[275.95,10],[275.95,10],[276,9.97],[276.05,9.95],[276.05,9.95],[276.1,9.93],[276.15,9.9],[276.16,9.9],[276.2,9.88],[276.25,9.86],[276.29,9.85],[276.3,9.85],[276.35,9.83],[276.4,9.81],[276.41,9.8],[276.45,9.78],[276.5,9.76],[276.52,9.75],[276.55,9.73],[276.6,9.71],[276.61,9.7],[276.65,9.67],[276.68,9.65],[276.7,9.64],[276.75,9.6],[276.75,9.6],[276.8,9.56],[276.81,9.55],[276.85,9.51],[276.86,9.5],[276.9,9.46],[276.91,9.45],[276.95,9.4],[276.95,9.4],[277,9.35],[277,9.35],[277.04,9.3],[277.05,9.29],[277.09,9.25],[277.1,9.24]]}},{"type":"Feature","properties":{"zone":"cam","depth_km":40},"geometry":{"type":"LineString","coordinates":[[254.62,20.85],[254.63,20.8],[254.65,20.75],[254.65,20.74],[254.66,20.7],[254.67,20.65],[254.69,20.6],[254.7,20.55],[254.7,20.55],[254.71,20.5],[254.72,20.45],[254.74,20.4],[254.75,20.35],[254.75,20.34],[254.76,20.3],[254.77,20.25],[254.79,20.2],[254.8,20.16],[254.8,20.15],[254.82,20.1],[254.84,20.05],[254.85,20.03],[254.86,20],[254.89,19.95],[254.9,19.93],[254.91,19.9],[254.95,19.85],[254.95,19.84],[254.98,19.8],[255,19.77],[255.02,19.75],[255.05,19.71],[255.06,19.7],[255.1,19.65],[255.1,19.65],[255.15,19.6],[255.15,19.59],[255.19,19.55],[255.2,19.54],[255.24,19.5],[255.25,19.49],[255.29,19.45],[255.3,19.44],[255.35,19.4],[255.35,19.4],[255.4,19.35],[255.4,19.35],[255.45,19.31],[255.46,19.3],[255.5,19.26],[255.52,19.25],[255.55,19.22],[255.58,19.2],[255.6,19.18],[255.64,19.15],[255.65,19.14],[255.7,19.1],[255.71,19.1],[255.75,19.07],[255.77,19.05],[255.8,19.03],[255.85,19],[255.85,19],[255.9,18.96],[255.92,18.95],[255.95,18.93],[256,18.9],[256,18.9],[256.05,18.87],[256.08,18.85],[256.1,18.84],[256.15,18.81],[256.17,18.8],[256.2,18.78],[256.25,18.75],[256.26,18.75],[256.3,18.73],[256.35,18.7],[256.35,18.7],[256.4,18.67],[256.45,18.65],[256.45,18.65],[256.5,18.62],[256.55,18.6],[256.55,18.6],[256.6,18.58],[256.65,18.56],[256.66,18.55],[256.7,18.53],[256.75,18.51],[256.78,18.5],[256.8,18.49],[256.85,18.47],[256.9,18.45],[256.9,18.45],[256.95,18.43],[257,18.41],[257.03,18.4],[257.05,18.39],[257.1,18.37],[257.15,18.36],[257.17,18.35],[257.2,18.34],[257.25,18.32],[257.3,18.31],[257.32,18.3],[257.35,18.29],[257.4,18.28],[257.45,18.26],[257.49,18.25],[257.5,18.25],[257.55,18.23],[257.6,18.22],[257.65,18.21],[257.67,18.2],[257.7,18.19],[257.75,18.18],[257.8,18.16],[257.85,18.15],[257.85,18.15],[257.9,18.14],[257.95,18.12],[258,18.11],[258.04,18.1],[258.05,18.1],[258.1,18.09],[258.15,18.08],[258.2,18.07],[258.25,18.06],[258.3,18.05],[258.31,18.05],[258.35,18.04],[258.4,18.04],[258.45,18.04],[258.5,18.04],[258.55,18.04],[258.6,18.04],[258.65,18.04],[258.7,18.05],[258.7,18.05],[258.75,18.06],[258.8,18.07],[258.85,18.08],[258.9,18.1],[258.92,18.1],[258.95,18.11],[259,18.13],[259.05,18.14],[259.08,18.15],[259.1,18.16],[259.15,18.17],[259.2,18.19],[259.25,18.2],[259.29,18.2],[259.3,18.2],[259.35,18.2],[259.4,18.2],[259.42,18.2],[259.45,18.2],[259.5,18.18],[259.55,18.17],[259.6,18.15],[259.6,18.15],[259.65,18.13],[259.7,18.11],[259.71,18.1],[259.75,18.08],[259.8,18.06],[259.81,18.05],[259.85,18.03],[259.9,18.01],[259.91,18],[259.95,17.98],[260,17.96],[260.01,17.95],[260.05,17.93],[260.1,17.91],[260.12,17.9],[260.15,17.89],[260.2,17.87],[260.24,17.85],[260.25,17.85],[260.3,17.83],[260.35,17.81],[260.37,17.8],[260.4,17.79],[260.45,17.77],[260.5,17.75],[260.5,17.75],[260.55,17.73],[260.6,17.72],[260.64,17.7],[260.65,17.7],[260.7,17.68],[260.75,17.66],[260.76,17.65],[260.8,17.63],[260.85,17.61],[260.86,17.6],[260.9,17.58],[260.95,17.55],[260.95,17.55],[261,17.52],[261.03,17.5],[261.05,17.49],[261.1,17.45],[261.1,17.45],[261.15,17.42],[261.17,17.4],[261.2,17.38],[261.24,17.35],[261.25,17.35],[261.3,17.31],[261.32,17.3],[261.35,17.28],[261.4,17.25],[261.4,17.25],[261.45,17.22],[261.47,17.2],[261.5,17.18],[261.55,17.15],[261.55,17.15],[261.6,17.11],[261.62,17.1],[261.65,17.08],[261.69,17.05],[261.7,17.04],[261.75,17],[261.75,17],[261.8,16.96],[261.81,16.95],[261.85,16.92],[261.88,16.9],[261.9,16.89],[261.95,16.85],[261.95,16.85],[262,16.82],[262.03,16.8],[262.05,16.79],[262.1,16.76],[262.13,16.75],[262.15,16.74],[262.2,16.71],[262.23,16.7],[262.25,16.69],[262.3,16.67],[262.34,16.65],[262.35,16.65],[262.4,16.62],[262.45,16.6],[262.46,16.6],[262.5,16.58],[262.55,16.56],[262.57,16.55],[262.6,16.54],[262.65,16.52],[262.69,16.5],[262.7,16.5],[262.75,16.48],[262.8,16.46],[262.82,16.45],[262.85,16.44],[262.9,16.42],[262.95,16.4],[262.95,16.4],[263,16.38],[263.05,16.37],[263.1,16.35],[263.1,16.35],[263.15,16.33],[263.2,16.32],[263.25,16.31],[263.27,16.3],[263.3,16.29],[263.35,16.28],[263.4,16.27],[263.45,16.26],[263.5,16.26],[263.55,16.25],[263.55,16.25],[263.6,16.24],[263.65,16.24],[263.7,16.23],[263.75,16.23],[263.8,16.23],[263.85,16.22],[263.9,16.22],[263.95,16.21],[264,16.2],[264.03,16.2],[264.05,16.2],[264.1,16.19],[264.15,16.18],[264.2,16.17],[264.25,16.16],[264.3,16.15],[264.32,16.15],[264.35,16.14],[264.4,16.13],[264.45,16.12],[264.5,16.1],[264.51,16.1],[264.55,16.09],[264.6,16.07],[264.65,16.06],[264.67,16.05],[264.7,16.04],[264.75,16.02],[264.8,16],[264.81,16],[264.85,15.98],[264.9,15.96],[264.93,15.95],[264.95,15.94],[265,15.92],[265.04,15.9],[265.05,15.9],[265.1,15.87],[265.14,15.85],[265.15,15.84],[265.2,15.82],[265.23,15.8],[265.25,15.79],[265.3,15.76],[265.31,15.75],[265.35,15.72],[265.39,15.7],[265.4,15.69],[265.45,15.66],[265.46,15.65],[265.5,15.63],[265.54,15.6],[265.55,15.59],[265.6,15.56],[265.62,15.55],[265.65,15.53],[265.7,15.5],[265.7,15.5],[265.75,15.47],[265.79,15.45],[265.8,15.44],[265.85,15.42],[265.88,15.4],[265.9,15.39],[265.95,15.37],[265.98,15.35],[266,15.34],[266.05,15.32],[266.09,15.3],[266.1,15.29],[266.15,15.27],[266.19,15.25],[266.2,15.25],[266.25,15.22],[266.29,15.2],[266.3,15.2],[266.35,15.17],[266.39,15.15],[266.4,15.15],[266.45,15.12],[266.49,15.1],[266.5,15.1],[266.55,15.07],[266.6,15.05],[266.6,15.05],[266.65,15.02],[266.7,15],[266.7,15],[266.75,14.98],[266.8,14.95],[266.8,14.95],[266.85,14.92],[266.89,14.9],[266.9,14.89],[266.95,14.87],[266.97,14.85],[267,14.83],[267.05,14.8],[267.05,14.8],[267.1,14.77],[267.13,14.75],[267.15,14.74],[267.2,14.7],[267.2,14.7],[267.25,14.67],[267.28,14.65],[267.3,14.64],[267.35,14.6],[267.35,14.6],[267.4,14.57],[267.43,14.55],[267.45,14.53],[267.5,14.5],[267.5,14.5],[267.55,14.47],[267.58,14.45],[267.6,14.44],[267.65,14.41],[267.66,14.4],[267.7,14.38],[267.75,14.35],[267.75,14.35],[267.8,14.32],[267.84,14.3],[267.85,14.29],[267.9,14.27],[267.93,14.25],[267.95,14.24],[268,14.21],[268.03,14.2],[268.05,14.19],[268.1,14.16],[268.13,14.15],[268.15,14.14],[268.2,14.11],[268.23,14.1],[268.25,14.09],[268.3,14.06],[268.33,14.05],[268.35,14.04],[268.4,14.01],[268.43,14],[268.45,13.99],[268.5,13.96],[268.53,13.95],[268.55,13.94],[268.6,13.92],[268.64,13.9],[268.65,13.89],[268.7,13.87],[268.75,13.85],[268.75,13.85],[268.8,13.83],[268.85,13.81],[268.86,13.8],[268.9,13.78],[268.95,13.76],[268.98,13.75],[269,13.74],[269.05,13.72],[269.1,13.7],[269.1,13.7],[269.15,13.68],[269.2,13.66],[269.22,13.65],[269.25,13.64],[269.3,13.61],[269.34,13.6],[269.35,13.59],[269.4,13.57],[269.45,13.55],[269.46,13.55],[269.5,13.53],[269.55,13.51],[269.59,13.5],[269.6,13.49],[269.65,13.48],[269.7,13.46],[269.72,13.45],[269.75,13.44],[269.8,13.42],[269.85,13.4],[269.85,13.4],[269.9,13.38],[269.95,13.36],[269.98,13.35],[270,13.34],[270.05,13.32],[270.1,13.3],[270.1,13.3],[270.15,13.28],[270.2,13.26],[270.21,13.25],[270.25,13.23],[270.3,13.21],[270.33,13.2],[270.35,13.19],[270.4,13.17],[270.45,13.15],[270.45,13.15],[270.5,13.13],[270.55,13.11],[270.58,13.1],[270.6,13.09],[270.65,13.07],[270.7,13.05],[270.7,13.05],[270.75,13.03],[270.8,13.01],[270.83,13],[270.85,12.99],[270.9,12.97],[270.94,12.95],[270.95,12.95],[271,12.92],[271.05,12.9],[271.05,12.9],[271.1,12.88],[271.15,12.86],[271.16,12.85],[271.2,12.83],[271.25,12.81],[271.27,12.8],[271.3,12.79],[271.35,12.77],[271.38,12.75],[271.4,12.74],[271.45,12.72],[271.49,12.7],[271.5,12.7],[271.55,12.67],[271.6,12.65],[271.6,12.65],[271.65,12.63],[271.7,12.6],[271.71,12.6],[271.75,12.58],[271.8,12.55],[271.81,12.55],[271.85,12.53],[271.9,12.5],[271.91,12.5],[271.95,12.48],[272,12.45],[272,12.45],[272.05,12.43],[272.1,12.4],[272.1,12.4],[272.15,12.37],[272.19,12.35],[272.2,12.34],[272.25,12.32],[272.28,12.3],[272.3,12.29],[272.35,12.26],[272.36,12.25],[272.4,12.23],[272.44,12.2],[272.45,12.2],[272.5,12.17],[272.52,12.15],[272.55,12.13],[272.6,12.1],[272.6,12.1],[272.65,12.07],[272.68,12.05],[272.7,12.04],[272.75,12],[272.75,12],[272.8,11.97],[272.82,11.95],[272.85,11.93],[272.89,11.9],[272.9,11.89],[272.95,11.85],[272.95,11.85],[273,11.81],[273.01,11.8],[273.05,11.77],[273.07,11.75],[273.1,11.72],[273.13,11.7],[273.15,11.68],[273.18,11.65],[273.2,11.63],[273.24,11.6],[273.25,11.59],[273.29,11.55],[273.3,11.54],[273.35,11.5],[273.35,11.5],[273.4,11.45],[273.4,11.45],[273.45,11.4],[273.45,11.4],[273.5,11.36],[273.51,11.35],[273.55,11.31],[273.56,11.3],[273.6,11.26],[273.61,11.25],[273.65,11.21],[273.66,11.2],[273.7,11.17],[273.72,11.15],[273.75,11.12],[273.77,11.1],[273.8,11.07],[273.82,11.05],[273.85,11.02],[273.87,11],[273.9,10.97],[273.92,10.95],[273.95,10.92],[273.96,10.9],[274,10.86],[274.01,10.85],[274.05,10.81],[274.06,10.8],[274.1,10.76],[274.11,10.75],[274.15,10.71],[274.15,10.7],[274.2,10.65],[274.2,10.65],[274.25,10.6],[274.25,10.6],[274.3,10.55],[274.3,10.55],[274.35,10.51],[274.36,10.5],[274.4,10.46],[274.41,10.45],[274.45,10.41],[274.47,10.4],[274.5,10.37],[274.53,10.35],[274.55,10.33],[274.59,10.3],[274.6,10.29],[274.65,10.25],[274.65,10.25],[274.7,10.22],[274.72,10.2],[274.75,10.18],[274.79,10.15],[274.8,10.15],[274.85,10.11],[274.87,10.1],[274.9,10.08],[274.95,10.05],[274.95,10.05],[275,10.02],[275.03,10],[275.05,9.99],[275.1,9.95],[275.1,9.95],[275.15,9.92],[275.18,9.9],[275.2,9.88],[275.25,9.85],[275.25,9.85],[275.3,9.81],[275.32,9.8],[275.35,9.77],[275.38,9.75],[275.4,9.74],[275.45,9.7],[275.45,9.7],[275.5,9.66],[275.51,9.65],[275.55,9.62],[275.58,9.6],[275.6,9.59],[275.65,9.55],[275.65,9.55],[275.7,9.52],[275.72,9.5],[275.75,9.48],[275.8,9.45],[275.8,9.45],[275.85,9.42],[275.88,9.4],[275.9,9.39],[275.95,9.35],[275.96,9.35],[276,9.32],[276.04,9.3],[276.05,9.29],[276.1,9.26],[276.12,9.25],[276.15,9.23],[276.19,9.2],[276.2,9.19],[276.25,9.16],[276.26,9.15],[276.3,9.12],[276.33,9.1],[276.35,9.08],[276.39,9.05],[276.4,9.04],[276.45,9],[276.45,9],[276.5,8.96],[276.51,8.95],[276.55,8.91],[276.56,8.9],[276.6,8.87],[276.62,8.85],[276.65,8.82],[276.68,8.8],[276.7,8.78],[276.74,8.75],[276.75,8.74],[276.8,8.7],[276.8,8.7],[276.85,8.66],[276.87,8.65],[276.9,8.63],[276.94,8.6],[276.95,8.59],[277,8.56],[277.02,8.55],[277.05,8.53],[277.09,8.5],[277.1,8.49]]}},{"type":"Feature","properties":{"zone":"hal","depth_km":600},"geometry":{"type":"LineString","coordinates":[[120.25,1.25],[120.28,1.3],[120.3,1.34],[120.31,1.35],[120.34,1.4],[120.35,1.41],[120.38,1.45],[120.4,1.48],[120.41,1.5],[120.45,1.55],[120.45,1.55],[120.48,1.6],[120.5,1.62],[120.52,1.65],[120.55,1.69],[120.56,1.7],[120.59,1.75],[120.6,1.76],[120.63,1.8],[120.65,1.83],[120.66,1.85],[120.7,1.9],[120.7,1.9],[120.73,1.95],[120.75,1.97],[120.77,2],[120.8,2.05],[120.8,2.05],[120.84,2.1],[120.85,2.12],[120.87,2.15],[120.9,2.2],[120.9,2.2],[120.94,2.25],[120.95,2.27],[120.97,2.3],[121,2.35],[121,2.35],[121.03,2.4],[121.05,2.43],[121.06,2.45],[121.1,2.5],[121.1,2.51],[121.13,2.55],[121.15,2.59],[121.16,2.6],[121.18,2.65],[121.2,2.68],[121.21,2.7],[121.24,2.75],[121.25,2.77],[121.27,2.8],[121.29,2.85],[121.3,2.87],[121.32,2.9],[121.34,2.95],[121.35,2.96],[121.37,3],[121.39,3.05],[121.4,3.06],[121.42,3.1],[121.44,3.15],[121.45,3.16],[121.47,3.2],[121.5,3.25],[121.5,3.26],[121.52,3.3],[121.55,3.35],[121.55,3.35],[121.57,3.4],[121.6,3.45],[121.6,3.45],[121.63,3.5],[121.65,3.54],[121.65,3.55],[121.68,3.6],[121.7,3.63],[121.71,3.65],[121.74,3.7],[121.75,3.73],[121.76,3.75],[121.79,3.8],[121.8,3.82],[121.82,3.85],[121.85,3.9],[121.85,3.91],[121.87,3.95],[121.9,4],[121.9,4],[121.93,4.05],[121.95,4.09],[121.96,4.1],[121.99,4.15],[122,4.18],[122.01,4.2],[122.04,4.25],[122.05,4.26],[122.07,4.3],[122.1,4.35],[122.1,4.35],[122.13,4.4],[122.15,4.43],[122.16,4.45],[122.19,4.5],[122.2,4.52],[122.22,4.55],[122.25,4.6],[122.25,4.6],[122.28,4.65],[122.3,4.69],[122.31,4.7],[122.34,4.75],[122.35,4.78],[122.36,4.8],[122.39,4.85],[122.4,4.86],[122.42,4.9],[122.45,4.95],[122.45,4.95],[122.47,5],[122.5,5.05],[122.5,5.05],[122.53,5.1],[122.55,5.15],[122.55,5.15],[122.58,5.2],[122.6,5.25],[122.6,5.25],[122.62,5.3],[122.64,5.35],[122.65,5.36],[122.67,5.4],[122.69,5.45],[122.7,5.48],[122.71,5.5],[122.73,5.55],[122.75,5.6],[122.75,5.61],[122.76,5.65],[122.78,5.7],[122.8,5.75],[122.8,5.75],[122.82,5.8],[122.84,5.85],[122.85,5.88],[122.86,5.9],[122.88,5.95],[122.89,6],[122.9,6.02],[122.91,6.05],[122.93,6.1],[122.95,6.14],[122.95,6.15],[122.97,6.2],[122.99,6.25],[123,6.26],[123.01,6.3],[123.04,6.35],[123.05,6.38],[123.06,6.4],[123.08,6.45],[123.1,6.5],[123.1,6.5],[123.12,6.55],[123.14,6.6],[123.15,6.61],[123.16,6.65],[123.18,6.7],[123.2,6.74],[123.2,6.75],[123.22,6.8],[123.24,6.85],[123.25,6.87],[123.26,6.9],[123.27,6.95],[123.29,7],[123.3,7.03],[123.3,7.05],[123.32,7.1],[123.33,7.15],[123.34,7.2],[123.35,7.23],[123.35,7.25],[123.37,7.3],[123.38,7.35],[123.39,7.4],[123.4,7.45],[123.4,7.47],[123.41,7.5],[123.42,7.55],[123.43,7.6],[123.44,7.65],[123.45,7.7],[123.45,7.71],[123.46,7.75],[123.47,7.8],[123.48,7.85],[123.49,7.9],[123.49,7.95],[123.5,7.98],[123.5,8],[123.51,8.05],[123.52,8.1],[123.53,8.15],[123.54,8.2],[123.54,8.25],[123.55,8.3],[123.55,8.3],[123.56,8.35],[123.56,8.4],[123.57,8.45],[123.58,8.5],[123.58,8.55],[123.59,8.6],[123.59,8.65],[123.6,8.7],[123.6,8.75],[123.6,8.75],[123.6,8.8],[123.61,8.85],[123.61,8.9],[123.61,8.95],[123.61,9],[123.61,9.05],[123.61,9.1],[123.61,9.15],[123.61,9.2],[123.61,9.25],[123.61,9.3],[123.61,9.35],[123.61,9.4],[123.61,9.45],[123.61,9.5],[123.61,9.55],[123.61,9.6],[123.61,9.65],[123.61,9.7],[123.61,9.75],[123.61,9.8],[123.62,9.85],[123.62,9.9]]}},{"type":"Feature","properties":{"zone":"hal","depth_km":500},"geometry":{"type":"LineString","coordinates":[[120.51,0.2],[120.52,0.25],[120.53,0.3],[120.53,0.35],[120.55,0.4],[120.55,0.42],[120.56,0.45],[120.57,0.5],[120.59,0.55],[120.6,0.57],[120.61,0.6],[120.64,0.65],[120.65,0.68],[120.66,0.7],[120.69,0.75],[120.7,0.77],[120.71,0.8],[120.75,0.85],[120.75,0.86],[120.78,0.9],[120.8,0.93],[120.81,0.95],[120.85,1],[120.85,1],[120.89,1.05],[120.9,1.07],[120.92,1.1],[120.95,1.13],[120.96,1.15],[121,1.19],[121,1.2],[121.05,1.25],[121.05,1.26],[121.09,1.3],[121.1,1.32],[121.13,1.35],[121.15,1.38],[121.17,1.4],[121.2,1.43],[121.21,1.45],[121.25,1.49],[121.25,1.5],[121.3,1.55],[121.3,1.55],[121.34,1.6],[121.35,1.61],[121.38,1.65],[121.4,1.68],[121.42,1.7],[121.45,1.74],[121.46,1.75],[121.5,1.8],[121.5,1.8],[121.54,1.85],[121.55,1.86],[121.58,1.9],[121.6,1.92],[121.62,1.95],[121.65,1.98],[121.67,2],[121.7,2.04],[121.7,2.05],[121.74,2.1],[121.75,2.11],[121.78,2.15],[121.8,2.17],[121.82,2.2],[121.85,2.24],[121.86,2.25],[121.89,2.3],[121.9,2.31],[121.92,2.35],[121.95,2.39],[121.96,2.4],[121.99,2.45],[122,2.47],[122.02,2.5],[122.05,2.55],[122.05,2.55],[122.08,2.6],[122.1,2.63],[122.11,2.65],[122.14,2.7],[122.15,2.72],[122.17,2.75],[122.19,2.8],[122.2,2.81],[122.22,2.85],[122.25,2.9],[122.25,2.9],[122.28,2.95],[122.3,2.99],[122.3,3],[122.33,3.05],[122.35,3.08],[122.36,3.1],[122.39,3.15],[122.4,3.18],[122.41,3.2],[122.44,3.25],[122.45,3.27],[122.47,3.3],[122.5,3.35],[122.5,3.36],[122.52,3.4],[122.55,3.44],[122.55,3.45],[122.58,3.5],[122.6,3.53],[122.61,3.55],[122.64,3.6],[122.65,3.62],[122.67,3.65],[122.7,3.7],[122.7,3.71],[122.73,3.75],[122.75,3.79],[122.76,3.8],[122.79,3.85],[122.8,3.87],[122.81,3.9],[122.84,3.95],[122.85,3.96],[122.87,4],[122.9,4.05],[122.9,4.05],[122.93,4.1],[122.95,4.13],[122.96,4.15],[122.99,4.2],[123,4.22],[123.01,4.25],[123.04,4.3],[123.05,4.32],[123.07,4.35],[123.09,4.4],[123.1,4.42],[123.11,4.45],[123.14,4.5],[123.15,4.53],[123.16,4.55],[123.18,4.6],[123.2,4.65],[123.2,4.65],[123.22,4.7],[123.24,4.75],[123.25,4.77],[123.26,4.8],[123.28,4.85],[123.3,4.9],[123.3,4.91],[123.31,4.95],[123.33,5],[123.35,5.05],[123.35,5.06],[123.36,5.1],[123.38,5.15],[123.39,5.2],[123.4,5.23],[123.41,5.25],[123.42,5.3],[123.44,5.35],[123.45,5.4],[123.45,5.4],[123.46,5.45],[123.48,5.5],[123.49,5.55],[123.5,5.58],[123.5,5.6],[123.52,5.65],[123.53,5.7],[123.54,5.75],[123.55,5.78],[123.56,5.8],[123.57,5.85],[123.58,5.9],[123.59,5.95],[123.6,5.98],[123.61,6],[123.62,6.05],[123.63,6.1],[123.64,6.15],[123.65,6.19],[123.65,6.2],[123.66,6.25],[123.67,6.3],[123.69,6.35],[123.7,6.4],[123.7,6.42],[123.71,6.45],[123.72,6.5],[123.73,6.55],[123.73,6.6],[123.74,6.65],[123.75,6.7],[123.75,6.71],[123.76,6.75],[123.76,6.8],[123.77,6.85],[123.77,6.9],[123.77,6.95],[123.78,7],[123.78,7.05],[123.78,7.1],[123.78,7.15],[123.78,7.2],[123.78,7.25],[123.78,7.3],[123.78,7.35],[123.78,7.4],[123.79,7.45],[123.79,7.5],[123.79,7.55],[123.79,7.6],[123.79,7.65],[123.8,7.7],[123.8,7.72],[123.8,7.75],[123.81,7.8],[123.81,7.85],[123.82,7.9],[123.82,7.95],[123.83,8],[123.83,8.05],[123.84,8.1],[123.84,8.15],[123.85,8.2],[123.85,8.23],[123.85,8.25],[123.86,8.3],[123.86,8.35],[123.87,8.4],[123.88,8.45],[123.88,8.5],[123.89,8.55],[123.89,8.6],[123.9,8.65],[123.9,8.68],[123.9,8.7],[123.91,8.75],[123.91,8.8],[123.92,8.85],[123.92,8.9],[123.93,8.95],[123.93,9],[123.93,9.05],[123.94,9.1],[123.94,9.15],[123.95,9.2],[123.95,9.22],[123.95,9.25],[123.96,9.3],[123.96,9.35],[123.97,9.4],[123.98,9.45],[123.98,9.5],[123.99,9.55],[124,9.59],[124,9.6],[124.01,9.65],[124.02,9.7],[124.04,9.75],[124.05,9.8],[124.05,9.81],[124.06,9.85],[124.08,9.9],[124.1,9.95],[124.1,9.96],[124.12,10],[124.14,10.05],[124.15,10.08],[124.16,10.1],[124.19,10.15],[124.2,10.18],[124.21,10.2],[124.24,10.25],[124.25,10.26],[124.27,10.3],[124.3,10.34],[124.31,10.35],[124.34,10.4],[124.35,10.41],[124.38,10.45],[124.4,10.47],[124.42,10.5],[124.45,10.53],[124.46,10.55],[124.5,10.59],[124.51,10.6],[124.55,10.64],[124.56,10.65],[124.6,10.7],[124.6,10.7],[124.65,10.75]]}},{"type":"Feature","properties":{"zone":"hal","depth_km":400},"geometry":{"type":"LineString","coordinates":[[121.08,0.25],[121.09,0.3],[121.1,0.32],[121.11,0.35],[121.14,0.4],[121.15,0.42],[121.16,0.45],[121.19,0.5],[121.2,0.51],[121.23,0.55],[121.25,0.59],[121.26,0.6],[121.3,0.65],[121.3,0.65],[121.34,0.7],[121.35,0.71],[121.38,0.75],[121.4,0.77],[121.43,0.8],[121.45,0.82],[121.48,0.85],[121.5,0.87],[121.53,0.9],[121.55,0.92],[121.58,0.95],[121.6,0.96],[121.64,1],[121.65,1.01],[121.7,1.05],[121.7,1.05],[121.75,1.1],[121.75,1.1],[121.8,1.14],[121.81,1.15],[121.85,1.18],[121.87,1.2],[121.9,1.23],[121.92,1.25],[121.95,1.27],[121.98,1.3],[122,1.32],[122.03,1.35],[122.05,1.37],[122.08,1.4],[122.1,1.42],[122.13,1.45],[122.15,1.47],[122.18,1.5],[122.2,1.53],[122.22,1.55],[122.25,1.58],[122.27,1.6],[122.3,1.64],[122.31,1.65],[122.35,1.7],[122.35,1.7],[122.39,1.75],[122.4,1.76],[122.44,1.8],[122.45,1.82],[122.48,1.85],[122.5,1.88],[122.52,1.9],[122.55,1.94],[122.56,1.95],[122.6,2],[122.6,2],[122.64,2.05],[122.65,2.07],[122.68,2.1],[122.7,2.13],[122.71,2.15],[122.75,2.2],[122.75,2.2],[122.79,2.25],[122.8,2.27],[122.82,2.3],[122.85,2.34],[122.86,2.35],[122.9,2.4],[122.9,2.41],[122.93,2.45],[122.95,2.48],[122.96,2.5],[123,2.55],[123,2.56],[123.03,2.6],[123.05,2.63],[123.06,2.65],[123.09,2.7],[123.1,2.72],[123.12,2.75],[123.15,2.8],[123.15,2.8],[123.18,2.85],[123.2,2.89],[123.2,2.9],[123.23,2.95],[123.25,2.99],[123.26,3],[123.28,3.05],[123.3,3.09],[123.31,3.1],[123.33,3.15],[123.35,3.19],[123.36,3.2],[123.38,3.25],[123.4,3.29],[123.41,3.3],[123.43,3.35],[123.45,3.39],[123.45,3.4],[123.48,3.45],[123.5,3.5],[123.5,3.5],[123.52,3.55],[123.54,3.6],[123.55,3.62],[123.56,3.65],[123.58,3.7],[123.6,3.74],[123.6,3.75],[123.62,3.8],[123.64,3.85],[123.65,3.88],[123.66,3.9],[123.67,3.95],[123.69,4],[123.7,4.04],[123.7,4.05],[123.72,4.1],[123.73,4.15],[123.75,4.2],[123.75,4.21],[123.76,4.25],[123.77,4.3],[123.79,4.35],[123.8,4.4],[123.8,4.4],[123.81,4.45],[123.83,4.5],[123.84,4.55],[123.85,4.6],[123.85,4.6],[123.86,4.65],[123.88,4.7],[123.89,4.75],[123.9,4.8],[123.9,4.8],[123.91,4.85],[123.92,4.9],[123.94,4.95],[123.95,5],[123.95,5],[123.96,5.05],[123.97,5.1],[123.99,5.15],[124,5.2],[124,5.2],[124.01,5.25],[124.02,5.3],[124.04,5.35],[124.05,5.4],[124.05,5.4],[124.06,5.45],[124.07,5.5],[124.09,5.55],[124.1,5.6],[124.1,5.61],[124.11,5.65],[124.12,5.7],[124.13,5.75],[124.14,5.8],[124.15,5.85],[124.15,5.85],[124.16,5.9],[124.17,5.95],[124.18,6],[124.19,6.05],[124.19,6.1],[124.2,6.14],[124.2,6.15],[124.21,6.2],[124.22,6.25],[124.22,6.3],[124.23,6.35],[124.23,6.4],[124.24,6.45],[124.24,6.5],[124.25,6.55],[124.25,6.6],[124.25,6.65],[124.25,6.7],[124.25,6.75],[124.25,6.8],[124.24,6.85],[124.24,6.9],[124.24,6.95],[124.23,7],[124.23,7.05],[124.22,7.1],[124.22,7.15],[124.21,7.2],[124.2,7.25],[124.2,7.3],[124.2,7.3],[124.19,7.35],[124.19,7.4],[124.19,7.45],[124.18,7.5],[124.18,7.55],[124.18,7.6],[124.18,7.65],[124.18,7.7],[124.18,7.75],[124.18,7.8],[124.18,7.85],[124.19,7.9],[124.19,7.95],[124.2,8],[124.2,8.05],[124.2,8.05],[124.21,8.1],[124.21,8.15],[124.22,8.2],[124.22,8.25],[124.23,8.3],[124.24,8.35],[124.25,8.4],[124.25,8.42],[124.26,8.45],[124.26,8.5],[124.27,8.55],[124.28,8.6],[124.29,8.65],[124.3,8.7],[124.3,8.71],[124.31,8.75],[124.32,8.8],[124.33,8.85],[124.34,8.9],[124.35,8.95],[124.35,8.96],[124.36,9],[124.37,9.05],[124.38,9.1],[124.4,9.15],[124.4,9.16],[124.41,9.2],[124.43,9.25],[124.44,9.3],[124.45,9.33],[124.46,9.35],[124.48,9.4],[124.5,9.45],[124.5,9.46]]}},{"type":"Feature","properties":{"zone":"hal","depth_km":300},"geometry":{"type":"LineString","coordinates":[[121.6,0.05],[121.6,0.05],[121.62,0.1],[121.64,0.15],[121.65,0.18],[121.66,0.2],[121.69,0.25],[121.7,0.26],[121.73,0.3],[121.75,0.32],[121.77,0.35],[121.8,0.38],[121.82,0.4],[121.85,0.43],[121.87,0.45],[121.9,0.48],[121.93,0.5],[121.95,0.52],[121.99,0.55],[122,0.56],[122.05,0.59],[122.06,0.6],[122.1,0.63],[122.13,0.65],[122.15,0.66],[122.2,0.7],[122.21,0.7],[122.25,0.73],[122.28,0.75],[122.3,0.76],[122.35,0.8],[122.35,0.8],[122.4,0.83],[122.42,0.85],[122.45,0.87],[122.49,0.9],[122.5,0.91],[122.55,0.95],[122.56,0.95],[122.6,0.99],[122.62,1],[122.65,1.03],[122.68,1.05],[122.7,1.07],[122.74,1.1],[122.75,1.11],[122.79,1.15],[122.8,1.16],[122.85,1.2],[122.85,1.2],[122.9,1.25],[122.9,1.25],[122.95,1.29],[122.96,1.3],[123,1.34],[123.01,1.35],[123.05,1.38],[123.07,1.4],[123.1,1.43],[123.13,1.45],[123.15,1.47],[123.18,1.5],[123.2,1.51],[123.24,1.55],[123.25,1.56],[123.3,1.6],[123.3,1.6],[123.35,1.65],[123.35,1.65],[123.4,1.69],[123.41,1.7],[123.45,1.74],[123.46,1.75],[123.5,1.8],[123.5,1.8],[123.55,1.85],[123.55,1.85],[123.59,1.9],[123.6,1.92],[123.62,1.95],[123.65,1.99],[123.66,2],[123.69,2.05],[123.7,2.07],[123.72,2.1],[123.74,2.15],[123.75,2.16],[123.77,2.2],[123.79,2.25],[123.8,2.26],[123.82,2.3],[123.84,2.35],[123.85,2.38],[123.86,2.4],[123.88,2.45],[123.9,2.5],[123.9,2.51],[123.91,2.55],[123.93,2.6],[123.95,2.65],[123.95,2.66],[123.96,2.7],[123.98,2.75],[123.99,2.8],[124,2.83],[124,2.85],[124.02,2.9],[124.03,2.95],[124.05,3],[124.05,3.02],[124.06,3.05],[124.07,3.1],[124.08,3.15],[124.1,3.2],[124.1,3.21],[124.11,3.25],[124.12,3.3],[124.13,3.35],[124.15,3.4],[124.15,3.42],[124.16,3.45],[124.17,3.5],[124.18,3.55],[124.19,3.6],[124.2,3.64],[124.2,3.65],[124.21,3.7],[124.22,3.75],[124.23,3.8],[124.24,3.85],[124.25,3.88],[124.25,3.9],[124.26,3.95],[124.27,4],[124.29,4.05],[124.3,4.1],[124.3,4.12],[124.31,4.15],[124.32,4.2],[124.33,4.25],[124.34,4.3],[124.35,4.34],[124.35,4.35],[124.37,4.4],[124.38,4.45],[124.39,4.5],[124.4,4.53],[124.4,4.55],[124.42,4.6],[124.43,4.65],[124.45,4.7],[124.45,4.71],[124.46,4.75],[124.48,4.8],[124.49,4.85],[124.5,4.88],[124.5,4.9],[124.52,4.95],[124.53,5],[124.55,5.05],[124.55,5.05],[124.56,5.1],[124.58,5.15],[124.59,5.2],[124.6,5.23],[124.6,5.25],[124.62,5.3],[124.63,5.35],[124.64,5.4],[124.65,5.44],[124.65,5.45],[124.66,5.5],[124.67,5.55],[124.68,5.6],[124.69,5.65],[124.7,5.7],[124.7,5.71],[124.71,5.75],[124.71,5.8],[124.72,5.85],[124.73,5.9],[124.73,5.95],[124.74,6],[124.74,6.05],[124.75,6.1],[124.75,6.12],[124.75,6.15],[124.76,6.2],[124.76,6.25],[124.76,6.3],[124.76,6.35],[124.76,6.4],[124.76,6.45],[124.75,6.5],[124.75,6.55],[124.75,6.56],[124.75,6.6],[124.74,6.65],[124.73,6.7],[124.73,6.75],[124.72,6.8],[124.71,6.85],[124.7,6.9],[124.7,6.9],[124.69,6.95],[124.68,7],[124.67,7.05],[124.66,7.1],[124.65,7.15],[124.65,7.15],[124.64,7.2],[124.63,7.25],[124.62,7.3],[124.61,7.35],[124.6,7.4],[124.6,7.4],[124.59,7.45],[124.59,7.5],[124.58,7.55],[124.57,7.6],[124.57,7.65],[124.57,7.7],[124.57,7.75],[124.57,7.8],[124.57,7.85],[124.57,7.9],[124.58,7.95],[124.58,8],[124.59,8.05],[124.6,8.1],[124.6,8.1],[124.61,8.15],[124.62,8.2],[124.63,8.25],[124.65,8.3],[124.65,8.31],[124.66,8.35],[124.68,8.4],[124.69,8.45],[124.7,8.47]]}},{"type":"Feature","properties":{"zone":"hal","depth_km":200},"geometry":{"type":"LineString","coordinates":[[125.03,7.85],[125.02,7.8],[125.02,7.75],[125.02,7.7],[125.02,7.65],[125.02,7.6],[125.03,7.55],[125.03,7.5],[125.04,7.45],[125.05,7.4],[125.05,7.38],[125.06,7.35],[125.06,7.3],[125.07,7.25],[125.08,7.2],[125.09,7.15],[125.1,7.11],[125.1,7.1],[125.11,7.05],[125.12,7],[125.13,6.95],[125.14,6.9],[125.15,6.85],[125.15,6.85],[125.16,6.8],[125.17,6.75],[125.18,6.7],[125.19,6.65],[125.2,6.6],[125.2,6.59],[125.21,6.55],[125.22,6.5],[125.22,6.45],[125.23,6.4],[125.24,6.35],[125.24,6.3],[125.25,6.25],[125.25,6.25],[125.26,6.2],[125.26,6.15],[125.26,6.1],[125.26,6.05],[125.27,6],[125.27,5.95],[125.27,5.9],[125.26,5.85],[125.26,5.8],[125.26,5.75],[125.26,5.7],[125.25,5.65],[125.25,5.64],[125.25,5.6],[125.24,5.55],[125.23,5.5],[125.22,5.45],[125.21,5.4],[125.21,5.35],[125.2,5.32],[125.2,5.3],[125.18,5.25],[125.17,5.2],[125.16,5.15],[125.15,5.11],[125.15,5.1],[125.14,5.05],[125.12,5],[125.11,4.95],[125.1,4.91],[125.1,4.9],[125.08,4.85],[125.07,4.8],[125.06,4.75],[125.05,4.73],[125.04,4.7],[125.03,4.65],[125.02,4.6],[125.01,4.55],[125,4.53],[124.99,4.5],[124.98,4.45],[124.97,4.4],[124.96,4.35],[124.95,4.3],[124.95,4.29],[124.94,4.25],[124.93,4.2],[124.93,4.15],[124.92,4.1],[124.91,4.05],[124.9,4],[124.9,3.97],[124.9,3.95],[124.89,3.9],[124.88,3.85],[124.87,3.8],[124.87,3.75],[124.86,3.7],[124.85,3.65],[124.85,3.65],[124.84,3.6],[124.83,3.55],[124.82,3.5],[124.81,3.45],[124.8,3.4],[124.8,3.38],[124.79,3.35],[124.78,3.3],[124.78,3.25],[124.77,3.2],[124.76,3.15],[124.75,3.12],[124.75,3.1],[124.73,3.05],[124.72,3],[124.71,2.95],[124.7,2.9],[124.7,2.89],[124.69,2.85],[124.68,2.8],[124.67,2.75],[124.66,2.7],[124.65,2.67],[124.64,2.65],[124.63,2.6],[124.62,2.55],[124.6,2.5],[124.6,2.49],[124.59,2.45],[124.58,2.4],[124.56,2.35],[124.55,2.32],[124.54,2.3],[124.53,2.25],[124.51,2.2],[124.5,2.17],[124.49,2.15],[124.47,2.1],[124.45,2.05],[124.45,2.04],[124.44,2],[124.41,1.95],[124.4,1.92],[124.39,1.9],[124.37,1.85],[124.35,1.8],[124.35,1.8],[124.33,1.75],[124.3,1.7],[124.3,1.7],[124.28,1.65],[124.25,1.6],[124.25,1.6],[124.22,1.55],[124.2,1.51],[124.2,1.5],[124.17,1.45],[124.15,1.42],[124.14,1.4],[124.1,1.35],[124.1,1.34],[124.07,1.3],[124.05,1.27],[124.03,1.25],[124,1.21],[123.99,1.2],[123.95,1.15],[123.95,1.15],[123.9,1.1],[123.9,1.1],[123.85,1.05],[123.85,1.05],[123.8,1],[123.8,1],[123.75,0.96],[123.74,0.95],[123.7,0.92],[123.68,0.9],[123.65,0.88],[123.61,0.85],[123.6,0.84],[123.55,0.81],[123.54,0.8],[123.5,0.78],[123.46,0.75],[123.45,0.75],[123.4,0.71],[123.38,0.7],[123.35,0.68],[123.3,0.66],[123.29,0.65],[123.25,0.63],[123.21,0.6],[123.2,0.6],[123.15,0.57],[123.12,0.55],[123.1,0.54],[123.05,0.51],[123.04,0.5],[123,0.48],[122.96,0.45],[122.95,0.44],[122.9,0.41],[122.89,0.4],[122.85,0.37],[122.82,0.35],[122.8,0.34],[122.75,0.3],[122.75,0.3],[122.7,0.26],[122.69,0.25],[122.65,0.21],[122.64,0.2],[122.6,0.16],[122.59,0.15],[122.56,0.1],[122.55,0.09],[122.52,0.05],[122.5,0],[122.5,0],[122.48,-0.05],[122.47,-0.1],[122.47,-0.15],[122.47,-0.2],[122.47,-0.25],[122.49,-0.3],[122.5,-0.34],[122.5,-0.35]]}},{"type":"Feature","properties":{"zone":"hal","depth_km":200},"geometry":{"type":"LineString","coordinates":[[128.01,-0.1],[128.02,-0.05],[128.02,0],[128.02,0.05],[128.03,0.1],[128.03,0.15],[128.03,0.2],[128.03,0.25],[128.04,0.3],[128.04,0.35],[128.04,0.4],[128.04,0.45],[128.04,0.5],[128.05,0.55],[128.05,0.6],[128.05,0.65],[128.05,0.65],[128.05,0.7],[128.06,0.75],[128.06,0.8],[128.06,0.85],[128.07,0.9],[128.07,0.95],[128.08,1],[128.09,1.05],[128.1,1.1],[128.1,1.12],[128.11,1.15],[128.12,1.2],[128.13,1.25],[128.15,1.3],[128.15,1.3],[128.17,1.35],[128.19,1.4],[128.2,1.43],[128.21,1.45],[128.23,1.5],[128.25,1.55],[128.25,1.55],[128.27,1.6],[128.29,1.65],[128.3,1.66],[128.32,1.7],[128.34,1.75],[128.35,1.77],[128.36,1.8],[128.38,1.85],[128.4,1.88],[128.41,1.9],[128.43,1.95],[128.45,2],[128.45,2],[128.47,2.05],[128.5,2.1],[128.5,2.11],[128.52,2.15],[128.54,2.2],[128.55,2.22],[128.57,2.25],[128.59,2.3],[128.6,2.32],[128.61,2.35],[128.64,2.4],[128.65,2.43],[128.66,2.45],[128.69,2.5],[128.7,2.52],[128.71,2.55],[128.74,2.6],[128.75,2.62],[128.77,2.65],[128.79,2.7],[128.8,2.71],[128.82,2.75],[128.85,2.8],[128.85,2.81],[128.87,2.85],[128.9,2.9],[128.9,2.9],[128.93,2.95],[128.95,2.99],[128.96,3],[128.98,3.05],[129,3.08],[129.01,3.1],[129.03,3.15],[129.05,3.18],[129.06,3.2],[129.08,3.25],[129.1,3.29],[129.1,3.3],[129.13,3.35],[129.15,3.4],[129.15,3.4],[129.17,3.45],[129.19,3.5],[129.2,3.53],[129.21,3.55],[129.23,3.6],[129.24,3.65],[129.25,3.66]]}},{"type":"Feature","properties":{"zone":"hal","depth_km":200},"geometry":{"type":"LineString","coordinates":[[127.99,-0.3],[128,-0.25],[128,-0.21]]}},{"type":"Feature","properties":{"zone":"hal","depth_km":100},"geometry":{"type":"LineString","coordinates":[[123.83,-0.85],[123.82,-0.8],[123.8,-0.75],[123.8,-0.75],[123.77,-0.7],[123.75,-0.66],[123.74,-0.65],[123.72,-0.6],[123.7,-0.57],[123.69,-0.55],[123.66,-0.5],[123.65,-0.47],[123.64,-0.45],[123.63,-0.4],[123.62,-0.35],[123.61,-0.3],[123.62,-0.25],[123.63,-0.2],[123.65,-0.15],[123.65,-0.14],[123.67,-0.1],[123.7,-0.06],[123.71,-0.05],[123.75,0],[123.75,0],[123.8,0.05],[123.8,0.05],[123.85,0.09],[123.86,0.1],[123.9,0.13],[123.93,0.15],[123.95,0.17],[123.99,0.2],[124,0.2],[124.05,0.24],[124.06,0.25],[124.1,0.28],[124.13,0.3],[124.15,0.32],[124.19,0.35],[124.2,0.35],[124.25,0.39],[124.26,0.4],[124.3,0.44],[124.32,0.45],[124.35,0.48],[124.37,0.5],[124.4,0.52],[124.43,0.55],[124.45,0.57],[124.48,0.6],[124.5,0.62],[124.52,0.65],[124.55,0.68],[124.57,0.7],[124.6,0.74],[124.61,0.75],[124.65,0.8],[124.65,0.8],[124.69,0.85],[124.7,0.86],[124.73,0.9],[124.75,0.93],[124.77,0.95],[124.8,0.99],[124.8,1],[124.84,1.05],[124.85,1.06],[124.88,1.1],[124.9,1.13],[124.92,1.15],[124.95,1.19],[124.96,1.2],[125,1.25],[125,1.26],[125.04,1.3],[125.05,1.32],[125.08,1.35],[125.1,1.38],[125.12,1.4],[125.15,1.44],[125.16,1.45],[125.2,1.5],[125.2,1.51],[125.23,1.55],[125.25,1.57],[125.27,1.6],[125.3,1.65],[125.3,1.65],[125.33,1.7],[125.35,1.73],[125.36,1.75],[125.39,1.8],[125.4,1.83],[125.41,1.85],[125.43,1.9],[125.45,1.95],[125.45,1.96],[125.46,2],[125.48,2.05],[125.49,2.1],[125.5,2.15],[125.5,2.15],[125.51,2.2],[125.52,2.25],[125.53,2.3],[125.53,2.35],[125.54,2.4],[125.55,2.45],[125.55,2.48],[125.55,2.5],[125.56,2.55],[125.56,2.6],[125.57,2.65],[125.57,2.7],[125.58,2.75],[125.58,2.8],[125.59,2.85],[125.59,2.9],[125.6,2.95],[125.6,2.96],[125.6,3],[125.61,3.05],[125.62,3.1],[125.62,3.15],[125.63,3.2],[125.63,3.25],[125.64,3.3],[125.65,3.35],[125.65,3.39],[125.65,3.4],[125.66,3.45],[125.67,3.5],[125.67,3.55],[125.68,3.6],[125.68,3.65],[125.69,3.7],[125.7,3.75],[125.7,3.77],[125.7,3.8],[125.71,3.85],[125.72,3.9],[125.72,3.95],[125.73,4],[125.73,4.05],[125.74,4.1],[125.74,4.15],[125.75,4.2],[125.75,4.21],[125.75,4.25],[125.76,4.3],[125.76,4.35],[125.77,4.4],[125.77,4.45],[125.78,4.5],[125.79,4.55],[125.79,4.6],[125.8,4.65],[125.8,4.69],[125.8,4.7],[125.81,4.75],[125.81,4.8],[125.82,4.85],[125.82,4.9],[125.83,4.95],[125.84,5],[125.84,5.05],[125.85,5.1],[125.85,5.13],[125.85,5.15],[125.86,5.2],[125.86,5.25],[125.87,5.3],[125.87,5.35],[125.87,5.4],[125.87,5.45],[125.88,5.5],[125.88,5.55],[125.88,5.6],[125.88,5.65],[125.87,5.7],[125.87,5.75],[125.87,5.8],[125.86,5.85],[125.86,5.9],[125.85,5.95],[125.85,5.97],[125.85,6],[125.84,6.05],[125.83,6.1],[125.82,6.15],[125.81,6.2],[125.8,6.24],[125.8,6.25],[125.79,6.3],[125.78,6.35],[125.76,6.4],[125.75,6.45],[125.75,6.46],[125.74,6.5],[125.73,6.55],[125.72,6.6],[125.71,6.65],[125.7,6.7],[125.7,6.72],[125.7,6.75],[125.69,6.8],[125.68,6.85],[125.68,6.9],[125.68,6.95],[125.68,7],[125.68,7.05],[125.68,7.1],[125.69,7.15],[125.7,7.2],[125.7,7.23],[125.7,7.25],[125.72,7.3],[125.73,7.35],[125.74,7.4],[125.75,7.42],[125.76,7.45],[125.79,7.5],[125.8,7.52],[125.82,7.55],[125.85,7.6],[125.85,7.6]]}},{"type":"Feature","properties":{"zone":"hal","depth_km":100},"geometry":{"type":"LineString","coordinates":[[126.97,-0.85],[127,-0.83],[127.04,-0.8],[127.05,-0.79],[127.1,-0.75],[127.1,-0.75],[127.14,-0.7],[127.15,-0.69],[127.18,-0.65],[127.2,-0.62],[127.21,-0.6],[127.24,-0.55],[127.25,-0.53],[127.26,-0.5],[127.28,-0.45],[127.3,-0.4],[127.3,-0.4],[127.32,-0.35],[127.33,-0.3],[127.34,-0.25],[127.35,-0.22],[127.35,-0.2],[127.36,-0.15],[127.37,-0.1],[127.38,-0.05],[127.38,0],[127.39,0.05],[127.39,0.1],[127.39,0.15],[127.39,0.2],[127.39,0.25],[127.39,0.3],[127.38,0.35],[127.38,0.4],[127.38,0.45],[127.37,0.5],[127.37,0.55],[127.37,0.6],[127.36,0.65],[127.36,0.7],[127.36,0.75],[127.36,0.8],[127.35,0.85],[127.35,0.9],[127.36,0.95],[127.36,1],[127.36,1.05],[127.37,1.1],[127.37,1.15],[127.38,1.2],[127.39,1.25],[127.4,1.29],[127.4,1.3],[127.42,1.35],[127.43,1.4],[127.45,1.45],[127.45,1.45],[127.47,1.5],[127.49,1.55],[127.5,1.58],[127.51,1.6],[127.53,1.65],[127.55,1.68],[127.56,1.7],[127.59,1.75],[127.6,1.78],[127.61,1.8],[127.64,1.85],[127.65,1.86],[127.67,1.9],[127.7,1.94],[127.7,1.95],[127.74,2],[127.75,2.02],[127.77,2.05],[127.8,2.1],[127.8,2.1],[127.83,2.15],[127.85,2.19],[127.86,2.2],[127.89,2.25],[127.9,2.27],[127.91,2.3],[127.94,2.35],[127.95,2.37],[127.97,2.4],[127.99,2.45],[128,2.47],[128.01,2.5],[128.04,2.55],[128.05,2.58],[128.06,2.6],[128.08,2.65],[128.1,2.7],[128.1,2.71],[128.11,2.75],[128.13,2.8],[128.15,2.85],[128.15,2.85],[128.17,2.9],[128.18,2.95],[128.2,3],[128.2,3.01],[128.21,3.05],[128.23,3.1],[128.24,3.15],[128.25,3.19],[128.25,3.2],[128.27,3.25],[128.28,3.3],[128.29,3.35],[128.3,3.37],[128.31,3.4],[128.32,3.45],[128.34,3.5],[128.35,3.55],[128.35,3.55],[128.36,3.6],[128.38,3.65],[128.39,3.7],[128.4,3.72],[128.41,3.75],[128.42,3.8],[128.44,3.85],[128.45,3.9],[128.45,3.9],[128.46,3.95],[128.48,4],[128.49,4.05],[128.5,4.1],[128.5,4.12],[128.51,4.15],[128.51,4.2]]}},{"type":"Feature","properties":{"zone":"hal","depth_km":40},"geometry":{"type":"LineString","coordinates":[[127.2,4.9],[127.23,4.85],[127.25,4.81],[127.25,4.8],[127.28,4.75],[127.3,4.7],[127.3,4.7],[127.32,4.65],[127.34,4.6],[127.35,4.58],[127.36,4.55],[127.38,4.5],[127.39,4.45],[127.4,4.43],[127.41,4.4],[127.42,4.35],[127.43,4.3],[127.44,4.25],[127.45,4.2],[127.45,4.16],[127.45,4.15],[127.45,4.1],[127.46,4.05],[127.46,4],[127.46,3.95],[127.46,3.9],[127.45,3.85],[127.45,3.8],[127.45,3.78],[127.45,3.75],[127.44,3.7],[127.44,3.65],[127.43,3.6],[127.43,3.55],[127.42,3.5],[127.41,3.45],[127.4,3.4],[127.4,3.39],[127.39,3.35],[127.38,3.3],[127.37,3.25],[127.35,3.2],[127.35,3.19],[127.34,3.15],[127.32,3.1],[127.3,3.05],[127.3,3.04],[127.29,3],[127.27,2.95],[127.25,2.91],[127.24,2.9],[127.22,2.85],[127.2,2.8],[127.2,2.8],[127.17,2.75],[127.15,2.71],[127.14,2.7],[127.11,2.65],[127.1,2.63],[127.08,2.6],[127.05,2.55],[127.05,2.55],[127.01,2.5],[127,2.48],[126.97,2.45],[126.95,2.42],[126.93,2.4],[126.9,2.36],[126.89,2.35],[126.85,2.31],[126.83,2.3],[126.8,2.27],[126.77,2.25],[126.75,2.24],[126.7,2.21],[126.65,2.21],[126.6,2.24],[126.59,2.25],[126.57,2.3],[126.55,2.34],[126.55,2.35],[126.54,2.4],[126.53,2.45],[126.52,2.5],[126.52,2.55],[126.51,2.6],[126.51,2.65],[126.51,2.7],[126.5,2.75],[126.5,2.8],[126.5,2.85],[126.5,2.88],[126.5,2.9],[126.5,2.95],[126.5,3],[126.5,3.05],[126.5,3.1],[126.5,3.15],[126.5,3.2],[126.5,3.21],[126.5,3.25],[126.5,3.3],[126.51,3.35],[126.51,3.4],[126.52,3.45],[126.52,3.5],[126.53,3.55],[126.54,3.6],[126.55,3.65],[126.55,3.66],[126.56,3.7],[126.57,3.75],[126.58,3.8],[126.59,3.85],[126.6,3.9],[126.6,3.91],[126.61,3.95],[126.62,4],[126.63,4.05],[126.64,4.1],[126.65,4.15],[126.65,4.18],[126.65,4.2],[126.66,4.25],[126.67,4.3],[126.68,4.35],[126.69,4.4],[126.69,4.45],[126.7,4.5],[126.7,4.5],[126.71,4.55],[126.72,4.6],[126.73,4.65],[126.74,4.7],[126.75,4.74],[126.75,4.75],[126.77,4.8],[126.78,4.85],[126.8,4.9],[126.8,4.9],[126.82,4.95],[126.84,5],[126.85,5.01],[126.88,5.05],[126.9,5.08]]}},{"type":"Feature","properties":{"zone":"hal","depth_km":40},"geometry":{"type":"LineString","coordinates":[[126.1,0.87],[126.15,0.88],[126.2,0.87],[126.22,0.85],[126.25,0.82],[126.26,0.8],[126.28,0.75],[126.3,0.7],[126.3,0.69],[126.31,0.65],[126.31,0.6],[126.32,0.55],[126.32,0.5],[126.32,0.45],[126.32,0.4],[126.32,0.35],[126.31,0.3],[126.3,0.25],[126.3,0.24],[126.29,0.2],[126.28,0.15],[126.26,0.1],[126.25,0.08],[126.24,0.05],[126.21,0],[126.2,-0.01],[126.17,-0.05],[126.15,-0.08],[126.13,-0.1],[126.1,-0.13],[126.07,-0.15],[126.05,-0.16],[126,-0.19],[125.99,-0.2],[125.95,-0.22],[125.9,-0.24],[125.87,-0.25],[125.85,-0.26],[125.8,-0.27],[125.75,-0.28],[125.7,-0.29],[125.65,-0.29],[125.6,-0.29],[125.55,-0.29],[125.5,-0.29],[125.45,-0.28],[125.4,-0.26],[125.36,-0.25],[125.35,-0.25],[125.3,-0.21],[125.28,-0.2],[125.25,-0.16],[125.25,-0.15],[125.23,-0.1],[125.24,-0.05],[125.25,0],[125.25,0],[125.27,0.05],[125.3,0.1],[125.3,0.1],[125.34,0.15],[125.35,0.17],[125.37,0.2],[125.4,0.24],[125.41,0.25],[125.45,0.3],[125.45,0.3],[125.49,0.35],[125.5,0.36],[125.54,0.4],[125.55,0.41],[125.58,0.45],[125.6,0.47],[125.63,0.5],[125.65,0.52],[125.68,0.55],[125.7,0.57],[125.73,0.6],[125.75,0.62],[125.78,0.65],[125.8,0.66],[125.84,0.7],[125.85,0.71],[125.9,0.75],[125.9,0.75],[125.95,0.79],[125.97,0.8],[126,0.82],[126.05,0.85],[126.05,0.85],[126.1,0.87]]}},{"type":"Feature","properties":{"zone":"pam","depth_km":200},"geometry":{"type":"LineString","coordinates":[[71.93,36.7],[71.94,36.7],[71.96,36.72],[71.97,36.72],[71.98,36.73],[72,36.74],[72,36.74],[72.02,36.76],[72.03,36.76],[72.04,36.77],[72.06,36.78],[72.06,36.78],[72.08,36.8],[72.08,36.8],[72.1,36.81],[72.11,36.82],[72.12,36.83],[72.14,36.84],[72.14,36.84],[72.16,36.86],[72.16,36.86],[72.18,36.87],[72.19,36.88],[72.2,36.89],[72.21,36.9],[72.22,36.91],[72.24,36.92],[72.24,36.92],[72.26,36.94],[72.26,36.94],[72.28,36.96],[72.29,36.96],[72.3,36.97],[72.31,36.98],[72.32,36.99],[72.33,37],[72.34,37],[72.36,37.02],[72.36,37.02],[72.38,37.04],[72.39,37.04],[72.4,37.05],[72.41,37.06],[72.42,37.07],[72.44,37.08],[72.44,37.08],[72.46,37.1],[72.46,37.1],[72.48,37.11],[72.49,37.12],[72.5,37.13],[72.52,37.14],[72.52,37.14],[72.54,37.16],[72.55,37.16],[72.56,37.17],[72.57,37.18],[72.58,37.18],[72.6,37.2],[72.6,37.2],[72.62,37.21],[72.63,37.22],[72.64,37.22],[72.66,37.24],[72.67,37.24],[72.68,37.25],[72.7,37.26],[72.7,37.26],[72.72,37.27],[72.73,37.28],[72.74,37.29],[72.76,37.3],[72.76,37.3],[72.78,37.31],[72.8,37.32],[72.8,37.32],[72.82,37.33],[72.83,37.34],[72.84,37.34],[72.86,37.35],[72.87,37.36],[72.88,37.37],[72.9,37.38],[72.91,37.38],[72.92,37.39],[72.94,37.4],[72.95,37.4],[72.96,37.41],[72.98,37.42],[72.99,37.42],[73,37.43],[73.02,37.44],[73.03,37.44],[73.04,37.45],[73.06,37.45],[73.07,37.46],[73.08,37.46],[73.1,37.47],[73.12,37.48],[73.12,37.48],[73.14,37.49],[73.16,37.5],[73.17,37.5],[73.18,37.51],[73.2,37.51],[73.22,37.52],[73.22,37.52],[73.24,37.53],[73.26,37.54],[73.27,37.54],[73.28,37.54],[73.3,37.55],[73.32,37.56],[73.33,37.56],[73.34,37.56],[73.36,37.57],[73.38,37.58],[73.39,37.58],[73.4,37.58],[73.42,37.59],[73.44,37.59],[73.46,37.6],[73.46,37.6],[73.48,37.6],[73.5,37.61],[73.52,37.61],[73.54,37.62],[73.54,37.62],[73.56,37.62],[73.58,37.63],[73.6,37.63],[73.62,37.64],[73.63,37.64],[73.64,37.64],[73.66,37.65],[73.68,37.65],[73.7,37.65],[73.72,37.66],[73.74,37.66],[73.75,37.66],[73.76,37.66],[73.78,37.66],[73.8,37.67],[73.82,37.67],[73.84,37.67],[73.86,37.67],[73.88,37.68],[73.9,37.68],[73.92,37.68],[73.92,37.68],[73.94,37.68],[73.96,37.68],[73.98,37.68],[74,37.69],[74.02,37.69],[74.04,37.69],[74.06,37.69],[74.08,37.69],[74.1,37.69],[74.12,37.69],[74.14,37.69],[74.16,37.69],[74.18,37.69],[74.2,37.69],[74.22,37.69],[74.24,37.69],[74.26,37.69],[74.28,37.69],[74.3,37.69],[74.32,37.69],[74.34,37.69],[74.36,37.69],[74.38,37.69],[74.4,37.69],[74.42,37.69],[74.44,37.69],[74.46,37.69],[74.48,37.69],[74.5,37.69],[74.52,37.69],[74.54,37.69]]}},{"type":"Feature","properties":{"zone":"pam","depth_km":100},"geometry":{"type":"LineString","coordinates":[[70.96,37.49],[70.98,37.48],[70.98,37.48],[71,37.47],[71.02,37.47],[71.04,37.46],[71.04,37.46],[71.06,37.46],[71.08,37.45],[71.1,37.44],[71.11,37.44],[71.12,37.44],[71.14,37.43],[71.16,37.43],[71.18,37.42],[71.19,37.42],[71.2,37.42],[71.22,37.41],[71.24,37.41],[71.26,37.4],[71.27,37.4],[71.28,37.4],[71.3,37.39],[71.32,37.39],[71.34,37.38],[71.36,37.38],[71.36,37.38],[71.38,37.38],[71.4,37.37],[71.42,37.37],[71.44,37.37],[71.46,37.37],[71.48,37.36],[71.5,37.36],[71.52,37.36],[71.54,37.36],[71.56,37.36],[71.58,37.36],[71.6,37.36],[71.62,37.36],[71.64,37.37],[71.66,37.37],[71.68,37.37],[71.7,37.37],[71.72,37.38],[71.73,37.38],[71.74,37.38],[71.76,37.39],[71.78,37.39],[71.8,37.4],[71.81,37.4],[71.82,37.4],[71.84,37.41],[71.86,37.42],[71.87,37.42],[71.88,37.42],[71.9,37.43],[71.92,37.44],[71.92,37.44],[71.94,37.45],[71.96,37.46],[71.96,37.46],[71.98,37.47],[72,37.48],[72,37.48],[72.02,37.49],[72.04,37.5],[72.04,37.5],[72.06,37.51],[72.08,37.52],[72.08,37.52],[72.1,37.53],[72.12,37.54],[72.12,37.54],[72.14,37.55],[72.15,37.56],[72.16,37.56],[72.18,37.58],[72.19,37.58],[72.2,37.59],[72.22,37.6],[72.22,37.6],[72.24,37.61],[72.26,37.62],[72.26,37.62],[72.28,37.63],[72.29,37.64],[72.3,37.65],[72.32,37.66],[72.32,37.66],[72.34,37.67],[72.36,37.68],[72.36,37.68],[72.38,37.69],[72.39,37.7],[72.4,37.71],[72.42,37.72],[72.42,37.72],[72.44,37.73],[72.46,37.74],[72.46,37.74],[72.48,37.75],[72.49,37.76],[72.5,37.76],[72.52,37.78],[72.53,37.78],[72.54,37.79],[72.56,37.8],[72.56,37.8],[72.58,37.81],[72.6,37.82],[72.6,37.82],[72.62,37.83],[72.64,37.84],[72.64,37.84],[72.66,37.85],[72.68,37.86],[72.68,37.86],[72.7,37.87],[72.72,37.88],[72.72,37.88],[72.74,37.89],[72.76,37.9],[72.76,37.9],[72.78,37.91],[72.8,37.92],[72.8,37.92],[72.82,37.93],[72.84,37.94],[72.84,37.94],[72.86,37.95],[72.88,37.96],[72.89,37.96],[72.9,37.97],[72.92,37.97],[72.93,37.98],[72.94,37.98],[72.96,37.99],[72.98,38],[72.98,38],[73,38.01],[73.02,38.02],[73.03,38.02],[73.04,38.02],[73.06,38.03],[73.08,38.04],[73.08,38.04],[73.1,38.05],[73.12,38.06],[73.13,38.06],[73.14,38.06],[73.16,38.07],[73.18,38.08],[73.19,38.08],[73.2,38.09],[73.22,38.09],[73.24,38.1],[73.24,38.1],[73.26,38.11],[73.28,38.11],[73.3,38.12],[73.3,38.12],[73.32,38.13],[73.34,38.13],[73.36,38.14],[73.36,38.14],[73.38,38.15],[73.4,38.15],[73.42,38.16],[73.42,38.16],[73.44,38.17],[73.46,38.17],[73.48,38.18],[73.48,38.18],[73.5,38.18],[73.52,38.19],[73.54,38.2],[73.55,38.2],[73.56,38.2],[73.58,38.21],[73.6,38.21],[73.62,38.22],[73.62,38.22],[73.64,38.23],[73.66,38.23],[73.68,38.24],[73.69,38.24],[73.7,38.24],[73.72,38.25],[73.74,38.26],[73.76,38.26],[73.76,38.26],[73.78,38.27],[73.8,38.27],[73.82,38.28],[73.83,38.28],[73.84,38.28],[73.86,38.29],[73.88,38.29],[73.9,38.3],[73.9,38.3],[73.92,38.31],[73.94,38.31],[73.96,38.32],[73.98,38.32],[73.98,38.32],[74,38.33],[74.02,38.33],[74.04,38.34],[74.06,38.34],[74.06,38.34],[74.08,38.34],[74.1,38.35],[74.12,38.35],[74.14,38.36],[74.16,38.36],[74.17,38.36],[74.18,38.36],[74.2,38.36],[74.22,38.37],[74.24,38.37],[74.26,38.37],[74.28,38.37],[74.3,38.37],[74.32,38.37],[74.34,38.37],[74.36,38.37],[74.38,38.37],[74.4,38.37],[74.42,38.37],[74.44,38.37],[74.46,38.36],[74.48,38.36],[74.48,38.36],[74.5,38.36],[74.52,38.35],[74.54,38.35],[74.56,38.34],[74.58,38.34],[74.58,38.34],[74.6,38.33],[74.62,38.33],[74.64,38.32],[74.65,38.32],[74.66,38.32],[74.68,38.31],[74.7,38.31],[74.72,38.3],[74.72,38.3],[74.74,38.29],[74.76,38.29],[74.77,38.28],[74.78,38.28],[74.8,38.27],[74.82,38.26],[74.83,38.26],[74.84,38.26],[74.86,38.25],[74.88,38.24],[74.89,38.24],[74.9,38.24],[74.92,38.23],[74.94,38.22],[74.95,38.22],[74.96,38.22],[74.98,38.21],[75,38.2],[75.01,38.2],[75.02,38.2],[75.04,38.19],[75.06,38.19],[75.08,38.18],[75.08,38.18],[75.1,38.17],[75.12,38.17],[75.14,38.16],[75.15,38.16],[75.16,38.16],[75.18,38.15],[75.2,38.15],[75.22,38.14],[75.24,38.14],[75.24,38.14],[75.26,38.14],[75.28,38.13],[75.3,38.13],[75.32,38.13],[75.34,38.12],[75.35,38.12],[75.36,38.12],[75.38,38.12],[75.4,38.11],[75.42,38.11],[75.44,38.11],[75.46,38.11],[75.48,38.1],[75.5,38.1],[75.51,38.1],[75.52,38.1],[75.54,38.1],[75.56,38.1],[75.58,38.1],[75.6,38.09],[75.62,38.09],[75.64,38.09],[75.66,38.09],[75.68,38.09],[75.7,38.09],[75.72,38.09],[75.74,38.09],[75.76,38.09],[75.78,38.1],[75.8,38.1],[75.82,38.1],[75.82,38.1],[75.84,38.1],[75.86,38.1],[75.88,38.11],[75.9,38.11],[75.92,38.11],[75.94,38.12],[75.95,38.12],[75.96,38.12],[75.98,38.13]]}},{"type":"Feature","properties":{"zone":"pam","depth_km":40},"geometry":{"type":"LineString","coordinates":[[70.88,38.42],[70.9,38.4],[70.9,38.4],[70.92,38.38],[70.92,38.38],[70.94,38.36],[70.94,38.36],[70.96,38.35],[70.97,38.34],[70.98,38.33],[71,38.32],[71,38.32],[71.02,38.31],[71.03,38.3],[71.04,38.3],[71.06,38.28],[71.07,38.28],[71.08,38.27],[71.1,38.26],[71.11,38.26],[71.12,38.26],[71.14,38.25],[71.16,38.24],[71.16,38.24],[71.18,38.23],[71.2,38.23],[71.22,38.22],[71.22,38.22],[71.24,38.21],[71.26,38.21],[71.28,38.2],[71.28,38.2],[71.3,38.19],[71.32,38.19],[71.34,38.18],[71.36,38.18],[71.36,38.18],[71.38,38.18],[71.4,38.17],[71.42,38.17],[71.44,38.16],[71.46,38.16],[71.46,38.16],[71.48,38.16],[71.5,38.15],[71.52,38.15],[71.54,38.15],[71.56,38.15],[71.58,38.14],[71.6,38.14],[71.62,38.14],[71.64,38.14],[71.66,38.14],[71.68,38.14],[71.7,38.14],[71.72,38.14],[71.74,38.14],[71.76,38.14],[71.78,38.15],[71.8,38.15],[71.82,38.15],[71.84,38.16],[71.86,38.16],[71.86,38.16],[71.88,38.16],[71.9,38.17],[71.92,38.18],[71.94,38.18],[71.94,38.18],[71.96,38.19],[71.98,38.19],[72,38.2],[72,38.2],[72.02,38.21],[72.04,38.21],[72.05,38.22],[72.06,38.22],[72.08,38.23],[72.1,38.24],[72.1,38.24],[72.12,38.25],[72.14,38.26],[72.15,38.26],[72.16,38.26],[72.18,38.27],[72.19,38.28],[72.2,38.28],[72.22,38.29],[72.24,38.3],[72.24,38.3],[72.26,38.31],[72.28,38.32],[72.28,38.32],[72.3,38.33],[72.32,38.34],[72.32,38.34],[72.34,38.35],[72.36,38.36],[72.36,38.36],[72.38,38.37],[72.4,38.38],[72.4,38.38],[72.42,38.39],[72.44,38.4],[72.44,38.4],[72.46,38.41],[72.47,38.42],[72.48,38.42],[72.5,38.44],[72.51,38.44],[72.52,38.45],[72.54,38.46],[72.54,38.46],[72.56,38.47],[72.58,38.48],[72.58,38.48],[72.6,38.49],[72.61,38.5],[72.62,38.51],[72.64,38.52],[72.64,38.52],[72.66,38.53],[72.67,38.54],[72.68,38.55],[72.7,38.56],[72.7,38.56],[72.72,38.58],[72.73,38.58],[72.74,38.59],[72.75,38.6],[72.76,38.6],[72.78,38.62],[72.78,38.62],[72.8,38.63],[72.81,38.64],[72.82,38.65],[72.83,38.66],[72.84,38.67],[72.86,38.68],[72.86,38.68],[72.88,38.7],[72.88,38.7],[72.9,38.71],[72.91,38.72],[72.92,38.73],[72.94,38.74],[72.94,38.74],[72.96,38.76],[72.96,38.76],[72.98,38.77],[72.99,38.78],[73,38.78],[73.02,38.8],[73.02,38.8],[73.04,38.81],[73.06,38.82],[73.06,38.82],[73.08,38.83],[73.1,38.84],[73.1,38.84],[73.12,38.85],[73.14,38.86],[73.15,38.86],[73.16,38.86],[73.18,38.87],[73.2,38.88],[73.22,38.88],[73.22,38.88],[73.24,38.89],[73.26,38.89],[73.28,38.89],[73.3,38.9],[73.31,38.9],[73.32,38.9],[73.34,38.91],[73.36,38.91],[73.38,38.91],[73.4,38.92],[73.42,38.92],[73.43,38.92],[73.44,38.92],[73.46,38.93],[73.48,38.93],[73.5,38.93],[73.52,38.94],[73.54,38.94],[73.54,38.94],[73.56,38.94],[73.58,38.95],[73.6,38.95],[73.62,38.96],[73.64,38.96],[73.64,38.96],[73.66,38.96],[73.68,38.97],[73.7,38.97],[73.72,38.98],[73.74,38.98],[73.74,38.98],[73.76,38.98],[73.78,38.99],[73.8,38.99],[73.82,39],[73.84,39],[73.85,39],[73.86,39],[73.88,39.01],[73.9,39.01],[73.92,39.01],[73.94,39.01],[73.96,39.02],[73.98,39.02],[74,39.02],[74.02,39.02],[74.02,39.02],[74.04,39.02],[74.06,39.02],[74.08,39.02],[74.1,39.02],[74.12,39.02],[74.14,39.02],[74.16,39.02],[74.16,39.02],[74.18,39.02],[74.2,39.02],[74.22,39.02],[74.24,39.01],[74.26,39.01],[74.28,39.01],[74.3,39],[74.32,39],[74.32,39],[74.34,39],[74.36,38.99],[74.38,38.99],[74.4,38.98],[74.42,38.98],[74.42,38.98],[74.44,38.97],[74.46,38.97],[74.48,38.96],[74.49,38.96],[74.5,38.96],[74.52,38.95],[74.54,38.94],[74.55,38.94],[74.56,38.94],[74.58,38.93],[74.6,38.92],[74.61,38.92],[74.62,38.91],[74.64,38.91],[74.66,38.9],[74.66,38.9],[74.68,38.89],[74.7,38.88],[74.7,38.88],[74.72,38.87],[74.74,38.86],[74.75,38.86],[74.76,38.85],[74.78,38.85],[74.79,38.84],[74.8,38.84],[74.82,38.83],[74.83,38.82],[74.84,38.82],[74.86,38.8],[74.87,38.8],[74.88,38.79],[74.9,38.78],[74.91,38.78],[74.92,38.77],[74.94,38.76],[74.94,38.76],[74.96,38.75],[74.98,38.74],[74.98,38.74],[75,38.73],[75.02,38.72],[75.02,38.72],[75.04,38.71],[75.06,38.7],[75.06,38.7],[75.08,38.69],[75.1,38.68],[75.1,38.68],[75.12,38.67],[75.14,38.66],[75.14,38.66],[75.16,38.65],[75.18,38.64],[75.19,38.64],[75.2,38.63],[75.22,38.63],[75.24,38.62],[75.24,38.62],[75.26,38.61],[75.28,38.61],[75.3,38.6],[75.31,38.6],[75.32,38.6],[75.34,38.59],[75.36,38.59],[75.38,38.59],[75.4,38.59],[75.42,38.58],[75.44,38.58],[75.46,38.58],[75.48,38.58],[75.5,38.58],[75.52,38.58],[75.54,38.58],[75.56,38.59],[75.58,38.59],[75.6,38.59],[75.62,38.6],[75.64,38.6],[75.64,38.6],[75.66,38.61],[75.68,38.61],[75.7,38.62],[75.7,38.62],[75.72,38.63],[75.74,38.64],[75.75,38.64],[75.76,38.64],[75.78,38.66],[75.79,38.66],[75.8,38.67],[75.82,38.68],[75.82,38.68],[75.84,38.7],[75.85,38.7],[75.86,38.71],[75.87,38.72],[75.88,38.73],[75.89,38.74],[75.9,38.75],[75.91,38.76],[75.92,38.78],[75.92,38.78],[75.94,38.8],[75.94,38.81],[75.95,38.82],[75.96,38.84],[75.96,38.84]]}},{"type":"Feature","properties":{"zone":"sam","depth_km":600},"geometry":{"type":"LineString","coordinates":[[287.8,-4.8],[287.77,-4.75],[287.75,-4.72],[287.73,-4.7],[287.7,-4.65],[287.7,-4.65],[287.67,-4.6],[287.65,-4.57],[287.63,-4.55],[287.6,-4.5],[287.6,-4.5],[287.57,-4.45],[287.55,-4.42],[287.54,-4.4],[287.51,-4.35],[287.5,-4.34],[287.48,-4.3],[287.45,-4.26],[287.45,-4.25],[287.42,-4.2],[287.4,-4.16],[287.39,-4.15],[287.37,-4.1],[287.35,-4.06],[287.34,-4.05],[287.32,-4],[287.3,-3.95],[287.3,-3.95],[287.28,-3.9],[287.27,-3.85],[287.25,-3.8],[287.25,-3.8],[287.23,-3.75],[287.22,-3.7],[287.21,-3.65],[287.2,-3.6],[287.2,-3.6],[287.19,-3.55],[287.19,-3.5],[287.18,-3.45],[287.17,-3.4],[287.17,-3.35],[287.17,-3.3],[287.17,-3.25],[287.17,-3.2],[287.17,-3.15],[287.17,-3.1],[287.17,-3.05],[287.17,-3],[287.17,-2.95],[287.18,-2.9],[287.18,-2.85],[287.18,-2.8],[287.19,-2.75],[287.19,-2.7],[287.2,-2.65],[287.2,-2.63],[287.2,-2.6],[287.21,-2.55],[287.21,-2.5],[287.22,-2.45],[287.22,-2.4],[287.23,-2.35],[287.24,-2.3],[287.24,-2.25],[287.25,-2.2],[287.25,-2.17],[287.25,-2.15],[287.26,-2.1],[287.26,-2.05],[287.27,-2],[287.28,-1.95],[287.28,-1.9],[287.29,-1.85],[287.3,-1.8],[287.3,-1.76],[287.3,-1.75],[287.31,-1.7],[287.32,-1.65],[287.32,-1.6],[287.33,-1.55],[287.34,-1.5],[287.34,-1.45],[287.35,-1.4],[287.35,-1.4],[287.36,-1.35],[287.37,-1.3],[287.37,-1.25],[287.38,-1.2],[287.39,-1.15],[287.4,-1.1],[287.4,-1.07],[287.4,-1.05],[287.41,-1],[287.42,-0.95],[287.43,-0.9],[287.43,-0.85],[287.44,-0.8],[287.45,-0.75],[287.45,-0.75],[287.46,-0.7],[287.46,-0.65],[287.47,-0.6],[287.48,-0.55],[287.49,-0.5],[287.5,-0.45],[287.5,-0.43],[287.5,-0.4],[287.51,-0.35],[287.52,-0.3],[287.53,-0.25],[287.54,-0.2],[287.55,-0.15],[287.55,-0.15],[287.56,-0.1],[287.57,-0.05],[287.58,0],[287.59,0.05],[287.6,0.1],[287.6,0.11],[287.61,0.15],[287.62,0.2],[287.63,0.25],[287.64,0.3],[287.65,0.34],[287.65,0.35],[287.66,0.4],[287.68,0.45],[287.69,0.5],[287.7,0.55],[287.7,0.56],[287.71,0.6],[287.72,0.65],[287.73,0.7],[287.74,0.75],[287.75,0.78],[287.76,0.8],[287.77,0.85],[287.78,0.9],[287.79,0.95],[287.8,1]]}},{"type":"Feature","properties":{"zone":"sam","depth_km":600},"geometry":{"type":"LineString","coordinates":[[288.43,-6],[288.45,-6.05],[288.45,-6.05]]}},{"type":"Feature","properties":{"zone":"sam","depth_km":600},"geometry":{"type":"LineString","coordinates":[[288.5,-6.2],[288.5,-6.22],[288.51,-6.25],[288.52,-6.3],[288.54,-6.35],[288.55,-6.4],[288.55,-6.41],[288.56,-6.45],[288.57,-6.5],[288.58,-6.55],[288.59,-6.6],[288.6,-6.63],[288.6,-6.65],[288.61,-6.7],[288.62,-6.75],[288.63,-6.8],[288.64,-6.85],[288.65,-6.89],[288.65,-6.9],[288.66,-6.95],[288.67,-7],[288.68,-7.05],[288.69,-7.1],[288.7,-7.15],[288.7,-7.15],[288.71,-7.2],[288.72,-7.25],[288.73,-7.3],[288.74,-7.35],[288.75,-7.39],[288.75,-7.4],[288.76,-7.45],[288.77,-7.5],[288.79,-7.55],[288.8,-7.6],[288.8,-7.61],[288.81,-7.65],[288.82,-7.7],[288.83,-7.75],[288.85,-7.8],[288.85,-7.82],[288.86,-7.85],[288.87,-7.9],[288.88,-7.95],[288.9,-8],[288.9,-8.01],[288.91,-8.05],[288.92,-8.1],[288.94,-8.15],[288.95,-8.2],[288.95,-8.2],[288.96,-8.25],[288.98,-8.3],[288.99,-8.35],[289,-8.39],[289,-8.4],[289.02,-8.45],[289.03,-8.5],[289.04,-8.55],[289.05,-8.59],[289.05,-8.6],[289.07,-8.65],[289.08,-8.7],[289.09,-8.75],[289.1,-8.8],[289.1,-8.8],[289.11,-8.85],[289.12,-8.9],[289.13,-8.95],[289.14,-9],[289.15,-9.04],[289.15,-9.05],[289.16,-9.1],[289.17,-9.15],[289.18,-9.2],[289.19,-9.25],[289.2,-9.3],[289.2,-9.3],[289.21,-9.35],[289.22,-9.4],[289.23,-9.45],[289.24,-9.5],[289.25,-9.55],[289.25,-9.57],[289.26,-9.6],[289.26,-9.65],[289.27,-9.7],[289.28,-9.75],[289.3,-9.8],[289.3,-9.82],[289.31,-9.85],[289.32,-9.9],[289.33,-9.95],[289.34,-10],[289.35,-10.04],[289.35,-10.05],[289.37,-10.1],[289.38,-10.15],[289.39,-10.2],[289.4,-10.22],[289.41,-10.25],[289.42,-10.3],[289.44,-10.35],[289.45,-10.38],[289.46,-10.4],[289.47,-10.45],[289.49,-10.5],[289.5,-10.53],[289.51,-10.55],[289.53,-10.6],[289.54,-10.65],[289.55,-10.66],[289.56,-10.7],[289.58,-10.75],[289.6,-10.79],[289.6,-10.8],[289.62,-10.85],[289.65,-10.9],[289.65,-10.91],[289.67,-10.95],[289.69,-11],[289.7,-11.03],[289.71,-11.05],[289.73,-11.1],[289.75,-11.15],[289.75,-11.15],[289.77,-11.2],[289.79,-11.25],[289.8,-11.27],[289.81,-11.3],[289.83,-11.35],[289.85,-11.39],[289.86,-11.4],[289.88,-11.45],[289.9,-11.5],[289.9,-11.51],[289.92,-11.55],[289.94,-11.6],[289.95,-11.62],[289.96,-11.65],[289.98,-11.7],[290,-11.74],[290,-11.75],[290.03,-11.8],[290.05,-11.85],[290.05,-11.85],[290.07,-11.9],[290.09,-11.95],[290.1,-11.96],[290.12,-12],[290.14,-12.05],[290.15,-12.07],[290.17,-12.1],[290.19,-12.15],[290.2,-12.17],[290.22,-12.2],[290.24,-12.25],[290.25,-12.26],[290.27,-12.3],[290.3,-12.35],[290.3,-12.36],[290.32,-12.4],[290.35,-12.44],[290.35,-12.45],[290.38,-12.5],[290.4,-12.53],[290.42,-12.55],[290.45,-12.6],[290.45,-12.6],[290.48,-12.65],[290.5,-12.67],[290.52,-12.7],[290.55,-12.74],[290.56,-12.75],[290.59,-12.8],[290.6,-12.81],[290.64,-12.85],[290.65,-12.87],[290.68,-12.9],[290.7,-12.92],[290.72,-12.95],[290.75,-12.98],[290.77,-13],[290.8,-13.03],[290.83,-13.05],[290.85,-13.07],[290.88,-13.1],[290.9,-13.11],[290.94,-13.15],[290.95,-13.15],[291,-13.19],[291.01,-13.2],[291.05,-13.23],[291.09,-13.25],[291.1,-13.26],[291.15,-13.29],[291.17,-13.3],[291.2,-13.32],[291.25,-13.34],[291.26,-13.35],[291.3,-13.37],[291.35,-13.39],[291.37,-13.4],[291.4,-13.41],[291.45,-13.43],[291.5,-13.45],[291.5,-13.45],[291.55,-13.47],[291.6,-13.49],[291.64,-13.5],[291.65,-13.5],[291.7,-13.52],[291.75,-13.53],[291.8,-13.55],[291.81,-13.55],[291.85,-13.56],[291.9,-13.57],[291.95,-13.59],[292,-13.6],[292.01,-13.6],[292.05,-13.61],[292.1,-13.62],[292.15,-13.63],[292.2,-13.64],[292.23,-13.65],[292.25,-13.65],[292.3,-13.67],[292.35,-13.68],[292.4,-13.69],[292.45,-13.7],[292.47,-13.7],[292.5,-13.71],[292.55,-13.72],[292.6,-13.73],[292.65,-13.74],[292.7,-13.75],[292.7,-13.75],[292.75,-13.76],[292.8,-13.77],[292.85,-13.78],[292.9,-13.79],[292.93,-13.8],[292.95,-13.81],[293,-13.82],[293.05,-13.83],[293.1,-13.84],[293.12,-13.85],[293.15,-13.86],[293.2,-13.87],[293.25,-13.89],[293.29,-13.9],[293.3,-13.9],[293.35,-13.92],[293.4,-13.94],[293.44,-13.95],[293.45,-13.95],[293.5,-13.97],[293.55,-13.99],[293.57,-14],[293.6,-14.01],[293.65,-14.03],[293.7,-14.05],[293.7,-14.05],[293.75,-14.07],[293.8,-14.09],[293.82,-14.1],[293.85,-14.12],[293.9,-14.14],[293.93,-14.15],[293.95,-14.16],[294,-14.18],[294.04,-14.2],[294.05,-14.2],[294.1,-14.23]]}},{"type":"Feature","properties":{"zone":"sam","depth_km":600},"geometry":{"type":"LineString","coordinates":[[294.7,-14.55],[294.75,-14.58],[294.78,-14.6],[294.8,-14.62],[294.85,-14.65],[294.85,-14.65],[294.9,-14.69],[294.91,-14.7],[294.95,-14.73],[294.97,-14.75],[295,-14.77],[295.03,-14.8],[295.05,-14.82],[295.09,-14.85],[295.1,-14.86],[295.14,-14.9],[295.15,-14.91],[295.19,-14.95],[295.2,-14.96],[295.24,-15],[295.25,-15.02],[295.28,-15.05],[295.3,-15.07],[295.32,-15.1],[295.35,-15.13],[295.37,-15.15],[295.4,-15.19],[295.4,-15.2],[295.44,-15.25],[295.45,-15.26],[295.48,-15.3],[295.5,-15.33],[295.51,-15.35],[295.54,-15.4],[295.55,-15.41],[295.58,-15.45],[295.6,-15.49]]}},{"type":"Feature","properties":{"zone":"sam","depth_km":600},"geometry":{"type":"LineString","coordinates":[[296.68,-18.65],[296.7,-18.7],[296.7,-18.71],[296.72,-18.75],[296.74,-18.8],[296.75,-18.83],[296.76,-18.85],[296.78,-18.9],[296.8,-18.94],[296.8,-18.95],[296.83,-19],[296.85,-19.05],[296.85,-19.05],[296.88,-19.1],[296.9,-19.15],[296.9,-19.15],[296.93,-19.2],[296.95,-19.25],[296.95,-19.25],[296.98,-19.3],[297,-19.34],[297,-19.35],[297.03,-19.4],[297.05,-19.43],[297.06,-19.45],[297.08,-19.5],[297.1,-19.53],[297.11,-19.55],[297.14,-19.6],[297.15,-19.63],[297.16,-19.65],[297.19,-19.7],[297.2,-19.73],[297.21,-19.75],[297.24,-19.8],[297.25,-19.83],[297.26,-19.85],[297.28,-19.9],[297.3,-19.95],[297.3,-19.95],[297.32,-20],[297.34,-20.05],[297.35,-20.07],[297.36,-20.1],[297.38,-20.15],[297.4,-20.2],[297.4,-20.21],[297.41,-20.25],[297.43,-20.3],[297.44,-20.35]]}},{"type":"Feature","properties":{"zone":"sam","depth_km":600},"geometry":{"type":"LineString","coordinates":[[297.48,-24.9],[297.49,-24.95],[297.5,-25],[297.5,-25.02],[297.51,-25.05],[297.52,-25.1],[297.53,-25.15],[297.54,-25.2],[297.55,-25.25],[297.55,-25.27],[297.56,-25.3],[297.57,-25.35],[297.57,-25.4],[297.58,-25.45],[297.59,-25.5],[297.6,-25.55],[297.6,-25.59],[297.6,-25.6],[297.61,-25.65],[297.61,-25.7],[297.61,-25.75],[297.61,-25.8],[297.61,-25.85],[297.62,-25.9],[297.62,-25.95],[297.62,-26],[297.62,-26.05],[297.62,-26.1],[297.62,-26.15],[297.62,-26.2],[297.62,-26.25],[297.62,-26.3],[297.62,-26.35],[297.63,-26.4],[297.63,-26.45],[297.63,-26.5],[297.64,-26.55],[297.65,-26.6],[297.65,-26.62],[297.65,-26.65],[297.66,-26.7],[297.67,-26.75],[297.68,-26.8],[297.69,-26.85],[297.7,-26.89],[297.7,-26.9],[297.71,-26.95],[297.73,-27],[297.74,-27.05],[297.75,-27.1],[297.75,-27.11],[297.76,-27.15],[297.77,-27.2],[297.78,-27.25],[297.8,-27.3],[297.8,-27.32],[297.81,-27.35],[297.82,-27.4],[297.83,-27.45],[297.84,-27.5],[297.85,-27.55],[297.85,-27.55],[297.86,-27.6],[297.87,-27.65],[297.88,-27.7],[297.89,-27.75],[297.9,-27.8],[297.9,-27.8],[297.91,-27.85],[297.92,-27.9],[297.93,-27.95],[297.94,-28],[297.95,-28.05],[297.95,-28.07],[297.96,-28.1],[297.96,-28.15],[297.97,-28.2],[297.98,-28.25],[297.99,-28.3],[298,-28.34],[298,-28.35],[298.01,-28.4],[298.02,-28.45],[298.03,-28.5],[298.04,-28.55],[298.05,-28.6],[298.05,-28.6],[298.06,-28.65],[298.07,-28.7],[298.08,-28.75],[298.09,-28.8],[298.09,-28.85],[298.1,-28.89],[298.1,-28.9],[298.11,-28.95],[298.12,-29],[298.12,-29.05],[298.13,-29.1],[298.14,-29.15],[298.14,-29.2],[298.15,-29.25],[298.15,-29.25],[298.16,-29.3],[298.16,-29.35],[298.17,-29.4],[298.18,-29.45],[298.18,-29.5],[298.19,-29.55],[298.2,-29.59],[298.2,-29.6],[298.21,-29.65],[298.22,-29.7],[298.23,-29.75],[298.24,-29.8],[298.25,-29.85],[298.25,-29.85],[298.26,-29.9],[298.27,-29.95],[298.28,-30],[298.3,-30.05],[298.3,-30.07],[298.31,-30.1],[298.32,-30.15],[298.33,-30.2],[298.34,-30.25],[298.35,-30.27],[298.36,-30.3],[298.37,-30.35],[298.38,-30.4],[298.39,-30.45],[298.4,-30.48],[298.41,-30.5],[298.42,-30.55],[298.43,-30.6],[298.44,-30.65],[298.45,-30.7],[298.45,-30.71],[298.46,-30.75],[298.47,-30.8],[298.48,-30.85],[298.49,-30.9],[298.5,-30.95],[298.5,-30.97],[298.51,-31],[298.51,-31.05],[298.52,-31.1],[298.53,-31.15],[298.54,-31.2],[298.55,-31.23],[298.55,-31.25],[298.56,-31.3],[298.58,-31.35],[298.59,-31.4],[298.6,-31.44],[298.6,-31.45],[298.62,-31.5],[298.63,-31.55],[298.65,-31.6],[298.65,-31.61],[298.66,-31.65],[298.68,-31.7],[298.7,-31.75],[298.7,-31.76],[298.72,-31.8],[298.74,-31.85],[298.75,-31.88],[298.76,-31.9],[298.78,-31.95],[298.8,-32],[298.8,-32],[298.82,-32.05],[298.84,-32.1],[298.85,-32.12],[298.87,-32.15],[298.89,-32.2],[298.9,-32.23],[298.91,-32.25],[298.93,-32.3],[298.95,-32.34],[298.95,-32.35],[298.98,-32.4],[299,-32.45],[299,-32.46],[299.02,-32.5],[299.04,-32.55],[299.05,-32.58],[299.06,-32.6],[299.07,-32.65],[299.09,-32.7],[299.1,-32.72],[299.11,-32.75],[299.13,-32.8],[299.14,-32.85],[299.15,-32.88],[299.16,-32.9],[299.17,-32.95],[299.18,-33],[299.2,-33.05],[299.2,-33.07],[299.21,-33.1],[299.22,-33.15],[299.23,-33.2],[299.24,-33.25],[299.25,-33.3],[299.25,-33.33],[299.25,-33.35],[299.26,-33.4],[299.26,-33.45],[299.27,-33.5],[299.27,-33.55],[299.27,-33.6],[299.27,-33.65],[299.27,-33.7],[299.27,-33.75],[299.27,-33.8],[299.26,-33.85],[299.25,-33.9],[299.25,-33.93],[299.25,-33.95],[299.24,-34],[299.23,-34.05],[299.22,-34.1],[299.21,-34.15],[299.2,-34.17],[299.19,-34.2],[299.18,-34.25],[299.16,-34.3],[299.15,-34.35],[299.15,-34.35],[299.13,-34.4],[299.11,-34.45],[299.1,-34.48],[299.09,-34.5],[299.07,-34.55],[299.05,-34.6],[299.05,-34.6],[299.02,-34.65],[299,-34.69],[299,-34.7],[298.97,-34.75],[298.95,-34.78],[298.94,-34.8],[298.9,-34.85],[298.9,-34.85],[298.87,-34.9],[298.85,-34.92],[298.83,-34.95],[298.8,-34.99],[298.79,-35],[298.75,-35.05],[298.75,-35.05],[298.71,-35.1],[298.7,-35.12],[298.68,-35.15],[298.65,-35.19],[298.64,-35.2],[298.61,-35.25],[298.6,-35.26],[298.58,-35.3],[298.55,-35.35],[298.55,-35.35],[298.53,-35.4],[298.51,-35.45],[298.5,-35.46],[298.49,-35.5],[298.47,-35.55],[298.46,-35.6],[298.45,-35.65],[298.45,-35.65],[298.44,-35.7],[298.44,-35.75],[298.43,-35.8],[298.43,-35.85],[298.43,-35.9],[298.43,-35.95],[298.43,-36],[298.43,-36.05],[298.43,-36.1],[298.43,-36.15],[298.43,-36.2],[298.43,-36.25],[298.43,-36.3],[298.43,-36.35],[298.43,-36.4],[298.43,-36.45],[298.43,-36.5],[298.43,-36.55],[298.43,-36.6],[298.42,-36.65],[298.42,-36.7],[298.41,-36.75],[298.41,-36.8],[298.4,-36.85],[298.4,-36.85],[298.39,-36.9],[298.38,-36.95],[298.37,-37],[298.36,-37.05],[298.35,-37.08],[298.34,-37.1],[298.33,-37.15],[298.31,-37.2],[298.3,-37.23],[298.29,-37.25],[298.27,-37.3],[298.25,-37.35],[298.25,-37.36],[298.23,-37.4],[298.21,-37.45],[298.2,-37.46],[298.18,-37.5],[298.16,-37.55],[298.15,-37.57],[298.13,-37.6],[298.11,-37.65],[298.1,-37.67],[298.08,-37.7],[298.06,-37.75],[298.05,-37.77],[298.04,-37.8],[298.02,-37.85],[298,-37.89],[298,-37.9],[297.98,-37.95],[297.96,-38],[297.95,-38.03],[297.94,-38.05],[297.93,-38.1],[297.92,-38.15],[297.9,-38.2],[297.9,-38.22],[297.89,-38.25],[297.88,-38.3],[297.88,-38.35],[297.87,-38.4],[297.86,-38.45],[297.86,-38.5],[297.85,-38.55],[297.85,-38.55],[297.85,-38.6],[297.84,-38.65],[297.84,-38.7],[297.83,-38.75],[297.83,-38.8],[297.83,-38.85],[297.82,-38.9],[297.82,-38.95],[297.81,-39],[297.81,-39.05],[297.81,-39.1],[297.8,-39.15],[297.8,-39.15],[297.8,-39.2],[297.79,-39.25],[297.78,-39.3],[297.78,-39.35],[297.77,-39.4],[297.76,-39.45],[297.75,-39.5],[297.75,-39.5],[297.74,-39.55],[297.73,-39.6],[297.72,-39.65],[297.7,-39.7],[297.7,-39.71],[297.69,-39.75],[297.67,-39.8],[297.66,-39.85],[297.65,-39.87],[297.64,-39.9],[297.62,-39.95],[297.6,-40],[297.6,-40],[297.58,-40.05],[297.56,-40.1],[297.55,-40.12],[297.54,-40.15],[297.51,-40.2],[297.5,-40.23],[297.49,-40.25],[297.47,-40.3],[297.45,-40.33],[297.44,-40.35],[297.42,-40.4],[297.4,-40.44],[297.39,-40.45],[297.37,-40.5],[297.35,-40.54],[297.35,-40.55],[297.33,-40.6],[297.3,-40.65],[297.3,-40.66],[297.28,-40.7],[297.26,-40.75],[297.25,-40.79],[297.25,-40.8],[297.23,-40.85],[297.21,-40.9],[297.2,-40.94],[297.2,-40.95],[297.18,-41],[297.17,-41.05],[297.16,-41.1]]}},{"type":"Feature","properties":{"zone":"sam","depth_km":500},"geometry":{"type":"LineString","coordinates":[[293.85,-40.7],[293.85,-40.67],[293.85,-40.65],[293.85,-40.6],[293.86,-40.55],[293.87,-40.5],[293.88,-40.45],[293.89,-40.4],[293.9,-40.35],[293.9,-40.35],[293.91,-40.3],[293.93,-40.25],[293.95,-40.2],[293.95,-40.2],[293.97,-40.15],[293.99,-40.1],[294,-40.09],[294.02,-40.05],[294.05,-40],[294.05,-39.99],[294.07,-39.95],[294.1,-39.91],[294.1,-39.9],[294.13,-39.85],[294.15,-39.83],[294.17,-39.8],[294.2,-39.75],[294.2,-39.75],[294.23,-39.7],[294.25,-39.67],[294.26,-39.65],[294.3,-39.6],[294.3,-39.6],[294.33,-39.55],[294.35,-39.52],[294.36,-39.5],[294.4,-39.45],[294.4,-39.45],[294.43,-39.4],[294.45,-39.37],[294.46,-39.35],[294.5,-39.3],[294.5,-39.3],[294.53,-39.25],[294.55,-39.22],[294.56,-39.2],[294.6,-39.15],[294.6,-39.15],[294.63,-39.1],[294.65,-39.07],[294.66,-39.05],[294.7,-39],[294.7,-39],[294.73,-38.95],[294.75,-38.93],[294.77,-38.9],[294.8,-38.86],[294.81,-38.85],[294.84,-38.8],[294.85,-38.79],[294.88,-38.75],[294.9,-38.73],[294.92,-38.7],[294.95,-38.67],[294.97,-38.65],[295,-38.61],[295.01,-38.6],[295.05,-38.55],[295.05,-38.55],[295.1,-38.5],[295.1,-38.49],[295.14,-38.45],[295.15,-38.44],[295.19,-38.4],[295.2,-38.38],[295.23,-38.35],[295.25,-38.33],[295.28,-38.3],[295.3,-38.27],[295.32,-38.25],[295.35,-38.22],[295.37,-38.2],[295.4,-38.16],[295.41,-38.15],[295.45,-38.11],[295.46,-38.1],[295.5,-38.05],[295.5,-38.05],[295.54,-38],[295.55,-37.99],[295.58,-37.95],[295.6,-37.93],[295.63,-37.9],[295.65,-37.87],[295.67,-37.85],[295.7,-37.81],[295.71,-37.8],[295.74,-37.75],[295.75,-37.74],[295.78,-37.7],[295.8,-37.68],[295.82,-37.65],[295.85,-37.61],[295.86,-37.6],[295.89,-37.55],[295.9,-37.54],[295.93,-37.5],[295.95,-37.47],[295.96,-37.45],[296,-37.4],[296,-37.39],[296.03,-37.35],[296.05,-37.32],[296.06,-37.3],[296.09,-37.25],[296.1,-37.24],[296.12,-37.2],[296.15,-37.16],[296.15,-37.15],[296.18,-37.1],[296.2,-37.07],[296.21,-37.05],[296.24,-37],[296.25,-36.99],[296.27,-36.95],[296.3,-36.9],[296.3,-36.9],[296.33,-36.85],[296.35,-36.82],[296.36,-36.8],[296.39,-36.75],[296.4,-36.73],[296.42,-36.7],[296.45,-36.65],[296.45,-36.64],[296.48,-36.6],[296.5,-36.56],[296.5,-36.55],[296.53,-36.5],[296.55,-36.47],[296.56,-36.45],[296.59,-36.4],[296.6,-36.39],[296.62,-36.35],[296.65,-36.3],[296.65,-36.3],[296.68,-36.25],[296.7,-36.22],[296.71,-36.2],[296.74,-36.15],[296.75,-36.13],[296.76,-36.1],[296.79,-36.05],[296.8,-36.03],[296.82,-36],[296.84,-35.95],[296.85,-35.93],[296.86,-35.9],[296.89,-35.85],[296.9,-35.82],[296.91,-35.8],[296.93,-35.75],[296.94,-35.7],[296.95,-35.69],[296.96,-35.65],[296.98,-35.6],[297,-35.55],[297,-35.54],[297.01,-35.5],[297.03,-35.45],[297.04,-35.4],[297.05,-35.37],[297.06,-35.35],[297.07,-35.3],[297.09,-35.25],[297.1,-35.21],[297.1,-35.2],[297.12,-35.15],[297.13,-35.1],[297.15,-35.05],[297.15,-35.05],[297.17,-35],[297.19,-34.95],[297.2,-34.91],[297.2,-34.9],[297.23,-34.85],[297.25,-34.8],[297.25,-34.79],[297.27,-34.75],[297.3,-34.7],[297.3,-34.69],[297.32,-34.65],[297.35,-34.6],[297.35,-34.6],[297.39,-34.55],[297.4,-34.53],[297.42,-34.5],[297.45,-34.46],[297.46,-34.45],[297.5,-34.4],[297.5,-34.4],[297.54,-34.35],[297.55,-34.34],[297.59,-34.3],[297.6,-34.29],[297.64,-34.25],[297.65,-34.24],[297.69,-34.2],[297.7,-34.19],[297.75,-34.15],[297.75,-34.15],[297.8,-34.1],[297.8,-34.1],[297.85,-34.06],[297.86,-34.05],[297.9,-34.01],[297.91,-34],[297.95,-33.96],[297.96,-33.95],[298,-33.91],[298.01,-33.9],[298.05,-33.86],[298.06,-33.85],[298.1,-33.8],[298.1,-33.8],[298.13,-33.75],[298.15,-33.73],[298.17,-33.7],[298.2,-33.65],[298.2,-33.65],[298.22,-33.6],[298.25,-33.55],[298.25,-33.55],[298.27,-33.5],[298.29,-33.45],[298.3,-33.41],[298.3,-33.4],[298.31,-33.35],[298.33,-33.3],[298.33,-33.25],[298.34,-33.2],[298.35,-33.15],[298.35,-33.12],[298.35,-33.1],[298.35,-33.05],[298.35,-33],[298.35,-32.95],[298.35,-32.9],[298.35,-32.88],[298.35,-32.85],[298.34,-32.8],[298.34,-32.75],[298.33,-32.7],[298.32,-32.65],[298.31,-32.6],[298.3,-32.57],[298.3,-32.55],[298.28,-32.5],[298.27,-32.45],[298.25,-32.4],[298.25,-32.39],[298.24,-32.35],[298.22,-32.3],[298.2,-32.25],[298.2,-32.25],[298.18,-32.2],[298.16,-32.15],[298.15,-32.12],[298.14,-32.1],[298.12,-32.05],[298.1,-32],[298.1,-32],[298.08,-31.95],[298.06,-31.9],[298.05,-31.88],[298.04,-31.85],[298.02,-31.8],[298,-31.75],[298,-31.75],[297.98,-31.7],[297.96,-31.65],[297.95,-31.61],[297.95,-31.6],[297.93,-31.55],[297.92,-31.5],[297.9,-31.45],[297.9,-31.45],[297.89,-31.4],[297.87,-31.35],[297.86,-31.3],[297.85,-31.26],[297.85,-31.25],[297.84,-31.2],[297.82,-31.15],[297.81,-31.1],[297.8,-31.05],[297.8,-31.04],[297.79,-31],[297.78,-30.95],[297.77,-30.9],[297.75,-30.85],[297.75,-30.83],[297.74,-30.8],[297.73,-30.75],[297.72,-30.7],[297.7,-30.65],[297.7,-30.64],[297.69,-30.6],[297.67,-30.55],[297.66,-30.5],[297.65,-30.47],[297.64,-30.45],[297.63,-30.4],[297.61,-30.35],[297.6,-30.32],[297.59,-30.3],[297.58,-30.25],[297.56,-30.2],[297.55,-30.18],[297.54,-30.15],[297.52,-30.1],[297.51,-30.05],[297.5,-30.03],[297.49,-30],[297.47,-29.95],[297.45,-29.9],[297.45,-29.89],[297.44,-29.85],[297.42,-29.8],[297.4,-29.75],[297.4,-29.74],[297.39,-29.7],[297.37,-29.65],[297.35,-29.6],[297.35,-29.58],[297.34,-29.55],[297.33,-29.5],[297.31,-29.45],[297.3,-29.41],[297.3,-29.4],[297.29,-29.35],[297.27,-29.3],[297.26,-29.25],[297.25,-29.21],[297.25,-29.2],[297.24,-29.15],[297.23,-29.1],[297.21,-29.05],[297.2,-29],[297.2,-28.99],[297.19,-28.95],[297.18,-28.9],[297.17,-28.85],[297.16,-28.8],[297.15,-28.77],[297.14,-28.75],[297.13,-28.7],[297.12,-28.65],[297.11,-28.6],[297.1,-28.57],[297.09,-28.55],[297.08,-28.5],[297.07,-28.45],[297.05,-28.4],[297.05,-28.39],[297.04,-28.35],[297.02,-28.3],[297.01,-28.25],[297,-28.22],[296.99,-28.2],[296.98,-28.15],[296.96,-28.1],[296.95,-28.06],[296.95,-28.05],[296.93,-28],[296.92,-27.95],[296.9,-27.9],[296.9,-27.9],[296.89,-27.85],[296.87,-27.8],[296.86,-27.75],[296.85,-27.73],[296.84,-27.7],[296.83,-27.65],[296.81,-27.6],[296.8,-27.55],[296.8,-27.55],[296.79,-27.5],[296.78,-27.45],[296.76,-27.4],[296.75,-27.35],[296.75,-27.34],[296.74,-27.3],[296.73,-27.25],[296.72,-27.2],[296.71,-27.15],[296.7,-27.1],[296.7,-27.1],[296.69,-27.05],[296.68,-27],[296.67,-26.95],[296.66,-26.9],[296.65,-26.85],[296.65,-26.83],[296.64,-26.8],[296.63,-26.75],[296.63,-26.7],[296.62,-26.65],[296.61,-26.6],[296.6,-26.56],[296.6,-26.55],[296.59,-26.5],[296.58,-26.45],[296.57,-26.4],[296.56,-26.35],[296.55,-26.3],[296.55,-26.28],[296.54,-26.25],[296.54,-26.2],[296.53,-26.15],[296.52,-26.1],[296.51,-26.05],[296.5,-26],[296.5,-25.98],[296.5,-25.95],[296.49,-25.9],[296.48,-25.85],[296.48,-25.8],[296.47,-25.75],[296.46,-25.7],[296.46,-25.65],[296.45,-25.6],[296.45,-25.55],[296.45,-25.55],[296.45,-25.5],[296.44,-25.45],[296.44,-25.4],[296.44,-25.35],[296.43,-25.3],[296.43,-25.25],[296.43,-25.2],[296.42,-25.15],[296.42,-25.1],[296.42,-25.05],[296.42,-25],[296.41,-24.95],[296.41,-24.9],[296.41,-24.85],[296.4,-24.8],[296.4,-24.75],[296.4,-24.74],[296.4,-24.7],[296.39,-24.65],[296.39,-24.6],[296.39,-24.55],[296.38,-24.5],[296.38,-24.45],[296.38,-24.4],[296.37,-24.35],[296.37,-24.3],[296.37,-24.25],[296.36,-24.2],[296.36,-24.15],[296.36,-24.1],[296.36,-24.05],[296.35,-24],[296.35,-23.95],[296.35,-23.95],[296.35,-23.9],[296.35,-23.85],[296.34,-23.8],[296.34,-23.75],[296.34,-23.7],[296.34,-23.65],[296.34,-23.6],[296.34,-23.55],[296.34,-23.5],[296.33,-23.45],[296.33,-23.4],[296.33,-23.35],[296.33,-23.3],[296.33,-23.25],[296.33,-23.2],[296.33,-23.15],[296.33,-23.1],[296.33,-23.05],[296.33,-23],[296.33,-22.95],[296.33,-22.9],[296.34,-22.85],[296.34,-22.8],[296.34,-22.75],[296.34,-22.7],[296.34,-22.65],[296.34,-22.6],[296.34,-22.55],[296.35,-22.5],[296.35,-22.45],[296.35,-22.45],[296.35,-22.4],[296.36,-22.35],[296.36,-22.3],[296.36,-22.25],[296.37,-22.2],[296.37,-22.15],[296.38,-22.1],[296.39,-22.05],[296.39,-22],[296.4,-21.95],[296.4,-21.94],[296.41,-21.9],[296.41,-21.85],[296.42,-21.8],[296.43,-21.75],[296.44,-21.7],[296.45,-21.65],[296.45,-21.64],[296.46,-21.6],[296.47,-21.55],[296.47,-21.5],[296.48,-21.45],[296.49,-21.4],[296.5,-21.36],[296.5,-21.35],[296.51,-21.3],[296.52,-21.25],[296.52,-21.2],[296.53,-21.15],[296.54,-21.1],[296.54,-21.05],[296.54,-21],[296.55,-20.95],[296.55,-20.9],[296.55,-20.85],[296.55,-20.8],[296.55,-20.75],[296.54,-20.7],[296.54,-20.65],[296.53,-20.6],[296.53,-20.55],[296.52,-20.5],[296.51,-20.45],[296.5,-20.42],[296.49,-20.4],[296.48,-20.35],[296.47,-20.3],[296.45,-20.25],[296.45,-20.25],[296.43,-20.2],[296.41,-20.15],[296.4,-20.13],[296.39,-20.1],[296.36,-20.05],[296.35,-20.02],[296.34,-20],[296.31,-19.95],[296.3,-19.93],[296.28,-19.9],[296.25,-19.85],[296.25,-19.84],[296.22,-19.8],[296.2,-19.77],[296.19,-19.75],[296.16,-19.7],[296.15,-19.69],[296.12,-19.65],[296.1,-19.62],[296.09,-19.6],[296.05,-19.55],[296.05,-19.55],[296.02,-19.5],[296,-19.48],[295.98,-19.45],[295.95,-19.4],[295.95,-19.4],[295.92,-19.35],[295.9,-19.32],[295.89,-19.3],[295.86,-19.25],[295.85,-19.24],[295.83,-19.2],[295.8,-19.15],[295.8,-19.14],[295.78,-19.1],[295.76,-19.05],[295.75,-19.04],[295.73,-19],[295.71,-18.95],[295.7,-18.91],[295.7,-18.9],[295.68,-18.85],[295.66,-18.8],[295.65,-18.76],[295.65,-18.75],[295.63,-18.7],[295.62,-18.65],[295.6,-18.6],[295.6,-18.59],[295.59,-18.55],[295.58,-18.5],[295.57,-18.45],[295.55,-18.4],[295.55,-18.38],[295.54,-18.35],[295.53,-18.3],[295.52,-18.25],[295.51,-18.2],[295.5,-18.15],[295.5,-18.15],[295.49,-18.1],[295.48,-18.05],[295.47,-18],[295.46,-17.95],[295.45,-17.92],[295.44,-17.9],[295.43,-17.85],[295.42,-17.8],[295.41,-17.75],[295.4,-17.71],[295.4,-17.7],[295.39,-17.65],[295.37,-17.6],[295.36,-17.55],[295.35,-17.52],[295.35,-17.5],[295.33,-17.45],[295.32,-17.4],[295.3,-17.35],[295.3,-17.35],[295.28,-17.3],[295.27,-17.25],[295.25,-17.2],[295.25,-17.2],[295.23,-17.15],[295.21,-17.1],[295.2,-17.06],[295.19,-17.05],[295.17,-17],[295.15,-16.95],[295.15,-16.94],[295.13,-16.9],[295.11,-16.85],[295.1,-16.82],[295.09,-16.8],[295.07,-16.75],[295.05,-16.71],[295.05,-16.7],[295.02,-16.65],[295,-16.6],[295,-16.6],[294.98,-16.55],[294.95,-16.5],[294.95,-16.49],[294.93,-16.45],[294.9,-16.4],[294.9,-16.4],[294.88,-16.35],[294.85,-16.3],[294.85,-16.3],[294.82,-16.25],[294.8,-16.21],[294.79,-16.2],[294.76,-16.15],[294.75,-16.13],[294.73,-16.1],[294.7,-16.05],[294.7,-16.05],[294.67,-16],[294.65,-15.98],[294.63,-15.95],[294.6,-15.9],[294.6,-15.9],[294.56,-15.85],[294.55,-15.83],[294.52,-15.8],[294.5,-15.77],[294.49,-15.75],[294.45,-15.7],[294.45,-15.7],[294.41,-15.65],[294.4,-15.64],[294.37,-15.6],[294.35,-15.57],[294.33,-15.55],[294.3,-15.52],[294.29,-15.5],[294.25,-15.46],[294.24,-15.45],[294.2,-15.4],[294.2,-15.4],[294.15,-15.35],[294.15,-15.35],[294.1,-15.3],[294.09,-15.3],[294.05,-15.26],[294.04,-15.25],[294,-15.22],[293.98,-15.2],[293.95,-15.18],[293.91,-15.15],[293.9,-15.14],[293.85,-15.11],[293.84,-15.1],[293.8,-15.07],[293.76,-15.05],[293.75,-15.04],[293.7,-15.01],[293.68,-15],[293.65,-14.98],[293.6,-14.96],[293.58,-14.95],[293.55,-14.93],[293.5,-14.91],[293.48,-14.9],[293.45,-14.88],[293.4,-14.86],[293.37,-14.85],[293.35,-14.84],[293.3,-14.82],[293.26,-14.8],[293.25,-14.8],[293.2,-14.78],[293.15,-14.75],[293.14,-14.75],[293.1,-14.73],[293.05,-14.71],[293.01,-14.7],[293,-14.7],[292.95,-14.68],[292.9,-14.66],[292.88,-14.65],[292.85,-14.64],[292.8,-14.62],[292.75,-14.6],[292.75,-14.6],[292.7,-14.58],[292.65,-14.56],[292.61,-14.55],[292.6,-14.55],[292.55,-14.53],[292.5,-14.51],[292.47,-14.5],[292.45,-14.49],[292.4,-14.47],[292.35,-14.46],[292.33,-14.45],[292.3,-14.44],[292.25,-14.42],[292.2,-14.4],[292.19,-14.4],[292.15,-14.38],[292.1,-14.37],[292.05,-14.35],[292.05,-14.35],[292,-14.33],[291.95,-14.31],[291.92,-14.3],[291.9,-14.29],[291.85,-14.28],[291.8,-14.26],[291.78,-14.25],[291.75,-14.24],[291.7,-14.22],[291.65,-14.2],[291.65,-14.2],[291.6,-14.18],[291.55,-14.16],[291.53,-14.15],[291.5,-14.14],[291.45,-14.11],[291.42,-14.1],[291.4,-14.09],[291.35,-14.07],[291.32,-14.05],[291.3,-14.04],[291.25,-14.02],[291.22,-14],[291.2,-13.99],[291.15,-13.96],[291.14,-13.95],[291.1,-13.93],[291.06,-13.9],[291.05,-13.9],[291,-13.86],[290.99,-13.85],[290.95,-13.82],[290.92,-13.8],[290.9,-13.78],[290.86,-13.75],[290.85,-13.74],[290.8,-13.7],[290.8,-13.7],[290.75,-13.65],[290.75,-13.65],[290.7,-13.6],[290.7,-13.6],[290.65,-13.55],[290.65,-13.55],[290.61,-13.5],[290.6,-13.49],[290.57,-13.45],[290.55,-13.43],[290.53,-13.4],[290.5,-13.36],[290.49,-13.35],[290.46,-13.3],[290.45,-13.29],[290.42,-13.25],[290.4,-13.21],[290.39,-13.2],[290.36,-13.15],[290.35,-13.13],[290.33,-13.1],[290.3,-13.05],[290.3,-13.05],[290.27,-13],[290.25,-12.96],[290.25,-12.95],[290.22,-12.9],[290.2,-12.86],[290.19,-12.85],[290.17,-12.8],[290.15,-12.76],[290.14,-12.75],[290.12,-12.7],[290.1,-12.66],[290.1,-12.65],[290.07,-12.6],[290.05,-12.55],[290.05,-12.55],[290.03,-12.5],[290.01,-12.45],[290,-12.44],[289.98,-12.4],[289.96,-12.35],[289.95,-12.32],[289.94,-12.3],[289.92,-12.25],[289.9,-12.2],[289.9,-12.19],[289.88,-12.15],[289.86,-12.1],[289.85,-12.07],[289.84,-12.05],[289.82,-12],[289.8,-11.95],[289.8,-11.94],[289.78,-11.9],[289.76,-11.85],[289.75,-11.81],[289.75,-11.8],[289.73,-11.75],[289.71,-11.7],[289.7,-11.68],[289.69,-11.65],[289.67,-11.6],[289.65,-11.56],[289.65,-11.55],[289.63,-11.5],[289.61,-11.45],[289.6,-11.44],[289.58,-11.4],[289.56,-11.35],[289.55,-11.32],[289.54,-11.3],[289.52,-11.25],[289.5,-11.2],[289.5,-11.2],[289.48,-11.15],[289.45,-11.1],[289.45,-11.09],[289.43,-11.05],[289.41,-11],[289.4,-10.99],[289.38,-10.95],[289.36,-10.9],[289.35,-10.88],[289.34,-10.85],[289.31,-10.8],[289.3,-10.77],[289.29,-10.75],[289.27,-10.7],[289.25,-10.66],[289.24,-10.65],[289.22,-10.6],[289.2,-10.55],[289.2,-10.55],[289.18,-10.5],[289.16,-10.45],[289.15,-10.43],[289.14,-10.4],[289.12,-10.35],[289.1,-10.3],[289.1,-10.3],[289.08,-10.25],[289.06,-10.2],[289.05,-10.16],[289.05,-10.15],[289.03,-10.1],[289.02,-10.05],[289,-10],[289,-10],[288.99,-9.95],[288.97,-9.9],[288.96,-9.85],[288.95,-9.82],[288.94,-9.8],[288.93,-9.75],[288.92,-9.7],[288.9,-9.65],[288.9,-9.63],[288.89,-9.6],[288.88,-9.55],[288.87,-9.5],[288.85,-9.45],[288.85,-9.44],[288.84,-9.4],[288.83,-9.35],[288.81,-9.3],[288.8,-9.26],[288.8,-9.25],[288.78,-9.2],[288.77,-9.15],[288.75,-9.1],[288.75,-9.08],[288.74,-9.05],[288.72,-9],[288.71,-8.95],[288.7,-8.92],[288.69,-8.9],[288.68,-8.85],[288.66,-8.8],[288.65,-8.76],[288.65,-8.75],[288.63,-8.7],[288.61,-8.65],[288.6,-8.61],[288.6,-8.6],[288.58,-8.55],[288.56,-8.5],[288.55,-8.46],[288.55,-8.45],[288.53,-8.4],[288.51,-8.35],[288.5,-8.31],[288.5,-8.3],[288.48,-8.25],[288.46,-8.2],[288.45,-8.16],[288.45,-8.15],[288.43,-8.1],[288.41,-8.05],[288.4,-8.01],[288.4,-8],[288.38,-7.95],[288.37,-7.9],[288.35,-7.85],[288.35,-7.84],[288.34,-7.8],[288.32,-7.75],[288.31,-7.7],[288.3,-7.67],[288.3,-7.65],[288.28,-7.6],[288.27,-7.55],[288.26,-7.5],[288.25,-7.47],[288.24,-7.45],[288.23,-7.4],[288.22,-7.35],[288.21,-7.3],[288.2,-7.27],[288.2,-7.25],[288.18,-7.2],[288.17,-7.15],[288.16,-7.1],[288.15,-7.07],[288.15,-7.05],[288.13,-7],[288.12,-6.95],[288.11,-6.9],[288.1,-6.88],[288.09,-6.85],[288.08,-6.8],[288.06,-6.75],[288.05,-6.71],[288.05,-6.7],[288.03,-6.65],[288.02,-6.6],[288,-6.56],[288,-6.55],[287.98,-6.5],[287.96,-6.45],[287.95,-6.42],[287.94,-6.4],[287.92,-6.35],[287.9,-6.3],[287.9,-6.29],[287.88,-6.25],[287.86,-6.2],[287.85,-6.18],[287.84,-6.15],[287.81,-6.1],[287.8,-6.07],[287.79,-6.05],[287.77,-6],[287.75,-5.97],[287.74,-5.95],[287.72,-5.9],[287.7,-5.87],[287.69,-5.85],[287.66,-5.8],[287.65,-5.77],[287.64,-5.75],[287.61,-5.7],[287.6,-5.68],[287.58,-5.65],[287.56,-5.6],[287.55,-5.59],[287.53,-5.55],[287.5,-5.5],[287.5,-5.5],[287.47,-5.45],[287.45,-5.42],[287.44,-5.4],[287.41,-5.35],[287.4,-5.34],[287.38,-5.3],[287.35,-5.25],[287.35,-5.25],[287.32,-5.2],[287.3,-5.17],[287.29,-5.15],[287.25,-5.1],[287.25,-5.09],[287.22,-5.05],[287.2,-5.01],[287.19,-5],[287.16,-4.95],[287.15,-4.93],[287.13,-4.9],[287.1,-4.85],[287.1,-4.85],[287.07,-4.8],[287.05,-4.77],[287.04,-4.75],[287.01,-4.7],[287,-4.69],[286.98,-4.65],[286.95,-4.6],[286.95,-4.6],[286.92,-4.55],[286.9,-4.5],[286.9,-4.5],[286.87,-4.45],[286.85,-4.41],[286.85,-4.4],[286.82,-4.35],[286.8,-4.3],[286.8,-4.3],[286.78,-4.25],[286.76,-4.2],[286.75,-4.18],[286.74,-4.15],[286.72,-4.1],[286.7,-4.05],[286.7,-4.04],[286.69,-4],[286.67,-3.95],[286.66,-3.9],[286.65,-3.86],[286.65,-3.85],[286.63,-3.8],[286.62,-3.75],[286.61,-3.7],[286.6,-3.65],[286.6,-3.62],[286.6,-3.6],[286.59,-3.55],[286.58,-3.5],[286.58,-3.45],[286.57,-3.4],[286.57,-3.35],[286.56,-3.3],[286.56,-3.25],[286.56,-3.2],[286.55,-3.15],[286.55,-3.1],[286.55,-3.05],[286.55,-3],[286.55,-3],[286.55,-2.95],[286.55,-2.9],[286.55,-2.85],[286.55,-2.8],[286.55,-2.75],[286.55,-2.7],[286.55,-2.65],[286.55,-2.65],[286.55,-2.6],[286.55,-2.55],[286.55,-2.5],[286.55,-2.45],[286.55,-2.4],[286.56,-2.35],[286.56,-2.3],[286.56,-2.25],[286.56,-2.2],[286.56,-2.15],[286.56,-2.1],[286.56,-2.05],[286.56,-2],[286.56,-1.95],[286.56,-1.9],[286.57,-1.85],[286.57,-1.8],[286.57,-1.75],[286.57,-1.7],[286.57,-1.65],[286.57,-1.6],[286.57,-1.55],[286.58,-1.5],[286.58,-1.45],[286.58,-1.4],[286.58,-1.35],[286.58,-1.3],[286.58,-1.25],[286.59,-1.2],[286.59,-1.15],[286.59,-1.1],[286.59,-1.05],[286.6,-1],[286.6,-0.95],[286.6,-0.95],[286.6,-0.9],[286.61,-0.85],[286.61,-0.8],[286.61,-0.75],[286.62,-0.7],[286.62,-0.65],[286.63,-0.6],[286.63,-0.55],[286.64,-0.5],[286.64,-0.45],[286.65,-0.4],[286.65,-0.37],[286.65,-0.35],[286.66,-0.3],[286.66,-0.25],[286.67,-0.2],[286.68,-0.15],[286.68,-0.1],[286.69,-0.05],[286.7,0],[286.7,0.03],[286.7,0.05],[286.71,0.1],[286.72,0.15],[286.73,0.2],[286.73,0.25],[286.74,0.3],[286.75,0.35],[286.75,0.35],[286.76,0.4],[286.77,0.45],[286.78,0.5],[286.78,0.55],[286.79,0.6],[286.8,0.64],[286.8,0.65],[286.81,0.7],[286.82,0.75],[286.83,0.8],[286.84,0.85],[286.85,0.89],[286.85,0.9],[286.86,0.95],[286.87,1],[286.88,1.05],[286.89,1.1],[286.9,1.14],[286.9,1.15],[286.91,1.2],[286.92,1.25],[286.94,1.3],[286.95,1.35],[286.95,1.36],[286.96,1.4],[286.97,1.45],[286.98,1.5],[286.99,1.55],[287,1.58],[287,1.6],[287.02,1.65],[287.03,1.7],[287.04,1.75],[287.05,1.8],[287.05,1.8],[287.06,1.85],[287.07,1.9],[287.09,1.95],[287.1,2],[287.1,2.01],[287.11,2.05],[287.12,2.1],[287.14,2.15],[287.15,2.2],[287.15,2.21],[287.16,2.25],[287.17,2.3],[287.19,2.35],[287.2,2.4],[287.2,2.41],[287.21,2.45],[287.22,2.5],[287.24,2.55],[287.25,2.6],[287.25,2.6],[287.26,2.65],[287.28,2.7],[287.29,2.75],[287.3,2.8],[287.3,2.8],[287.31,2.85],[287.33,2.9],[287.34,2.95],[287.35,2.98],[287.36,3],[287.37,3.05],[287.38,3.1],[287.4,3.15],[287.4,3.16],[287.41,3.2],[287.43,3.25],[287.44,3.3],[287.45,3.33],[287.46,3.35],[287.47,3.4],[287.49,3.45],[287.5,3.49],[287.5,3.5],[287.52,3.55],[287.54,3.6],[287.55,3.63],[287.56,3.65],[287.58,3.7],[287.6,3.75],[287.6,3.76],[287.62,3.8],[287.64,3.85],[287.65,3.88],[287.66,3.9],[287.68,3.95],[287.7,3.98],[287.71,4],[287.73,4.05],[287.75,4.08],[287.76,4.1],[287.79,4.15],[287.8,4.17]]}},{"type":"Feature","properties":{"zone":"sam","depth_km":400},"geometry":{"type":"LineString","coordinates":[[291.76,-40.05],[291.76,-40],[291.76,-39.95],[291.76,-39.9],[291.77,-39.85],[291.77,-39.8],[291.77,-39.75],[291.78,-39.7],[291.78,-39.65],[291.79,-39.6],[291.79,-39.55],[291.8,-39.5],[291.8,-39.49],[291.81,-39.45],[291.81,-39.4],[291.82,-39.35],[291.83,-39.3],[291.84,-39.25],[291.84,-39.2],[291.85,-39.17],[291.85,-39.15],[291.86,-39.1],[291.87,-39.05],[291.88,-39],[291.89,-38.95],[291.9,-38.91],[291.9,-38.9],[291.91,-38.85],[291.92,-38.8],[291.94,-38.75],[291.95,-38.7],[291.95,-38.69],[291.96,-38.65],[291.97,-38.6],[291.99,-38.55],[292,-38.51],[292,-38.5],[292.02,-38.45],[292.04,-38.4],[292.05,-38.36],[292.05,-38.35],[292.07,-38.3],[292.1,-38.25],[292.1,-38.24],[292.12,-38.2],[292.14,-38.15],[292.15,-38.14],[292.17,-38.1],[292.2,-38.06],[292.21,-38.05],[292.24,-38],[292.25,-37.99],[292.28,-37.95],[292.3,-37.93],[292.33,-37.9],[292.35,-37.88],[292.39,-37.85],[292.4,-37.84],[292.45,-37.8],[292.45,-37.8],[292.5,-37.77],[292.53,-37.75],[292.55,-37.74],[292.6,-37.71],[292.62,-37.7],[292.65,-37.69],[292.7,-37.66],[292.73,-37.65],[292.75,-37.64],[292.8,-37.62],[292.85,-37.6],[292.85,-37.6],[292.9,-37.58],[292.95,-37.56],[292.98,-37.55],[293,-37.54],[293.05,-37.52],[293.1,-37.5],[293.1,-37.5],[293.15,-37.48],[293.2,-37.45],[293.21,-37.45],[293.25,-37.43],[293.3,-37.4],[293.31,-37.4],[293.35,-37.38],[293.39,-37.35],[293.4,-37.35],[293.45,-37.32],[293.48,-37.3],[293.5,-37.28],[293.55,-37.25],[293.55,-37.25],[293.6,-37.21],[293.62,-37.2],[293.65,-37.18],[293.68,-37.15],[293.7,-37.14],[293.75,-37.1],[293.75,-37.1],[293.8,-37.05],[293.8,-37.05],[293.85,-37.01],[293.86,-37],[293.9,-36.96],[293.91,-36.95],[293.95,-36.91],[293.96,-36.9],[294,-36.86],[294.01,-36.85],[294.05,-36.81],[294.06,-36.8],[294.1,-36.76],[294.11,-36.75],[294.15,-36.71],[294.16,-36.7],[294.2,-36.66],[294.21,-36.65],[294.25,-36.61],[294.26,-36.6],[294.3,-36.57],[294.32,-36.55],[294.35,-36.52],[294.37,-36.5],[294.4,-36.48],[294.43,-36.45],[294.45,-36.43],[294.49,-36.4],[294.5,-36.39],[294.55,-36.35],[294.55,-36.35],[294.6,-36.31],[294.61,-36.3],[294.65,-36.27],[294.67,-36.25],[294.7,-36.23],[294.73,-36.2],[294.75,-36.18],[294.79,-36.15],[294.8,-36.14],[294.85,-36.1],[294.85,-36.1],[294.9,-36.05],[294.9,-36.05],[294.95,-36.01],[294.96,-36],[295,-35.96],[295.01,-35.95],[295.05,-35.9],[295.05,-35.9],[295.1,-35.85],[295.1,-35.85],[295.14,-35.8],[295.15,-35.79],[295.19,-35.75],[295.2,-35.73],[295.23,-35.7],[295.25,-35.67],[295.27,-35.65],[295.3,-35.61],[295.31,-35.6],[295.35,-35.55],[295.35,-35.54],[295.38,-35.5],[295.4,-35.48],[295.42,-35.45],[295.45,-35.41],[295.46,-35.4],[295.49,-35.35],[295.5,-35.34],[295.53,-35.3],[295.55,-35.27],[295.57,-35.25],[295.6,-35.21],[295.6,-35.2],[295.64,-35.15],[295.65,-35.14],[295.68,-35.1],[295.7,-35.07],[295.71,-35.05],[295.75,-35],[295.75,-35],[295.79,-34.95],[295.8,-34.93],[295.82,-34.9],[295.85,-34.87],[295.86,-34.85],[295.9,-34.8],[295.9,-34.8],[295.94,-34.75],[295.95,-34.73],[295.97,-34.7],[296,-34.67],[296.01,-34.65],[296.05,-34.6],[296.05,-34.6],[296.09,-34.55],[296.1,-34.53],[296.12,-34.5],[296.15,-34.46],[296.16,-34.45],[296.2,-34.4],[296.2,-34.39],[296.23,-34.35],[296.25,-34.33],[296.27,-34.3],[296.3,-34.26],[296.31,-34.25],[296.34,-34.2],[296.35,-34.19],[296.38,-34.15],[296.4,-34.12],[296.41,-34.1],[296.45,-34.05],[296.45,-34.05],[296.49,-34],[296.5,-33.98],[296.52,-33.95],[296.55,-33.92],[296.56,-33.9],[296.6,-33.85],[296.6,-33.85],[296.64,-33.8],[296.65,-33.79],[296.68,-33.75],[296.7,-33.72],[296.72,-33.7],[296.75,-33.66],[296.76,-33.65],[296.8,-33.6],[296.8,-33.59],[296.83,-33.55],[296.85,-33.53],[296.87,-33.5],[296.9,-33.47],[296.91,-33.45],[296.95,-33.4],[296.95,-33.4],[296.99,-33.35],[297,-33.33],[297.02,-33.3],[297.05,-33.26],[297.06,-33.25],[297.09,-33.2],[297.1,-33.18],[297.12,-33.15],[297.15,-33.1],[297.15,-33.09],[297.17,-33.05],[297.2,-33],[297.2,-32.99],[297.22,-32.95],[297.23,-32.9],[297.25,-32.85],[297.25,-32.85],[297.26,-32.8],[297.27,-32.75],[297.28,-32.7],[297.29,-32.65],[297.29,-32.6],[297.3,-32.55],[297.3,-32.5],[297.3,-32.45],[297.3,-32.4],[297.29,-32.35],[297.29,-32.3],[297.28,-32.25],[297.28,-32.2],[297.27,-32.15],[297.27,-32.1],[297.26,-32.05],[297.25,-32],[297.25,-31.98],[297.25,-31.95],[297.24,-31.9],[297.23,-31.85],[297.23,-31.8],[297.22,-31.75],[297.21,-31.7],[297.21,-31.65],[297.2,-31.6],[297.2,-31.58],[297.2,-31.55],[297.19,-31.5],[297.19,-31.45],[297.18,-31.4],[297.17,-31.35],[297.17,-31.3],[297.16,-31.25],[297.15,-31.2],[297.15,-31.17],[297.15,-31.15],[297.14,-31.1],[297.13,-31.05],[297.12,-31],[297.11,-30.95],[297.1,-30.9],[297.1,-30.89],[297.09,-30.85],[297.08,-30.8],[297.06,-30.75],[297.05,-30.7],[297.05,-30.7],[297.04,-30.65],[297.02,-30.6],[297.01,-30.55],[297,-30.53],[296.99,-30.5],[296.97,-30.45],[296.96,-30.4],[296.95,-30.38],[296.94,-30.35],[296.92,-30.3],[296.9,-30.25],[296.9,-30.25],[296.88,-30.2],[296.86,-30.15],[296.85,-30.11],[296.85,-30.1],[296.83,-30.05],[296.81,-30],[296.8,-29.98],[296.79,-29.95],[296.77,-29.9],[296.75,-29.85],[296.75,-29.84],[296.74,-29.8],[296.72,-29.75],[296.7,-29.7],[296.7,-29.69],[296.69,-29.65],[296.67,-29.6],[296.65,-29.55],[296.65,-29.53],[296.64,-29.5],[296.63,-29.45],[296.61,-29.4],[296.6,-29.35],[296.6,-29.35],[296.59,-29.3],[296.57,-29.25],[296.56,-29.2],[296.55,-29.15],[296.55,-29.15],[296.54,-29.1],[296.53,-29.05],[296.52,-29],[296.51,-28.95],[296.5,-28.92],[296.49,-28.9],[296.48,-28.85],[296.47,-28.8],[296.46,-28.75],[296.45,-28.71],[296.45,-28.7],[296.43,-28.65],[296.42,-28.6],[296.41,-28.55],[296.4,-28.52],[296.4,-28.5],[296.38,-28.45],[296.37,-28.4],[296.35,-28.35],[296.35,-28.34],[296.34,-28.3],[296.32,-28.25],[296.31,-28.2],[296.3,-28.18],[296.29,-28.15],[296.28,-28.1],[296.26,-28.05],[296.25,-28.02],[296.24,-28],[296.23,-27.95],[296.21,-27.9],[296.2,-27.85],[296.2,-27.85],[296.19,-27.8],[296.17,-27.75],[296.16,-27.7],[296.15,-27.67],[296.14,-27.65],[296.13,-27.6],[296.12,-27.55],[296.11,-27.5],[296.1,-27.48],[296.09,-27.45],[296.08,-27.4],[296.07,-27.35],[296.06,-27.3],[296.05,-27.27],[296.05,-27.25],[296.03,-27.2],[296.02,-27.15],[296.01,-27.1],[296,-27.07],[296,-27.05],[295.98,-27],[295.97,-26.95],[295.96,-26.9],[295.95,-26.87],[295.94,-26.85],[295.93,-26.8],[295.92,-26.75],[295.9,-26.7],[295.9,-26.68],[295.89,-26.65],[295.88,-26.6],[295.87,-26.55],[295.85,-26.5],[295.85,-26.48],[295.84,-26.45],[295.83,-26.4],[295.82,-26.35],[295.81,-26.3],[295.8,-26.25],[295.8,-26.23],[295.8,-26.2],[295.79,-26.15],[295.78,-26.1],[295.77,-26.05],[295.77,-26],[295.76,-25.95],[295.76,-25.9],[295.76,-25.85],[295.75,-25.8],[295.75,-25.77],[295.75,-25.75],[295.75,-25.7],[295.74,-25.65],[295.74,-25.6],[295.74,-25.55],[295.74,-25.5],[295.73,-25.45],[295.73,-25.4],[295.73,-25.35],[295.72,-25.3],[295.72,-25.25],[295.72,-25.2],[295.72,-25.15],[295.71,-25.1],[295.71,-25.05],[295.7,-25],[295.7,-24.96],[295.7,-24.95],[295.7,-24.9],[295.69,-24.85],[295.69,-24.8],[295.68,-24.75],[295.68,-24.7],[295.67,-24.65],[295.67,-24.6],[295.66,-24.55],[295.66,-24.5],[295.65,-24.45],[295.65,-24.43],[295.65,-24.4],[295.64,-24.35],[295.64,-24.3],[295.63,-24.25],[295.63,-24.2],[295.62,-24.15],[295.62,-24.1],[295.61,-24.05],[295.61,-24],[295.6,-23.95],[295.6,-23.94],[295.6,-23.9],[295.59,-23.85],[295.59,-23.8],[295.58,-23.75],[295.58,-23.7],[295.58,-23.65],[295.57,-23.6],[295.57,-23.55],[295.57,-23.5],[295.57,-23.45],[295.57,-23.4],[295.57,-23.35],[295.57,-23.3],[295.57,-23.25],[295.57,-23.2],[295.58,-23.15],[295.58,-23.1],[295.58,-23.05],[295.59,-23],[295.59,-22.95],[295.6,-22.9],[295.6,-22.86],[295.6,-22.85],[295.61,-22.8],[295.61,-22.75],[295.62,-22.7],[295.62,-22.65],[295.63,-22.6],[295.63,-22.55],[295.64,-22.5],[295.65,-22.45],[295.65,-22.42],[295.65,-22.4],[295.66,-22.35],[295.66,-22.3],[295.67,-22.25],[295.68,-22.2],[295.68,-22.15],[295.69,-22.1],[295.69,-22.05],[295.7,-22],[295.7,-21.98],[295.7,-21.95],[295.71,-21.9],[295.71,-21.85],[295.72,-21.8],[295.72,-21.75],[295.73,-21.7],[295.73,-21.65],[295.74,-21.6],[295.74,-21.55],[295.75,-21.5],[295.75,-21.45],[295.75,-21.45],[295.75,-21.4],[295.76,-21.35],[295.76,-21.3],[295.76,-21.25],[295.76,-21.2],[295.77,-21.15],[295.77,-21.1],[295.77,-21.05],[295.77,-21],[295.76,-20.95],[295.76,-20.9],[295.76,-20.85],[295.75,-20.8],[295.75,-20.78],[295.75,-20.75],[295.74,-20.7],[295.73,-20.65],[295.72,-20.6],[295.7,-20.55],[295.7,-20.54],[295.69,-20.5],[295.67,-20.45],[295.65,-20.4],[295.65,-20.39],[295.63,-20.35],[295.61,-20.3],[295.6,-20.28],[295.58,-20.25],[295.56,-20.2],[295.55,-20.19],[295.53,-20.15],[295.5,-20.1],[295.5,-20.1],[295.47,-20.05],[295.45,-20.03],[295.43,-20],[295.4,-19.95],[295.4,-19.95],[295.37,-19.9],[295.35,-19.87],[295.33,-19.85],[295.3,-19.8],[295.3,-19.8],[295.27,-19.75],[295.25,-19.72],[295.23,-19.7],[295.2,-19.65],[295.2,-19.65],[295.17,-19.6],[295.15,-19.57],[295.14,-19.55],[295.11,-19.5],[295.1,-19.48],[295.08,-19.45],[295.06,-19.4],[295.05,-19.39],[295.03,-19.35],[295,-19.3],[295,-19.29],[294.98,-19.25],[294.96,-19.2],[294.95,-19.18],[294.94,-19.15],[294.92,-19.1],[294.9,-19.06],[294.9,-19.05],[294.88,-19],[294.86,-18.95],[294.85,-18.92],[294.84,-18.9],[294.82,-18.85],[294.81,-18.8],[294.8,-18.77],[294.79,-18.75],[294.78,-18.7],[294.76,-18.65],[294.75,-18.61],[294.75,-18.6],[294.73,-18.55],[294.71,-18.5],[294.7,-18.45],[294.7,-18.45],[294.68,-18.4],[294.67,-18.35],[294.65,-18.3],[294.65,-18.3],[294.64,-18.25],[294.62,-18.2],[294.6,-18.15],[294.6,-18.14],[294.59,-18.1],[294.57,-18.05],[294.56,-18],[294.55,-17.98],[294.54,-17.95],[294.53,-17.9],[294.51,-17.85],[294.5,-17.81],[294.5,-17.8],[294.48,-17.75],[294.47,-17.7],[294.45,-17.65],[294.45,-17.64],[294.44,-17.6],[294.43,-17.55],[294.41,-17.5],[294.4,-17.46],[294.4,-17.45],[294.38,-17.4],[294.37,-17.35],[294.35,-17.3],[294.35,-17.3],[294.33,-17.25],[294.32,-17.2],[294.3,-17.15],[294.3,-17.15],[294.28,-17.1],[294.26,-17.05],[294.25,-17.02],[294.24,-17],[294.22,-16.95],[294.2,-16.9],[294.2,-16.9],[294.18,-16.85],[294.16,-16.8],[294.15,-16.79],[294.13,-16.75],[294.11,-16.7],[294.1,-16.68],[294.09,-16.65],[294.06,-16.6],[294.05,-16.58],[294.03,-16.55],[294.01,-16.5],[294,-16.48],[293.98,-16.45],[293.95,-16.4],[293.95,-16.39],[293.93,-16.35],[293.9,-16.3],[293.9,-16.3],[293.87,-16.25],[293.85,-16.22],[293.84,-16.2],[293.8,-16.15],[293.8,-16.14],[293.77,-16.1],[293.75,-16.07],[293.73,-16.05],[293.7,-16.01],[293.69,-16],[293.65,-15.95],[293.65,-15.95],[293.6,-15.9],[293.6,-15.9],[293.55,-15.85],[293.55,-15.85],[293.5,-15.81],[293.49,-15.8],[293.45,-15.77],[293.43,-15.75],[293.4,-15.73],[293.36,-15.7],[293.35,-15.7],[293.3,-15.67],[293.27,-15.65],[293.25,-15.64],[293.2,-15.61],[293.18,-15.6],[293.15,-15.58],[293.1,-15.56],[293.08,-15.55],[293.05,-15.54],[293,-15.51],[292.97,-15.5],[292.95,-15.49],[292.9,-15.47],[292.85,-15.45],[292.85,-15.45],[292.8,-15.43],[292.75,-15.4],[292.74,-15.4],[292.7,-15.38],[292.65,-15.36],[292.63,-15.35],[292.6,-15.34],[292.55,-15.31],[292.52,-15.3],[292.5,-15.29],[292.45,-15.27],[292.41,-15.25],[292.4,-15.25],[292.35,-15.22],[292.3,-15.2],[292.3,-15.2],[292.25,-15.18],[292.2,-15.15],[292.19,-15.15],[292.15,-15.13],[292.1,-15.11],[292.08,-15.1],[292.05,-15.09],[292,-15.07],[291.96,-15.05],[291.95,-15.04],[291.9,-15.02],[291.85,-15],[291.85,-15],[291.8,-14.98],[291.75,-14.96],[291.73,-14.95],[291.7,-14.94],[291.65,-14.91],[291.62,-14.9],[291.6,-14.89],[291.55,-14.87],[291.51,-14.85],[291.5,-14.85],[291.45,-14.82],[291.41,-14.8],[291.4,-14.8],[291.35,-14.77],[291.31,-14.75],[291.3,-14.75],[291.25,-14.72],[291.22,-14.7],[291.2,-14.69],[291.15,-14.66],[291.13,-14.65],[291.1,-14.63],[291.05,-14.6],[291.05,-14.6],[291,-14.57],[290.98,-14.55],[290.95,-14.53],[290.91,-14.5],[290.9,-14.5],[290.85,-14.46],[290.84,-14.45],[290.8,-14.42],[290.78,-14.4],[290.75,-14.38],[290.72,-14.35],[290.7,-14.33],[290.67,-14.3],[290.65,-14.28],[290.62,-14.25],[290.6,-14.23],[290.57,-14.2],[290.55,-14.18],[290.52,-14.15],[290.5,-14.12],[290.48,-14.1],[290.45,-14.06],[290.44,-14.05],[290.4,-14],[290.4,-14],[290.37,-13.95],[290.35,-13.93],[290.33,-13.9],[290.3,-13.85],[290.3,-13.85],[290.27,-13.8],[290.25,-13.77],[290.24,-13.75],[290.21,-13.7],[290.2,-13.68],[290.18,-13.65],[290.15,-13.6],[290.15,-13.59],[290.13,-13.55],[290.1,-13.5],[290.1,-13.49],[290.08,-13.45],[290.05,-13.4],[290.05,-13.39],[290.03,-13.35],[290.01,-13.3],[290,-13.28],[289.99,-13.25],[289.97,-13.2],[289.95,-13.16],[289.94,-13.15],[289.92,-13.1],[289.9,-13.05],[289.9,-13.04],[289.88,-13],[289.86,-12.95],[289.85,-12.92],[289.84,-12.9],[289.82,-12.85],[289.81,-12.8],[289.8,-12.79],[289.79,-12.75],[289.77,-12.7],[289.75,-12.65],[289.75,-12.65],[289.73,-12.6],[289.72,-12.55],[289.7,-12.51],[289.7,-12.5],[289.68,-12.45],[289.66,-12.4],[289.65,-12.36],[289.65,-12.35],[289.63,-12.3],[289.61,-12.25],[289.6,-12.21],[289.6,-12.2],[289.58,-12.15],[289.56,-12.1],[289.55,-12.06],[289.55,-12.05],[289.53,-12],[289.51,-11.95],[289.5,-11.91],[289.5,-11.9],[289.48,-11.85],[289.46,-11.8],[289.45,-11.77],[289.44,-11.75],[289.42,-11.7],[289.4,-11.65],[289.4,-11.64],[289.38,-11.6],[289.36,-11.55],[289.35,-11.52],[289.34,-11.5],[289.32,-11.45],[289.3,-11.4],[289.3,-11.4],[289.28,-11.35],[289.25,-11.3],[289.25,-11.29],[289.23,-11.25],[289.2,-11.2],[289.2,-11.19],[289.18,-11.15],[289.15,-11.1],[289.15,-11.09],[289.13,-11.05],[289.1,-11],[289.1,-11],[289.07,-10.95],[289.05,-10.91],[289.05,-10.9],[289.02,-10.85],[289,-10.82],[288.99,-10.8],[288.96,-10.75],[288.95,-10.72],[288.94,-10.7],[288.91,-10.65],[288.9,-10.63],[288.88,-10.6],[288.86,-10.55],[288.85,-10.53],[288.83,-10.5],[288.81,-10.45],[288.8,-10.43],[288.78,-10.4],[288.76,-10.35],[288.75,-10.33],[288.74,-10.3],[288.71,-10.25],[288.7,-10.22],[288.69,-10.2],[288.67,-10.15],[288.65,-10.1],[288.65,-10.1],[288.63,-10.05],[288.61,-10],[288.6,-9.97],[288.59,-9.95],[288.57,-9.9],[288.55,-9.85],[288.55,-9.84],[288.53,-9.8],[288.51,-9.75],[288.5,-9.71],[288.5,-9.7],[288.48,-9.65],[288.46,-9.6],[288.45,-9.58],[288.44,-9.55],[288.42,-9.5],[288.4,-9.46],[288.39,-9.45],[288.37,-9.4],[288.35,-9.35],[288.35,-9.35],[288.33,-9.3],[288.3,-9.25],[288.3,-9.24],[288.28,-9.2],[288.25,-9.15],[288.25,-9.15],[288.23,-9.1],[288.2,-9.05],[288.2,-9.05],[288.17,-9],[288.15,-8.96],[288.14,-8.95],[288.11,-8.9],[288.1,-8.88],[288.08,-8.85],[288.05,-8.8],[288.05,-8.79],[288.02,-8.75],[288,-8.71],[287.99,-8.7],[287.97,-8.65],[287.95,-8.62],[287.94,-8.6],[287.91,-8.55],[287.9,-8.52],[287.89,-8.5],[287.87,-8.45],[287.85,-8.4],[287.85,-8.4],[287.83,-8.35],[287.81,-8.3],[287.8,-8.25],[287.8,-8.25],[287.79,-8.2],[287.77,-8.15],[287.76,-8.1],[287.75,-8.05],[287.75,-8.04],[287.74,-8],[287.73,-7.95],[287.73,-7.9],[287.72,-7.85],[287.71,-7.8],[287.7,-7.75],[287.7,-7.75],[287.69,-7.7],[287.68,-7.65],[287.67,-7.6],[287.66,-7.55],[287.65,-7.5],[287.65,-7.48],[287.64,-7.45],[287.63,-7.4],[287.62,-7.35],[287.61,-7.3],[287.6,-7.25],[287.6,-7.25],[287.59,-7.2],[287.57,-7.15],[287.56,-7.1],[287.55,-7.06],[287.55,-7.05],[287.53,-7],[287.52,-6.95],[287.5,-6.9],[287.5,-6.9],[287.48,-6.85],[287.47,-6.8],[287.45,-6.75],[287.45,-6.75],[287.43,-6.7],[287.41,-6.65],[287.4,-6.62],[287.39,-6.6],[287.37,-6.55],[287.35,-6.5],[287.35,-6.5],[287.33,-6.45],[287.31,-6.4],[287.3,-6.39],[287.28,-6.35],[287.26,-6.3],[287.25,-6.28],[287.24,-6.25],[287.21,-6.2],[287.2,-6.17],[287.19,-6.15],[287.16,-6.1],[287.15,-6.07],[287.14,-6.05],[287.11,-6],[287.1,-5.98],[287.08,-5.95],[287.06,-5.9],[287.05,-5.89],[287.03,-5.85],[287,-5.8],[287,-5.79],[286.98,-5.75],[286.95,-5.71],[286.95,-5.7],[286.92,-5.65],[286.9,-5.62],[286.89,-5.6],[286.86,-5.55],[286.85,-5.53],[286.83,-5.5],[286.8,-5.45],[286.8,-5.45],[286.77,-5.4],[286.75,-5.36],[286.74,-5.35],[286.72,-5.3],[286.7,-5.27],[286.69,-5.25],[286.66,-5.2],[286.65,-5.19],[286.63,-5.15],[286.6,-5.1],[286.6,-5.1],[286.57,-5.05],[286.55,-5.01],[286.55,-5],[286.52,-4.95],[286.5,-4.91],[286.49,-4.9],[286.47,-4.85],[286.45,-4.81],[286.44,-4.8],[286.42,-4.75],[286.4,-4.71],[286.4,-4.7],[286.37,-4.65],[286.35,-4.6],[286.35,-4.6],[286.33,-4.55],[286.31,-4.5],[286.3,-4.47],[286.29,-4.45],[286.27,-4.4],[286.25,-4.35],[286.25,-4.34],[286.24,-4.3],[286.22,-4.25],[286.21,-4.2],[286.2,-4.18],[286.19,-4.15],[286.18,-4.1],[286.16,-4.05],[286.15,-4],[286.15,-4],[286.14,-3.95],[286.13,-3.9],[286.12,-3.85],[286.11,-3.8],[286.1,-3.76],[286.1,-3.75],[286.09,-3.7],[286.08,-3.65],[286.07,-3.6],[286.07,-3.55],[286.06,-3.5],[286.05,-3.45],[286.05,-3.43],[286.05,-3.4],[286.04,-3.35],[286.03,-3.3],[286.03,-3.25],[286.02,-3.2],[286.02,-3.15],[286.01,-3.1],[286.01,-3.05],[286.01,-3],[286,-2.95],[286,-2.94],[286,-2.9],[285.99,-2.85],[285.99,-2.8],[285.98,-2.75],[285.98,-2.7],[285.97,-2.65],[285.97,-2.6],[285.97,-2.55],[285.96,-2.5],[285.96,-2.45],[285.95,-2.4],[285.95,-2.39],[285.95,-2.35],[285.94,-2.3],[285.94,-2.25],[285.93,-2.2],[285.93,-2.15],[285.92,-2.1],[285.92,-2.05],[285.91,-2],[285.91,-1.95],[285.9,-1.9],[285.9,-1.89],[285.9,-1.85],[285.89,-1.8],[285.89,-1.75],[285.88,-1.7],[285.88,-1.65],[285.87,-1.6],[285.87,-1.55],[285.86,-1.5],[285.86,-1.45],[285.85,-1.4],[285.85,-1.38],[285.85,-1.35],[285.84,-1.3],[285.84,-1.25],[285.84,-1.2],[285.83,-1.15],[285.83,-1.1],[285.83,-1.05],[285.82,-1],[285.82,-0.95],[285.82,-0.9],[285.82,-0.85],[285.81,-0.8],[285.81,-0.75],[285.81,-0.7],[285.81,-0.65],[285.81,-0.6],[285.81,-0.55],[285.81,-0.5],[285.81,-0.45],[285.81,-0.4],[285.81,-0.35],[285.81,-0.3],[285.81,-0.25],[285.82,-0.2],[285.82,-0.15],[285.82,-0.1],[285.83,-0.05],[285.83,0],[285.83,0.05],[285.84,0.1],[285.84,0.15],[285.85,0.2],[285.85,0.24],[285.85,0.25],[285.86,0.3],[285.86,0.35],[285.87,0.4],[285.88,0.45],[285.88,0.5],[285.89,0.55],[285.9,0.6],[285.9,0.62],[285.9,0.65],[285.91,0.7],[285.92,0.75],[285.93,0.8],[285.94,0.85],[285.95,0.9],[285.95,0.91],[285.96,0.95],[285.97,1],[285.98,1.05],[285.99,1.1],[286,1.15],[286,1.16],[286.01,1.2],[286.02,1.25],[286.03,1.3],[286.04,1.35],[286.05,1.38],[286.05,1.4],[286.07,1.45],[286.08,1.5],[286.09,1.55],[286.1,1.58],[286.1,1.6],[286.12,1.65],[286.13,1.7],[286.14,1.75],[286.15,1.77],[286.16,1.8],[286.17,1.85],[286.19,1.9],[286.2,1.95],[286.2,1.95],[286.22,2],[286.23,2.05],[286.25,2.1],[286.25,2.11],[286.26,2.15],[286.28,2.2],[286.29,2.25],[286.3,2.27],[286.31,2.3],[286.33,2.35],[286.34,2.4],[286.35,2.42],[286.36,2.45],[286.38,2.5],[286.4,2.55],[286.4,2.56],[286.42,2.6],[286.43,2.65],[286.45,2.69],[286.45,2.7],[286.47,2.75],[286.49,2.8],[286.5,2.82],[286.51,2.85],[286.53,2.9],[286.55,2.95],[286.55,2.95],[286.57,3],[286.59,3.05],[286.6,3.07],[286.61,3.1],[286.64,3.15],[286.65,3.18],[286.66,3.2],[286.68,3.25],[286.7,3.3],[286.7,3.3],[286.73,3.35],[286.75,3.4],[286.75,3.4],[286.77,3.45],[286.8,3.5],[286.8,3.51],[286.82,3.55],[286.85,3.6],[286.85,3.61],[286.87,3.65],[286.9,3.7],[286.9,3.71],[286.92,3.75],[286.95,3.8],[286.95,3.8],[286.98,3.85],[287,3.89],[287,3.9],[287.03,3.95],[287.05,3.98],[287.06,4],[287.09,4.05],[287.1,4.07],[287.12,4.1],[287.15,4.15],[287.15,4.15],[287.18,4.2],[287.2,4.23],[287.21,4.25],[287.25,4.3],[287.25,4.31],[287.28,4.35],[287.3,4.38],[287.31,4.4],[287.35,4.45],[287.35,4.45],[287.38,4.5],[287.4,4.52],[287.42,4.55],[287.45,4.59],[287.46,4.6],[287.49,4.65],[287.5,4.66],[287.53,4.7],[287.55,4.73],[287.57,4.75],[287.6,4.79],[287.61,4.8],[287.64,4.85],[287.65,4.86],[287.68,4.9],[287.7,4.92],[287.72,4.95],[287.75,4.99],[287.76,5],[287.8,5.05],[287.8,5.06],[287.83,5.1],[287.85,5.12],[287.87,5.15],[287.9,5.19],[287.91,5.2],[287.94,5.25],[287.95,5.26],[287.98,5.3],[288,5.33],[288.01,5.35],[288.05,5.4],[288.05,5.4],[288.08,5.45],[288.1,5.48],[288.11,5.5],[288.15,5.55],[288.15,5.56]]}},{"type":"Feature","properties":{"zone":"sam","depth_km":300},"geometry":{"type":"LineString","coordinates":[[290.4,-40.25],[290.4,-40.2],[290.41,-40.15],[290.41,-40.1],[290.41,-40.05],[290.42,-40],[290.43,-39.95],[290.44,-39.9],[290.45,-39.85],[290.45,-39.83],[290.46,-39.8],[290.47,-39.75],[290.48,-39.7],[290.49,-39.65],[290.5,-39.61],[290.5,-39.6],[290.51,-39.55],[290.53,-39.5],[290.54,-39.45],[290.55,-39.42],[290.55,-39.4],[290.57,-39.35],[290.58,-39.3],[290.6,-39.25],[290.6,-39.24],[290.61,-39.2],[290.62,-39.15],[290.64,-39.1],[290.65,-39.06],[290.65,-39.05],[290.67,-39],[290.68,-38.95],[290.69,-38.9],[290.7,-38.87],[290.71,-38.85],[290.72,-38.8],[290.73,-38.75],[290.74,-38.7],[290.75,-38.67],[290.75,-38.65],[290.77,-38.6],[290.78,-38.55],[290.79,-38.5],[290.8,-38.45],[290.8,-38.44],[290.81,-38.4],[290.82,-38.35],[290.83,-38.3],[290.84,-38.25],[290.85,-38.2],[290.85,-38.19],[290.86,-38.15],[290.87,-38.1],[290.88,-38.05],[290.89,-38],[290.9,-37.95],[290.9,-37.94],[290.91,-37.9],[290.92,-37.85],[290.93,-37.8],[290.94,-37.75],[290.95,-37.73],[290.96,-37.7],[290.97,-37.65],[290.99,-37.6],[291,-37.56],[291,-37.55],[291.02,-37.5],[291.04,-37.45],[291.05,-37.43],[291.06,-37.4],[291.08,-37.35],[291.1,-37.32],[291.11,-37.3],[291.14,-37.25],[291.15,-37.22],[291.16,-37.2],[291.2,-37.15],[291.2,-37.14],[291.23,-37.1],[291.25,-37.07],[291.26,-37.05],[291.3,-37],[291.3,-37],[291.35,-36.95],[291.35,-36.94],[291.39,-36.9],[291.4,-36.89],[291.44,-36.85],[291.45,-36.84],[291.49,-36.8],[291.5,-36.79],[291.55,-36.75],[291.55,-36.75],[291.6,-36.7],[291.61,-36.7],[291.65,-36.67],[291.67,-36.65],[291.7,-36.63],[291.74,-36.6],[291.75,-36.59],[291.8,-36.56],[291.82,-36.55],[291.85,-36.53],[291.9,-36.5],[291.9,-36.5],[291.95,-36.47],[291.99,-36.45],[292,-36.45],[292.05,-36.42],[292.09,-36.4],[292.1,-36.4],[292.15,-36.37],[292.19,-36.35],[292.2,-36.35],[292.25,-36.32],[292.3,-36.3],[292.3,-36.3],[292.35,-36.27],[292.4,-36.25],[292.4,-36.25],[292.45,-36.22],[292.49,-36.2],[292.5,-36.19],[292.55,-36.16],[292.57,-36.15],[292.6,-36.13],[292.64,-36.1],[292.65,-36.09],[292.7,-36.05],[292.7,-36.05],[292.75,-36.01],[292.76,-36],[292.8,-35.96],[292.81,-35.95],[292.85,-35.9],[292.85,-35.9],[292.89,-35.85],[292.9,-35.83],[292.92,-35.8],[292.95,-35.76],[292.95,-35.75],[292.98,-35.7],[293,-35.67],[293.01,-35.65],[293.04,-35.6],[293.05,-35.57],[293.06,-35.55],[293.08,-35.5],[293.1,-35.46],[293.1,-35.45],[293.12,-35.4],[293.14,-35.35],[293.15,-35.33],[293.16,-35.3],[293.18,-35.25],[293.2,-35.21],[293.2,-35.2],[293.22,-35.15],[293.24,-35.1],[293.25,-35.09],[293.27,-35.05],[293.29,-35],[293.3,-34.97],[293.31,-34.95],[293.34,-34.9],[293.35,-34.88],[293.37,-34.85],[293.4,-34.8],[293.4,-34.79],[293.43,-34.75],[293.45,-34.72],[293.46,-34.7],[293.5,-34.66],[293.5,-34.65],[293.55,-34.6],[293.55,-34.6],[293.6,-34.55],[293.6,-34.55],[293.65,-34.5],[293.65,-34.5],[293.7,-34.46],[293.72,-34.45],[293.75,-34.42],[293.79,-34.4],[293.8,-34.39],[293.85,-34.36],[293.87,-34.35],[293.9,-34.34],[293.95,-34.31],[293.98,-34.3],[294,-34.29],[294.05,-34.27],[294.1,-34.25],[294.11,-34.25],[294.15,-34.24],[294.2,-34.22],[294.25,-34.21],[294.28,-34.2],[294.3,-34.19],[294.35,-34.18],[294.4,-34.16],[294.44,-34.15],[294.45,-34.15],[294.5,-34.13],[294.55,-34.11],[294.57,-34.1],[294.6,-34.09],[294.65,-34.06],[294.67,-34.05],[294.7,-34.03],[294.75,-34.01],[294.76,-34],[294.8,-33.97],[294.84,-33.95],[294.85,-33.94],[294.9,-33.9],[294.91,-33.9],[294.95,-33.86],[294.97,-33.85],[295,-33.82],[295.03,-33.8],[295.05,-33.78],[295.08,-33.75],[295.1,-33.73],[295.13,-33.7],[295.15,-33.68],[295.18,-33.65],[295.2,-33.63],[295.23,-33.6],[295.25,-33.58],[295.27,-33.55],[295.3,-33.52],[295.32,-33.5],[295.35,-33.46],[295.36,-33.45],[295.4,-33.4],[295.4,-33.4],[295.44,-33.35],[295.45,-33.34],[295.48,-33.3],[295.5,-33.28],[295.52,-33.25],[295.55,-33.22],[295.56,-33.2],[295.6,-33.15],[295.6,-33.15],[295.63,-33.1],[295.65,-33.08],[295.67,-33.05],[295.7,-33.01],[295.7,-33],[295.74,-32.95],[295.75,-32.93],[295.77,-32.9],[295.8,-32.85],[295.8,-32.85],[295.83,-32.8],[295.85,-32.77],[295.86,-32.75],[295.89,-32.7],[295.9,-32.69],[295.92,-32.65],[295.95,-32.6],[295.95,-32.59],[295.97,-32.55],[295.99,-32.5],[296,-32.49],[296.02,-32.45],[296.04,-32.4],[296.05,-32.37],[296.06,-32.35],[296.08,-32.3],[296.1,-32.25],[296.1,-32.25],[296.12,-32.2],[296.13,-32.15],[296.15,-32.1],[296.15,-32.1],[296.16,-32.05],[296.18,-32],[296.19,-31.95],[296.2,-31.92],[296.2,-31.9],[296.22,-31.85],[296.23,-31.8],[296.24,-31.75],[296.25,-31.7],[296.25,-31.68],[296.26,-31.65],[296.26,-31.6],[296.27,-31.55],[296.28,-31.5],[296.28,-31.45],[296.28,-31.4],[296.29,-31.35],[296.29,-31.3],[296.29,-31.25],[296.29,-31.2],[296.29,-31.15],[296.28,-31.1],[296.28,-31.05],[296.28,-31],[296.27,-30.95],[296.26,-30.9],[296.26,-30.85],[296.25,-30.8],[296.25,-30.8],[296.24,-30.75],[296.23,-30.7],[296.22,-30.65],[296.21,-30.6],[296.2,-30.55],[296.2,-30.55],[296.19,-30.5],[296.18,-30.45],[296.16,-30.4],[296.15,-30.35],[296.15,-30.34],[296.14,-30.3],[296.13,-30.25],[296.11,-30.2],[296.1,-30.16],[296.1,-30.15],[296.08,-30.1],[296.07,-30.05],[296.06,-30],[296.05,-29.98],[296.04,-29.95],[296.03,-29.9],[296.02,-29.85],[296,-29.8],[296,-29.78],[295.99,-29.75],[295.98,-29.7],[295.97,-29.65],[295.96,-29.6],[295.95,-29.55],[295.95,-29.55],[295.94,-29.5],[295.93,-29.45],[295.92,-29.4],[295.92,-29.35],[295.91,-29.3],[295.9,-29.25],[295.9,-29.25],[295.89,-29.2],[295.89,-29.15],[295.88,-29.1],[295.87,-29.05],[295.86,-29],[295.86,-28.95],[295.85,-28.92],[295.85,-28.9],[295.84,-28.85],[295.83,-28.8],[295.82,-28.75],[295.81,-28.7],[295.8,-28.66],[295.8,-28.65],[295.79,-28.6],[295.77,-28.55],[295.76,-28.5],[295.75,-28.45],[295.75,-28.45],[295.73,-28.4],[295.72,-28.35],[295.71,-28.3],[295.7,-28.28],[295.69,-28.25],[295.67,-28.2],[295.66,-28.15],[295.65,-28.13],[295.64,-28.1],[295.62,-28.05],[295.61,-28],[295.6,-27.98],[295.59,-27.95],[295.57,-27.9],[295.55,-27.85],[295.55,-27.85],[295.53,-27.8],[295.51,-27.75],[295.5,-27.72],[295.49,-27.7],[295.47,-27.65],[295.45,-27.6],[295.45,-27.6],[295.43,-27.55],[295.41,-27.5],[295.4,-27.48],[295.39,-27.45],[295.37,-27.4],[295.35,-27.36],[295.34,-27.35],[295.32,-27.3],[295.3,-27.25],[295.3,-27.25],[295.28,-27.2],[295.26,-27.15],[295.25,-27.12],[295.24,-27.1],[295.22,-27.05],[295.2,-27],[295.2,-27],[295.18,-26.95],[295.17,-26.9],[295.15,-26.85],[295.15,-26.85],[295.14,-26.8],[295.12,-26.75],[295.11,-26.7],[295.1,-26.67],[295.1,-26.65],[295.08,-26.6],[295.07,-26.55],[295.06,-26.5],[295.05,-26.45],[295.05,-26.43],[295.05,-26.4],[295.04,-26.35],[295.03,-26.3],[295.02,-26.25],[295.02,-26.2],[295.01,-26.15],[295,-26.1],[295,-26.06],[295,-26.05],[294.99,-26],[294.99,-25.95],[294.98,-25.9],[294.98,-25.85],[294.97,-25.8],[294.97,-25.75],[294.96,-25.7],[294.96,-25.65],[294.95,-25.6],[294.95,-25.55],[294.95,-25.55],[294.95,-25.5],[294.94,-25.45],[294.94,-25.4],[294.93,-25.35],[294.93,-25.3],[294.93,-25.25],[294.93,-25.2],[294.92,-25.15],[294.92,-25.1],[294.92,-25.05],[294.92,-25],[294.92,-24.95],[294.92,-24.9],[294.91,-24.85],[294.91,-24.8],[294.91,-24.75],[294.91,-24.7],[294.91,-24.65],[294.91,-24.6],[294.91,-24.55],[294.9,-24.5],[294.9,-24.45],[294.9,-24.43],[294.9,-24.4],[294.89,-24.35],[294.89,-24.3],[294.88,-24.25],[294.88,-24.2],[294.87,-24.15],[294.86,-24.1],[294.86,-24.05],[294.85,-24.01],[294.85,-24],[294.84,-23.95],[294.83,-23.9],[294.82,-23.85],[294.81,-23.8],[294.8,-23.75],[294.8,-23.74],[294.79,-23.7],[294.78,-23.65],[294.77,-23.6],[294.76,-23.55],[294.75,-23.5],[294.75,-23.49],[294.74,-23.45],[294.73,-23.4],[294.73,-23.35],[294.72,-23.3],[294.71,-23.25],[294.71,-23.2],[294.7,-23.15],[294.7,-23.15],[294.7,-23.1],[294.69,-23.05],[294.69,-23],[294.69,-22.95],[294.69,-22.9],[294.69,-22.85],[294.69,-22.8],[294.69,-22.75],[294.69,-22.7],[294.7,-22.65],[294.7,-22.61],[294.7,-22.6],[294.71,-22.55],[294.71,-22.5],[294.72,-22.45],[294.73,-22.4],[294.73,-22.35],[294.74,-22.3],[294.75,-22.25],[294.75,-22.25],[294.76,-22.2],[294.76,-22.15],[294.77,-22.1],[294.78,-22.05],[294.79,-22],[294.79,-21.95],[294.8,-21.9],[294.8,-21.87],[294.8,-21.85],[294.81,-21.8],[294.81,-21.75],[294.81,-21.7],[294.81,-21.65],[294.82,-21.6],[294.82,-21.55],[294.82,-21.5],[294.82,-21.45],[294.81,-21.4],[294.81,-21.35],[294.81,-21.3],[294.81,-21.25],[294.8,-21.2],[294.8,-21.19],[294.8,-21.15],[294.79,-21.1],[294.78,-21.05],[294.78,-21],[294.77,-20.95],[294.76,-20.9],[294.75,-20.86],[294.75,-20.85],[294.74,-20.8],[294.72,-20.75],[294.71,-20.7],[294.7,-20.66],[294.7,-20.65],[294.68,-20.6],[294.66,-20.55],[294.65,-20.51],[294.64,-20.5],[294.63,-20.45],[294.61,-20.4],[294.6,-20.39],[294.59,-20.35],[294.56,-20.3],[294.55,-20.27],[294.54,-20.25],[294.52,-20.2],[294.5,-20.16],[294.49,-20.15],[294.47,-20.1],[294.45,-20.06],[294.45,-20.05],[294.42,-20],[294.4,-19.96],[294.4,-19.95],[294.37,-19.9],[294.35,-19.86],[294.34,-19.85],[294.32,-19.8],[294.3,-19.76],[294.29,-19.75],[294.27,-19.7],[294.25,-19.66],[294.24,-19.65],[294.22,-19.6],[294.2,-19.56],[294.2,-19.55],[294.17,-19.5],[294.15,-19.45],[294.15,-19.45],[294.13,-19.4],[294.11,-19.35],[294.1,-19.33],[294.09,-19.3],[294.07,-19.25],[294.05,-19.2],[294.05,-19.19],[294.04,-19.15],[294.02,-19.1],[294.01,-19.05],[294,-19.03],[293.99,-19],[293.98,-18.95],[293.96,-18.9],[293.95,-18.85],[293.95,-18.85],[293.94,-18.8],[293.92,-18.75],[293.91,-18.7],[293.9,-18.68],[293.89,-18.65],[293.88,-18.6],[293.86,-18.55],[293.85,-18.51],[293.85,-18.5],[293.83,-18.45],[293.81,-18.4],[293.8,-18.36],[293.8,-18.35],[293.78,-18.3],[293.76,-18.25],[293.75,-18.22],[293.74,-18.2],[293.72,-18.15],[293.71,-18.1],[293.7,-18.08],[293.69,-18.05],[293.67,-18],[293.65,-17.95],[293.65,-17.94],[293.63,-17.9],[293.62,-17.85],[293.6,-17.81],[293.6,-17.8],[293.58,-17.75],[293.56,-17.7],[293.55,-17.68],[293.54,-17.65],[293.52,-17.6],[293.5,-17.56],[293.49,-17.55],[293.47,-17.5],[293.45,-17.46],[293.45,-17.45],[293.42,-17.4],[293.4,-17.35],[293.4,-17.35],[293.37,-17.3],[293.35,-17.26],[293.35,-17.25],[293.32,-17.2],[293.3,-17.17],[293.29,-17.15],[293.26,-17.1],[293.25,-17.08],[293.23,-17.05],[293.21,-17],[293.2,-16.99],[293.18,-16.95],[293.15,-16.91],[293.15,-16.9],[293.12,-16.85],[293.1,-16.83],[293.08,-16.8],[293.05,-16.75],[293.05,-16.75],[293.02,-16.7],[293,-16.68],[292.98,-16.65],[292.95,-16.61],[292.94,-16.6],[292.9,-16.55],[292.9,-16.55],[292.85,-16.5],[292.85,-16.49],[292.81,-16.45],[292.8,-16.44],[292.75,-16.4],[292.75,-16.4],[292.7,-16.35],[292.7,-16.35],[292.65,-16.31],[292.64,-16.3],[292.6,-16.27],[292.57,-16.25],[292.55,-16.23],[292.51,-16.2],[292.5,-16.2],[292.45,-16.16],[292.44,-16.15],[292.4,-16.13],[292.36,-16.1],[292.35,-16.09],[292.3,-16.06],[292.29,-16.05],[292.25,-16.02],[292.21,-16],[292.2,-15.99],[292.15,-15.96],[292.14,-15.95],[292.1,-15.93],[292.06,-15.9],[292.05,-15.9],[292,-15.87],[291.97,-15.85],[291.95,-15.84],[291.9,-15.81],[291.89,-15.8],[291.85,-15.78],[291.8,-15.75],[291.8,-15.75],[291.75,-15.72],[291.71,-15.7],[291.7,-15.69],[291.65,-15.67],[291.62,-15.65],[291.6,-15.64],[291.55,-15.61],[291.53,-15.6],[291.5,-15.58],[291.45,-15.56],[291.44,-15.55],[291.4,-15.53],[291.35,-15.5],[291.35,-15.5],[291.3,-15.47],[291.26,-15.45],[291.25,-15.44],[291.2,-15.41],[291.18,-15.4],[291.15,-15.38],[291.1,-15.35],[291.09,-15.35],[291.05,-15.32],[291.01,-15.3],[291,-15.29],[290.95,-15.26],[290.94,-15.25],[290.9,-15.22],[290.86,-15.2],[290.85,-15.19],[290.8,-15.15],[290.79,-15.15],[290.75,-15.12],[290.73,-15.1],[290.7,-15.08],[290.66,-15.05],[290.65,-15.04],[290.6,-15],[290.6,-15],[290.55,-14.96],[290.54,-14.95],[290.5,-14.91],[290.49,-14.9],[290.45,-14.87],[290.43,-14.85],[290.4,-14.82],[290.38,-14.8],[290.35,-14.77],[290.33,-14.75],[290.3,-14.71],[290.29,-14.7],[290.25,-14.66],[290.24,-14.65],[290.2,-14.6],[290.2,-14.6],[290.17,-14.55],[290.15,-14.53],[290.13,-14.5],[290.1,-14.46],[290.1,-14.45],[290.06,-14.4],[290.05,-14.38],[290.03,-14.35],[290,-14.3],[290,-14.29],[289.98,-14.25],[289.95,-14.2],[289.95,-14.2],[289.93,-14.15],[289.9,-14.1],[289.9,-14.1],[289.88,-14.05],[289.86,-14],[289.85,-13.99],[289.83,-13.95],[289.81,-13.9],[289.8,-13.87],[289.79,-13.85],[289.77,-13.8],[289.75,-13.75],[289.75,-13.75],[289.73,-13.7],[289.71,-13.65],[289.7,-13.62],[289.69,-13.6],[289.67,-13.55],[289.65,-13.5],[289.65,-13.49],[289.63,-13.45],[289.62,-13.4],[289.6,-13.35],[289.6,-13.35],[289.58,-13.3],[289.56,-13.25],[289.55,-13.21],[289.55,-13.2],[289.53,-13.15],[289.51,-13.1],[289.5,-13.07],[289.49,-13.05],[289.48,-13],[289.46,-12.95],[289.45,-12.91],[289.45,-12.9],[289.43,-12.85],[289.42,-12.8],[289.4,-12.75],[289.4,-12.74],[289.39,-12.7],[289.38,-12.65],[289.36,-12.6],[289.35,-12.55],[289.35,-12.55],[289.34,-12.5],[289.32,-12.45],[289.31,-12.4],[289.3,-12.37],[289.3,-12.35],[289.28,-12.3],[289.27,-12.25],[289.25,-12.2],[289.25,-12.19],[289.24,-12.15],[289.22,-12.1],[289.21,-12.05],[289.2,-12.02],[289.19,-12],[289.18,-11.95],[289.16,-11.9],[289.15,-11.87],[289.14,-11.85],[289.13,-11.8],[289.11,-11.75],[289.1,-11.73],[289.09,-11.7],[289.07,-11.65],[289.05,-11.61],[289.05,-11.6],[289.02,-11.55],[289,-11.5],[289,-11.5],[288.98,-11.45],[288.95,-11.4],[288.95,-11.4],[288.92,-11.35],[288.9,-11.3],[288.9,-11.3],[288.87,-11.25],[288.85,-11.22],[288.84,-11.2],[288.81,-11.15],[288.8,-11.13],[288.78,-11.1],[288.75,-11.05],[288.75,-11.05],[288.72,-11],[288.7,-10.97],[288.69,-10.95],[288.65,-10.9],[288.65,-10.89],[288.62,-10.85],[288.6,-10.82],[288.59,-10.8],[288.55,-10.75],[288.55,-10.74],[288.52,-10.7],[288.5,-10.67],[288.49,-10.65],[288.45,-10.6],[288.45,-10.59],[288.42,-10.55],[288.4,-10.52],[288.39,-10.5],[288.35,-10.45],[288.35,-10.44],[288.32,-10.4],[288.3,-10.37],[288.29,-10.35],[288.26,-10.3],[288.25,-10.29],[288.22,-10.25],[288.2,-10.21],[288.19,-10.2],[288.16,-10.15],[288.15,-10.13],[288.13,-10.1],[288.1,-10.05],[288.1,-10.05],[288.07,-10],[288.05,-9.97],[288.04,-9.95],[288,-9.9],[288,-9.89],[287.97,-9.85],[287.95,-9.82],[287.94,-9.8],[287.91,-9.75],[287.9,-9.74],[287.87,-9.7],[287.85,-9.67],[287.83,-9.65],[287.8,-9.6],[287.8,-9.6],[287.76,-9.55],[287.75,-9.54],[287.72,-9.5],[287.7,-9.48],[287.68,-9.45],[287.65,-9.42],[287.64,-9.4],[287.6,-9.36],[287.59,-9.35],[287.55,-9.3],[287.55,-9.3],[287.5,-9.25],[287.5,-9.25],[287.46,-9.2],[287.45,-9.19],[287.42,-9.15],[287.4,-9.13],[287.37,-9.1],[287.35,-9.07],[287.33,-9.05],[287.3,-9.01],[287.29,-9],[287.26,-8.95],[287.25,-8.94],[287.23,-8.9],[287.2,-8.86],[287.2,-8.85],[287.17,-8.8],[287.15,-8.76],[287.15,-8.75],[287.13,-8.7],[287.11,-8.65],[287.1,-8.61],[287.1,-8.6],[287.08,-8.55],[287.08,-8.5],[287.07,-8.45],[287.06,-8.4],[287.06,-8.35],[287.06,-8.3],[287.06,-8.25],[287.06,-8.2],[287.06,-8.15],[287.06,-8.1],[287.06,-8.05],[287.06,-8],[287.06,-7.95],[287.06,-7.9],[287.06,-7.85],[287.06,-7.8],[287.06,-7.75],[287.05,-7.7],[287.05,-7.65],[287.05,-7.65],[287.05,-7.6],[287.04,-7.55],[287.03,-7.5],[287.02,-7.45],[287.02,-7.4],[287.01,-7.35],[287,-7.32],[287,-7.3],[286.99,-7.25],[286.97,-7.2],[286.96,-7.15],[286.95,-7.11],[286.95,-7.1],[286.93,-7.05],[286.92,-7],[286.9,-6.95],[286.9,-6.95],[286.88,-6.9],[286.86,-6.85],[286.85,-6.81],[286.85,-6.8],[286.83,-6.75],[286.81,-6.7],[286.8,-6.69],[286.78,-6.65],[286.76,-6.6],[286.75,-6.57],[286.74,-6.55],[286.72,-6.5],[286.7,-6.47],[286.69,-6.45],[286.67,-6.4],[286.65,-6.37],[286.64,-6.35],[286.62,-6.3],[286.6,-6.27],[286.59,-6.25],[286.56,-6.2],[286.55,-6.18],[286.53,-6.15],[286.51,-6.1],[286.5,-6.09],[286.48,-6.05],[286.45,-6],[286.45,-6],[286.42,-5.95],[286.4,-5.91],[286.39,-5.9],[286.37,-5.85],[286.35,-5.82],[286.34,-5.8],[286.31,-5.75],[286.3,-5.74],[286.28,-5.7],[286.25,-5.65],[286.25,-5.65],[286.22,-5.6],[286.2,-5.56],[286.19,-5.55],[286.17,-5.5],[286.15,-5.47],[286.14,-5.45],[286.11,-5.4],[286.1,-5.38],[286.08,-5.35],[286.06,-5.3],[286.05,-5.28],[286.03,-5.25],[286.01,-5.2],[286,-5.19],[285.98,-5.15],[285.96,-5.1],[285.95,-5.08],[285.93,-5.05],[285.91,-5],[285.9,-4.97],[285.89,-4.95],[285.87,-4.9],[285.85,-4.85],[285.85,-4.85],[285.83,-4.8],[285.81,-4.75],[285.8,-4.72],[285.79,-4.7],[285.77,-4.65],[285.76,-4.6],[285.75,-4.58],[285.74,-4.55],[285.73,-4.5],[285.71,-4.45],[285.7,-4.41],[285.7,-4.4],[285.69,-4.35],[285.67,-4.3],[285.66,-4.25],[285.65,-4.2],[285.65,-4.2],[285.64,-4.15],[285.63,-4.1],[285.62,-4.05],[285.61,-4],[285.6,-3.95],[285.6,-3.93],[285.59,-3.9],[285.59,-3.85],[285.58,-3.8],[285.57,-3.75],[285.57,-3.7],[285.56,-3.65],[285.55,-3.6],[285.55,-3.58],[285.55,-3.55],[285.54,-3.5],[285.53,-3.45],[285.53,-3.4],[285.52,-3.35],[285.51,-3.3],[285.51,-3.25],[285.5,-3.2],[285.5,-3.19],[285.49,-3.15],[285.49,-3.1],[285.48,-3.05],[285.47,-3],[285.46,-2.95],[285.45,-2.9],[285.45,-2.88],[285.45,-2.85],[285.44,-2.8],[285.43,-2.75],[285.42,-2.7],[285.41,-2.65],[285.4,-2.63],[285.39,-2.6],[285.38,-2.55],[285.37,-2.5],[285.36,-2.45],[285.35,-2.42],[285.35,-2.4],[285.33,-2.35],[285.32,-2.3],[285.31,-2.25],[285.3,-2.23],[285.29,-2.2],[285.28,-2.15],[285.26,-2.1],[285.25,-2.06],[285.25,-2.05],[285.23,-2],[285.22,-1.95],[285.2,-1.9],[285.2,-1.89],[285.19,-1.85],[285.17,-1.8],[285.16,-1.75],[285.15,-1.72],[285.14,-1.7],[285.13,-1.65],[285.11,-1.6],[285.1,-1.56],[285.1,-1.55],[285.08,-1.5],[285.07,-1.45],[285.06,-1.4],[285.05,-1.38],[285.04,-1.35],[285.03,-1.3],[285.02,-1.25],[285,-1.2],[285,-1.19],[284.99,-1.15],[284.98,-1.1],[284.97,-1.05],[284.96,-1],[284.95,-0.96],[284.95,-0.95],[284.94,-0.9],[284.93,-0.85],[284.92,-0.8],[284.91,-0.75],[284.9,-0.7],[284.9,-0.67],[284.9,-0.65],[284.89,-0.6],[284.89,-0.55],[284.88,-0.5],[284.88,-0.45],[284.87,-0.4],[284.87,-0.35],[284.87,-0.3],[284.87,-0.25],[284.86,-0.2],[284.86,-0.15],[284.86,-0.1],[284.86,-0.05],[284.86,0],[284.87,0.05],[284.87,0.1],[284.87,0.15],[284.87,0.2],[284.88,0.25],[284.88,0.3],[284.89,0.35],[284.89,0.4],[284.9,0.45],[284.9,0.46],[284.9,0.5],[284.91,0.55],[284.92,0.6],[284.93,0.65],[284.93,0.7],[284.94,0.75],[284.95,0.79],[284.95,0.8],[284.96,0.85],[284.97,0.9],[284.98,0.95],[284.99,1],[285,1.04],[285,1.05],[285.01,1.1],[285.02,1.15],[285.04,1.2],[285.05,1.25],[285.05,1.26],[285.06,1.3],[285.07,1.35],[285.09,1.4],[285.1,1.45],[285.1,1.45],[285.11,1.5],[285.13,1.55],[285.14,1.6],[285.15,1.63],[285.15,1.65],[285.17,1.7],[285.18,1.75],[285.2,1.8],[285.2,1.8],[285.21,1.85],[285.23,1.9],[285.25,1.95],[285.25,1.96],[285.26,2],[285.28,2.05],[285.3,2.1],[285.3,2.11],[285.31,2.15],[285.33,2.2],[285.35,2.25],[285.35,2.26],[285.37,2.3],[285.39,2.35],[285.4,2.39],[285.4,2.4],[285.42,2.45],[285.44,2.5],[285.45,2.51],[285.46,2.55],[285.49,2.6],[285.5,2.63],[285.51,2.65],[285.53,2.7],[285.55,2.74],[285.55,2.75],[285.58,2.8],[285.6,2.85],[285.6,2.85],[285.63,2.9],[285.65,2.95],[285.65,2.95],[285.68,3],[285.7,3.04],[285.7,3.05],[285.73,3.1],[285.75,3.13],[285.76,3.15],[285.79,3.2],[285.8,3.22],[285.82,3.25],[285.85,3.3],[285.85,3.3],[285.88,3.35],[285.9,3.38],[285.91,3.4],[285.95,3.45],[285.95,3.45],[285.98,3.5],[286,3.53],[286.02,3.55],[286.05,3.6],[286.05,3.6],[286.09,3.65],[286.1,3.67],[286.12,3.7],[286.15,3.73],[286.16,3.75],[286.2,3.8],[286.2,3.8],[286.24,3.85],[286.25,3.86],[286.28,3.9],[286.3,3.93],[286.32,3.95],[286.35,3.99],[286.36,4],[286.4,4.05],[286.4,4.05],[286.44,4.1],[286.45,4.11],[286.48,4.15],[286.5,4.17],[286.52,4.2],[286.55,4.24],[286.56,4.25],[286.6,4.3],[286.6,4.3],[286.64,4.35],[286.65,4.36],[286.68,4.4],[286.7,4.42],[286.72,4.45],[286.75,4.49],[286.76,4.5],[286.8,4.55],[286.8,4.55],[286.84,4.6],[286.85,4.61],[286.88,4.65],[286.9,4.67],[286.92,4.7],[286.95,4.74],[286.96,4.75],[287,4.8],[287,4.8],[287.04,4.85],[287.05,4.86],[287.08,4.9],[287.1,4.93],[287.12,4.95],[287.15,4.99],[287.16,5],[287.2,5.05],[287.2,5.05],[287.24,5.1],[287.25,5.12],[287.28,5.15],[287.3,5.18],[287.32,5.2],[287.35,5.24],[287.35,5.25],[287.39,5.3],[287.4,5.31],[287.43,5.35],[287.45,5.37],[287.47,5.4],[287.5,5.44],[287.51,5.45],[287.54,5.5],[287.55,5.51],[287.58,5.55],[287.6,5.58],[287.61,5.6],[287.65,5.65],[287.65,5.65],[287.68,5.7],[287.7,5.73],[287.71,5.75],[287.74,5.8],[287.75,5.81],[287.77,5.85],[287.8,5.9],[287.8,5.9],[287.83,5.95],[287.85,5.99]]}},{"type":"Feature","properties":{"zone":"sam","depth_km":200},"geometry":{"type":"LineString","coordinates":[[289.23,-41.6],[289.23,-41.55],[289.24,-41.5],[289.25,-41.45],[289.25,-41.43],[289.25,-41.4],[289.26,-41.35],[289.27,-41.3],[289.27,-41.25],[289.28,-41.2],[289.29,-41.15],[289.29,-41.1],[289.3,-41.06],[289.3,-41.05],[289.31,-41],[289.32,-40.95],[289.32,-40.9],[289.33,-40.85],[289.34,-40.8],[289.35,-40.75],[289.35,-40.74],[289.36,-40.7],[289.37,-40.65],[289.38,-40.6],[289.39,-40.55],[289.4,-40.5],[289.4,-40.48],[289.41,-40.45],[289.42,-40.4],[289.43,-40.35],[289.44,-40.3],[289.45,-40.26],[289.45,-40.25],[289.46,-40.2],[289.48,-40.15],[289.49,-40.1],[289.5,-40.06],[289.5,-40.05],[289.52,-40],[289.53,-39.95],[289.55,-39.9],[289.55,-39.88],[289.56,-39.85],[289.57,-39.8],[289.59,-39.75],[289.6,-39.72],[289.61,-39.7],[289.62,-39.65],[289.64,-39.6],[289.65,-39.56],[289.65,-39.55],[289.67,-39.5],[289.68,-39.45],[289.7,-39.4],[289.7,-39.4],[289.72,-39.35],[289.73,-39.3],[289.75,-39.25],[289.75,-39.24],[289.76,-39.2],[289.78,-39.15],[289.79,-39.1],[289.8,-39.07],[289.81,-39.05],[289.82,-39],[289.83,-38.95],[289.85,-38.9],[289.85,-38.89],[289.86,-38.85],[289.87,-38.8],[289.88,-38.75],[289.9,-38.7],[289.9,-38.68],[289.91,-38.65],[289.92,-38.6],[289.93,-38.55],[289.94,-38.5],[289.95,-38.45],[289.95,-38.44],[289.96,-38.4],[289.97,-38.35],[289.97,-38.3],[289.98,-38.25],[289.99,-38.2],[290,-38.15],[290,-38.12],[290,-38.1],[290.01,-38.05],[290.02,-38],[290.02,-37.95],[290.03,-37.9],[290.03,-37.85],[290.04,-37.8],[290.05,-37.75],[290.05,-37.73],[290.05,-37.7],[290.06,-37.65],[290.07,-37.6],[290.08,-37.55],[290.09,-37.5],[290.09,-37.45],[290.1,-37.42],[290.1,-37.4],[290.12,-37.35],[290.13,-37.3],[290.14,-37.25],[290.15,-37.21],[290.15,-37.2],[290.17,-37.15],[290.18,-37.1],[290.2,-37.05],[290.2,-37.04],[290.22,-37],[290.23,-36.95],[290.25,-36.91],[290.25,-36.9],[290.27,-36.85],[290.29,-36.8],[290.3,-36.79],[290.32,-36.75],[290.34,-36.7],[290.35,-36.68],[290.36,-36.65],[290.39,-36.6],[290.4,-36.58],[290.42,-36.55],[290.45,-36.5],[290.45,-36.49],[290.48,-36.45],[290.5,-36.41],[290.51,-36.4],[290.54,-36.35],[290.55,-36.33],[290.57,-36.3],[290.6,-36.26],[290.61,-36.25],[290.64,-36.2],[290.65,-36.19],[290.68,-36.15],[290.7,-36.13],[290.72,-36.1],[290.75,-36.06],[290.76,-36.05],[290.8,-36],[290.8,-36],[290.84,-35.95],[290.85,-35.94],[290.89,-35.9],[290.9,-35.88],[290.93,-35.85],[290.95,-35.83],[290.97,-35.8],[291,-35.77],[291.02,-35.75],[291.05,-35.71],[291.06,-35.7],[291.1,-35.65],[291.1,-35.65],[291.14,-35.6],[291.15,-35.59],[291.19,-35.55],[291.2,-35.53],[291.23,-35.5],[291.25,-35.47],[291.27,-35.45],[291.3,-35.41],[291.31,-35.4],[291.35,-35.35],[291.35,-35.35],[291.39,-35.3],[291.4,-35.29],[291.43,-35.25],[291.45,-35.23],[291.47,-35.2],[291.5,-35.16],[291.51,-35.15],[291.55,-35.1],[291.55,-35.1],[291.59,-35.05],[291.6,-35.04],[291.63,-35],[291.65,-34.97],[291.67,-34.95],[291.7,-34.91],[291.71,-34.9],[291.75,-34.85],[291.75,-34.84],[291.78,-34.8],[291.8,-34.78],[291.82,-34.75],[291.85,-34.71],[291.86,-34.7],[291.9,-34.65],[291.9,-34.65],[291.94,-34.6],[291.95,-34.58],[291.98,-34.55],[292,-34.52],[292.02,-34.5],[292.05,-34.46],[292.06,-34.45],[292.1,-34.4],[292.1,-34.39],[292.14,-34.35],[292.15,-34.33],[292.18,-34.3],[292.2,-34.27],[292.22,-34.25],[292.25,-34.21],[292.26,-34.2],[292.3,-34.15],[292.3,-34.15],[292.35,-34.1],[292.35,-34.1],[292.39,-34.05],[292.4,-34.04],[292.44,-34],[292.45,-33.99],[292.49,-33.95],[292.5,-33.93],[292.53,-33.9],[292.55,-33.88],[292.58,-33.85],[292.6,-33.84],[292.64,-33.8],[292.65,-33.79],[292.69,-33.75],[292.7,-33.74],[292.75,-33.7],[292.75,-33.7],[292.8,-33.66],[292.81,-33.65],[292.85,-33.61],[292.87,-33.6],[292.9,-33.57],[292.93,-33.55],[292.95,-33.53],[292.99,-33.5],[293,-33.5],[293.05,-33.46],[293.06,-33.45],[293.1,-33.42],[293.13,-33.4],[293.15,-33.38],[293.2,-33.35],[293.2,-33.35],[293.25,-33.31],[293.27,-33.3],[293.3,-33.28],[293.34,-33.25],[293.35,-33.24],[293.4,-33.2],[293.41,-33.2],[293.45,-33.17],[293.48,-33.15],[293.5,-33.13],[293.55,-33.1],[293.55,-33.1],[293.6,-33.06],[293.62,-33.05],[293.65,-33.03],[293.69,-33],[293.7,-32.99],[293.75,-32.96],[293.76,-32.95],[293.8,-32.92],[293.83,-32.9],[293.85,-32.89],[293.9,-32.85],[293.9,-32.85],[293.95,-32.81],[293.97,-32.8],[294,-32.77],[294.03,-32.75],[294.05,-32.74],[294.1,-32.7],[294.1,-32.7],[294.15,-32.66],[294.16,-32.65],[294.2,-32.62],[294.22,-32.6],[294.25,-32.57],[294.28,-32.55],[294.3,-32.53],[294.33,-32.5],[294.35,-32.48],[294.38,-32.45],[294.4,-32.43],[294.43,-32.4],[294.45,-32.38],[294.48,-32.35],[294.5,-32.33],[294.52,-32.3],[294.55,-32.27],[294.57,-32.25],[294.6,-32.21],[294.61,-32.2],[294.65,-32.15],[294.65,-32.14],[294.68,-32.1],[294.7,-32.08],[294.72,-32.05],[294.75,-32],[294.75,-32],[294.78,-31.95],[294.8,-31.92],[294.81,-31.9],[294.84,-31.85],[294.85,-31.83],[294.87,-31.8],[294.89,-31.75],[294.9,-31.73],[294.92,-31.7],[294.94,-31.65],[294.95,-31.62],[294.96,-31.6],[294.98,-31.55],[295,-31.5],[295,-31.5],[295.02,-31.45],[295.04,-31.4],[295.05,-31.36],[295.05,-31.35],[295.07,-31.3],[295.08,-31.25],[295.09,-31.2],[295.1,-31.17],[295.1,-31.15],[295.12,-31.1],[295.12,-31.05],[295.13,-31],[295.14,-30.95],[295.15,-30.9],[295.15,-30.88],[295.15,-30.85],[295.16,-30.8],[295.16,-30.75],[295.17,-30.7],[295.17,-30.65],[295.17,-30.6],[295.17,-30.55],[295.17,-30.5],[295.17,-30.45],[295.17,-30.4],[295.17,-30.35],[295.17,-30.3],[295.17,-30.25],[295.16,-30.2],[295.16,-30.15],[295.16,-30.1],[295.15,-30.05],[295.15,-30],[295.15,-29.97],[295.15,-29.95],[295.15,-29.9],[295.14,-29.85],[295.14,-29.8],[295.14,-29.75],[295.14,-29.7],[295.14,-29.65],[295.13,-29.6],[295.13,-29.55],[295.13,-29.5],[295.13,-29.45],[295.13,-29.4],[295.13,-29.35],[295.13,-29.3],[295.12,-29.25],[295.12,-29.2],[295.12,-29.15],[295.11,-29.1],[295.11,-29.05],[295.1,-29],[295.1,-29],[295.09,-28.95],[295.08,-28.9],[295.07,-28.85],[295.06,-28.8],[295.05,-28.75],[295.05,-28.75],[295.04,-28.7],[295.02,-28.65],[295,-28.6],[295,-28.59],[294.98,-28.55],[294.96,-28.5],[294.95,-28.47],[294.94,-28.45],[294.92,-28.4],[294.9,-28.36],[294.89,-28.35],[294.87,-28.3],[294.85,-28.27],[294.84,-28.25],[294.81,-28.2],[294.8,-28.19],[294.78,-28.15],[294.75,-28.11],[294.74,-28.1],[294.71,-28.05],[294.7,-28.04],[294.67,-28],[294.65,-27.97],[294.64,-27.95],[294.6,-27.9],[294.6,-27.9],[294.57,-27.85],[294.55,-27.83],[294.53,-27.8],[294.5,-27.76],[294.5,-27.75],[294.46,-27.7],[294.45,-27.68],[294.43,-27.65],[294.4,-27.6],[294.4,-27.6],[294.37,-27.55],[294.35,-27.52],[294.34,-27.5],[294.31,-27.45],[294.3,-27.43],[294.28,-27.4],[294.26,-27.35],[294.25,-27.34],[294.23,-27.3],[294.21,-27.25],[294.2,-27.23],[294.19,-27.2],[294.17,-27.15],[294.15,-27.1],[294.15,-27.1],[294.13,-27.05],[294.11,-27],[294.1,-26.95],[294.1,-26.95],[294.08,-26.9],[294.07,-26.85],[294.06,-26.8],[294.05,-26.76],[294.05,-26.75],[294.04,-26.7],[294.03,-26.65],[294.02,-26.6],[294.01,-26.55],[294.01,-26.5],[294,-26.45],[294,-26.43],[294,-26.4],[293.99,-26.35],[293.99,-26.3],[293.98,-26.25],[293.98,-26.2],[293.98,-26.15],[293.97,-26.1],[293.97,-26.05],[293.97,-26],[293.97,-25.95],[293.96,-25.9],[293.96,-25.85],[293.96,-25.8],[293.96,-25.75],[293.95,-25.7],[293.95,-25.65],[293.95,-25.6],[293.95,-25.6],[293.95,-25.55],[293.95,-25.5],[293.94,-25.45],[293.94,-25.4],[293.94,-25.35],[293.93,-25.3],[293.93,-25.25],[293.92,-25.2],[293.92,-25.15],[293.91,-25.1],[293.91,-25.05],[293.9,-25.01],[293.9,-25],[293.89,-24.95],[293.88,-24.9],[293.88,-24.85],[293.87,-24.8],[293.86,-24.75],[293.85,-24.7],[293.85,-24.7],[293.84,-24.65],[293.83,-24.6],[293.82,-24.55],[293.82,-24.5],[293.81,-24.45],[293.8,-24.41],[293.8,-24.4],[293.79,-24.35],[293.78,-24.3],[293.77,-24.25],[293.77,-24.2],[293.76,-24.15],[293.75,-24.1],[293.75,-24.08],[293.75,-24.05],[293.74,-24],[293.73,-23.95],[293.73,-23.9],[293.72,-23.85],[293.71,-23.8],[293.71,-23.75],[293.7,-23.7],[293.7,-23.7],[293.69,-23.65],[293.69,-23.6],[293.68,-23.55],[293.67,-23.5],[293.67,-23.45],[293.66,-23.4],[293.65,-23.35],[293.65,-23.31],[293.65,-23.3],[293.64,-23.25],[293.64,-23.2],[293.63,-23.15],[293.62,-23.1],[293.62,-23.05],[293.61,-23],[293.61,-22.95],[293.6,-22.9],[293.6,-22.88],[293.6,-22.85],[293.59,-22.8],[293.59,-22.75],[293.58,-22.7],[293.58,-22.65],[293.57,-22.6],[293.57,-22.55],[293.57,-22.5],[293.56,-22.45],[293.56,-22.4],[293.55,-22.35],[293.55,-22.3],[293.55,-22.3],[293.55,-22.25],[293.54,-22.2],[293.54,-22.15],[293.53,-22.1],[293.53,-22.05],[293.52,-22],[293.52,-21.95],[293.51,-21.9],[293.51,-21.85],[293.5,-21.8],[293.5,-21.78],[293.5,-21.75],[293.49,-21.7],[293.48,-21.65],[293.48,-21.6],[293.47,-21.55],[293.46,-21.5],[293.45,-21.45],[293.45,-21.45],[293.44,-21.4],[293.43,-21.35],[293.42,-21.3],[293.41,-21.25],[293.4,-21.2],[293.4,-21.2],[293.39,-21.15],[293.38,-21.1],[293.37,-21.05],[293.35,-21],[293.35,-20.99],[293.34,-20.95],[293.33,-20.9],[293.31,-20.85],[293.3,-20.81],[293.3,-20.8],[293.28,-20.75],[293.27,-20.7],[293.25,-20.65],[293.25,-20.64],[293.24,-20.6],[293.22,-20.55],[293.2,-20.5],[293.2,-20.49],[293.19,-20.45],[293.17,-20.4],[293.15,-20.35],[293.15,-20.35],[293.13,-20.3],[293.11,-20.25],[293.1,-20.21],[293.09,-20.2],[293.08,-20.15],[293.06,-20.1],[293.05,-20.08],[293.04,-20.05],[293.02,-20],[293,-19.96],[293,-19.95],[292.98,-19.9],[292.96,-19.85],[292.95,-19.84],[292.93,-19.8],[292.91,-19.75],[292.9,-19.72],[292.89,-19.7],[292.87,-19.65],[292.85,-19.6],[292.85,-19.6],[292.83,-19.55],[292.81,-19.5],[292.8,-19.47],[292.79,-19.45],[292.77,-19.4],[292.75,-19.35],[292.75,-19.35],[292.73,-19.3],[292.71,-19.25],[292.7,-19.22],[292.69,-19.2],[292.67,-19.15],[292.65,-19.1],[292.65,-19.09],[292.64,-19.05],[292.62,-19],[292.6,-18.95],[292.6,-18.95],[292.58,-18.9],[292.57,-18.85],[292.55,-18.8],[292.55,-18.8],[292.53,-18.75],[292.52,-18.7],[292.5,-18.65],[292.5,-18.65],[292.48,-18.6],[292.46,-18.55],[292.45,-18.51],[292.45,-18.5],[292.43,-18.45],[292.41,-18.4],[292.4,-18.37],[292.39,-18.35],[292.38,-18.3],[292.36,-18.25],[292.35,-18.23],[292.34,-18.2],[292.32,-18.15],[292.3,-18.1],[292.3,-18.1],[292.28,-18.05],[292.26,-18],[292.25,-17.97],[292.24,-17.95],[292.22,-17.9],[292.2,-17.85],[292.2,-17.85],[292.18,-17.8],[292.16,-17.75],[292.15,-17.72],[292.14,-17.7],[292.12,-17.65],[292.1,-17.61],[292.1,-17.6],[292.08,-17.55],[292.05,-17.5],[292.05,-17.49],[292.03,-17.45],[292.01,-17.4],[292,-17.39],[291.98,-17.35],[291.96,-17.3],[291.95,-17.28],[291.93,-17.25],[291.91,-17.2],[291.9,-17.19],[291.88,-17.15],[291.85,-17.1],[291.85,-17.1],[291.82,-17.05],[291.8,-17.02],[291.79,-17],[291.75,-16.95],[291.75,-16.94],[291.72,-16.9],[291.7,-16.88],[291.68,-16.85],[291.65,-16.81],[291.64,-16.8],[291.6,-16.76],[291.59,-16.75],[291.55,-16.7],[291.55,-16.7],[291.5,-16.65],[291.5,-16.65],[291.45,-16.61],[291.44,-16.6],[291.4,-16.56],[291.39,-16.55],[291.35,-16.52],[291.32,-16.5],[291.3,-16.48],[291.26,-16.45],[291.25,-16.44],[291.2,-16.41],[291.19,-16.4],[291.15,-16.37],[291.11,-16.35],[291.1,-16.34],[291.05,-16.31],[291.04,-16.3],[291,-16.28],[290.96,-16.25],[290.95,-16.25],[290.9,-16.22],[290.87,-16.2],[290.85,-16.19],[290.8,-16.16],[290.79,-16.15],[290.75,-16.13],[290.7,-16.1],[290.7,-16.1],[290.65,-16.07],[290.62,-16.05],[290.6,-16.04],[290.55,-16.01],[290.53,-16],[290.5,-15.98],[290.45,-15.95],[290.45,-15.95],[290.4,-15.92],[290.37,-15.9],[290.35,-15.89],[290.3,-15.86],[290.29,-15.85],[290.25,-15.82],[290.22,-15.8],[290.2,-15.79],[290.15,-15.75],[290.15,-15.75],[290.1,-15.72],[290.08,-15.7],[290.05,-15.68],[290.02,-15.65],[290,-15.63],[289.96,-15.6],[289.95,-15.59],[289.91,-15.55],[289.9,-15.54],[289.86,-15.5],[289.85,-15.49],[289.81,-15.45],[289.8,-15.43],[289.77,-15.4],[289.75,-15.37],[289.73,-15.35],[289.7,-15.3],[289.7,-15.3],[289.67,-15.25],[289.65,-15.22],[289.64,-15.2],[289.61,-15.15],[289.6,-15.13],[289.59,-15.1],[289.56,-15.05],[289.55,-15.02],[289.54,-15],[289.52,-14.95],[289.51,-14.9],[289.5,-14.88],[289.49,-14.85],[289.47,-14.8],[289.46,-14.75],[289.45,-14.72],[289.44,-14.7],[289.43,-14.65],[289.42,-14.6],[289.41,-14.55],[289.4,-14.53],[289.39,-14.5],[289.38,-14.45],[289.37,-14.4],[289.36,-14.35],[289.35,-14.33],[289.34,-14.3],[289.33,-14.25],[289.32,-14.2],[289.3,-14.15],[289.3,-14.13],[289.29,-14.1],[289.28,-14.05],[289.26,-14],[289.25,-13.95],[289.25,-13.95],[289.23,-13.9],[289.22,-13.85],[289.2,-13.8],[289.2,-13.79],[289.19,-13.75],[289.17,-13.7],[289.15,-13.65],[289.15,-13.64],[289.14,-13.6],[289.12,-13.55],[289.1,-13.5],[289.1,-13.49],[289.08,-13.45],[289.07,-13.4],[289.05,-13.35],[289.05,-13.35],[289.03,-13.3],[289.02,-13.25],[289,-13.2],[289,-13.2],[288.98,-13.15],[288.97,-13.1],[288.95,-13.05],[288.95,-13.03],[288.94,-13],[288.93,-12.95],[288.91,-12.9],[288.9,-12.85],[288.9,-12.85],[288.89,-12.8],[288.87,-12.75],[288.86,-12.7],[288.85,-12.65],[288.85,-12.65],[288.84,-12.6],[288.82,-12.55],[288.81,-12.5],[288.8,-12.45],[288.8,-12.45],[288.79,-12.4],[288.78,-12.35],[288.76,-12.3],[288.75,-12.25],[288.75,-12.25],[288.74,-12.2],[288.72,-12.15],[288.71,-12.1],[288.7,-12.08],[288.69,-12.05],[288.67,-12],[288.66,-11.95],[288.65,-11.93],[288.64,-11.9],[288.62,-11.85],[288.6,-11.81],[288.6,-11.8],[288.57,-11.75],[288.55,-11.7],[288.55,-11.7],[288.52,-11.65],[288.5,-11.6],[288.5,-11.6],[288.47,-11.55],[288.45,-11.52],[288.44,-11.5],[288.41,-11.45],[288.4,-11.43],[288.38,-11.4],[288.35,-11.36],[288.34,-11.35],[288.31,-11.3],[288.3,-11.29],[288.27,-11.25],[288.25,-11.22],[288.23,-11.2],[288.2,-11.16],[288.19,-11.15],[288.15,-11.1],[288.15,-11.1],[288.11,-11.05],[288.1,-11.04],[288.06,-11],[288.05,-10.98],[288.02,-10.95],[288,-10.93],[287.97,-10.9],[287.95,-10.88],[287.93,-10.85],[287.9,-10.82],[287.88,-10.8],[287.85,-10.77],[287.83,-10.75],[287.8,-10.72],[287.79,-10.7],[287.75,-10.66],[287.74,-10.65],[287.7,-10.61],[287.69,-10.6],[287.65,-10.55],[287.65,-10.55],[287.6,-10.5],[287.6,-10.5],[287.55,-10.45],[287.55,-10.44],[287.51,-10.4],[287.5,-10.39],[287.46,-10.35],[287.45,-10.34],[287.42,-10.3],[287.4,-10.28],[287.37,-10.25],[287.35,-10.23],[287.32,-10.2],[287.3,-10.18],[287.27,-10.15],[287.25,-10.13],[287.22,-10.1],[287.2,-10.08],[287.17,-10.05],[287.15,-10.03],[287.12,-10],[287.1,-9.98],[287.07,-9.95],[287.05,-9.93],[287.02,-9.9],[287,-9.88],[286.97,-9.85],[286.95,-9.83],[286.92,-9.8],[286.9,-9.78],[286.87,-9.75],[286.85,-9.73],[286.82,-9.7],[286.8,-9.68],[286.77,-9.65],[286.75,-9.62],[286.73,-9.6],[286.7,-9.57],[286.69,-9.55],[286.65,-9.51],[286.64,-9.5],[286.6,-9.45],[286.6,-9.44],[286.57,-9.4],[286.55,-9.38],[286.53,-9.35],[286.5,-9.3],[286.5,-9.3],[286.47,-9.25],[286.45,-9.22],[286.44,-9.2],[286.42,-9.15],[286.4,-9.12],[286.39,-9.1],[286.37,-9.05],[286.35,-9],[286.35,-9],[286.33,-8.95],[286.32,-8.9],[286.31,-8.85],[286.3,-8.82],[286.3,-8.8],[286.29,-8.75],[286.28,-8.7],[286.27,-8.65],[286.27,-8.6],[286.27,-8.55],[286.27,-8.5],[286.27,-8.45],[286.27,-8.4],[286.28,-8.35],[286.28,-8.3],[286.29,-8.25],[286.29,-8.2],[286.3,-8.15],[286.3,-8.15],[286.31,-8.1],[286.32,-8.05],[286.32,-8],[286.33,-7.95],[286.34,-7.9],[286.34,-7.85],[286.35,-7.8],[286.35,-7.75],[286.35,-7.75],[286.35,-7.7],[286.35,-7.65],[286.35,-7.6],[286.35,-7.55],[286.35,-7.54],[286.35,-7.5],[286.34,-7.45],[286.33,-7.4],[286.33,-7.35],[286.32,-7.3],[286.31,-7.25],[286.3,-7.23],[286.29,-7.2],[286.28,-7.15],[286.26,-7.1],[286.25,-7.06],[286.25,-7.05],[286.23,-7],[286.21,-6.95],[286.2,-6.93],[286.19,-6.9],[286.17,-6.85],[286.15,-6.81],[286.14,-6.8],[286.12,-6.75],[286.1,-6.71],[286.09,-6.7],[286.07,-6.65],[286.05,-6.61],[286.04,-6.6],[286.02,-6.55],[286,-6.52],[285.99,-6.5],[285.96,-6.45],[285.95,-6.43],[285.93,-6.4],[285.9,-6.35],[285.9,-6.34],[285.87,-6.3],[285.85,-6.26],[285.85,-6.25],[285.82,-6.2],[285.8,-6.17],[285.79,-6.15],[285.76,-6.1],[285.75,-6.09],[285.72,-6.05],[285.7,-6.01],[285.69,-6],[285.66,-5.95],[285.65,-5.93],[285.63,-5.9],[285.6,-5.85],[285.6,-5.85],[285.57,-5.8],[285.55,-5.76],[285.54,-5.75],[285.51,-5.7],[285.5,-5.68],[285.48,-5.65],[285.45,-5.6],[285.45,-5.6],[285.42,-5.55],[285.4,-5.51],[285.4,-5.5],[285.37,-5.45],[285.35,-5.41],[285.34,-5.4],[285.32,-5.35],[285.3,-5.31],[285.3,-5.3],[285.27,-5.25],[285.25,-5.2],[285.25,-5.2],[285.23,-5.15],[285.21,-5.1],[285.2,-5.07],[285.19,-5.05],[285.17,-5],[285.16,-4.95],[285.15,-4.92],[285.14,-4.9],[285.13,-4.85],[285.12,-4.8],[285.1,-4.75],[285.1,-4.74],[285.09,-4.7],[285.08,-4.65],[285.07,-4.6],[285.06,-4.55],[285.05,-4.5],[285.05,-4.48],[285.05,-4.45],[285.04,-4.4],[285.03,-4.35],[285.03,-4.3],[285.02,-4.25],[285.02,-4.2],[285.01,-4.15],[285.01,-4.1],[285.01,-4.05],[285,-4],[285,-3.95],[285,-3.92],[285,-3.9],[285,-3.85],[284.99,-3.8],[284.99,-3.75],[284.99,-3.7],[284.98,-3.65],[284.98,-3.6],[284.98,-3.55],[284.97,-3.5],[284.97,-3.45],[284.96,-3.4],[284.95,-3.35],[284.95,-3.32],[284.95,-3.3],[284.94,-3.25],[284.93,-3.2],[284.92,-3.15],[284.91,-3.1],[284.9,-3.07],[284.9,-3.05],[284.88,-3],[284.87,-2.95],[284.85,-2.9],[284.85,-2.89],[284.84,-2.85],[284.82,-2.8],[284.8,-2.76],[284.8,-2.75],[284.78,-2.7],[284.75,-2.65],[284.75,-2.64],[284.73,-2.6],[284.7,-2.55],[284.7,-2.54],[284.68,-2.5],[284.65,-2.45],[284.65,-2.45],[284.62,-2.4],[284.6,-2.37],[284.58,-2.35],[284.55,-2.3],[284.55,-2.3],[284.52,-2.25],[284.5,-2.23],[284.48,-2.2],[284.45,-2.16],[284.44,-2.15],[284.4,-2.1],[284.4,-2.1],[284.36,-2.05],[284.35,-2.03],[284.32,-2],[284.3,-1.97],[284.28,-1.95],[284.25,-1.91],[284.24,-1.9],[284.2,-1.85],[284.2,-1.85],[284.16,-1.8],[284.15,-1.79],[284.12,-1.75],[284.1,-1.73],[284.08,-1.7],[284.05,-1.67],[284.04,-1.65],[284,-1.6],[284,-1.6],[283.96,-1.55],[283.95,-1.54],[283.92,-1.5],[283.9,-1.47],[283.88,-1.45],[283.85,-1.41],[283.85,-1.4],[283.81,-1.35],[283.8,-1.33],[283.78,-1.3],[283.75,-1.26],[283.74,-1.25],[283.71,-1.2],[283.7,-1.18],[283.69,-1.15],[283.66,-1.1],[283.65,-1.08],[283.63,-1.05],[283.61,-1],[283.6,-0.96],[283.59,-0.95],[283.58,-0.9],[283.57,-0.85],[283.55,-0.8],[283.55,-0.77],[283.55,-0.75],[283.54,-0.7],[283.54,-0.65],[283.53,-0.6],[283.53,-0.55],[283.53,-0.5],[283.53,-0.45],[283.54,-0.4],[283.54,-0.35],[283.54,-0.3],[283.55,-0.25],[283.55,-0.21],[283.55,-0.2],[283.56,-0.15],[283.56,-0.1],[283.57,-0.05],[283.57,0],[283.58,0.05],[283.58,0.1],[283.59,0.15],[283.6,0.2],[283.6,0.23],[283.6,0.25],[283.61,0.3],[283.62,0.35],[283.63,0.4],[283.64,0.45],[283.65,0.5],[283.65,0.51],[283.66,0.55],[283.67,0.6],[283.68,0.65],[283.7,0.7],[283.7,0.71],[283.71,0.75],[283.73,0.8],[283.74,0.85],[283.75,0.87],[283.76,0.9],[283.78,0.95],[283.79,1],[283.8,1.02],[283.81,1.05],[283.83,1.1],[283.85,1.15],[283.85,1.15],[283.87,1.2],[283.89,1.25],[283.9,1.28],[283.91,1.3],[283.93,1.35],[283.95,1.4],[283.95,1.4],[283.97,1.45],[283.99,1.5],[284,1.53],[284.01,1.55],[284.03,1.6],[284.05,1.65],[284.05,1.65],[284.07,1.7],[284.09,1.75],[284.1,1.79],[284.11,1.8],[284.12,1.85],[284.14,1.9],[284.15,1.92],[284.16,1.95],[284.18,2],[284.19,2.05],[284.2,2.07],[284.21,2.1],[284.22,2.15],[284.24,2.2],[284.25,2.23],[284.26,2.25],[284.27,2.3],[284.29,2.35],[284.3,2.39],[284.3,2.4],[284.32,2.45],[284.33,2.5],[284.35,2.55],[284.35,2.55],[284.37,2.6],[284.38,2.65],[284.4,2.7],[284.4,2.7],[284.42,2.75],[284.44,2.8],[284.45,2.84],[284.45,2.85],[284.47,2.9],[284.49,2.95],[284.5,2.97],[284.51,3],[284.53,3.05],[284.55,3.09],[284.55,3.1],[284.58,3.15],[284.6,3.2],[284.6,3.2],[284.62,3.25],[284.65,3.3],[284.65,3.3],[284.68,3.35],[284.7,3.39],[284.7,3.4],[284.73,3.45],[284.75,3.48],[284.76,3.5],[284.8,3.55],[284.8,3.56],[284.83,3.6],[284.85,3.63],[284.87,3.65],[284.9,3.69],[284.9,3.7],[284.95,3.75],[284.95,3.75],[284.99,3.8],[285,3.81],[285.04,3.85],[285.05,3.86],[285.09,3.9],[285.1,3.91],[285.14,3.95],[285.15,3.96],[285.2,4],[285.2,4],[285.25,4.04],[285.26,4.05],[285.3,4.08],[285.33,4.1],[285.35,4.12],[285.4,4.15],[285.4,4.15],[285.45,4.19],[285.47,4.2],[285.5,4.22],[285.54,4.25],[285.55,4.25],[285.6,4.29],[285.62,4.3],[285.65,4.32],[285.7,4.35],[285.7,4.35],[285.75,4.38],[285.77,4.4],[285.8,4.42],[285.85,4.45],[285.85,4.45],[285.9,4.49],[285.92,4.5],[285.95,4.52],[285.99,4.55],[286,4.56],[286.05,4.6],[286.05,4.6],[286.1,4.64],[286.11,4.65],[286.15,4.68],[286.17,4.7],[286.2,4.72],[286.23,4.75],[286.25,4.77],[286.28,4.8],[286.3,4.82],[286.33,4.85],[286.35,4.87],[286.38,4.9],[286.4,4.92],[286.43,4.95],[286.45,4.97],[286.47,5],[286.5,5.03],[286.52,5.05],[286.55,5.09],[286.56,5.1],[286.6,5.15],[286.6,5.15],[286.64,5.2],[286.65,5.21],[286.68,5.25],[286.7,5.27],[286.72,5.3],[286.75,5.34],[286.76,5.35],[286.8,5.4],[286.8,5.41],[286.83,5.45],[286.85,5.48],[286.87,5.5],[286.9,5.55],[286.9,5.55],[286.94,5.6],[286.95,5.62],[286.97,5.65],[287,5.69],[287.01,5.7],[287.04,5.75],[287.05,5.77],[287.07,5.8],[287.1,5.85],[287.1,5.85],[287.13,5.9],[287.15,5.93],[287.16,5.95],[287.19,6],[287.2,6.01],[287.22,6.05],[287.25,6.1],[287.25,6.11],[287.27,6.15],[287.3,6.2],[287.3,6.21],[287.32,6.25],[287.34,6.3],[287.35,6.32],[287.36,6.35],[287.38,6.4],[287.4,6.45],[287.4,6.45],[287.41,6.5],[287.43,6.55],[287.44,6.6],[287.45,6.63],[287.46,6.65],[287.47,6.7],[287.48,6.75],[287.49,6.8],[287.5,6.85],[287.5,6.88],[287.5,6.9],[287.51,6.95],[287.52,7],[287.52,7.05],[287.53,7.1],[287.53,7.15],[287.53,7.2],[287.54,7.25],[287.54,7.3],[287.54,7.35],[287.55,7.4],[287.55,7.45],[287.55,7.46],[287.55,7.5],[287.55,7.55],[287.56,7.6],[287.56,7.65],[287.56,7.7],[287.56,7.75],[287.57,7.8],[287.57,7.85],[287.57,7.9],[287.58,7.95],[287.58,8],[287.58,8.05],[287.59,8.1],[287.59,8.15],[287.6,8.2],[287.6,8.23],[287.6,8.25],[287.61,8.3],[287.61,8.35],[287.62,8.4],[287.63,8.45],[287.63,8.5],[287.64,8.55],[287.65,8.6],[287.65,8.6],[287.66,8.65],[287.67,8.7],[287.68,8.75],[287.69,8.8],[287.7,8.85],[287.7,8.87]]}},{"type":"Feature","properties":{"zone":"sam","depth_km":100},"geometry":{"type":"LineString","coordinates":[[286.78,10.8],[286.8,10.75],[286.8,10.75],[286.82,10.7],[286.83,10.65],[286.84,10.6],[286.85,10.55],[286.85,10.55],[286.86,10.5],[286.86,10.45],[286.86,10.4],[286.86,10.35],[286.86,10.3],[286.86,10.25],[286.86,10.2],[286.86,10.15],[286.85,10.1],[286.85,10.1],[286.84,10.05],[286.84,10],[286.83,9.95],[286.82,9.9],[286.82,9.85],[286.81,9.8],[286.8,9.75],[286.8,9.75],[286.79,9.7],[286.78,9.65],[286.77,9.6],[286.77,9.55],[286.76,9.5],[286.75,9.46],[286.75,9.45],[286.74,9.4],[286.73,9.35],[286.72,9.3],[286.72,9.25],[286.71,9.2],[286.7,9.15],[286.7,9.13],[286.7,9.1],[286.69,9.05],[286.68,9],[286.68,8.95],[286.67,8.9],[286.67,8.85],[286.66,8.8],[286.66,8.75],[286.65,8.7],[286.65,8.68],[286.65,8.65],[286.64,8.6],[286.64,8.55],[286.63,8.5],[286.63,8.45],[286.63,8.4],[286.62,8.35],[286.62,8.3],[286.61,8.25],[286.61,8.2],[286.61,8.15],[286.6,8.1],[286.6,8.08],[286.6,8.05],[286.59,8],[286.59,7.95],[286.58,7.9],[286.58,7.85],[286.57,7.8],[286.57,7.75],[286.56,7.7],[286.56,7.65],[286.55,7.6],[286.55,7.57],[286.55,7.55],[286.54,7.5],[286.53,7.45],[286.53,7.4],[286.52,7.35],[286.51,7.3],[286.5,7.25],[286.5,7.24],[286.49,7.2],[286.48,7.15],[286.47,7.1],[286.46,7.05],[286.45,7.02],[286.44,7],[286.43,6.95],[286.42,6.9],[286.4,6.85],[286.4,6.85],[286.38,6.8],[286.37,6.75],[286.35,6.71],[286.35,6.7],[286.33,6.65],[286.31,6.6],[286.3,6.58],[286.29,6.55],[286.27,6.5],[286.25,6.46],[286.25,6.45],[286.22,6.4],[286.2,6.35],[286.2,6.35],[286.18,6.3],[286.15,6.25],[286.15,6.25],[286.13,6.2],[286.1,6.15],[286.1,6.15],[286.07,6.1],[286.05,6.06],[286.04,6.05],[286.01,6],[286,5.98],[285.98,5.95],[285.95,5.91],[285.94,5.9],[285.9,5.85],[285.9,5.85],[285.86,5.8],[285.85,5.79],[285.81,5.75],[285.8,5.74],[285.76,5.7],[285.75,5.69],[285.7,5.65],[285.7,5.65],[285.65,5.62],[285.63,5.6],[285.6,5.58],[285.55,5.56],[285.54,5.55],[285.5,5.53],[285.45,5.51],[285.43,5.5],[285.4,5.49],[285.35,5.47],[285.3,5.46],[285.28,5.45],[285.25,5.44],[285.2,5.43],[285.15,5.42],[285.1,5.41],[285.08,5.4],[285.05,5.39],[285,5.38],[284.95,5.37],[284.9,5.36],[284.87,5.35],[284.85,5.35],[284.8,5.33],[284.75,5.32],[284.7,5.3],[284.7,5.3],[284.65,5.28],[284.6,5.26],[284.58,5.25],[284.55,5.24],[284.5,5.21],[284.47,5.2],[284.45,5.19],[284.4,5.16],[284.39,5.15],[284.35,5.13],[284.31,5.1],[284.3,5.09],[284.25,5.06],[284.24,5.05],[284.2,5.02],[284.18,5],[284.15,4.97],[284.13,4.95],[284.1,4.92],[284.08,4.9],[284.05,4.87],[284.03,4.85],[284,4.82],[283.98,4.8],[283.95,4.76],[283.94,4.75],[283.9,4.7],[283.9,4.7],[283.87,4.65],[283.85,4.63],[283.83,4.6],[283.8,4.55],[283.8,4.55],[283.77,4.5],[283.75,4.47],[283.74,4.45],[283.71,4.4],[283.7,4.38],[283.68,4.35],[283.65,4.3],[283.65,4.29],[283.63,4.25],[283.6,4.2],[283.6,4.19],[283.58,4.15],[283.56,4.1],[283.55,4.08],[283.54,4.05],[283.51,4],[283.5,3.97],[283.49,3.95],[283.47,3.9],[283.45,3.85],[283.45,3.85],[283.43,3.8],[283.41,3.75],[283.4,3.72],[283.39,3.7],[283.38,3.65],[283.36,3.6],[283.35,3.58],[283.34,3.55],[283.32,3.5],[283.3,3.45],[283.3,3.44],[283.28,3.4],[283.27,3.35],[283.25,3.3],[283.25,3.3],[283.23,3.25],[283.21,3.2],[283.2,3.16],[283.19,3.15],[283.18,3.1],[283.16,3.05],[283.15,3.03],[283.14,3],[283.12,2.95],[283.1,2.9],[283.1,2.9],[283.08,2.85],[283.06,2.8],[283.05,2.78],[283.04,2.75],[283.01,2.7],[283,2.67],[282.99,2.65],[282.97,2.6],[282.95,2.57],[282.94,2.55],[282.92,2.5],[282.9,2.47],[282.89,2.45],[282.86,2.4],[282.85,2.38],[282.83,2.35],[282.8,2.3],[282.8,2.3],[282.77,2.25],[282.75,2.22],[282.74,2.2],[282.7,2.15],[282.7,2.15],[282.67,2.1],[282.65,2.08],[282.63,2.05],[282.6,2.01],[282.59,2],[282.55,1.95],[282.55,1.95],[282.51,1.9],[282.5,1.88],[282.47,1.85],[282.45,1.82],[282.43,1.8],[282.4,1.76],[282.39,1.75],[282.35,1.7],[282.35,1.7],[282.31,1.65],[282.3,1.64],[282.26,1.6],[282.25,1.58],[282.22,1.55],[282.2,1.52],[282.18,1.5],[282.15,1.46],[282.14,1.45],[282.1,1.4],[282.1,1.4],[282.06,1.35],[282.05,1.34],[282.02,1.3],[282,1.27],[281.98,1.25],[281.95,1.21],[281.94,1.2],[281.91,1.15],[281.9,1.14],[281.87,1.1],[281.85,1.06],[281.84,1.05],[281.81,1],[281.8,0.99],[281.78,0.95],[281.75,0.9],[281.75,0.9],[281.72,0.85],[281.7,0.82],[281.69,0.8],[281.66,0.75],[281.65,0.73],[281.63,0.7],[281.61,0.65],[281.6,0.64],[281.58,0.6],[281.55,0.55],[281.55,0.54],[281.53,0.5],[281.5,0.45],[281.5,0.45],[281.48,0.4],[281.45,0.35],[281.45,0.35],[281.43,0.3],[281.4,0.25],[281.4,0.25],[281.37,0.2],[281.35,0.15],[281.35,0.15],[281.32,0.1],[281.3,0.05],[281.3,0.05],[281.28,0],[281.25,-0.05],[281.25,-0.06],[281.23,-0.1],[281.21,-0.15],[281.2,-0.17],[281.19,-0.2],[281.17,-0.25],[281.15,-0.29],[281.15,-0.3],[281.13,-0.35],[281.11,-0.4],[281.1,-0.44],[281.1,-0.45],[281.08,-0.5],[281.07,-0.55],[281.05,-0.6],[281.05,-0.61],[281.04,-0.65],[281.03,-0.7],[281.02,-0.75],[281.01,-0.8],[281,-0.85],[281,-0.87],[281,-0.9],[280.99,-0.95],[280.99,-1],[280.98,-1.05],[280.98,-1.1],[280.98,-1.15],[280.98,-1.2],[280.98,-1.25],[280.98,-1.3],[280.98,-1.35],[280.98,-1.4],[280.99,-1.45],[281,-1.5],[281,-1.52],[281,-1.55],[281.01,-1.6],[281.03,-1.65],[281.04,-1.7],[281.05,-1.73],[281.06,-1.75],[281.07,-1.8],[281.09,-1.85],[281.1,-1.86],[281.12,-1.9],[281.14,-1.95],[281.15,-1.96],[281.17,-2],[281.2,-2.04],[281.21,-2.05],[281.24,-2.1],[281.25,-2.11],[281.28,-2.15],[281.3,-2.17],[281.33,-2.2],[281.35,-2.22],[281.38,-2.25],[281.4,-2.27],[281.44,-2.3],[281.45,-2.31],[281.5,-2.35],[281.5,-2.35],[281.55,-2.39],[281.56,-2.4],[281.6,-2.43],[281.64,-2.45],[281.65,-2.46],[281.7,-2.49],[281.72,-2.5],[281.75,-2.52],[281.8,-2.55],[281.8,-2.55],[281.85,-2.58],[281.9,-2.6],[281.9,-2.6],[281.95,-2.63],[282,-2.65],[282,-2.65],[282.05,-2.68],[282.1,-2.7],[282.1,-2.7],[282.15,-2.72],[282.2,-2.75],[282.2,-2.75],[282.25,-2.77],[282.3,-2.8],[282.31,-2.8],[282.35,-2.82],[282.4,-2.84],[282.41,-2.85],[282.45,-2.87],[282.5,-2.89],[282.51,-2.9],[282.55,-2.92],[282.6,-2.95],[282.61,-2.95],[282.65,-2.97],[282.7,-3],[282.7,-3],[282.75,-3.03],[282.79,-3.05],[282.8,-3.05],[282.85,-3.08],[282.88,-3.1],[282.9,-3.11],[282.95,-3.14],[282.97,-3.15],[283,-3.17],[283.05,-3.2],[283.05,-3.2],[283.1,-3.23],[283.13,-3.25],[283.15,-3.26],[283.2,-3.29],[283.21,-3.3],[283.25,-3.33],[283.28,-3.35],[283.3,-3.37],[283.34,-3.4],[283.35,-3.41],[283.39,-3.45],[283.4,-3.46],[283.44,-3.5],[283.45,-3.51],[283.48,-3.55],[283.5,-3.58],[283.51,-3.6],[283.54,-3.65],[283.55,-3.66],[283.57,-3.7],[283.59,-3.75],[283.6,-3.79],[283.6,-3.8],[283.61,-3.85],[283.62,-3.9],[283.63,-3.95],[283.64,-4],[283.64,-4.05],[283.65,-4.1],[283.65,-4.11],[283.65,-4.15],[283.65,-4.2],[283.66,-4.25],[283.66,-4.3],[283.66,-4.35],[283.66,-4.4],[283.67,-4.45],[283.67,-4.5],[283.67,-4.55],[283.68,-4.6],[283.68,-4.65],[283.69,-4.7],[283.69,-4.75],[283.7,-4.8],[283.7,-4.81],[283.7,-4.85],[283.71,-4.9],[283.72,-4.95],[283.73,-5],[283.73,-5.05],[283.74,-5.1],[283.75,-5.14],[283.75,-5.15],[283.76,-5.2],[283.77,-5.25],[283.77,-5.3],[283.78,-5.35],[283.78,-5.4],[283.79,-5.45],[283.79,-5.5],[283.79,-5.55],[283.79,-5.6],[283.79,-5.65],[283.79,-5.7],[283.78,-5.75],[283.77,-5.8],[283.76,-5.85],[283.75,-5.88],[283.74,-5.9],[283.72,-5.95],[283.7,-5.99],[283.69,-6],[283.65,-6.05],[283.65,-6.05],[283.6,-6.09],[283.58,-6.1],[283.55,-6.12],[283.5,-6.13],[283.45,-6.15],[283.42,-6.15],[283.4,-6.15],[283.35,-6.16],[283.3,-6.16],[283.25,-6.16],[283.2,-6.16],[283.15,-6.17],[283.1,-6.17],[283.05,-6.18],[283,-6.19],[282.96,-6.2],[282.95,-6.2],[282.9,-6.22],[282.86,-6.25],[282.85,-6.25],[282.8,-6.3],[282.8,-6.3],[282.75,-6.35],[282.75,-6.35],[282.72,-6.4],[282.7,-6.44],[282.7,-6.45],[282.68,-6.5],[282.67,-6.55],[282.66,-6.6],[282.65,-6.65],[282.65,-6.7],[282.65,-6.75],[282.66,-6.8],[282.67,-6.85],[282.68,-6.9],[282.7,-6.95],[282.7,-6.95],[282.72,-7],[282.74,-7.05],[282.75,-7.07],[282.77,-7.1],[282.79,-7.15],[282.8,-7.16],[282.82,-7.2],[282.85,-7.24],[282.86,-7.25],[282.89,-7.3],[282.9,-7.32],[282.92,-7.35],[282.95,-7.39],[282.96,-7.4],[283,-7.45],[283,-7.45],[283.04,-7.5],[283.05,-7.52],[283.08,-7.55],[283.1,-7.57],[283.12,-7.6],[283.15,-7.63],[283.17,-7.65],[283.2,-7.68],[283.23,-7.7],[283.25,-7.72],[283.29,-7.75],[283.3,-7.76],[283.35,-7.8],[283.36,-7.8],[283.4,-7.82],[283.45,-7.85],[283.46,-7.85],[283.5,-7.86],[283.55,-7.87],[283.6,-7.87],[283.64,-7.85],[283.65,-7.85],[283.7,-7.81],[283.72,-7.8],[283.75,-7.77],[283.76,-7.75],[283.8,-7.7],[283.8,-7.7],[283.84,-7.65],[283.85,-7.63],[283.87,-7.6],[283.9,-7.56],[283.91,-7.55],[283.94,-7.5],[283.95,-7.48],[283.97,-7.45],[284,-7.42],[284.01,-7.4],[284.05,-7.36],[284.06,-7.35],[284.1,-7.32],[284.14,-7.3],[284.15,-7.29],[284.2,-7.28],[284.25,-7.28],[284.3,-7.29],[284.32,-7.3],[284.35,-7.32],[284.4,-7.35],[284.4,-7.35],[284.45,-7.39],[284.46,-7.4],[284.5,-7.44],[284.51,-7.45],[284.55,-7.5],[284.55,-7.5],[284.58,-7.55],[284.6,-7.59],[284.61,-7.6],[284.63,-7.65],[284.65,-7.69],[284.66,-7.7],[284.67,-7.75],[284.69,-7.8],[284.7,-7.83],[284.7,-7.85],[284.72,-7.9],[284.72,-7.95],[284.73,-8],[284.74,-8.05],[284.74,-8.1],[284.74,-8.15],[284.74,-8.2],[284.74,-8.25],[284.74,-8.3],[284.74,-8.35],[284.73,-8.4],[284.73,-8.45],[284.73,-8.5],[284.72,-8.55],[284.73,-8.6],[284.73,-8.65],[284.74,-8.7],[284.75,-8.75],[284.75,-8.75],[284.76,-8.8],[284.78,-8.85],[284.8,-8.89],[284.8,-8.9],[284.83,-8.95],[284.85,-8.99],[284.85,-9],[284.88,-9.05],[284.9,-9.08],[284.91,-9.1],[284.93,-9.15],[284.95,-9.18],[284.96,-9.2],[284.99,-9.25],[285,-9.27],[285.02,-9.3],[285.04,-9.35],[285.05,-9.36],[285.07,-9.4],[285.1,-9.45],[285.1,-9.45],[285.13,-9.5],[285.15,-9.54],[285.16,-9.55],[285.18,-9.6],[285.2,-9.63],[285.21,-9.65],[285.24,-9.7],[285.25,-9.71],[285.27,-9.75],[285.3,-9.79],[285.31,-9.8],[285.34,-9.85],[285.35,-9.87],[285.37,-9.9],[285.4,-9.94],[285.41,-9.95],[285.44,-10],[285.45,-10.01],[285.48,-10.05],[285.5,-10.08],[285.52,-10.1],[285.55,-10.14],[285.55,-10.15],[285.59,-10.2],[285.6,-10.21],[285.63,-10.25],[285.65,-10.27],[285.67,-10.3],[285.7,-10.33],[285.72,-10.35],[285.75,-10.39],[285.76,-10.4],[285.8,-10.45],[285.8,-10.45],[285.85,-10.5],[285.85,-10.51],[285.89,-10.55],[285.9,-10.56],[285.93,-10.6],[285.95,-10.62],[285.98,-10.65],[286,-10.67],[286.02,-10.7],[286.05,-10.73],[286.07,-10.75],[286.1,-10.78],[286.12,-10.8],[286.15,-10.83],[286.17,-10.85],[286.2,-10.89],[286.21,-10.9],[286.25,-10.94],[286.26,-10.95],[286.3,-10.99],[286.31,-11],[286.35,-11.04],[286.36,-11.05],[286.4,-11.09],[286.41,-11.1],[286.45,-11.14],[286.46,-11.15],[286.5,-11.2],[286.5,-11.2],[286.55,-11.25],[286.55,-11.25],[286.6,-11.3],[286.6,-11.3],[286.64,-11.35],[286.65,-11.36],[286.68,-11.4],[286.7,-11.42],[286.72,-11.45],[286.75,-11.48],[286.76,-11.5],[286.8,-11.55],[286.8,-11.55],[286.84,-11.6],[286.85,-11.61],[286.88,-11.65],[286.9,-11.68],[286.91,-11.7],[286.94,-11.75],[286.95,-11.76],[286.98,-11.8],[287,-11.84],[287.01,-11.85],[287.04,-11.9],[287.05,-11.92],[287.07,-11.95],[287.1,-12],[287.1,-12],[287.12,-12.05],[287.15,-12.1],[287.15,-12.1],[287.18,-12.15],[287.2,-12.2],[287.2,-12.2],[287.22,-12.25],[287.24,-12.3],[287.25,-12.32],[287.26,-12.35],[287.28,-12.4],[287.29,-12.45],[287.3,-12.47],[287.31,-12.5],[287.32,-12.55],[287.33,-12.6],[287.34,-12.65],[287.35,-12.7],[287.35,-12.7],[287.36,-12.75],[287.37,-12.8],[287.37,-12.85],[287.38,-12.9],[287.39,-12.95],[287.4,-13],[287.4,-13.02],[287.41,-13.05],[287.42,-13.1],[287.43,-13.15],[287.45,-13.2],[287.45,-13.2],[287.47,-13.25],[287.49,-13.3],[287.5,-13.32],[287.51,-13.35],[287.54,-13.4],[287.55,-13.42],[287.57,-13.45],[287.6,-13.5],[287.6,-13.5],[287.63,-13.55],[287.65,-13.58],[287.66,-13.6],[287.69,-13.65],[287.7,-13.66],[287.72,-13.7],[287.75,-13.75],[287.75,-13.75],[287.78,-13.8],[287.8,-13.85],[287.8,-13.85],[287.82,-13.9],[287.84,-13.95],[287.85,-13.97],[287.86,-14],[287.88,-14.05],[287.89,-14.1],[287.9,-14.15],[287.9,-14.15],[287.91,-14.2],[287.92,-14.25],[287.92,-14.3],[287.93,-14.35],[287.93,-14.4],[287.93,-14.45],[287.93,-14.5],[287.93,-14.55],[287.93,-14.6],[287.93,-14.65],[287.92,-14.7],[287.92,-14.75],[287.92,-14.8],[287.91,-14.85],[287.91,-14.9],[287.91,-14.95],[287.9,-15],[287.9,-15.03],[287.9,-15.05],[287.9,-15.1],[287.89,-15.15],[287.89,-15.2],[287.89,-15.25],[287.89,-15.3],[287.89,-15.35],[287.9,-15.4],[287.9,-15.44],[287.9,-15.45],[287.91,-15.5],[287.91,-15.55],[287.92,-15.6],[287.93,-15.65],[287.95,-15.7],[287.95,-15.71],[287.96,-15.75],[287.98,-15.8],[288,-15.85],[288,-15.85],[288.02,-15.9],[288.05,-15.95],[288.05,-15.96],[288.07,-16],[288.1,-16.05],[288.1,-16.05],[288.13,-16.1],[288.15,-16.13],[288.17,-16.15],[288.2,-16.2],[288.2,-16.2],[288.24,-16.25],[288.25,-16.26],[288.29,-16.3],[288.3,-16.32],[288.33,-16.35],[288.35,-16.37],[288.38,-16.4],[288.4,-16.42],[288.43,-16.45],[288.45,-16.47],[288.48,-16.5],[288.5,-16.52],[288.54,-16.55],[288.55,-16.56],[288.6,-16.6],[288.6,-16.6],[288.65,-16.64],[288.66,-16.65],[288.7,-16.68],[288.73,-16.7],[288.75,-16.72],[288.8,-16.75],[288.8,-16.75],[288.85,-16.79],[288.87,-16.8],[288.9,-16.82],[288.95,-16.85],[288.95,-16.85],[289,-16.88],[289.03,-16.9],[289.05,-16.92],[289.1,-16.95],[289.11,-16.95],[289.15,-16.98],[289.19,-17],[289.2,-17.01],[289.25,-17.04],[289.27,-17.05],[289.3,-17.07],[289.35,-17.1],[289.36,-17.1],[289.4,-17.13],[289.44,-17.15],[289.45,-17.16],[289.5,-17.19],[289.51,-17.2],[289.55,-17.22],[289.59,-17.25],[289.6,-17.26],[289.65,-17.3],[289.66,-17.3],[289.7,-17.33],[289.72,-17.35],[289.75,-17.37],[289.78,-17.4],[289.8,-17.41],[289.84,-17.45],[289.85,-17.46],[289.9,-17.5],[289.9,-17.5],[289.95,-17.55],[289.95,-17.55],[290,-17.6],[290,-17.6],[290.05,-17.65],[290.05,-17.65],[290.09,-17.7],[290.1,-17.71],[290.13,-17.75],[290.15,-17.77],[290.18,-17.8],[290.2,-17.83],[290.22,-17.85],[290.25,-17.89],[290.25,-17.9],[290.29,-17.95],[290.3,-17.96],[290.33,-18],[290.35,-18.04],[290.36,-18.05],[290.39,-18.1],[290.4,-18.11],[290.42,-18.15],[290.45,-18.19],[290.46,-18.2],[290.49,-18.25],[290.5,-18.27],[290.51,-18.3],[290.54,-18.35],[290.55,-18.36],[290.57,-18.4],[290.6,-18.45],[290.6,-18.45],[290.62,-18.5],[290.65,-18.55],[290.65,-18.55],[290.68,-18.6],[290.7,-18.64],[290.7,-18.65],[290.73,-18.7],[290.75,-18.75],[290.75,-18.75],[290.78,-18.8],[290.8,-18.85],[290.8,-18.85],[290.82,-18.9],[290.85,-18.95],[290.85,-18.96],[290.87,-19],[290.89,-19.05],[290.9,-19.07],[290.91,-19.1],[290.94,-19.15],[290.95,-19.18],[290.96,-19.2],[290.98,-19.25],[291,-19.3],[291,-19.3],[291.02,-19.35],[291.04,-19.4],[291.05,-19.42],[291.06,-19.45],[291.08,-19.5],[291.1,-19.55],[291.1,-19.55],[291.12,-19.6],[291.14,-19.65],[291.15,-19.68],[291.16,-19.7],[291.18,-19.75],[291.19,-19.8],[291.2,-19.81],[291.21,-19.85],[291.23,-19.9],[291.25,-19.95],[291.25,-19.95],[291.27,-20],[291.28,-20.05],[291.3,-20.1],[291.3,-20.1],[291.32,-20.15],[291.33,-20.2],[291.35,-20.25],[291.35,-20.25],[291.37,-20.3],[291.38,-20.35],[291.4,-20.4],[291.4,-20.41],[291.41,-20.45],[291.42,-20.5],[291.44,-20.55],[291.45,-20.6],[291.45,-20.6],[291.46,-20.65],[291.48,-20.7],[291.49,-20.75],[291.5,-20.8],[291.5,-20.8],[291.51,-20.85],[291.52,-20.9],[291.53,-20.95],[291.54,-21],[291.55,-21.02],[291.56,-21.05],[291.57,-21.1],[291.58,-21.15],[291.59,-21.2],[291.6,-21.25],[291.6,-21.27],[291.61,-21.3],[291.62,-21.35],[291.63,-21.4],[291.63,-21.45],[291.64,-21.5],[291.65,-21.53],[291.65,-21.55],[291.66,-21.6],[291.67,-21.65],[291.68,-21.7],[291.69,-21.75],[291.7,-21.8],[291.7,-21.82],[291.71,-21.85],[291.71,-21.9],[291.72,-21.95],[291.73,-22],[291.74,-22.05],[291.75,-22.1],[291.75,-22.11],[291.76,-22.15],[291.77,-22.2],[291.77,-22.25],[291.78,-22.3],[291.79,-22.35],[291.8,-22.39],[291.8,-22.4],[291.81,-22.45],[291.82,-22.5],[291.83,-22.55],[291.84,-22.6],[291.85,-22.65],[291.85,-22.65],[291.86,-22.7],[291.87,-22.75],[291.88,-22.8],[291.89,-22.85],[291.9,-22.9],[291.9,-22.9],[291.91,-22.95],[291.92,-23],[291.93,-23.05],[291.94,-23.1],[291.95,-23.15],[291.95,-23.15],[291.96,-23.2],[291.97,-23.25],[291.98,-23.3],[291.98,-23.35],[291.99,-23.4],[292,-23.45],[292,-23.45],[292.01,-23.5],[292.01,-23.55],[292.02,-23.6],[292.02,-23.65],[292.03,-23.7],[292.03,-23.75],[292.04,-23.8],[292.04,-23.85],[292.04,-23.9],[292.04,-23.95],[292.05,-24],[292.05,-24.05],[292.05,-24.1],[292.05,-24.15],[292.05,-24.2],[292.05,-24.23],[292.05,-24.25],[292.05,-24.3],[292.05,-24.35],[292.05,-24.37],[292.05,-24.4],[292.05,-24.45],[292.05,-24.5],[292.05,-24.55],[292.05,-24.59],[292.05,-24.6],[292.05,-24.65],[292.05,-24.7],[292.05,-24.75],[292.05,-24.8],[292.05,-24.85],[292.05,-24.9],[292.06,-24.95],[292.06,-25],[292.06,-25.05],[292.06,-25.1],[292.06,-25.15],[292.06,-25.2],[292.07,-25.25],[292.07,-25.3],[292.07,-25.35],[292.07,-25.4],[292.07,-25.45],[292.07,-25.5],[292.07,-25.55],[292.07,-25.6],[292.07,-25.65],[292.07,-25.7],[292.06,-25.75],[292.06,-25.8],[292.06,-25.85],[292.05,-25.9],[292.05,-25.91],[292.04,-25.95],[292.04,-26],[292.03,-26.05],[292.02,-26.1],[292.01,-26.15],[292,-26.19],[292,-26.2],[291.98,-26.25],[291.97,-26.3],[291.96,-26.35],[291.95,-26.37],[291.94,-26.4],[291.92,-26.45],[291.91,-26.5],[291.9,-26.53],[291.89,-26.55],[291.88,-26.6],[291.86,-26.65],[291.85,-26.7],[291.85,-26.7],[291.84,-26.75],[291.83,-26.8],[291.82,-26.85],[291.81,-26.9],[291.81,-26.95],[291.81,-27],[291.81,-27.05],[291.81,-27.1],[291.82,-27.15],[291.82,-27.2],[291.83,-27.25],[291.85,-27.3],[291.85,-27.31],[291.86,-27.35],[291.88,-27.4],[291.89,-27.45],[291.9,-27.47],[291.91,-27.5],[291.93,-27.55],[291.95,-27.6],[291.95,-27.6],[291.97,-27.65],[291.99,-27.7],[292,-27.73],[292.01,-27.75],[292.03,-27.8],[292.05,-27.85],[292.05,-27.86],[292.07,-27.9],[292.08,-27.95],[292.1,-27.99],[292.1,-28],[292.12,-28.05],[292.14,-28.1],[292.15,-28.13],[292.16,-28.15],[292.18,-28.2],[292.19,-28.25],[292.2,-28.27],[292.21,-28.3],[292.23,-28.35],[292.25,-28.4],[292.25,-28.4],[292.27,-28.45],[292.29,-28.5],[292.3,-28.53],[292.31,-28.55],[292.33,-28.6],[292.35,-28.65],[292.35,-28.65],[292.37,-28.7],[292.39,-28.75],[292.4,-28.77],[292.41,-28.8],[292.44,-28.85],[292.45,-28.88],[292.46,-28.9],[292.48,-28.95],[292.5,-28.99],[292.5,-29],[292.53,-29.05],[292.55,-29.1],[292.55,-29.1],[292.57,-29.15],[292.6,-29.2],[292.6,-29.21],[292.62,-29.25],[292.64,-29.3],[292.65,-29.31],[292.67,-29.35],[292.69,-29.4],[292.7,-29.42],[292.72,-29.45],[292.74,-29.5],[292.75,-29.52],[292.77,-29.55],[292.79,-29.6],[292.8,-29.62],[292.82,-29.65],[292.84,-29.7],[292.85,-29.72],[292.87,-29.75],[292.89,-29.8],[292.9,-29.82],[292.91,-29.85],[292.94,-29.9],[292.95,-29.93],[292.96,-29.95],[292.98,-30],[293,-30.04],[293,-30.05],[293.02,-30.1],[293.04,-30.15],[293.05,-30.17],[293.06,-30.2],[293.07,-30.25],[293.09,-30.3],[293.1,-30.35],[293.1,-30.35],[293.11,-30.4],[293.12,-30.45],[293.12,-30.5],[293.13,-30.55],[293.13,-30.6],[293.13,-30.65],[293.13,-30.7],[293.13,-30.75],[293.12,-30.8],[293.12,-30.85],[293.11,-30.9],[293.1,-30.92],[293.09,-30.95],[293.08,-31],[293.06,-31.05],[293.05,-31.07],[293.03,-31.1],[293.01,-31.15],[293,-31.16],[292.97,-31.2],[292.95,-31.23],[292.94,-31.25],[292.9,-31.29],[292.89,-31.3],[292.85,-31.34],[292.84,-31.35],[292.8,-31.39],[292.79,-31.4],[292.75,-31.43],[292.72,-31.45],[292.7,-31.47],[292.65,-31.5],[292.65,-31.5],[292.6,-31.53],[292.57,-31.55],[292.55,-31.56],[292.5,-31.59],[292.49,-31.6],[292.45,-31.62],[292.4,-31.65],[292.4,-31.65],[292.35,-31.67],[292.3,-31.7],[292.3,-31.7],[292.25,-31.72],[292.2,-31.74],[292.18,-31.75],[292.15,-31.76],[292.1,-31.78],[292.05,-31.8],[292.05,-31.8],[292,-31.82],[291.95,-31.83],[291.9,-31.84],[291.87,-31.85],[291.85,-31.85],[291.8,-31.86],[291.75,-31.87],[291.7,-31.88],[291.65,-31.88],[291.6,-31.88],[291.55,-31.88],[291.5,-31.88],[291.45,-31.88],[291.4,-31.87],[291.35,-31.86],[291.31,-31.85],[291.3,-31.85],[291.25,-31.83],[291.2,-31.82],[291.16,-31.8],[291.15,-31.79],[291.1,-31.77],[291.06,-31.75],[291.05,-31.74],[291,-31.71],[290.98,-31.7],[290.95,-31.68],[290.92,-31.65],[290.9,-31.64],[290.86,-31.6],[290.85,-31.59],[290.81,-31.55],[290.8,-31.54],[290.77,-31.5],[290.75,-31.48],[290.73,-31.45],[290.7,-31.42],[290.69,-31.4],[290.65,-31.35],[290.65,-31.35],[290.61,-31.3],[290.6,-31.29],[290.56,-31.25],[290.55,-31.24],[290.5,-31.2],[290.5,-31.2],[290.45,-31.17],[290.4,-31.17],[290.35,-31.18],[290.32,-31.2],[290.3,-31.22],[290.28,-31.25],[290.25,-31.29],[290.25,-31.3],[290.23,-31.35],[290.22,-31.4],[290.21,-31.45],[290.2,-31.5],[290.2,-31.51],[290.2,-31.55],[290.2,-31.6],[290.2,-31.63],[290.2,-31.65],[290.2,-31.7],[290.21,-31.75],[290.22,-31.8],[290.22,-31.85],[290.23,-31.9],[290.24,-31.95],[290.24,-32],[290.25,-32.05],[290.25,-32.07],[290.25,-32.1],[290.26,-32.15],[290.26,-32.2],[290.27,-32.25],[290.27,-32.3],[290.27,-32.35],[290.28,-32.4],[290.28,-32.45],[290.28,-32.5],[290.28,-32.55],[290.27,-32.6],[290.27,-32.65],[290.27,-32.7],[290.26,-32.75],[290.26,-32.8],[290.25,-32.85],[290.25,-32.85],[290.24,-32.9],[290.23,-32.95],[290.22,-33],[290.21,-33.05],[290.2,-33.1],[290.2,-33.12],[290.19,-33.15],[290.18,-33.2],[290.17,-33.25],[290.15,-33.3],[290.15,-33.31],[290.14,-33.35],[290.12,-33.4],[290.11,-33.45],[290.1,-33.46],[290.09,-33.5],[290.07,-33.55],[290.05,-33.6],[290.05,-33.6],[290.03,-33.65],[290.01,-33.7],[290,-33.72],[289.99,-33.75],[289.96,-33.8],[289.95,-33.83],[289.94,-33.85],[289.92,-33.9],[289.9,-33.94],[289.89,-33.95],[289.87,-34],[289.85,-34.03],[289.84,-34.05],[289.82,-34.1],[289.8,-34.13],[289.79,-34.15],[289.76,-34.2],[289.75,-34.22],[289.74,-34.25],[289.71,-34.3],[289.7,-34.32],[289.68,-34.35],[289.66,-34.4],[289.65,-34.41],[289.63,-34.45],[289.6,-34.5],[289.6,-34.51],[289.58,-34.55],[289.55,-34.6],[289.55,-34.6],[289.53,-34.65],[289.5,-34.7],[289.5,-34.7],[289.48,-34.75],[289.45,-34.8],[289.45,-34.81],[289.43,-34.85],[289.41,-34.9],[289.4,-34.91],[289.38,-34.95],[289.36,-35],[289.35,-35.02],[289.34,-35.05],[289.32,-35.1],[289.3,-35.14],[289.3,-35.15],[289.28,-35.2],[289.26,-35.25],[289.25,-35.26],[289.24,-35.3],[289.22,-35.35],[289.2,-35.39],[289.2,-35.4],[289.18,-35.45],[289.16,-35.5],[289.15,-35.53],[289.14,-35.55],[289.12,-35.6],[289.11,-35.65],[289.1,-35.67],[289.09,-35.7],[289.07,-35.75],[289.06,-35.8],[289.05,-35.82],[289.04,-35.85],[289.02,-35.9],[289.01,-35.95],[289,-35.97],[288.99,-36],[288.98,-36.05],[288.96,-36.1],[288.95,-36.13],[288.94,-36.15],[288.93,-36.2],[288.91,-36.25],[288.9,-36.28],[288.89,-36.3],[288.88,-36.35],[288.86,-36.4],[288.85,-36.43],[288.84,-36.45],[288.83,-36.5],[288.81,-36.55],[288.8,-36.57],[288.79,-36.6],[288.77,-36.65],[288.75,-36.7],[288.75,-36.71],[288.74,-36.75],[288.72,-36.8],[288.7,-36.85],[288.7,-36.85],[288.68,-36.9],[288.66,-36.95],[288.65,-36.98],[288.64,-37],[288.63,-37.05],[288.61,-37.1],[288.6,-37.12],[288.59,-37.15],[288.57,-37.2],[288.56,-37.25],[288.55,-37.27],[288.54,-37.3],[288.52,-37.35],[288.51,-37.4],[288.5,-37.43],[288.5,-37.45],[288.48,-37.5],[288.47,-37.55],[288.46,-37.6],[288.45,-37.62],[288.44,-37.65],[288.43,-37.7],[288.42,-37.75],[288.41,-37.8],[288.4,-37.85],[288.4,-37.85],[288.39,-37.9],[288.38,-37.95],[288.37,-38],[288.36,-38.05],[288.35,-38.1],[288.35,-38.12],[288.34,-38.15],[288.33,-38.2],[288.33,-38.25],[288.32,-38.3],[288.31,-38.35],[288.3,-38.38],[288.3,-38.4],[288.29,-38.45],[288.27,-38.5],[288.26,-38.55],[288.25,-38.6],[288.25,-38.61],[288.24,-38.65],[288.23,-38.7],[288.21,-38.75],[288.2,-38.8],[288.2,-38.81],[288.19,-38.85],[288.17,-38.9],[288.16,-38.95],[288.15,-38.98],[288.15,-39],[288.13,-39.05],[288.11,-39.1],[288.1,-39.15],[288.1,-39.15],[288.08,-39.2],[288.07,-39.25],[288.05,-39.3],[288.05,-39.3],[288.04,-39.35],[288.02,-39.4],[288,-39.45],[288,-39.46],[287.99,-39.5],[287.97,-39.55],[287.96,-39.6],[287.95,-39.62],[287.94,-39.65],[287.93,-39.7],[287.91,-39.75],[287.9,-39.8],[287.9,-39.81],[287.89,-39.85],[287.88,-39.9],[287.87,-39.95],[287.86,-40],[287.85,-40.03],[287.85,-40.05],[287.84,-40.1],[287.83,-40.15],[287.82,-40.2],[287.82,-40.25],[287.81,-40.3],[287.8,-40.35],[287.8,-40.4],[287.8,-40.4],[287.8,-40.45],[287.79,-40.5],[287.79,-40.55],[287.79,-40.6],[287.78,-40.65],[287.78,-40.7],[287.78,-40.75],[287.78,-40.8],[287.77,-40.85],[287.77,-40.9],[287.77,-40.95],[287.77,-41],[287.76,-41.05],[287.76,-41.1],[287.76,-41.15],[287.75,-41.2],[287.75,-41.24],[287.75,-41.25],[287.75,-41.3],[287.74,-41.35],[287.74,-41.4],[287.73,-41.45],[287.73,-41.5],[287.72,-41.55],[287.72,-41.6],[287.71,-41.65],[287.71,-41.7],[287.7,-41.74],[287.7,-41.75],[287.69,-41.8],[287.69,-41.85],[287.68,-41.9],[287.67,-41.95],[287.67,-42],[287.66,-42.05],[287.65,-42.1],[287.65,-42.1],[287.64,-42.15],[287.64,-42.2],[287.63,-42.25],[287.62,-42.3],[287.61,-42.35],[287.6,-42.4],[287.6,-42.41],[287.59,-42.45],[287.59,-42.5],[287.58,-42.55],[287.57,-42.6],[287.56,-42.65],[287.55,-42.7],[287.55,-42.71],[287.54,-42.75],[287.53,-42.8],[287.53,-42.85],[287.52,-42.9],[287.51,-42.95],[287.5,-43],[287.5,-43.03],[287.5,-43.05],[287.49,-43.1],[287.48,-43.15],[287.48,-43.2],[287.47,-43.25],[287.46,-43.3],[287.46,-43.35],[287.45,-43.39],[287.45,-43.4],[287.44,-43.45],[287.44,-43.5],[287.43,-43.55],[287.42,-43.6],[287.42,-43.65],[287.41,-43.7],[287.4,-43.75],[287.4,-43.77],[287.4,-43.8],[287.39,-43.85],[287.38,-43.9],[287.38,-43.95],[287.37,-44],[287.36,-44.05],[287.35,-44.1],[287.35,-44.11],[287.34,-44.15],[287.34,-44.2]]}},{"type":"Feature","properties":{"zone":"sam","depth_km":40},"geometry":{"type":"LineString","coordinates":[[286.03,-44.45],[286.04,-44.4],[286.05,-44.35],[286.05,-44.34],[286.05,-44.3],[286.06,-44.25],[286.06,-44.2],[286.07,-44.15],[286.07,-44.1],[286.07,-44.05],[286.08,-44],[286.08,-43.95],[286.08,-43.9],[286.08,-43.85],[286.08,-43.8],[286.08,-43.75],[286.08,-43.7],[286.08,-43.65],[286.08,-43.6],[286.08,-43.55],[286.08,-43.5],[286.08,-43.45],[286.08,-43.4],[286.08,-43.35],[286.09,-43.3],[286.09,-43.25],[286.09,-43.2],[286.1,-43.15],[286.1,-43.1],[286.1,-43.1],[286.1,-43.05],[286.11,-43],[286.11,-42.95],[286.12,-42.9],[286.13,-42.85],[286.13,-42.8],[286.14,-42.75],[286.15,-42.7],[286.15,-42.69],[286.16,-42.65],[286.16,-42.6],[286.17,-42.55],[286.18,-42.5],[286.19,-42.45],[286.2,-42.4],[286.2,-42.4],[286.21,-42.35],[286.22,-42.3],[286.23,-42.25],[286.24,-42.2],[286.25,-42.15],[286.25,-42.14],[286.26,-42.1],[286.27,-42.05],[286.28,-42],[286.29,-41.95],[286.3,-41.9],[286.3,-41.89],[286.31,-41.85],[286.32,-41.8],[286.33,-41.75],[286.34,-41.7],[286.35,-41.65],[286.35,-41.63],[286.35,-41.6],[286.36,-41.55],[286.37,-41.5],[286.38,-41.45],[286.39,-41.4],[286.4,-41.35],[286.4,-41.32],[286.4,-41.3],[286.41,-41.25],[286.42,-41.2],[286.42,-41.15],[286.43,-41.1],[286.44,-41.05],[286.44,-41],[286.45,-40.95],[286.45,-40.92],[286.45,-40.9],[286.46,-40.85],[286.46,-40.8],[286.46,-40.75],[286.47,-40.7],[286.47,-40.65],[286.47,-40.6],[286.47,-40.55],[286.48,-40.5],[286.48,-40.45],[286.48,-40.4],[286.48,-40.35],[286.48,-40.3],[286.48,-40.25],[286.49,-40.2],[286.49,-40.15],[286.49,-40.1],[286.49,-40.05],[286.49,-40],[286.5,-39.95],[286.5,-39.9],[286.5,-39.9],[286.5,-39.85],[286.51,-39.8],[286.51,-39.75],[286.52,-39.7],[286.52,-39.65],[286.53,-39.6],[286.54,-39.55],[286.55,-39.5],[286.55,-39.49],[286.56,-39.45],[286.57,-39.4],[286.58,-39.35],[286.59,-39.3],[286.6,-39.25],[286.6,-39.24],[286.61,-39.2],[286.62,-39.15],[286.64,-39.1],[286.65,-39.05],[286.65,-39.04],[286.66,-39],[286.68,-38.95],[286.69,-38.9],[286.7,-38.86],[286.7,-38.85],[286.72,-38.8],[286.73,-38.75],[286.75,-38.7],[286.75,-38.68],[286.76,-38.65],[286.77,-38.6],[286.79,-38.55],[286.8,-38.5],[286.8,-38.5],[286.81,-38.45],[286.83,-38.4],[286.84,-38.35],[286.85,-38.31],[286.85,-38.3],[286.87,-38.25],[286.88,-38.2],[286.89,-38.15],[286.9,-38.11],[286.9,-38.1],[286.91,-38.05],[286.92,-38],[286.93,-37.95],[286.94,-37.9],[286.95,-37.87],[286.95,-37.85],[286.96,-37.8],[286.97,-37.75],[286.98,-37.7],[286.99,-37.65],[287,-37.61],[287,-37.6],[287.01,-37.55],[287.02,-37.5],[287.03,-37.45],[287.03,-37.4],[287.04,-37.35],[287.05,-37.3],[287.05,-37.29],[287.06,-37.25],[287.06,-37.2],[287.07,-37.15],[287.08,-37.1],[287.08,-37.05],[287.09,-37],[287.1,-36.95],[287.1,-36.93],[287.11,-36.9],[287.11,-36.85],[287.12,-36.8],[287.13,-36.75],[287.14,-36.7],[287.15,-36.65],[287.15,-36.65],[287.16,-36.6],[287.17,-36.55],[287.19,-36.5],[287.2,-36.46],[287.2,-36.45],[287.22,-36.4],[287.23,-36.35],[287.25,-36.3],[287.25,-36.3],[287.27,-36.25],[287.29,-36.2],[287.3,-36.18],[287.31,-36.15],[287.33,-36.1],[287.35,-36.06],[287.36,-36.05],[287.38,-36],[287.4,-35.96],[287.4,-35.95],[287.43,-35.9],[287.45,-35.86],[287.46,-35.85],[287.48,-35.8],[287.5,-35.77],[287.51,-35.75],[287.54,-35.7],[287.55,-35.68],[287.57,-35.65],[287.6,-35.6],[287.6,-35.59],[287.62,-35.55],[287.65,-35.51],[287.65,-35.5],[287.68,-35.45],[287.7,-35.42],[287.71,-35.4],[287.74,-35.35],[287.75,-35.33],[287.77,-35.3],[287.8,-35.25],[287.8,-35.24],[287.82,-35.2],[287.85,-35.15],[287.85,-35.15],[287.88,-35.1],[287.9,-35.06],[287.9,-35.05],[287.93,-35],[287.95,-34.96],[287.96,-34.95],[287.98,-34.9],[288,-34.86],[288.01,-34.85],[288.03,-34.8],[288.05,-34.76],[288.05,-34.75],[288.08,-34.7],[288.1,-34.65],[288.1,-34.65],[288.12,-34.6],[288.15,-34.55],[288.15,-34.54],[288.17,-34.5],[288.19,-34.45],[288.2,-34.42],[288.21,-34.4],[288.23,-34.35],[288.25,-34.3],[288.25,-34.3],[288.27,-34.25],[288.29,-34.2],[288.3,-34.17],[288.31,-34.15],[288.33,-34.1],[288.34,-34.05],[288.35,-34.03],[288.36,-34],[288.38,-33.95],[288.39,-33.9],[288.4,-33.87],[288.41,-33.85],[288.42,-33.8],[288.43,-33.75],[288.45,-33.7],[288.45,-33.68],[288.46,-33.65],[288.47,-33.6],[288.48,-33.55],[288.49,-33.5],[288.5,-33.45],[288.5,-33.42],[288.5,-33.4],[288.51,-33.35],[288.52,-33.3],[288.52,-33.25],[288.52,-33.2],[288.53,-33.15],[288.53,-33.1],[288.53,-33.05],[288.54,-33],[288.54,-32.95],[288.54,-32.9],[288.54,-32.85],[288.54,-32.8],[288.54,-32.75],[288.55,-32.7],[288.55,-32.65],[288.55,-32.6],[288.55,-32.55],[288.55,-32.5],[288.55,-32.45],[288.55,-32.4],[288.55,-32.35],[288.55,-32.3],[288.55,-32.25],[288.55,-32.2],[288.55,-32.15],[288.55,-32.1],[288.55,-32.05],[288.55,-32],[288.55,-31.95],[288.55,-31.9],[288.55,-31.85],[288.55,-31.8],[288.55,-31.75],[288.55,-31.7],[288.55,-31.65],[288.55,-31.65],[288.55,-31.6],[288.55,-31.55],[288.55,-31.5],[288.56,-31.45],[288.56,-31.4],[288.56,-31.35],[288.56,-31.3],[288.56,-31.25],[288.57,-31.2],[288.57,-31.15],[288.57,-31.1],[288.57,-31.05],[288.58,-31],[288.58,-30.95],[288.58,-30.9],[288.59,-30.85],[288.59,-30.8],[288.59,-30.75],[288.6,-30.7],[288.6,-30.67],[288.6,-30.65],[288.61,-30.6],[288.61,-30.55],[288.62,-30.5],[288.62,-30.45],[288.63,-30.4],[288.63,-30.35],[288.64,-30.3],[288.64,-30.25],[288.65,-30.2],[288.65,-30.18],[288.65,-30.15],[288.66,-30.1],[288.67,-30.05],[288.67,-30],[288.68,-29.95],[288.69,-29.9],[288.69,-29.85],[288.7,-29.8],[288.7,-29.8],[288.71,-29.75],[288.72,-29.7],[288.72,-29.65],[288.73,-29.6],[288.74,-29.55],[288.75,-29.5],[288.75,-29.5],[288.76,-29.45],[288.77,-29.4],[288.78,-29.35],[288.79,-29.3],[288.8,-29.27],[288.8,-29.25],[288.82,-29.2],[288.83,-29.15],[288.84,-29.1],[288.85,-29.08],[288.86,-29.05],[288.87,-29],[288.89,-28.95],[288.9,-28.91],[288.9,-28.9],[288.92,-28.85],[288.94,-28.8],[288.95,-28.76],[288.95,-28.75],[288.97,-28.7],[288.99,-28.65],[289,-28.61],[289,-28.6],[289.02,-28.55],[289.04,-28.5],[289.05,-28.46],[289.05,-28.45],[289.07,-28.4],[289.08,-28.35],[289.1,-28.3],[289.1,-28.3],[289.12,-28.25],[289.13,-28.2],[289.15,-28.15],[289.15,-28.14],[289.16,-28.1],[289.17,-28.05],[289.19,-28],[289.2,-27.96],[289.2,-27.95],[289.21,-27.9],[289.23,-27.85],[289.24,-27.8],[289.25,-27.75],[289.25,-27.75],[289.26,-27.7],[289.27,-27.65],[289.28,-27.6],[289.29,-27.55],[289.3,-27.52],[289.3,-27.5],[289.31,-27.45],[289.32,-27.4],[289.33,-27.35],[289.34,-27.3],[289.35,-27.26],[289.35,-27.25],[289.36,-27.2],[289.37,-27.15],[289.38,-27.1],[289.38,-27.05],[289.39,-27],[289.4,-26.95],[289.4,-26.95],[289.41,-26.9],[289.41,-26.85],[289.42,-26.8],[289.43,-26.75],[289.44,-26.7],[289.44,-26.65],[289.45,-26.6],[289.45,-26.6],[289.46,-26.55],[289.46,-26.5],[289.47,-26.45],[289.48,-26.4],[289.48,-26.35],[289.49,-26.3],[289.49,-26.25],[289.5,-26.2],[289.5,-26.19],[289.5,-26.15],[289.51,-26.1],[289.51,-26.05],[289.52,-26],[289.52,-25.95],[289.52,-25.9],[289.53,-25.85],[289.53,-25.8],[289.53,-25.75],[289.54,-25.7],[289.54,-25.65],[289.54,-25.6],[289.55,-25.55],[289.55,-25.51],[289.55,-25.5],[289.55,-25.45],[289.56,-25.4],[289.56,-25.35],[289.57,-25.3],[289.57,-25.25],[289.58,-25.2],[289.58,-25.15],[289.59,-25.1],[289.6,-25.05],[289.6,-25.03],[289.6,-25],[289.61,-24.95],[289.62,-24.9],[289.63,-24.85],[289.63,-24.8],[289.64,-24.75],[289.65,-24.71],[289.65,-24.7],[289.66,-24.65],[289.67,-24.6],[289.68,-24.55],[289.68,-24.5],[289.69,-24.45],[289.7,-24.41],[289.7,-24.4],[289.71,-24.35],[289.72,-24.3],[289.73,-24.25],[289.74,-24.2],[289.74,-24.15],[289.75,-24.11],[289.75,-24.1],[289.76,-24.05],[289.77,-24],[289.78,-23.95],[289.78,-23.9],[289.79,-23.85],[289.8,-23.8],[289.8,-23.78],[289.8,-23.75],[289.81,-23.7],[289.82,-23.65],[289.82,-23.6],[289.83,-23.55],[289.84,-23.5],[289.84,-23.45],[289.85,-23.4],[289.85,-23.37],[289.85,-23.35],[289.86,-23.3],[289.86,-23.25],[289.87,-23.2],[289.87,-23.15],[289.88,-23.1],[289.88,-23.05],[289.89,-23],[289.89,-22.95],[289.89,-22.9],[289.9,-22.85],[289.9,-22.8],[289.9,-22.78],[289.9,-22.75],[289.9,-22.7],[289.91,-22.65],[289.91,-22.6],[289.91,-22.55],[289.91,-22.5],[289.91,-22.45],[289.91,-22.4],[289.92,-22.35],[289.92,-22.3],[289.92,-22.25],[289.92,-22.2],[289.92,-22.15],[289.92,-22.1],[289.92,-22.05],[289.92,-22],[289.92,-21.95],[289.92,-21.9],[289.91,-21.85],[289.91,-21.8],[289.91,-21.75],[289.91,-21.7],[289.91,-21.65],[289.91,-21.6],[289.9,-21.55],[289.9,-21.5],[289.9,-21.45],[289.9,-21.44],[289.9,-21.4],[289.89,-21.35],[289.89,-21.3],[289.89,-21.25],[289.88,-21.2],[289.88,-21.15],[289.88,-21.1],[289.87,-21.05],[289.87,-21],[289.86,-20.95],[289.86,-20.9],[289.85,-20.85],[289.85,-20.85],[289.84,-20.8],[289.84,-20.75],[289.83,-20.7],[289.82,-20.65],[289.81,-20.6],[289.81,-20.55],[289.8,-20.52],[289.8,-20.5],[289.79,-20.45],[289.78,-20.4],[289.77,-20.35],[289.76,-20.3],[289.75,-20.25],[289.75,-20.25],[289.74,-20.2],[289.73,-20.15],[289.72,-20.1],[289.7,-20.05],[289.7,-20.03],[289.69,-20],[289.68,-19.95],[289.67,-19.9],[289.65,-19.85],[289.65,-19.84],[289.64,-19.8],[289.62,-19.75],[289.61,-19.7],[289.6,-19.68],[289.59,-19.65],[289.57,-19.6],[289.56,-19.55],[289.55,-19.53],[289.54,-19.5],[289.52,-19.45],[289.5,-19.4],[289.5,-19.4],[289.48,-19.35],[289.46,-19.3],[289.45,-19.28],[289.44,-19.25],[289.42,-19.2],[289.4,-19.17],[289.39,-19.15],[289.37,-19.1],[289.35,-19.06],[289.34,-19.05],[289.32,-19],[289.3,-18.96],[289.29,-18.95],[289.27,-18.9],[289.25,-18.87],[289.24,-18.85],[289.21,-18.8],[289.2,-18.78],[289.18,-18.75],[289.15,-18.7],[289.15,-18.7],[289.12,-18.65],[289.1,-18.61],[289.09,-18.6],[289.06,-18.55],[289.05,-18.54],[289.02,-18.5],[289,-18.47],[288.99,-18.45],[288.95,-18.4],[288.95,-18.4],[288.92,-18.35],[288.9,-18.33],[288.88,-18.3],[288.85,-18.27],[288.84,-18.25],[288.8,-18.21],[288.79,-18.2],[288.75,-18.15],[288.75,-18.15],[288.7,-18.1],[288.7,-18.1],[288.65,-18.05],[288.65,-18.05],[288.6,-18],[288.6,-18],[288.55,-17.95],[288.55,-17.95],[288.5,-17.91],[288.49,-17.9],[288.45,-17.86],[288.44,-17.85],[288.4,-17.82],[288.38,-17.8],[288.35,-17.78],[288.32,-17.75],[288.3,-17.74],[288.26,-17.7],[288.25,-17.69],[288.2,-17.65],[288.2,-17.65],[288.15,-17.61],[288.13,-17.6],[288.1,-17.57],[288.07,-17.55],[288.05,-17.53],[288.01,-17.5],[288,-17.49],[287.95,-17.45],[287.95,-17.45],[287.9,-17.41],[287.88,-17.4],[287.85,-17.37],[287.82,-17.35],[287.8,-17.33],[287.76,-17.3],[287.75,-17.29],[287.7,-17.25],[287.7,-17.25],[287.65,-17.21],[287.63,-17.2],[287.6,-17.17],[287.57,-17.15],[287.55,-17.14],[287.5,-17.1],[287.5,-17.1],[287.45,-17.06],[287.44,-17.05],[287.4,-17.02],[287.37,-17],[287.35,-16.98],[287.31,-16.95],[287.3,-16.95],[287.25,-16.91],[287.24,-16.9],[287.2,-16.87],[287.17,-16.85],[287.15,-16.84],[287.1,-16.8],[287.1,-16.8],[287.05,-16.77],[287.02,-16.75],[287,-16.73],[286.95,-16.7],[286.95,-16.7],[286.9,-16.67],[286.88,-16.65],[286.85,-16.63],[286.8,-16.6],[286.8,-16.6],[286.75,-16.57],[286.73,-16.55],[286.7,-16.53],[286.65,-16.5],[286.65,-16.5],[286.6,-16.46],[286.58,-16.45],[286.55,-16.43],[286.51,-16.4],[286.5,-16.4],[286.45,-16.36],[286.43,-16.35],[286.4,-16.33],[286.36,-16.3],[286.35,-16.29],[286.3,-16.26],[286.29,-16.25],[286.25,-16.22],[286.22,-16.2],[286.2,-16.19],[286.15,-16.15],[286.15,-16.15],[286.1,-16.11],[286.08,-16.1],[286.05,-16.08],[286.01,-16.05],[286,-16.04],[285.95,-16],[285.95,-16],[285.9,-15.97],[285.88,-15.95],[285.85,-15.93],[285.81,-15.9],[285.8,-15.89],[285.75,-15.85],[285.74,-15.85],[285.7,-15.82],[285.68,-15.8],[285.65,-15.78],[285.61,-15.75],[285.6,-15.74],[285.55,-15.7],[285.54,-15.7],[285.5,-15.67],[285.48,-15.65],[285.45,-15.63],[285.41,-15.6],[285.4,-15.59],[285.35,-15.55],[285.35,-15.55],[285.3,-15.51],[285.29,-15.5],[285.25,-15.47],[285.23,-15.45],[285.2,-15.43],[285.16,-15.4],[285.15,-15.39],[285.11,-15.35],[285.1,-15.35],[285.05,-15.3],[285.05,-15.3],[285,-15.26],[284.99,-15.25],[284.95,-15.21],[284.94,-15.2],[284.9,-15.17],[284.88,-15.15],[284.85,-15.12],[284.83,-15.1],[284.8,-15.07],[284.78,-15.05],[284.75,-15.02],[284.73,-15],[284.7,-14.96],[284.69,-14.95],[284.65,-14.91],[284.64,-14.9],[284.6,-14.85],[284.6,-14.85],[284.56,-14.8],[284.55,-14.79],[284.52,-14.75],[284.5,-14.73],[284.48,-14.7],[284.45,-14.66],[284.44,-14.65],[284.4,-14.6],[284.4,-14.6],[284.37,-14.55],[284.35,-14.53],[284.33,-14.5],[284.3,-14.46],[284.29,-14.45],[284.26,-14.4],[284.25,-14.39],[284.22,-14.35],[284.2,-14.32],[284.19,-14.3],[284.15,-14.25],[284.15,-14.25],[284.12,-14.2],[284.1,-14.18],[284.08,-14.15],[284.05,-14.11],[284.04,-14.1],[284.01,-14.05],[284,-14.04],[283.97,-14],[283.95,-13.97],[283.94,-13.95],[283.9,-13.9],[283.9,-13.9],[283.86,-13.85],[283.85,-13.83],[283.83,-13.8],[283.8,-13.76],[283.79,-13.75],[283.75,-13.7],[283.75,-13.7],[283.72,-13.65],[283.7,-13.63],[283.68,-13.6],[283.65,-13.56],[283.65,-13.55],[283.61,-13.5],[283.6,-13.49],[283.57,-13.45],[283.55,-13.41],[283.54,-13.4],[283.5,-13.35],[283.5,-13.34],[283.47,-13.3],[283.45,-13.27],[283.43,-13.25],[283.4,-13.2],[283.4,-13.2],[283.36,-13.15],[283.35,-13.13],[283.33,-13.1],[283.3,-13.06],[283.29,-13.05],[283.25,-13],[283.25,-12.99],[283.22,-12.95],[283.2,-12.93],[283.18,-12.9],[283.15,-12.86],[283.14,-12.85],[283.1,-12.8],[283.1,-12.8],[283.06,-12.75],[283.05,-12.74],[283.02,-12.7],[283,-12.67],[282.98,-12.65],[282.95,-12.61],[282.94,-12.6],[282.9,-12.55],[282.9,-12.55],[282.86,-12.5],[282.85,-12.49],[282.82,-12.45],[282.8,-12.43],[282.78,-12.4],[282.75,-12.37],[282.74,-12.35],[282.7,-12.31],[282.69,-12.3],[282.65,-12.25],[282.65,-12.25],[282.61,-12.2],[282.6,-12.18],[282.57,-12.15],[282.55,-12.12],[282.53,-12.1],[282.5,-12.06],[282.49,-12.05],[282.46,-12],[282.45,-11.99],[282.42,-11.95],[282.4,-11.93],[282.38,-11.9],[282.35,-11.86],[282.34,-11.85],[282.31,-11.8],[282.3,-11.79],[282.27,-11.75],[282.25,-11.72],[282.23,-11.7],[282.2,-11.65],[282.2,-11.65],[282.16,-11.6],[282.15,-11.58],[282.13,-11.55],[282.1,-11.5],[282.1,-11.5],[282.06,-11.45],[282.05,-11.43],[282.03,-11.4],[282,-11.35],[282,-11.35],[281.97,-11.3],[281.95,-11.28],[281.93,-11.25],[281.9,-11.2],[281.9,-11.2],[281.87,-11.15],[281.85,-11.12],[281.84,-11.1],[281.8,-11.05],[281.8,-11.04],[281.77,-11],[281.75,-10.96],[281.74,-10.95],[281.71,-10.9],[281.7,-10.89],[281.68,-10.85],[281.65,-10.81],[281.65,-10.8],[281.61,-10.75],[281.6,-10.73],[281.58,-10.7],[281.55,-10.65],[281.55,-10.65],[281.52,-10.6],[281.5,-10.57],[281.49,-10.55],[281.46,-10.5],[281.45,-10.49],[281.43,-10.45],[281.4,-10.41],[281.39,-10.4],[281.36,-10.35],[281.35,-10.33],[281.33,-10.3],[281.3,-10.25],[281.3,-10.25],[281.26,-10.2],[281.25,-10.18],[281.23,-10.15],[281.2,-10.1],[281.2,-10.1],[281.16,-10.05],[281.15,-10.03],[281.13,-10],[281.1,-9.95],[281.1,-9.95],[281.06,-9.9],[281.05,-9.88],[281.03,-9.85],[281,-9.8],[281,-9.8],[280.97,-9.75],[280.95,-9.72],[280.93,-9.7],[280.9,-9.65],[280.9,-9.65],[280.87,-9.6],[280.85,-9.56],[280.84,-9.55],[280.81,-9.5],[280.8,-9.48],[280.78,-9.45],[280.75,-9.4],[280.75,-9.4],[280.72,-9.35],[280.7,-9.31],[280.7,-9.3],[280.67,-9.25],[280.65,-9.21],[280.64,-9.2],[280.62,-9.15],[280.6,-9.12],[280.59,-9.1],[280.57,-9.05],[280.55,-9.02],[280.54,-9],[280.52,-8.95],[280.5,-8.91],[280.49,-8.9],[280.47,-8.85],[280.45,-8.8],[280.45,-8.8],[280.43,-8.75],[280.4,-8.7],[280.4,-8.69],[280.38,-8.65],[280.36,-8.6],[280.35,-8.58],[280.33,-8.55],[280.31,-8.5],[280.3,-8.47],[280.29,-8.45],[280.27,-8.4],[280.25,-8.36],[280.24,-8.35],[280.22,-8.3],[280.2,-8.25],[280.2,-8.25],[280.18,-8.2],[280.16,-8.15],[280.15,-8.14],[280.13,-8.1],[280.11,-8.05],[280.1,-8.02],[280.09,-8],[280.07,-7.95],[280.05,-7.9],[280.05,-7.9],[280.03,-7.85],[280.01,-7.8],[280,-7.79],[279.98,-7.75],[279.96,-7.7],[279.95,-7.67],[279.94,-7.65],[279.92,-7.6],[279.9,-7.55],[279.9,-7.54],[279.88,-7.5],[279.86,-7.45],[279.85,-7.42],[279.84,-7.4],[279.82,-7.35],[279.8,-7.3],[279.8,-7.29],[279.78,-7.25],[279.76,-7.2],[279.75,-7.17],[279.74,-7.15],[279.72,-7.1],[279.7,-7.05],[279.7,-7.04],[279.68,-7],[279.66,-6.95],[279.65,-6.92],[279.64,-6.9],[279.62,-6.85],[279.61,-6.8],[279.6,-6.78],[279.59,-6.75],[279.57,-6.7],[279.55,-6.65],[279.55,-6.65],[279.53,-6.6],[279.52,-6.55],[279.5,-6.5],[279.5,-6.5],[279.48,-6.45],[279.47,-6.4],[279.45,-6.35],[279.45,-6.35],[279.43,-6.3],[279.42,-6.25],[279.41,-6.2],[279.4,-6.18],[279.39,-6.15],[279.38,-6.1],[279.37,-6.05],[279.35,-6],[279.35,-5.98],[279.34,-5.95],[279.33,-5.9],[279.32,-5.85],[279.31,-5.8],[279.3,-5.75],[279.3,-5.73],[279.3,-5.7],[279.29,-5.65],[279.28,-5.6],[279.27,-5.55],[279.27,-5.5],[279.26,-5.45],[279.26,-5.4],[279.25,-5.35],[279.25,-5.3],[279.25,-5.28],[279.25,-5.25],[279.25,-5.2],[279.24,-5.15],[279.24,-5.1],[279.24,-5.05],[279.24,-5],[279.24,-4.95],[279.24,-4.9],[279.24,-4.85],[279.24,-4.8],[279.24,-4.75],[279.24,-4.7],[279.24,-4.65],[279.25,-4.6],[279.25,-4.56],[279.25,-4.55],[279.25,-4.5],[279.26,-4.45],[279.26,-4.4],[279.27,-4.35],[279.27,-4.3],[279.28,-4.25],[279.28,-4.2],[279.29,-4.15],[279.3,-4.1],[279.3,-4.09],[279.31,-4.05],[279.31,-4],[279.32,-3.95],[279.33,-3.9],[279.34,-3.85],[279.34,-3.8],[279.35,-3.77],[279.35,-3.75],[279.36,-3.7],[279.37,-3.65],[279.38,-3.6],[279.39,-3.55],[279.4,-3.5],[279.4,-3.49],[279.41,-3.45],[279.42,-3.4],[279.42,-3.35],[279.43,-3.3],[279.44,-3.25],[279.45,-3.2],[279.45,-3.2],[279.46,-3.15],[279.47,-3.1],[279.47,-3.05],[279.48,-3],[279.49,-2.95],[279.49,-2.9],[279.5,-2.85],[279.5,-2.82],[279.5,-2.8],[279.51,-2.75],[279.51,-2.7],[279.51,-2.65],[279.52,-2.6],[279.52,-2.55],[279.52,-2.5],[279.52,-2.45],[279.53,-2.4],[279.53,-2.35],[279.53,-2.3],[279.53,-2.25],[279.53,-2.2],[279.53,-2.15],[279.53,-2.1],[279.54,-2.05],[279.54,-2],[279.54,-1.95],[279.55,-1.9],[279.55,-1.85],[279.55,-1.84],[279.55,-1.8],[279.56,-1.75],[279.56,-1.7],[279.57,-1.65],[279.58,-1.6],[279.58,-1.55],[279.59,-1.5],[279.6,-1.45],[279.6,-1.43],[279.6,-1.4],[279.61,-1.35],[279.62,-1.3],[279.63,-1.25],[279.64,-1.2],[279.65,-1.15],[279.65,-1.15],[279.66,-1.1],[279.67,-1.05],[279.68,-1],[279.69,-0.95],[279.7,-0.92],[279.71,-0.9],[279.72,-0.85],[279.73,-0.8],[279.75,-0.75],[279.75,-0.73],[279.76,-0.7],[279.77,-0.65],[279.79,-0.6],[279.8,-0.57],[279.81,-0.55],[279.82,-0.5],[279.84,-0.45],[279.85,-0.42],[279.86,-0.4],[279.87,-0.35],[279.89,-0.3],[279.9,-0.28],[279.91,-0.25],[279.93,-0.2],[279.95,-0.15],[279.95,-0.15],[279.97,-0.1],[279.99,-0.05],[280,-0.03],[280.01,0],[280.04,0.05],[280.05,0.08],[280.06,0.1],[280.08,0.15],[280.1,0.19],[280.1,0.2],[280.13,0.25],[280.15,0.3],[280.15,0.3],[280.17,0.35],[280.2,0.4],[280.2,0.4],[280.22,0.45],[280.25,0.5],[280.25,0.5],[280.27,0.55],[280.3,0.6],[280.3,0.6],[280.33,0.65],[280.35,0.69],[280.36,0.7],[280.38,0.75],[280.4,0.78],[280.41,0.8],[280.44,0.85],[280.45,0.86],[280.47,0.9],[280.5,0.95],[280.5,0.95],[280.53,1],[280.55,1.03],[280.56,1.05],[280.6,1.1],[280.6,1.1],[280.63,1.15],[280.65,1.18],[280.66,1.2],[280.7,1.25],[280.7,1.25],[280.73,1.3],[280.75,1.32],[280.77,1.35],[280.8,1.39],[280.81,1.4],[280.84,1.45],[280.85,1.46],[280.88,1.5],[280.9,1.53],[280.92,1.55],[280.95,1.59],[280.96,1.6],[281,1.65],[281,1.65],[281.04,1.7],[281.05,1.71],[281.08,1.75],[281.1,1.77],[281.12,1.8],[281.15,1.83],[281.16,1.85],[281.2,1.89],[281.21,1.9],[281.25,1.95],[281.25,1.95],[281.3,2],[281.3,2],[281.34,2.05],[281.35,2.06],[281.39,2.1],[281.4,2.12],[281.43,2.15],[281.45,2.17],[281.48,2.2],[281.5,2.23],[281.52,2.25],[281.55,2.28],[281.57,2.3],[281.6,2.34],[281.61,2.35],[281.65,2.39],[281.65,2.4],[281.7,2.45],[281.7,2.45],[281.74,2.5],[281.75,2.51],[281.78,2.55],[281.8,2.57],[281.82,2.6],[281.85,2.64],[281.86,2.65],[281.9,2.7],[281.9,2.7],[281.93,2.75],[281.95,2.77],[281.97,2.8],[282,2.84],[282,2.85],[282.04,2.9],[282.05,2.92],[282.07,2.95],[282.1,3],[282.1,3],[282.13,3.05],[282.15,3.08],[282.16,3.1],[282.19,3.15],[282.2,3.17],[282.22,3.2],[282.25,3.25],[282.25,3.26],[282.27,3.3],[282.3,3.35],[282.3,3.35],[282.32,3.4],[282.35,3.45],[282.35,3.45],[282.37,3.5],[282.4,3.55],[282.4,3.55],[282.42,3.6],[282.44,3.65],[282.45,3.66],[282.47,3.7],[282.49,3.75],[282.5,3.78],[282.51,3.8],[282.53,3.85],[282.55,3.9],[282.55,3.9],[282.57,3.95],[282.59,4],[282.6,4.02],[282.61,4.05],[282.63,4.1],[282.65,4.15],[282.65,4.15],[282.67,4.2],[282.69,4.25],[282.7,4.29],[282.7,4.3],[282.72,4.35],[282.74,4.4],[282.75,4.42],[282.76,4.45],[282.78,4.5],[282.79,4.55],[282.8,4.57],[282.81,4.6],[282.83,4.65],[282.84,4.7],[282.85,4.72],[282.86,4.75],[282.88,4.8],[282.89,4.85],[282.9,4.88],[282.9,4.9],[282.92,4.95],[282.93,5],[282.95,5.05],[282.95,5.07],[282.96,5.1],[282.97,5.15],[282.98,5.2],[282.99,5.25],[283,5.28],[283.01,5.3],[283.02,5.35],[283.03,5.4],[283.04,5.45],[283.05,5.5],[283.05,5.52],[283.06,5.55],[283.06,5.6],[283.07,5.65],[283.08,5.7],[283.09,5.75],[283.1,5.8],[283.1,5.83],[283.1,5.85],[283.11,5.9],[283.11,5.95],[283.12,6],[283.13,6.05],[283.13,6.1],[283.13,6.15],[283.14,6.2],[283.14,6.25],[283.14,6.3],[283.14,6.35],[283.14,6.4],[283.14,6.45],[283.14,6.5],[283.14,6.55],[283.14,6.6],[283.14,6.65],[283.14,6.7],[283.14,6.75],[283.13,6.8],[283.13,6.85],[283.13,6.9],[283.13,6.95],[283.12,7],[283.12,7.05],[283.12,7.1],[283.12,7.15],[283.12,7.2],[283.12,7.25],[283.12,7.3],[283.12,7.35],[283.12,7.4],[283.12,7.45],[283.12,7.5],[283.12,7.55],[283.13,7.6],[283.13,7.65],[283.13,7.7],[283.14,7.75],[283.14,7.8],[283.15,7.85]]}},{"type":"Feature","properties":{"zone":"car","depth_km":100},"geometry":{"type":"LineString","coordinates":[[289.65,18.35],[289.67,18.35],[289.7,18.36],[289.75,18.36],[289.8,18.37],[289.85,18.38],[289.9,18.39],[289.95,18.39],[289.98,18.4],[290,18.4],[290.05,18.41],[290.1,18.42],[290.15,18.43],[290.2,18.44],[290.22,18.45],[290.25,18.46],[290.3,18.47],[290.35,18.48],[290.4,18.49],[290.45,18.5],[290.46,18.5],[290.5,18.51],[290.55,18.52],[290.6,18.52],[290.65,18.53],[290.7,18.54],[290.75,18.54],[290.8,18.55],[290.85,18.55],[290.85,18.55],[290.9,18.55],[290.95,18.56],[291,18.56],[291.05,18.56],[291.1,18.56],[291.15,18.56],[291.2,18.56],[291.25,18.56],[291.3,18.56],[291.35,18.56],[291.4,18.55],[291.45,18.55],[291.5,18.55],[291.5,18.55],[291.55,18.55],[291.6,18.55],[291.65,18.54],[291.7,18.54],[291.75,18.53],[291.8,18.53],[291.85,18.53],[291.9,18.52],[291.95,18.51],[292,18.51],[292.04,18.5],[292.05,18.5],[292.1,18.49],[292.15,18.48],[292.2,18.47],[292.25,18.46],[292.3,18.45],[292.31,18.45],[292.35,18.44],[292.4,18.43],[292.45,18.42],[292.5,18.41],[292.52,18.4],[292.55,18.39],[292.6,18.38],[292.65,18.37],[292.7,18.36],[292.73,18.35],[292.75,18.34],[292.8,18.33],[292.85,18.32],[292.9,18.31],[292.95,18.3],[292.95,18.3],[293,18.29],[293.05,18.28],[293.1,18.27],[293.15,18.27],[293.2,18.26],[293.25,18.25],[293.3,18.25],[293.3,18.25],[293.35,18.25],[293.4,18.24],[293.45,18.24],[293.5,18.24],[293.55,18.24],[293.6,18.23],[293.65,18.23],[293.7,18.23],[293.75,18.23],[293.8,18.23],[293.85,18.22],[293.9,18.22],[293.95,18.22],[294,18.21],[294.05,18.21],[294.1,18.2],[294.14,18.2],[294.15,18.2],[294.2,18.19],[294.25,18.19],[294.3,18.19],[294.35,18.18],[294.4,18.18],[294.45,18.17],[294.5,18.17],[294.55,18.16],[294.6,18.16],[294.65,18.16],[294.7,18.15],[294.71,18.15],[294.75,18.15],[294.8,18.14],[294.85,18.13],[294.9,18.13],[294.95,18.12],[295,18.11],[295.05,18.11],[295.08,18.1],[295.1,18.1],[295.15,18.09],[295.2,18.08],[295.25,18.06],[295.3,18.05],[295.31,18.05],[295.35,18.04],[295.4,18.03],[295.45,18.01],[295.49,18],[295.5,18],[295.55,17.98],[295.6,17.96],[295.64,17.95],[295.65,17.95],[295.7,17.93],[295.75,17.91],[295.78,17.9],[295.8,17.89],[295.85,17.87],[295.9,17.85],[295.91,17.85],[295.95,17.83],[296,17.81],[296.03,17.8],[296.05,17.79],[296.1,17.77],[296.14,17.75],[296.15,17.75],[296.2,17.72],[296.25,17.7],[296.25,17.7],[296.3,17.68],[296.35,17.65],[296.35,17.65],[296.4,17.63],[296.45,17.6],[296.45,17.6],[296.5,17.57],[296.54,17.55],[296.55,17.55],[296.6,17.52],[296.63,17.5],[296.65,17.49],[296.7,17.46],[296.72,17.45],[296.75,17.43],[296.8,17.4],[296.81,17.4],[296.85,17.37],[296.89,17.35],[296.9,17.34],[296.95,17.31],[296.96,17.3],[297,17.28],[297.04,17.25],[297.05,17.24],[297.1,17.21],[297.11,17.2],[297.15,17.17],[297.18,17.15],[297.2,17.13],[297.24,17.1],[297.25,17.09],[297.3,17.05],[297.3,17.05],[297.35,17.01],[297.36,17],[297.4,16.96],[297.41,16.95],[297.45,16.91],[297.46,16.9],[297.5,16.86],[297.51,16.85],[297.55,16.81],[297.56,16.8],[297.6,16.76],[297.61,16.75],[297.65,16.71],[297.66,16.7],[297.7,16.65],[297.7,16.65],[297.75,16.6],[297.75,16.6],[297.79,16.55],[297.8,16.54],[297.84,16.5],[297.85,16.48],[297.88,16.45],[297.9,16.42],[297.92,16.4],[297.95,16.36],[297.96,16.35],[298,16.3],[298,16.3],[298.04,16.25],[298.05,16.23],[298.08,16.2],[298.1,16.17],[298.11,16.15],[298.15,16.1],[298.15,16.1],[298.19,16.05],[298.2,16.03],[298.23,16],[298.25,15.97],[298.26,15.95],[298.3,15.9],[298.3,15.9],[298.33,15.85],[298.35,15.83],[298.37,15.8],[298.4,15.76],[298.4,15.75],[298.44,15.7],[298.45,15.68],[298.47,15.65],[298.5,15.6],[298.5,15.6],[298.53,15.55],[298.55,15.51],[298.56,15.5],[298.58,15.45],[298.6,15.41],[298.6,15.4],[298.63,15.35],[298.64,15.3],[298.65,15.29],[298.66,15.25],[298.68,15.2],[298.69,15.15],[298.7,15.12],[298.7,15.1],[298.71,15.05],[298.72,15],[298.73,14.95],[298.74,14.9],[298.74,14.85],[298.74,14.8],[298.74,14.75],[298.74,14.7],[298.74,14.65],[298.74,14.6],[298.74,14.55],[298.73,14.5],[298.73,14.45],[298.72,14.4],[298.71,14.35],[298.71,14.3],[298.7,14.26],[298.7,14.25],[298.69,14.2],[298.68,14.15],[298.67,14.1],[298.66,14.05],[298.65,14],[298.65,13.98],[298.64,13.95],[298.64,13.9],[298.63,13.85],[298.62,13.8],[298.61,13.75],[298.61,13.7],[298.6,13.65],[298.6,13.64],[298.6,13.6],[298.59,13.55],[298.58,13.5],[298.58,13.45],[298.57,13.4],[298.57,13.35],[298.56,13.3],[298.55,13.25],[298.55,13.24],[298.54,13.2],[298.53,13.15],[298.52,13.1],[298.51,13.05],[298.5,13.03],[298.49,13],[298.48,12.95],[298.46,12.9],[298.45,12.88],[298.44,12.85],[298.41,12.8],[298.4,12.77],[298.39,12.75],[298.36,12.7],[298.35,12.68],[298.33,12.65],[298.3,12.6],[298.3,12.59],[298.27,12.55],[298.25,12.52],[298.24,12.5],[298.21,12.45],[298.2,12.44],[298.17,12.4],[298.15,12.37],[298.14,12.35],[298.1,12.3],[298.1,12.3],[298.07,12.25],[298.05,12.23],[298.03,12.2],[298,12.15],[298,12.15],[297.96,12.1],[297.95,12.08],[297.93,12.05],[297.9,12.01],[297.9,12],[297.86,11.95],[297.85,11.93],[297.83,11.9],[297.8,11.85],[297.8,11.85],[297.77,11.8],[297.75,11.76],[297.74,11.75],[297.71,11.7],[297.7,11.68],[297.69,11.65],[297.66,11.6],[297.65,11.58],[297.63,11.55],[297.61,11.5],[297.6,11.49],[297.58,11.45],[297.56,11.4],[297.55,11.39],[297.53,11.35],[297.51,11.3],[297.5,11.29],[297.48,11.25],[297.46,11.2],[297.45,11.18],[297.44,11.15],[297.41,11.1],[297.4,11.07],[297.39,11.05],[297.37,11],[297.35,10.97],[297.34,10.95],[297.32,10.9],[297.3,10.86],[297.3,10.85],[297.27,10.8],[297.25,10.75],[297.25,10.75],[297.23,10.7],[297.2,10.65],[297.2,10.64],[297.18,10.6],[297.16,10.55],[297.15,10.53],[297.14,10.5],[297.11,10.45],[297.1,10.42],[297.09,10.4],[297.07,10.35],[297.05,10.3],[297.05,10.29],[297.03,10.25],[297.02,10.2],[297,10.15],[297,10.15],[296.99,10.1]]}},{"type":"Feature","properties":{"zone":"car","depth_km":40},"geometry":{"type":"LineString","coordinates":[[289.05,18.98],[289.1,18.98],[289.15,18.97],[289.2,18.97],[289.25,18.97],[289.3,18.96],[289.35,18.96],[289.4,18.95],[289.45,18.95],[289.46,18.95],[289.5,18.95],[289.55,18.94],[289.6,18.94],[289.65,18.94],[289.7,18.94],[289.75,18.94],[289.8,18.93],[289.85,18.93],[289.9,18.93],[289.95,18.93],[290,18.94],[290.05,18.94],[290.1,18.94],[290.15,18.94],[290.2,18.95],[290.24,18.95],[290.25,18.95],[290.3,18.96],[290.35,18.96],[290.4,18.96],[290.45,18.97],[290.5,18.97],[290.55,18.97],[290.6,18.98],[290.65,18.98],[290.7,18.98],[290.75,18.98],[290.8,18.98],[290.85,18.99],[290.9,18.99],[290.95,18.99],[291,18.99],[291.05,18.99],[291.1,18.99],[291.15,18.99],[291.2,18.99],[291.25,18.99],[291.3,18.99],[291.35,18.99],[291.4,18.99],[291.45,18.99],[291.5,18.99],[291.55,18.99],[291.6,18.99],[291.65,18.99],[291.7,18.99],[291.75,18.99],[291.8,18.99],[291.85,18.99],[291.9,18.99],[291.95,18.99],[292,18.99],[292.05,18.99],[292.1,18.99],[292.15,18.99],[292.2,18.99],[292.25,18.99],[292.3,18.98],[292.35,18.98],[292.4,18.98],[292.45,18.98],[292.5,18.98],[292.55,18.97],[292.6,18.97],[292.65,18.97],[292.7,18.97],[292.75,18.97],[292.8,18.97],[292.85,18.96],[292.9,18.96],[292.95,18.96],[293,18.96],[293.05,18.96],[293.1,18.96],[293.15,18.96],[293.2,18.96],[293.25,18.96],[293.3,18.96],[293.35,18.96],[293.4,18.96],[293.45,18.96],[293.5,18.96],[293.55,18.95],[293.6,18.95],[293.65,18.95],[293.7,18.95],[293.75,18.95],[293.8,18.95],[293.85,18.95],[293.9,18.95],[293.91,18.95],[293.95,18.95],[294,18.95],[294.05,18.95],[294.1,18.94],[294.15,18.94],[294.2,18.94],[294.25,18.94],[294.3,18.93],[294.35,18.93],[294.4,18.93],[294.45,18.93],[294.5,18.92],[294.55,18.92],[294.6,18.92],[294.65,18.91],[294.7,18.91],[294.75,18.91],[294.8,18.9],[294.84,18.9],[294.85,18.9],[294.9,18.9],[294.95,18.89],[295,18.89],[295.05,18.89],[295.1,18.88],[295.15,18.88],[295.2,18.87],[295.25,18.87],[295.3,18.86],[295.35,18.86],[295.4,18.85],[295.41,18.85],[295.45,18.85],[295.5,18.84],[295.55,18.83],[295.6,18.82],[295.65,18.81],[295.7,18.8],[295.71,18.8],[295.75,18.79],[295.8,18.78],[295.85,18.77],[295.9,18.76],[295.93,18.75],[295.95,18.74],[296,18.73],[296.05,18.72],[296.1,18.7],[296.1,18.7],[296.15,18.68],[296.2,18.67],[296.25,18.65],[296.25,18.65],[296.3,18.63],[296.35,18.61],[296.39,18.6],[296.4,18.6],[296.45,18.58],[296.5,18.56],[296.52,18.55],[296.55,18.54],[296.6,18.52],[296.64,18.5],[296.65,18.5],[296.7,18.48],[296.75,18.45],[296.76,18.45],[296.8,18.43],[296.85,18.41],[296.87,18.4],[296.9,18.38],[296.95,18.36],[296.97,18.35],[297,18.34],[297.05,18.31],[297.07,18.3],[297.1,18.29],[297.15,18.26],[297.17,18.25],[297.2,18.23],[297.25,18.21],[297.26,18.2],[297.3,18.18],[297.35,18.15],[297.36,18.15],[297.4,18.13],[297.44,18.1],[297.45,18.1],[297.5,18.07],[297.53,18.05],[297.55,18.04],[297.6,18.01],[297.61,18],[297.65,17.98],[297.69,17.95],[297.7,17.95],[297.75,17.91],[297.77,17.9],[297.8,17.88],[297.85,17.85],[297.85,17.85],[297.9,17.81],[297.92,17.8],[297.95,17.77],[297.98,17.75],[298,17.74],[298.05,17.7],[298.05,17.7],[298.1,17.65],[298.11,17.65],[298.15,17.61],[298.16,17.6],[298.2,17.56],[298.21,17.55],[298.25,17.51],[298.26,17.5],[298.3,17.46],[298.31,17.45],[298.35,17.4],[298.35,17.4],[298.39,17.35],[298.4,17.34],[298.43,17.3],[298.45,17.28],[298.47,17.25],[298.5,17.21],[298.51,17.2],[298.54,17.15],[298.55,17.14],[298.58,17.1],[298.6,17.07],[298.62,17.05],[298.65,17],[298.65,17],[298.69,16.95],[298.7,16.93],[298.72,16.9],[298.75,16.86],[298.75,16.85],[298.79,16.8],[298.8,16.78],[298.82,16.75],[298.85,16.71],[298.86,16.7],[298.89,16.65],[298.9,16.64],[298.92,16.6],[298.95,16.56],[298.96,16.55],[298.99,16.5],[299,16.49],[299.02,16.45],[299.05,16.41],[299.06,16.4],[299.09,16.35],[299.1,16.34],[299.12,16.3],[299.15,16.26],[299.16,16.25],[299.19,16.2],[299.2,16.18],[299.22,16.15],[299.25,16.1],[299.25,16.1],[299.28,16.05],[299.3,16.02],[299.31,16],[299.34,15.95],[299.35,15.93],[299.37,15.9],[299.4,15.85],[299.4,15.85],[299.42,15.8],[299.45,15.75],[299.45,15.75],[299.48,15.7],[299.5,15.65],[299.5,15.65],[299.53,15.6],[299.55,15.55],[299.55,15.55],[299.57,15.5],[299.59,15.45],[299.6,15.44],[299.62,15.4],[299.64,15.35],[299.65,15.32],[299.66,15.3],[299.68,15.25],[299.7,15.2],[299.7,15.2],[299.72,15.15],[299.74,15.1],[299.75,15.08],[299.76,15.05],[299.79,15],[299.8,14.97],[299.81,14.95],[299.83,14.9],[299.85,14.85],[299.85,14.85],[299.87,14.8],[299.89,14.75],[299.9,14.73],[299.91,14.7],[299.93,14.65],[299.95,14.61],[299.95,14.6],[299.97,14.55],[299.99,14.5],[300,14.48],[300.01,14.45],[300.03,14.4],[300.05,14.35],[300.05,14.35],[300.07,14.3],[300.08,14.25],[300.1,14.2],[300.1,14.2],[300.12,14.15],[300.13,14.1],[300.15,14.05],[300.15,14.05],[300.16,14],[300.18,13.95],[300.19,13.9],[300.2,13.88],[300.21,13.85],[300.22,13.8],[300.24,13.75],[300.25,13.7],[300.25,13.69],[300.26,13.65],[300.27,13.6],[300.29,13.55],[300.3,13.5],[300.3,13.49],[300.31,13.45],[300.32,13.4],[300.33,13.35],[300.34,13.3],[300.35,13.25],[300.35,13.23],[300.36,13.2],[300.36,13.15],[300.37,13.1],[300.37,13.05],[300.38,13],[300.38,12.95],[300.38,12.9],[300.39,12.85],[300.39,12.8],[300.39,12.75],[300.39,12.7],[300.39,12.65],[300.39,12.6],[300.39,12.55],[300.39,12.5],[300.39,12.45],[300.39,12.4],[300.39,12.35],[300.39,12.3],[300.39,12.25],[300.4,12.2],[300.4,12.15],[300.4,12.1],[300.4,12.05],[300.4,12.03],[300.4,12],[300.4,11.95],[300.4,11.9],[300.41,11.85],[300.41,11.8],[300.41,11.75],[300.41,11.7],[300.41,11.65],[300.41,11.6],[300.41,11.55],[300.41,11.5],[300.4,11.45],[300.4,11.42],[300.4,11.4],[300.39,11.35],[300.38,11.3],[300.37,11.25],[300.36,11.2],[300.35,11.18],[300.34,11.15],[300.32,11.1],[300.3,11.05],[300.3,11.05],[300.28,11],[300.25,10.95],[300.25,10.95],[300.22,10.9],[300.2,10.87],[300.19,10.85],[300.15,10.8],[300.15,10.8],[300.11,10.75],[300.1,10.74],[300.07,10.7],[300.05,10.68],[300.03,10.65],[300,10.62],[299.99,10.6],[299.95,10.56],[299.94,10.55],[299.9,10.5],[299.9,10.5],[299.85,10.45],[299.85,10.45],[299.81,10.4],[299.8,10.39],[299.76,10.35],[299.75,10.34],[299.72,10.3],[299.7,10.28],[299.67,10.25],[299.65,10.23],[299.63,10.2],[299.6,10.17],[299.58,10.15]]}},{"type":"Feature","properties":{"zone":"hel","depth_km":400},"geometry":{"type":"LineString","coordinates":[[30.55,39.38],[30.6,39.35],[30.6,39.35],[30.65,39.31],[30.67,39.3],[30.7,39.28],[30.75,39.25],[30.75,39.25],[30.8,39.22],[30.82,39.2],[30.85,39.18],[30.9,39.15],[30.91,39.15],[30.95,39.13],[31,39.1],[31,39.1],[31.05,39.07],[31.1,39.05],[31.1,39.05],[31.15,39.03],[31.2,39.01],[31.22,39],[31.25,38.99],[31.3,38.97],[31.35,38.95],[31.35,38.95],[31.4,38.94],[31.45,38.92],[31.5,38.91],[31.52,38.9],[31.55,38.89],[31.6,38.88],[31.65,38.86],[31.7,38.85],[31.71,38.85],[31.75,38.84],[31.8,38.83],[31.85,38.82],[31.9,38.8],[31.91,38.8],[31.95,38.79],[32,38.78],[32.05,38.77],[32.1,38.76],[32.13,38.75],[32.15,38.75],[32.2,38.74],[32.25,38.73],[32.3,38.72],[32.35,38.71],[32.4,38.71],[32.45,38.71],[32.5,38.71],[32.55,38.72],[32.6,38.73],[32.65,38.74],[32.67,38.75],[32.7,38.76],[32.75,38.79],[32.77,38.8],[32.8,38.82],[32.85,38.85],[32.85,38.85],[32.9,38.89],[32.91,38.9],[32.95,38.93]]}},{"type":"Feature","properties":{"zone":"hel","depth_km":300},"geometry":{"type":"LineString","coordinates":[[29.95,38.66],[29.98,38.65],[30,38.64],[30.05,38.62],[30.08,38.6],[30.1,38.59],[30.15,38.57],[30.18,38.55],[30.2,38.54],[30.25,38.51],[30.27,38.5],[30.3,38.48],[30.35,38.46],[30.36,38.45],[30.4,38.43],[30.44,38.4],[30.45,38.4],[30.5,38.37],[30.52,38.35],[30.55,38.33],[30.6,38.3],[30.61,38.3],[30.65,38.28],[30.69,38.25],[30.7,38.25],[30.75,38.22],[30.79,38.2],[30.8,38.19],[30.85,38.17],[30.89,38.15],[30.9,38.15],[30.95,38.13],[31,38.11],[31.02,38.1],[31.05,38.09],[31.1,38.07],[31.15,38.06],[31.19,38.05],[31.2,38.05],[31.25,38.04],[31.3,38.03],[31.35,38.01],[31.4,38],[31.42,38],[31.45,37.99],[31.5,37.98],[31.55,37.97],[31.6,37.96],[31.65,37.95],[31.66,37.95],[31.7,37.94],[31.75,37.93],[31.8,37.91],[31.84,37.9],[31.85,37.9],[31.9,37.88],[31.95,37.86],[31.99,37.85],[32,37.85],[32.05,37.83],[32.1,37.81],[32.12,37.8],[32.15,37.79],[32.2,37.77],[32.24,37.75],[32.25,37.75],[32.3,37.73],[32.35,37.71],[32.37,37.7],[32.4,37.69],[32.45,37.67],[32.5,37.66],[32.52,37.65],[32.55,37.64],[32.6,37.63],[32.65,37.63],[32.7,37.62],[32.75,37.62],[32.8,37.62],[32.85,37.63],[32.9,37.64],[32.95,37.65],[32.95,37.65],[33,37.67],[33.05,37.69],[33.08,37.7],[33.1,37.71],[33.15,37.74],[33.16,37.75],[33.2,37.78]]}},{"type":"Feature","properties":{"zone":"hel","depth_km":300},"geometry":{"type":"LineString","coordinates":[[24.8,38.46],[24.83,38.45],[24.85,38.44],[24.9,38.43],[24.95,38.41],[25,38.4],[25.01,38.4],[25.05,38.39],[25.1,38.39],[25.15,38.38],[25.2,38.38],[25.25,38.38],[25.3,38.38],[25.35,38.38],[25.4,38.39],[25.45,38.39],[25.5,38.4],[25.52,38.4],[25.55,38.4],[25.6,38.41],[25.65,38.42],[25.7,38.43],[25.75,38.43],[25.8,38.44],[25.85,38.45],[25.86,38.45],[25.9,38.46],[25.95,38.46],[26,38.47],[26.05,38.48],[26.1,38.48],[26.15,38.49],[26.2,38.49],[26.25,38.5],[26.27,38.5],[26.3,38.5]]}},{"type":"Feature","properties":{"zone":"hel","depth_km":200},"geometry":{"type":"LineString","coordinates":[[23.84,38.6],[23.85,38.57],[23.86,38.55],[23.88,38.5],[23.9,38.45],[23.9,38.44],[23.92,38.4],[23.95,38.35],[23.95,38.34],[23.97,38.3],[24,38.26],[24,38.25],[24.04,38.2],[24.05,38.18],[24.08,38.15],[24.1,38.12],[24.12,38.1],[24.15,38.07],[24.17,38.05],[24.2,38.02],[24.22,38],[24.25,37.98],[24.29,37.95],[24.3,37.94],[24.35,37.91],[24.37,37.9],[24.4,37.88],[24.45,37.85],[24.46,37.85],[24.5,37.83],[24.55,37.81],[24.57,37.8],[24.6,37.79],[24.65,37.77],[24.7,37.75],[24.71,37.75],[24.75,37.74],[24.8,37.72],[24.85,37.71],[24.88,37.7],[24.9,37.69],[24.95,37.68],[25,37.67],[25.05,37.65],[25.07,37.65],[25.1,37.64],[25.15,37.63],[25.2,37.62],[25.25,37.6],[25.27,37.6],[25.3,37.59],[25.35,37.58],[25.4,37.57],[25.45,37.56],[25.49,37.55],[25.5,37.55],[25.55,37.54],[25.6,37.53],[25.65,37.52],[25.7,37.51],[25.75,37.51],[25.8,37.5],[25.82,37.5],[25.85,37.5],[25.9,37.49],[25.95,37.49],[26,37.49],[26.05,37.48],[26.1,37.48],[26.15,37.48],[26.2,37.48],[26.25,37.48],[26.3,37.48],[26.35,37.48],[26.4,37.48],[26.45,37.48],[26.5,37.48],[26.55,37.48],[26.6,37.48],[26.65,37.49],[26.7,37.49],[26.75,37.49],[26.8,37.5],[26.83,37.5],[26.85,37.5],[26.9,37.51],[26.95,37.51],[27,37.52],[27.05,37.52],[27.1,37.53],[27.15,37.54],[27.2,37.54],[27.23,37.55],[27.25,37.55],[27.3,37.56],[27.35,37.57],[27.4,37.59],[27.45,37.6],[27.46,37.6],[27.5,37.61],[27.55,37.63],[27.6,37.64],[27.62,37.65],[27.65,37.66],[27.7,37.68],[27.75,37.7],[27.76,37.7],[27.8,37.72],[27.85,37.74],[27.88,37.75]]}},{"type":"Feature","properties":{"zone":"hel","depth_km":200},"geometry":{"type":"LineString","coordinates":[[29.45,38.11],[29.5,38.1],[29.51,38.1],[29.55,38.09],[29.6,38.09],[29.65,38.08],[29.7,38.07],[29.75,38.06],[29.78,38.05],[29.8,38.05],[29.85,38.03],[29.9,38.02],[29.95,38],[29.97,38],[30,37.99],[30.05,37.97],[30.1,37.96],[30.11,37.95],[30.15,37.94],[30.2,37.92],[30.25,37.9],[30.25,37.9],[30.3,37.88],[30.35,37.86],[30.37,37.85],[30.4,37.84],[30.45,37.81],[30.48,37.8],[30.5,37.79],[30.55,37.77],[30.6,37.75],[30.6,37.75],[30.65,37.73],[30.7,37.71],[30.73,37.7],[30.75,37.69],[30.8,37.67],[30.85,37.65],[30.86,37.65],[30.9,37.64],[30.95,37.62],[31,37.61],[31.02,37.6],[31.05,37.59],[31.1,37.58],[31.15,37.56],[31.2,37.55],[31.2,37.55],[31.25,37.54],[31.3,37.52],[31.35,37.51],[31.39,37.5],[31.4,37.5],[31.45,37.48],[31.5,37.47],[31.55,37.45],[31.55,37.45],[31.6,37.43],[31.65,37.41],[31.69,37.4],[31.7,37.39],[31.75,37.37],[31.8,37.35],[31.8,37.35],[31.85,37.33],[31.9,37.3],[31.91,37.3],[31.95,37.28],[32,37.25],[32.01,37.25],[32.05,37.23],[32.1,37.2],[32.1,37.2],[32.15,37.18],[32.2,37.15],[32.2,37.15],[32.25,37.12],[32.3,37.1],[32.3,37.1],[32.35,37.07],[32.4,37.05],[32.4,37.05],[32.45,37.03],[32.5,37.01],[32.52,37],[32.55,36.99],[32.6,36.97],[32.65,36.96],[32.67,36.95],[32.7,36.94],[32.75,36.93],[32.8,36.92],[32.85,36.92],[32.9,36.92],[32.95,36.92],[33,36.92],[33.05,36.93],[33.1,36.94],[33.15,36.95],[33.15,36.95],[33.2,36.96],[33.25,36.98],[33.29,37],[33.3,37],[33.35,37.03],[33.39,37.05],[33.4,37.05],[33.45,37.08],[33.48,37.1],[33.5,37.12],[33.55,37.15],[33.55,37.15],[33.6,37.19],[33.62,37.2],[33.65,37.23],[33.68,37.25],[33.7,37.27]]}},{"type":"Feature","properties":{"zone":"hel","depth_km":100},"geometry":{"type":"LineString","coordinates":[[22.84,39.1],[22.85,39.06],[22.85,39.05],[22.87,39],[22.89,38.95],[22.9,38.92],[22.91,38.9],[22.92,38.85],[22.94,38.8],[22.95,38.77],[22.96,38.75],[22.97,38.7],[22.99,38.65],[23,38.62],[23.01,38.6],[23.03,38.55],[23.04,38.5],[23.05,38.48],[23.06,38.45],[23.08,38.4],[23.1,38.35],[23.1,38.34],[23.12,38.3],[23.14,38.25],[23.15,38.22],[23.16,38.2],[23.18,38.15],[23.2,38.11],[23.2,38.1],[23.23,38.05],[23.25,38],[23.25,38],[23.28,37.95],[23.3,37.91],[23.31,37.9],[23.33,37.85],[23.35,37.82],[23.36,37.8],[23.39,37.75],[23.4,37.74],[23.43,37.7],[23.45,37.66],[23.46,37.65],[23.49,37.6],[23.5,37.59],[23.53,37.55],[23.55,37.52],[23.57,37.5],[23.6,37.46],[23.61,37.45],[23.65,37.4],[23.65,37.4],[23.69,37.35],[23.7,37.34],[23.74,37.3],[23.75,37.29],[23.8,37.25],[23.8,37.25],[23.85,37.21],[23.86,37.2],[23.9,37.17],[23.93,37.15],[23.95,37.14],[24,37.11],[24.02,37.1],[24.05,37.08],[24.1,37.06],[24.12,37.05],[24.15,37.03],[24.2,37.01],[24.23,37],[24.25,36.99],[24.3,36.97],[24.35,36.95],[24.36,36.95],[24.4,36.93],[24.45,36.91],[24.49,36.9],[24.5,36.9],[24.55,36.87],[24.6,36.85],[24.61,36.85],[24.65,36.83],[24.7,36.81],[24.72,36.8],[24.75,36.78],[24.8,36.76],[24.82,36.75],[24.85,36.73],[24.9,36.71],[24.91,36.7],[24.95,36.68],[25,36.65],[25,36.65],[25.05,36.62],[25.1,36.6],[25.1,36.6],[25.15,36.57],[25.19,36.55],[25.2,36.55],[25.25,36.52],[25.29,36.5],[25.3,36.5],[25.35,36.47],[25.4,36.45],[25.4,36.45],[25.45,36.42],[25.5,36.4],[25.5,36.4],[25.55,36.38],[25.6,36.36],[25.62,36.35],[25.65,36.34],[25.7,36.32],[25.75,36.3],[25.75,36.3],[25.8,36.28],[25.85,36.27],[25.9,36.26],[25.95,36.25],[25.97,36.25],[26,36.25],[26.05,36.24],[26.1,36.24],[26.15,36.25],[26.2,36.25],[26.2,36.25],[26.25,36.26],[26.3,36.26],[26.35,36.28],[26.4,36.29],[26.44,36.3],[26.45,36.3],[26.5,36.32],[26.55,36.33],[26.6,36.35],[26.6,36.35],[26.65,36.37],[26.7,36.39],[26.72,36.4],[26.75,36.41],[26.8,36.43],[26.84,36.45],[26.85,36.45],[26.9,36.48],[26.95,36.5],[26.95,36.5],[27,36.52],[27.05,36.55],[27.06,36.55],[27.1,36.57],[27.15,36.6],[27.16,36.6],[27.2,36.62],[27.25,36.65],[27.26,36.65],[27.3,36.67],[27.35,36.7],[27.35,36.7],[27.4,36.73],[27.45,36.75],[27.45,36.75],[27.5,36.78],[27.54,36.8],[27.55,36.81],[27.6,36.83],[27.63,36.85],[27.65,36.86],[27.7,36.89],[27.73,36.9],[27.75,36.91],[27.8,36.94],[27.82,36.95],[27.85,36.97],[27.9,36.99],[27.91,37],[27.95,37.02],[28,37.05],[28,37.05],[28.05,37.07],[28.1,37.1],[28.1,37.1],[28.15,37.13],[28.19,37.15],[28.2,37.15],[28.25,37.18],[28.3,37.2],[28.3,37.2],[28.35,37.22],[28.4,37.25],[28.41,37.25],[28.45,37.27],[28.5,37.28],[28.55,37.3],[28.55,37.3],[28.6,37.32],[28.65,37.33],[28.7,37.34],[28.74,37.35],[28.75,37.35],[28.8,37.36],[28.85,37.37],[28.9,37.38],[28.95,37.38],[29,37.39],[29.05,37.39],[29.1,37.4],[29.15,37.4],[29.18,37.4],[29.2,37.4],[29.25,37.4],[29.3,37.4],[29.35,37.4],[29.4,37.4],[29.45,37.4],[29.5,37.4],[29.55,37.4],[29.6,37.4],[29.63,37.4],[29.65,37.4],[29.7,37.4],[29.75,37.39],[29.8,37.39],[29.85,37.38],[29.9,37.38],[29.95,37.37],[30,37.37],[30.05,37.36],[30.09,37.35],[30.1,37.35],[30.15,37.34],[30.2,37.33],[30.25,37.31],[30.3,37.3],[30.31,37.3],[30.35,37.29],[30.4,37.27],[30.45,37.26],[30.48,37.25],[30.5,37.24],[30.55,37.23],[30.6,37.21],[30.63,37.2],[30.65,37.19],[30.7,37.17],[30.75,37.16],[30.77,37.15],[30.8,37.14],[30.85,37.12],[30.9,37.1],[30.9,37.1],[30.95,37.08],[31,37.06],[31.02,37.05],[31.05,37.04],[31.1,37.01],[31.13,37],[31.15,36.99],[31.2,36.96],[31.23,36.95],[31.25,36.94],[31.3,36.91],[31.32,36.9],[31.35,36.88],[31.4,36.85],[31.4,36.85],[31.45,36.82],[31.48,36.8],[31.5,36.79],[31.55,36.75],[31.56,36.75],[31.6,36.72],[31.63,36.7],[31.65,36.68],[31.7,36.65],[31.7,36.65],[31.75,36.61],[31.77,36.6],[31.8,36.58],[31.84,36.55],[31.85,36.54],[31.9,36.5],[31.9,36.5],[31.95,36.47],[31.97,36.45],[32,36.43],[32.04,36.4],[32.05,36.39],[32.1,36.35],[32.11,36.35],[32.15,36.32],[32.17,36.3],[32.2,36.28],[32.24,36.25],[32.25,36.24],[32.3,36.21],[32.31,36.2],[32.35,36.17],[32.38,36.15],[32.4,36.14],[32.45,36.1],[32.45,36.1],[32.5,36.07],[32.54,36.05],[32.55,36.04],[32.6,36.02],[32.64,36],[32.65,35.99],[32.7,35.97],[32.75,35.96],[32.79,35.95],[32.8,35.95],[32.85,35.94],[32.9,35.94],[32.95,35.94],[33,35.94],[33.05,35.95],[33.05,35.95],[33.1,35.96],[33.15,35.98],[33.2,35.99],[33.21,36],[33.25,36.01],[33.3,36.04],[33.33,36.05],[33.35,36.06],[33.4,36.09],[33.43,36.1],[33.45,36.11],[33.5,36.14],[33.52,36.15],[33.55,36.17],[33.6,36.2],[33.6,36.2],[33.65,36.23],[33.68,36.25],[33.7,36.26],[33.75,36.29],[33.76,36.3],[33.8,36.33],[33.83,36.35],[33.85,36.36],[33.9,36.4],[33.9,36.4],[33.95,36.44],[33.96,36.45],[34,36.48],[34.02,36.5],[34.05,36.53],[34.08,36.55],[34.1,36.57],[34.13,36.6],[34.15,36.62],[34.18,36.65],[34.2,36.67],[34.23,36.7]]}},{"type":"Feature","properties":{"zone":"hel","depth_km":40},"geometry":{"type":"LineString","coordinates":[[20.2,38.3],[20.2,38.3],[20.21,38.25],[20.21,38.2],[20.22,38.15],[20.23,38.1],[20.24,38.05],[20.25,38.01],[20.25,38],[20.26,37.95],[20.28,37.9],[20.29,37.85],[20.3,37.8],[20.3,37.8],[20.31,37.75],[20.33,37.7],[20.34,37.65],[20.35,37.63],[20.36,37.6],[20.38,37.55],[20.39,37.5],[20.4,37.47],[20.41,37.45],[20.43,37.4],[20.44,37.35],[20.45,37.34],[20.46,37.3],[20.48,37.25],[20.5,37.21],[20.5,37.2],[20.52,37.15],[20.54,37.1],[20.55,37.08],[20.56,37.05],[20.58,37],[20.6,36.96],[20.6,36.95],[20.62,36.9],[20.64,36.85],[20.65,36.83],[20.66,36.8],[20.68,36.75],[20.7,36.7],[20.7,36.69],[20.72,36.65],[20.73,36.6],[20.75,36.56],[20.75,36.55],[20.77,36.5],[20.79,36.45],[20.8,36.43],[20.82,36.4],[20.84,36.35],[20.85,36.33],[20.86,36.3],[20.89,36.25],[20.9,36.23],[20.92,36.2],[20.95,36.15],[20.95,36.15],[20.99,36.1],[21,36.08],[21.02,36.05],[21.05,36.01],[21.06,36],[21.1,35.95],[21.1,35.95],[21.14,35.9],[21.15,35.89],[21.19,35.85],[21.2,35.84],[21.24,35.8],[21.25,35.78],[21.28,35.75],[21.3,35.73],[21.33,35.7],[21.35,35.68],[21.39,35.65],[21.4,35.64],[21.44,35.6],[21.45,35.59],[21.5,35.55],[21.5,35.55],[21.55,35.51],[21.57,35.5],[21.6,35.48],[21.64,35.45],[21.65,35.44],[21.7,35.41],[21.71,35.4],[21.75,35.38],[21.8,35.35],[21.8,35.35],[21.85,35.32],[21.89,35.3],[21.9,35.29],[21.95,35.27],[21.98,35.25],[22,35.24],[22.05,35.22],[22.09,35.2],[22.1,35.19],[22.15,35.17],[22.19,35.15],[22.2,35.14],[22.25,35.12],[22.29,35.1],[22.3,35.09],[22.35,35.07],[22.38,35.05],[22.4,35.04],[22.45,35.01],[22.47,35],[22.5,34.98],[22.54,34.95],[22.55,34.95],[22.6,34.91],[22.61,34.9],[22.65,34.87],[22.68,34.85],[22.7,34.83],[22.74,34.8],[22.75,34.79],[22.79,34.75],[22.8,34.74],[22.85,34.7],[22.85,34.7],[22.9,34.66],[22.91,34.65],[22.95,34.62],[22.97,34.6],[23,34.58],[23.03,34.55],[23.05,34.54],[23.1,34.51],[23.11,34.5],[23.15,34.48],[23.2,34.45],[23.21,34.45],[23.25,34.43],[23.3,34.41],[23.34,34.4],[23.35,34.4],[23.4,34.38],[23.45,34.37],[23.5,34.36],[23.55,34.35],[23.55,34.35],[23.6,34.34],[23.65,34.33],[23.7,34.32],[23.75,34.31],[23.79,34.3],[23.8,34.3],[23.85,34.28],[23.9,34.27],[23.94,34.25],[23.95,34.25],[24,34.22],[24.04,34.2],[24.05,34.2],[24.1,34.17],[24.13,34.15],[24.15,34.13],[24.2,34.1],[24.2,34.1],[24.25,34.06],[24.27,34.05],[24.3,34.03],[24.34,34],[24.35,33.99],[24.4,33.96],[24.42,33.95],[24.45,33.93],[24.5,33.91],[24.52,33.9],[24.55,33.89],[24.6,33.87],[24.65,33.86],[24.68,33.85],[24.7,33.85],[24.75,33.84],[24.8,33.84],[24.85,33.83],[24.9,33.83],[24.95,33.84],[25,33.84],[25.05,33.85],[25.06,33.85],[25.1,33.86],[25.15,33.87],[25.2,33.88],[25.25,33.89],[25.3,33.9],[25.31,33.9],[25.35,33.91],[25.4,33.92],[25.45,33.93],[25.5,33.94],[25.55,33.94],[25.6,33.95],[25.63,33.95],[25.65,33.95],[25.7,33.95],[25.75,33.95],[25.8,33.95],[25.85,33.95],[25.85,33.95],[25.9,33.95],[25.95,33.94],[26,33.93],[26.05,33.93],[26.1,33.92],[26.15,33.91],[26.2,33.9],[26.21,33.9],[26.25,33.89],[26.3,33.89],[26.35,33.88],[26.4,33.87],[26.45,33.87],[26.5,33.87],[26.55,33.87],[26.6,33.87],[26.65,33.87],[26.7,33.88],[26.75,33.89],[26.8,33.9],[26.81,33.9],[26.85,33.91],[26.9,33.93],[26.95,33.94],[26.96,33.95],[27,33.97],[27.05,33.99],[27.07,34],[27.1,34.01],[27.15,34.04],[27.17,34.05],[27.2,34.07],[27.25,34.1],[27.25,34.1],[27.3,34.13],[27.32,34.15],[27.35,34.17],[27.39,34.2],[27.4,34.2],[27.45,34.24],[27.47,34.25],[27.5,34.27],[27.54,34.3],[27.55,34.31],[27.6,34.34],[27.61,34.35],[27.65,34.37],[27.69,34.4],[27.7,34.4],[27.75,34.43],[27.78,34.45],[27.8,34.46],[27.85,34.49],[27.87,34.5],[27.9,34.52],[27.95,34.55],[27.95,34.55],[28,34.58],[28.03,34.6],[28.05,34.61],[28.1,34.65],[28.1,34.65],[28.15,34.69],[28.16,34.7],[28.2,34.73],[28.22,34.75],[28.25,34.78],[28.27,34.8],[28.3,34.83],[28.31,34.85],[28.35,34.89],[28.36,34.9],[28.4,34.95],[28.4,34.95],[28.44,35],[28.45,35.01],[28.48,35.05],[28.5,35.07],[28.52,35.1],[28.55,35.13],[28.56,35.15],[28.6,35.19],[28.61,35.2],[28.65,35.25],[28.65,35.25],[28.69,35.3],[28.7,35.31],[28.73,35.35],[28.75,35.37],[28.77,35.4],[28.8,35.44],[28.81,35.45],[28.85,35.5],[28.85,35.5],[28.89,35.55],[28.9,35.57],[28.92,35.6],[28.95,35.63],[28.96,35.65],[29,35.7],[29,35.7],[29.03,35.75],[29.05,35.77],[29.07,35.8],[29.1,35.84],[29.11,35.85],[29.15,35.9],[29.15,35.9],[29.2,35.95],[29.2,35.95],[29.25,36],[29.25,36],[29.3,36.04],[29.31,36.05],[29.35,36.08],[29.38,36.1],[29.4,36.11],[29.45,36.14],[29.48,36.15],[29.5,36.16],[29.55,36.18],[29.6,36.2],[29.6,36.2],[29.65,36.21],[29.7,36.23],[29.75,36.24],[29.8,36.25],[29.81,36.25],[29.85,36.26],[29.9,36.26],[29.95,36.27],[30,36.28],[30.05,36.28],[30.1,36.28],[30.15,36.29],[30.2,36.29],[30.25,36.29],[30.3,36.29],[30.35,36.28],[30.4,36.28],[30.45,36.27],[30.5,36.26],[30.53,36.25],[30.55,36.25],[30.6,36.23],[30.65,36.21],[30.69,36.2],[30.7,36.2],[30.75,36.17],[30.8,36.15],[30.81,36.15],[30.85,36.13],[30.9,36.11],[30.92,36.1],[30.95,36.08],[31,36.06],[31.02,36.05],[31.05,36.04],[31.1,36.01],[31.13,36],[31.15,35.99],[31.2,35.97],[31.24,35.95],[31.25,35.94],[31.3,35.92],[31.34,35.9],[31.35,35.9],[31.4,35.87],[31.44,35.85],[31.45,35.85],[31.5,35.82],[31.54,35.8],[31.55,35.8],[31.6,35.77],[31.64,35.75],[31.65,35.74],[31.7,35.72],[31.73,35.7],[31.75,35.69],[31.8,35.66],[31.82,35.65],[31.85,35.63],[31.9,35.6],[31.91,35.6],[31.95,35.57],[31.99,35.55],[32,35.54],[32.05,35.52],[32.08,35.5],[32.1,35.49],[32.15,35.46],[32.16,35.45],[32.2,35.43],[32.25,35.4],[32.25,35.4],[32.3,35.38],[32.35,35.35],[32.35,35.35],[32.4,35.33],[32.45,35.31],[32.46,35.3],[32.5,35.29],[32.55,35.27],[32.6,35.25],[32.61,35.25],[32.65,35.24],[32.7,35.23],[32.75,35.22],[32.8,35.21],[32.85,35.21],[32.9,35.21],[32.95,35.21],[33,35.21],[33.05,35.21],[33.1,35.22],[33.15,35.22],[33.2,35.23],[33.25,35.24],[33.27,35.25],[33.3,35.26],[33.35,35.27],[33.4,35.28],[33.45,35.3],[33.45,35.3],[33.5,35.31],[33.55,35.33],[33.6,35.35],[33.61,35.35],[33.65,35.36],[33.7,35.38],[33.75,35.4],[33.75,35.4],[33.8,35.42],[33.85,35.44],[33.87,35.45],[33.9,35.46],[33.95,35.48],[33.98,35.5],[34,35.51],[34.05,35.53],[34.08,35.55],[34.1,35.56],[34.15,35.59],[34.16,35.6],[34.2,35.62],[34.24,35.65],[34.25,35.66],[34.3,35.69],[34.31,35.7],[34.35,35.73],[34.37,35.75],[34.4,35.77],[34.43,35.8],[34.45,35.82],[34.49,35.85],[34.5,35.86],[34.54,35.9],[34.55,35.91],[34.6,35.95],[34.6,35.95],[34.65,36],[34.65,36],[34.7,36.05],[34.7,36.05],[34.75,36.1],[34.75,36.1]]}},{"type":"Feature","properties":{"zone":"izu","depth_km":500},"geometry":{"type":"LineString","coordinates":[[136.45,30.11],[136.46,30.1],[136.5,30.08],[136.55,30.05],[136.55,30.05],[136.6,30.02],[136.63,30],[136.65,29.99],[136.7,29.96],[136.71,29.95],[136.75,29.93],[136.8,29.9],[136.8,29.9],[136.85,29.87],[136.88,29.85],[136.9,29.84],[136.95,29.81],[136.97,29.8],[137,29.78],[137.05,29.75],[137.05,29.75],[137.1,29.71],[137.12,29.7],[137.15,29.68],[137.19,29.65],[137.2,29.64],[137.25,29.61],[137.26,29.6],[137.3,29.56],[137.32,29.55],[137.35,29.52],[137.37,29.5],[137.4,29.47],[137.42,29.45],[137.45,29.42],[137.47,29.4],[137.5,29.36],[137.51,29.35],[137.55,29.31],[137.56,29.3],[137.6,29.25],[137.6,29.24],[137.63,29.2],[137.65,29.18],[137.67,29.15],[137.7,29.12],[137.71,29.1],[137.75,29.06],[137.76,29.05],[137.8,29],[137.8,29],[137.85,28.95],[137.85,28.95],[137.9,28.9],[137.9,28.9],[137.95,28.86],[137.96,28.85],[138,28.82],[138.02,28.8],[138.05,28.78],[138.09,28.75],[138.1,28.75],[138.15,28.71],[138.17,28.7],[138.2,28.68],[138.25,28.65],[138.25,28.65],[138.3,28.62],[138.32,28.6],[138.35,28.58],[138.4,28.55],[138.4,28.55],[138.45,28.51],[138.47,28.5],[138.5,28.48],[138.53,28.45],[138.55,28.44],[138.59,28.4],[138.6,28.4],[138.65,28.35],[138.65,28.35],[138.7,28.3],[138.7,28.3],[138.75,28.25],[138.75,28.25],[138.79,28.2],[138.8,28.19],[138.83,28.15],[138.85,28.13],[138.87,28.1],[138.9,28.06],[138.91,28.05],[138.95,28],[138.95,27.99],[138.98,27.95],[139,27.92],[139.01,27.9],[139.04,27.85],[139.05,27.83],[139.07,27.8],[139.1,27.75],[139.1,27.74],[139.12,27.7],[139.15,27.65],[139.15,27.64],[139.17,27.6],[139.19,27.55],[139.2,27.53],[139.21,27.5],[139.23,27.45],[139.25,27.4],[139.25,27.4],[139.27,27.35],[139.28,27.3],[139.3,27.25],[139.3,27.24],[139.31,27.2],[139.33,27.15],[139.34,27.1],[139.35,27.07],[139.36,27.05]]}},{"type":"Feature","properties":{"zone":"izu","depth_km":400},"geometry":{"type":"LineString","coordinates":[[135.05,33.58],[135.09,33.55],[135.1,33.55],[135.15,33.52],[135.17,33.5],[135.2,33.48],[135.25,33.45],[135.26,33.45],[135.3,33.42],[135.33,33.4],[135.35,33.39],[135.4,33.36],[135.41,33.35],[135.45,33.33],[135.49,33.3],[135.5,33.3],[135.55,33.27],[135.58,33.25],[135.6,33.24],[135.65,33.21],[135.66,33.2],[135.7,33.18],[135.75,33.15],[135.75,33.15],[135.8,33.12],[135.83,33.1],[135.85,33.09],[135.9,33.06],[135.91,33.05],[135.95,33.03],[135.99,33],[136,32.99],[136.05,32.96],[136.06,32.95],[136.1,32.93],[136.13,32.9],[136.15,32.89],[136.2,32.85],[136.2,32.85],[136.25,32.81],[136.26,32.8],[136.3,32.77],[136.32,32.75],[136.35,32.73],[136.38,32.7],[136.4,32.68],[136.44,32.65],[136.45,32.64],[136.49,32.6],[136.5,32.59],[136.54,32.55],[136.55,32.54],[136.58,32.5],[136.6,32.48],[136.63,32.45],[136.65,32.43],[136.67,32.4],[136.7,32.37],[136.71,32.35],[136.75,32.31],[136.76,32.3],[136.8,32.25],[136.8,32.25],[136.84,32.2],[136.85,32.18],[136.88,32.15],[136.9,32.12],[136.91,32.1],[136.95,32.05],[136.95,32.05],[136.98,32],[137,31.98],[137.02,31.95],[137.05,31.9],[137.05,31.9],[137.08,31.85],[137.1,31.82],[137.11,31.8],[137.14,31.75],[137.15,31.74],[137.17,31.7],[137.2,31.66],[137.21,31.65],[137.24,31.6],[137.25,31.59],[137.27,31.55],[137.3,31.52],[137.31,31.5],[137.35,31.45],[137.35,31.45],[137.39,31.4],[137.4,31.39],[137.43,31.35],[137.45,31.33],[137.48,31.3],[137.5,31.28],[137.52,31.25],[137.55,31.22],[137.57,31.2],[137.6,31.17],[137.62,31.15],[137.65,31.12],[137.67,31.1],[137.7,31.06],[137.71,31.05],[137.75,31.01],[137.76,31],[137.8,30.95],[137.8,30.95],[137.84,30.9],[137.85,30.89],[137.88,30.85],[137.9,30.82],[137.92,30.8],[137.95,30.76],[137.95,30.75],[137.99,30.7],[138,30.68],[138.02,30.65],[138.05,30.61],[138.06,30.6],[138.09,30.55],[138.1,30.53],[138.12,30.5],[138.15,30.46],[138.15,30.45],[138.19,30.4],[138.2,30.38],[138.22,30.35],[138.25,30.3],[138.25,30.3],[138.28,30.25],[138.3,30.22],[138.31,30.2],[138.34,30.15],[138.35,30.14],[138.37,30.1],[138.4,30.06],[138.4,30.05],[138.43,30],[138.45,29.97],[138.46,29.95],[138.49,29.9],[138.5,29.89],[138.52,29.85],[138.55,29.81],[138.55,29.8],[138.58,29.75],[138.6,29.72],[138.61,29.7],[138.64,29.65],[138.65,29.63],[138.67,29.6],[138.7,29.55],[138.7,29.55],[138.73,29.5],[138.75,29.46],[138.75,29.45],[138.78,29.4],[138.8,29.37],[138.81,29.35],[138.84,29.3],[138.85,29.28],[138.87,29.25],[138.89,29.2],[138.9,29.19],[138.92,29.15],[138.95,29.1],[138.95,29.1],[138.97,29.05],[139,29],[139,29],[139.03,28.95],[139.05,28.9],[139.05,28.9],[139.08,28.85],[139.1,28.8],[139.1,28.8],[139.12,28.75],[139.15,28.7],[139.15,28.69],[139.17,28.65],[139.19,28.6],[139.2,28.57],[139.21,28.55],[139.23,28.5],[139.25,28.46],[139.25,28.45],[139.27,28.4],[139.29,28.35],[139.3,28.33],[139.31,28.3],[139.33,28.25],[139.35,28.21],[139.35,28.2],[139.37,28.15],[139.39,28.1],[139.4,28.08],[139.41,28.05],[139.43,28],[139.45,27.95],[139.45,27.95],[139.47,27.9],[139.49,27.85],[139.5,27.81],[139.5,27.8],[139.52,27.75],[139.54,27.7],[139.55,27.66],[139.55,27.65],[139.57,27.6],[139.59,27.55],[139.6,27.51],[139.6,27.5],[139.62,27.45],[139.63,27.4],[139.65,27.35],[139.65,27.35],[139.66,27.3],[139.68,27.25],[139.7,27.2],[139.7,27.19],[139.71,27.15],[139.73,27.1],[139.74,27.05]]}},{"type":"Feature","properties":{"zone":"izu","depth_km":300},"geometry":{"type":"LineString","coordinates":[[136.36,35],[136.4,34.95],[136.4,34.94],[136.44,34.9],[136.45,34.89],[136.48,34.85],[136.5,34.83],[136.53,34.8],[136.55,34.78],[136.58,34.75],[136.6,34.73],[136.63,34.7],[136.65,34.68],[136.68,34.65],[136.7,34.63],[136.72,34.6],[136.75,34.57],[136.77,34.55],[136.8,34.52],[136.82,34.5],[136.85,34.46],[136.86,34.45],[136.9,34.4],[136.9,34.4],[136.94,34.35],[136.95,34.34],[136.98,34.3],[137,34.27],[137.01,34.25],[137.05,34.2],[137.05,34.2],[137.08,34.15],[137.1,34.12],[137.11,34.1],[137.14,34.05],[137.15,34.03],[137.17,34],[137.2,33.95],[137.2,33.95],[137.23,33.9],[137.25,33.86],[137.26,33.85],[137.28,33.8],[137.3,33.77],[137.31,33.75],[137.34,33.7],[137.35,33.68],[137.37,33.65],[137.4,33.6],[137.4,33.6],[137.43,33.55],[137.45,33.51],[137.45,33.5],[137.48,33.45],[137.5,33.42],[137.51,33.4],[137.54,33.35],[137.55,33.32],[137.56,33.3],[137.59,33.25],[137.6,33.23],[137.61,33.2],[137.64,33.15],[137.65,33.13],[137.66,33.1],[137.69,33.05],[137.7,33.03],[137.71,33],[137.74,32.95],[137.75,32.92],[137.76,32.9],[137.78,32.85],[137.8,32.8],[137.8,32.8],[137.82,32.75],[137.84,32.7],[137.85,32.69],[137.86,32.65],[137.89,32.6],[137.9,32.56],[137.91,32.55],[137.93,32.5],[137.95,32.45],[137.95,32.44],[137.97,32.4],[137.99,32.35],[138,32.32],[138.01,32.3],[138.03,32.25],[138.05,32.2],[138.05,32.2],[138.07,32.15],[138.1,32.1],[138.1,32.09],[138.12,32.05],[138.14,32],[138.15,31.99],[138.17,31.95],[138.19,31.9],[138.2,31.88],[138.21,31.85],[138.24,31.8],[138.25,31.77],[138.26,31.75],[138.28,31.7],[138.3,31.66],[138.31,31.65],[138.33,31.6],[138.35,31.55],[138.35,31.55],[138.37,31.5],[138.39,31.45],[138.4,31.43],[138.41,31.4],[138.44,31.35],[138.45,31.32],[138.46,31.3],[138.48,31.25],[138.5,31.2],[138.5,31.2],[138.52,31.15],[138.54,31.1],[138.55,31.09],[138.57,31.05],[138.59,31],[138.6,30.98],[138.61,30.95],[138.64,30.9],[138.65,30.88],[138.66,30.85],[138.69,30.8],[138.7,30.77],[138.71,30.75],[138.73,30.7],[138.75,30.67],[138.76,30.65],[138.78,30.6],[138.8,30.56],[138.81,30.55],[138.83,30.5],[138.85,30.46],[138.85,30.45],[138.88,30.4],[138.9,30.35],[138.9,30.35],[138.92,30.3],[138.95,30.25],[138.95,30.24],[138.97,30.2],[138.99,30.15],[139,30.13],[139.01,30.1],[139.04,30.05],[139.05,30.02],[139.06,30],[139.08,29.95],[139.1,29.9],[139.1,29.9],[139.12,29.85],[139.14,29.8],[139.15,29.79],[139.17,29.75],[139.19,29.7],[139.2,29.67],[139.21,29.65],[139.23,29.6],[139.25,29.55],[139.25,29.55],[139.27,29.5],[139.3,29.45],[139.3,29.44],[139.32,29.4],[139.34,29.35],[139.35,29.32],[139.36,29.3],[139.38,29.25],[139.4,29.21],[139.4,29.2],[139.42,29.15],[139.44,29.1],[139.45,29.08],[139.46,29.05],[139.48,29],[139.5,28.95],[139.5,28.95],[139.52,28.9],[139.53,28.85],[139.55,28.8],[139.55,28.8],[139.57,28.75],[139.58,28.7],[139.6,28.65],[139.6,28.65],[139.61,28.6],[139.63,28.55],[139.65,28.5],[139.65,28.49],[139.66,28.45],[139.68,28.4],[139.69,28.35],[139.7,28.32],[139.71,28.3],[139.72,28.25],[139.74,28.2],[139.75,28.16],[139.75,28.15],[139.77,28.1],[139.78,28.05],[139.8,28],[139.8,27.99],[139.81,27.95],[139.82,27.9],[139.84,27.85],[139.85,27.81],[139.85,27.8],[139.87,27.75],[139.88,27.7],[139.89,27.65],[139.9,27.62],[139.91,27.6],[139.92,27.55],[139.93,27.5],[139.95,27.45],[139.95,27.44],[139.96,27.4],[139.98,27.35],[139.99,27.3],[140,27.27],[140.01,27.25],[140.02,27.2],[140.04,27.15],[140.05,27.11],[140.05,27.1],[140.07,27.05],[140.08,27],[140.1,26.95],[140.1,26.95],[140.12,26.9],[140.13,26.85],[140.15,26.8],[140.15,26.8],[140.16,26.75],[140.18,26.7],[140.2,26.65],[140.2,26.64],[140.21,26.6],[140.23,26.55],[140.24,26.5],[140.25,26.47],[140.26,26.45],[140.27,26.4],[140.28,26.35],[140.3,26.3],[140.3,26.29],[140.31,26.25],[140.32,26.2],[140.34,26.15],[140.35,26.1],[140.35,26.09],[140.36,26.05],[140.37,26],[140.38,25.95],[140.39,25.9],[140.4,25.85],[140.4,25.85],[140.41,25.8],[140.42,25.75],[140.43,25.7],[140.44,25.65],[140.45,25.6],[140.45,25.59],[140.46,25.55],[140.47,25.5],[140.48,25.45],[140.5,25.4],[140.5,25.38],[140.51,25.35],[140.52,25.3],[140.54,25.25],[140.55,25.22],[140.56,25.2],[140.57,25.15],[140.59,25.1],[140.6,25.08],[140.61,25.05],[140.63,25],[140.65,24.96],[140.65,24.95],[140.67,24.9],[140.7,24.85],[140.7,24.85],[140.72,24.8],[140.75,24.75],[140.75,24.75],[140.77,24.7],[140.8,24.65],[140.8,24.65],[140.83,24.6],[140.85,24.57],[140.86,24.55],[140.89,24.5],[140.9,24.48],[140.92,24.45],[140.95,24.4],[140.95,24.4],[140.98,24.35],[141,24.31],[141,24.3],[141.03,24.25],[141.05,24.21],[141.06,24.2],[141.08,24.15],[141.1,24.1],[141.1,24.1],[141.12,24.05],[141.14,24],[141.15,23.96],[141.15,23.95],[141.17,23.9],[141.18,23.85],[141.19,23.8],[141.2,23.76],[141.2,23.75],[141.21,23.7],[141.22,23.65],[141.23,23.6],[141.23,23.55],[141.24,23.5],[141.25,23.45],[141.25,23.45],[141.26,23.4],[141.27,23.35],[141.28,23.3],[141.3,23.25],[141.3,23.25],[141.32,23.2],[141.34,23.15],[141.35,23.12],[141.36,23.1],[141.39,23.05],[141.4,23.02],[141.41,23],[141.44,22.95],[141.45,22.94],[141.48,22.9],[141.5,22.87],[141.51,22.85],[141.55,22.8],[141.55,22.8],[141.59,22.75],[141.6,22.73],[141.63,22.7],[141.65,22.67],[141.67,22.65],[141.7,22.62],[141.72,22.6],[141.75,22.56],[141.76,22.55],[141.8,22.51],[141.81,22.5],[141.85,22.45],[141.85,22.45],[141.9,22.4],[141.9,22.4],[141.95,22.35],[141.95,22.35],[142,22.3],[142,22.3],[142.04,22.25],[142.05,22.24],[142.09,22.2],[142.1,22.19],[142.14,22.15],[142.15,22.14],[142.18,22.1],[142.2,22.08],[142.23,22.05],[142.25,22.03],[142.28,22],[142.3,21.98],[142.33,21.95],[142.35,21.93],[142.38,21.9],[142.4,21.88],[142.43,21.85],[142.45,21.83],[142.48,21.8],[142.5,21.78],[142.53,21.75],[142.55,21.73],[142.58,21.7],[142.6,21.68],[142.63,21.65],[142.65,21.63],[142.68,21.6],[142.7,21.58],[142.73,21.55],[142.75,21.53],[142.78,21.5],[142.8,21.48],[142.83,21.45],[142.85,21.43],[142.88,21.4],[142.9,21.38],[142.94,21.35],[142.95,21.34],[142.99,21.3],[143,21.29],[143.04,21.25],[143.05,21.25],[143.1,21.2],[143.1,21.2],[143.15,21.16],[143.17,21.15],[143.2,21.12],[143.23,21.1],[143.25,21.09],[143.3,21.05],[143.3,21.05],[143.35,21.02],[143.38,21],[143.4,20.99],[143.45,20.95],[143.46,20.95],[143.5,20.92],[143.53,20.9],[143.55,20.89],[143.6,20.85],[143.6,20.85],[143.65,20.82],[143.67,20.8],[143.7,20.78],[143.74,20.75],[143.75,20.74],[143.79,20.7],[143.8,20.69],[143.85,20.65],[143.85,20.65],[143.89,20.6],[143.9,20.59],[143.94,20.55],[143.95,20.54],[143.98,20.5],[144,20.47],[144.01,20.45],[144.05,20.4],[144.05,20.4],[144.08,20.35],[144.1,20.32],[144.11,20.3],[144.15,20.25],[144.15,20.24],[144.17,20.2],[144.2,20.16],[144.2,20.15],[144.23,20.1],[144.25,20.07],[144.26,20.05],[144.29,20],[144.3,19.98],[144.32,19.95],[144.35,19.9],[144.35,19.9],[144.38,19.85],[144.4,19.81],[144.41,19.8],[144.44,19.75],[144.45,19.73],[144.47,19.7],[144.5,19.66],[144.51,19.65],[144.54,19.6],[144.55,19.59],[144.58,19.55],[144.6,19.52],[144.61,19.5],[144.65,19.45],[144.65,19.45],[144.69,19.4],[144.7,19.38],[144.73,19.35],[144.75,19.32],[144.76,19.3],[144.8,19.25],[144.8,19.25],[144.83,19.2],[144.85,19.17],[144.86,19.15],[144.89,19.1],[144.9,19.09],[144.92,19.05],[144.95,19],[144.95,18.99],[144.97,18.95],[144.99,18.9],[145,18.88],[145.01,18.85],[145.03,18.8],[145.05,18.75],[145.05,18.74],[145.06,18.7],[145.07,18.65],[145.08,18.6],[145.09,18.55],[145.1,18.52],[145.1,18.5],[145.11,18.45],[145.12,18.4],[145.12,18.35],[145.13,18.3],[145.13,18.25],[145.14,18.2],[145.14,18.15],[145.14,18.1],[145.15,18.05],[145.15,18],[145.15,18],[145.15,17.95],[145.15,17.9],[145.16,17.85],[145.16,17.8],[145.16,17.75],[145.16,17.7],[145.17,17.65],[145.17,17.6],[145.17,17.55],[145.17,17.5],[145.17,17.45],[145.17,17.4],[145.18,17.35],[145.18,17.3],[145.18,17.25],[145.18,17.2],[145.18,17.15],[145.18,17.1],[145.18,17.05],[145.18,17],[145.18,16.95],[145.18,16.9],[145.18,16.85],[145.17,16.8],[145.17,16.75],[145.17,16.7],[145.16,16.65],[145.16,16.6],[145.15,16.55],[145.15,16.53],[145.15,16.5],[145.14,16.45],[145.13,16.4],[145.12,16.35],[145.11,16.3],[145.1,16.26],[145.1,16.25],[145.09,16.2],[145.07,16.15],[145.06,16.1],[145.05,16.06],[145.05,16.05],[145.03,16],[145.02,15.95],[145,15.9],[145,15.9],[144.98,15.85],[144.97,15.8],[144.95,15.76],[144.95,15.75],[144.93,15.7],[144.91,15.65],[144.9,15.63],[144.89,15.6],[144.87,15.55],[144.85,15.5],[144.85,15.5],[144.83,15.45],[144.81,15.4],[144.8,15.39],[144.79,15.35],[144.76,15.3],[144.75,15.27],[144.74,15.25],[144.72,15.2],[144.7,15.15],[144.7,15.14],[144.68,15.1],[144.66,15.05],[144.65,15.02],[144.64,15],[144.62,14.95],[144.6,14.9],[144.6,14.9],[144.58,14.85],[144.56,14.8],[144.55,14.79],[144.53,14.75],[144.51,14.7],[144.5,14.69],[144.48,14.65],[144.45,14.6],[144.45,14.6],[144.42,14.55],[144.4,14.53],[144.38,14.5],[144.35,14.46],[144.34,14.45],[144.3,14.4],[144.3,14.4],[144.25,14.35],[144.25,14.35],[144.2,14.31],[144.19,14.3],[144.15,14.27],[144.12,14.25],[144.1,14.24],[144.05,14.21],[144.04,14.2],[144,14.18],[143.95,14.16],[143.94,14.15],[143.9,14.13],[143.85,14.11],[143.81,14.1],[143.8,14.1],[143.75,14.08],[143.7,14.06],[143.67,14.05],[143.65,14.04],[143.6,14.03],[143.55,14.01],[143.51,14],[143.5,14],[143.45,13.98],[143.4,13.97],[143.35,13.95],[143.33,13.95],[143.3,13.94],[143.25,13.93],[143.2,13.91],[143.15,13.9],[143.15,13.9],[143.1,13.89],[143.05,13.88],[143,13.86],[142.95,13.85],[142.95,13.85],[142.9,13.84],[142.85,13.83],[142.8,13.82],[142.75,13.81],[142.71,13.8],[142.7,13.8],[142.65,13.79],[142.6,13.78],[142.55,13.78],[142.5,13.77],[142.45,13.77],[142.4,13.77],[142.35,13.76],[142.3,13.76],[142.25,13.76],[142.2,13.76],[142.15,13.76]]}},{"type":"Feature","properties":{"zone":"izu","depth_km":200},"geometry":{"type":"LineString","coordinates":[[138.02,35],[138.04,34.95],[138.05,34.91],[138.06,34.9],[138.08,34.85],[138.1,34.8],[138.1,34.8],[138.12,34.75],[138.15,34.7],[138.15,34.69],[138.17,34.65],[138.2,34.6],[138.2,34.59],[138.22,34.55],[138.24,34.5],[138.25,34.48],[138.27,34.45],[138.29,34.4],[138.3,34.37],[138.31,34.35],[138.33,34.3],[138.35,34.25],[138.35,34.24],[138.36,34.2],[138.38,34.15],[138.4,34.1],[138.4,34.09],[138.41,34.05],[138.43,34],[138.44,33.95],[138.45,33.91],[138.45,33.9],[138.47,33.85],[138.48,33.8],[138.49,33.75],[138.5,33.73],[138.51,33.7],[138.52,33.65],[138.54,33.6],[138.55,33.56],[138.55,33.55],[138.57,33.5],[138.58,33.45],[138.6,33.4],[138.6,33.39],[138.61,33.35],[138.63,33.3],[138.64,33.25],[138.65,33.22],[138.66,33.2],[138.67,33.15],[138.68,33.1],[138.7,33.05],[138.7,33.04],[138.71,33],[138.72,32.95],[138.73,32.9],[138.75,32.85],[138.75,32.84],[138.76,32.8],[138.77,32.75],[138.78,32.7],[138.8,32.65],[138.8,32.64],[138.81,32.6],[138.82,32.55],[138.84,32.5],[138.85,32.45],[138.85,32.45],[138.86,32.4],[138.88,32.35],[138.89,32.3],[138.9,32.26],[138.9,32.25],[138.92,32.2],[138.93,32.15],[138.94,32.1],[138.95,32.06],[138.95,32.05],[138.96,32],[138.98,31.95],[138.99,31.9],[139,31.85],[139,31.84],[139.01,31.8],[139.02,31.75],[139.03,31.7],[139.04,31.65],[139.05,31.63],[139.06,31.6],[139.07,31.55],[139.08,31.5],[139.1,31.45],[139.1,31.44],[139.11,31.4],[139.13,31.35],[139.14,31.3],[139.15,31.28],[139.16,31.25],[139.17,31.2],[139.19,31.15],[139.2,31.12],[139.21,31.1],[139.22,31.05],[139.24,31],[139.25,30.97],[139.26,30.95],[139.27,30.9],[139.29,30.85],[139.3,30.82],[139.31,30.8],[139.32,30.75],[139.34,30.7],[139.35,30.67],[139.36,30.65],[139.37,30.6],[139.39,30.55],[139.4,30.52],[139.41,30.5],[139.42,30.45],[139.44,30.4],[139.45,30.37],[139.46,30.35],[139.47,30.3],[139.49,30.25],[139.5,30.22],[139.51,30.2],[139.53,30.15],[139.54,30.1],[139.55,30.08],[139.56,30.05],[139.58,30],[139.6,29.95],[139.6,29.94],[139.61,29.9],[139.63,29.85],[139.65,29.8],[139.65,29.8],[139.67,29.75],[139.69,29.7],[139.7,29.67],[139.71,29.65],[139.73,29.6],[139.75,29.55],[139.75,29.55],[139.77,29.5],[139.8,29.45],[139.8,29.44],[139.82,29.4],[139.84,29.35],[139.85,29.34],[139.87,29.3],[139.89,29.25],[139.9,29.23],[139.91,29.2],[139.94,29.15],[139.95,29.11],[139.96,29.1],[139.98,29.05],[140,29],[140,28.99],[140.01,28.95],[140.03,28.9],[140.04,28.85],[140.05,28.82],[140.06,28.8],[140.07,28.75],[140.08,28.7],[140.09,28.65],[140.1,28.6],[140.1,28.59],[140.11,28.55],[140.12,28.5],[140.13,28.45],[140.14,28.4],[140.14,28.35],[140.15,28.32],[140.15,28.3],[140.16,28.25],[140.17,28.2],[140.18,28.15],[140.19,28.1],[140.2,28.05],[140.2,28.05],[140.21,28],[140.22,27.95],[140.23,27.9],[140.24,27.85],[140.25,27.8],[140.25,27.78],[140.26,27.75],[140.27,27.7],[140.28,27.65],[140.29,27.6],[140.3,27.55],[140.3,27.54],[140.31,27.5],[140.32,27.45],[140.33,27.4],[140.35,27.35],[140.35,27.34],[140.36,27.3],[140.38,27.25],[140.39,27.2],[140.4,27.17],[140.41,27.15],[140.42,27.1],[140.44,27.05],[140.45,27.01],[140.45,27],[140.47,26.95],[140.49,26.9],[140.5,26.86],[140.5,26.85],[140.52,26.8],[140.54,26.75],[140.55,26.71],[140.55,26.7],[140.57,26.65],[140.59,26.6],[140.6,26.56],[140.6,26.55],[140.62,26.5],[140.63,26.45],[140.65,26.4],[140.65,26.4],[140.66,26.35],[140.68,26.3],[140.69,26.25],[140.7,26.22],[140.71,26.2],[140.72,26.15],[140.73,26.1],[140.74,26.05],[140.75,26.03],[140.76,26],[140.77,25.95],[140.78,25.9],[140.79,25.85],[140.8,25.83],[140.81,25.8],[140.82,25.75],[140.84,25.7],[140.85,25.65],[140.85,25.65],[140.87,25.6],[140.88,25.55],[140.9,25.5],[140.9,25.5],[140.92,25.45],[140.93,25.4],[140.95,25.36],[140.95,25.35],[140.97,25.3],[141,25.25],[141,25.24],[141.02,25.2],[141.04,25.15],[141.05,25.13],[141.06,25.1],[141.09,25.05],[141.1,25.02],[141.11,25],[141.14,24.95],[141.15,24.92],[141.16,24.9],[141.18,24.85],[141.2,24.82],[141.21,24.8],[141.23,24.75],[141.25,24.72],[141.26,24.7],[141.28,24.65],[141.3,24.62],[141.31,24.6],[141.33,24.55],[141.35,24.51],[141.36,24.5],[141.38,24.45],[141.4,24.4],[141.4,24.4],[141.42,24.35],[141.45,24.3],[141.45,24.29],[141.47,24.25],[141.49,24.2],[141.5,24.16],[141.5,24.15],[141.52,24.1],[141.54,24.05],[141.55,24.02],[141.56,24],[141.57,23.95],[141.59,23.9],[141.6,23.85],[141.6,23.84],[141.61,23.8],[141.62,23.75],[141.64,23.7],[141.65,23.65],[141.65,23.64],[141.66,23.6],[141.67,23.55],[141.68,23.5],[141.7,23.45],[141.7,23.44],[141.71,23.4],[141.73,23.35],[141.75,23.3],[141.75,23.29],[141.77,23.25],[141.79,23.2],[141.8,23.17],[141.81,23.15],[141.84,23.1],[141.85,23.08],[141.87,23.05],[141.9,23.01],[141.9,23],[141.94,22.95],[141.95,22.94],[141.98,22.9],[142,22.88],[142.02,22.85],[142.05,22.82],[142.07,22.8],[142.1,22.76],[142.11,22.75],[142.15,22.71],[142.16,22.7],[142.2,22.66],[142.21,22.65],[142.25,22.61],[142.26,22.6],[142.3,22.56],[142.31,22.55],[142.35,22.51],[142.36,22.5],[142.4,22.46],[142.41,22.45],[142.45,22.41],[142.46,22.4],[142.5,22.36],[142.51,22.35],[142.55,22.31],[142.56,22.3],[142.6,22.27],[142.62,22.25],[142.65,22.22],[142.67,22.2],[142.7,22.18],[142.73,22.15],[142.75,22.13],[142.78,22.1],[142.8,22.09],[142.84,22.05],[142.85,22.04],[142.89,22],[142.9,21.99],[142.95,21.95],[142.95,21.95],[143,21.9],[143,21.9],[143.05,21.86],[143.06,21.85],[143.1,21.81],[143.11,21.8],[143.15,21.76],[143.16,21.75],[143.2,21.71],[143.22,21.7],[143.25,21.67],[143.27,21.65],[143.3,21.62],[143.33,21.6],[143.35,21.58],[143.38,21.55],[143.4,21.53],[143.44,21.5],[143.45,21.49],[143.5,21.45],[143.5,21.45],[143.55,21.41],[143.56,21.4],[143.6,21.37],[143.63,21.35],[143.65,21.33],[143.7,21.3],[143.7,21.3],[143.75,21.26],[143.76,21.25],[143.8,21.22],[143.83,21.2],[143.85,21.19],[143.9,21.15],[143.9,21.15],[143.95,21.11],[143.96,21.1],[144,21.07],[144.02,21.05],[144.05,21.02],[144.08,21],[144.1,20.98],[144.13,20.95],[144.15,20.93],[144.18,20.9],[144.2,20.87],[144.22,20.85],[144.25,20.82],[144.26,20.8],[144.3,20.75],[144.3,20.75],[144.34,20.7],[144.35,20.68],[144.37,20.65],[144.4,20.61],[144.4,20.6],[144.44,20.55],[144.45,20.53],[144.46,20.5],[144.49,20.45],[144.5,20.44],[144.52,20.4],[144.55,20.35],[144.55,20.34],[144.57,20.3],[144.6,20.25],[144.6,20.25],[144.62,20.2],[144.65,20.15],[144.65,20.15],[144.67,20.1],[144.7,20.05],[144.7,20.05],[144.72,20],[144.75,19.95],[144.75,19.95],[144.78,19.9],[144.8,19.86],[144.81,19.85],[144.84,19.8],[144.85,19.78],[144.87,19.75],[144.9,19.7],[144.9,19.7],[144.93,19.65],[144.95,19.62],[144.96,19.6],[144.99,19.55],[145,19.54],[145.03,19.5],[145.05,19.46],[145.06,19.45],[145.09,19.4],[145.1,19.38],[145.12,19.35],[145.15,19.3],[145.15,19.29],[145.18,19.25],[145.2,19.2],[145.2,19.2],[145.23,19.15],[145.25,19.1],[145.25,19.1],[145.27,19.05],[145.3,19],[145.3,18.99],[145.32,18.95],[145.33,18.9],[145.35,18.85],[145.35,18.85],[145.37,18.8],[145.38,18.75],[145.4,18.7],[145.4,18.68],[145.41,18.65],[145.42,18.6],[145.43,18.55],[145.44,18.5],[145.45,18.45],[145.45,18.43],[145.45,18.4],[145.46,18.35],[145.47,18.3],[145.47,18.25],[145.48,18.2],[145.48,18.15],[145.48,18.1],[145.49,18.05],[145.49,18],[145.49,17.95],[145.49,17.9],[145.5,17.85],[145.5,17.8],[145.5,17.75],[145.5,17.7],[145.5,17.65],[145.5,17.65],[145.5,17.6],[145.5,17.55],[145.5,17.5],[145.5,17.45],[145.5,17.4],[145.5,17.35],[145.5,17.3],[145.5,17.25],[145.5,17.21],[145.5,17.2],[145.5,17.15],[145.5,17.1],[145.5,17.05],[145.49,17],[145.49,16.95],[145.49,16.9],[145.49,16.85],[145.49,16.8],[145.48,16.75],[145.48,16.7],[145.48,16.65],[145.47,16.6],[145.47,16.55],[145.46,16.5],[145.45,16.45],[145.45,16.42],[145.45,16.4],[145.44,16.35],[145.43,16.3],[145.43,16.25],[145.42,16.2],[145.41,16.15],[145.4,16.11],[145.4,16.1],[145.39,16.05],[145.38,16],[145.37,15.95],[145.35,15.9],[145.35,15.88],[145.34,15.85],[145.33,15.8],[145.32,15.75],[145.3,15.7],[145.3,15.69],[145.29,15.65],[145.27,15.6],[145.26,15.55],[145.25,15.53],[145.24,15.5],[145.22,15.45],[145.21,15.4],[145.2,15.38],[145.19,15.35],[145.17,15.3],[145.15,15.25],[145.15,15.24],[145.14,15.2],[145.12,15.15],[145.1,15.1],[145.1,15.1],[145.08,15.05],[145.06,15],[145.05,14.96],[145.05,14.95],[145.03,14.9],[145,14.85],[145,14.84],[144.98,14.8],[144.96,14.75],[144.95,14.73],[144.93,14.7],[144.91,14.65],[144.9,14.64],[144.88,14.6],[144.85,14.55],[144.85,14.55],[144.81,14.5],[144.8,14.48],[144.78,14.45],[144.75,14.41],[144.74,14.4],[144.71,14.35],[144.7,14.34],[144.67,14.3],[144.65,14.28],[144.62,14.25],[144.6,14.22],[144.58,14.2],[144.55,14.17],[144.53,14.15],[144.5,14.12],[144.48,14.1],[144.45,14.08],[144.42,14.05],[144.4,14.03],[144.36,14],[144.35,14],[144.3,13.96],[144.29,13.95],[144.25,13.93],[144.21,13.9],[144.2,13.89],[144.15,13.86],[144.12,13.85],[144.1,13.84],[144.05,13.81],[144.03,13.8],[144,13.78],[143.95,13.76],[143.94,13.75],[143.9,13.73],[143.85,13.7],[143.84,13.7],[143.8,13.68],[143.75,13.65],[143.75,13.65],[143.7,13.62],[143.65,13.6],[143.65,13.6],[143.6,13.57],[143.56,13.55],[143.55,13.55],[143.5,13.52],[143.46,13.5],[143.45,13.5],[143.4,13.47],[143.36,13.45],[143.35,13.45],[143.3,13.42],[143.25,13.4],[143.25,13.4],[143.2,13.38],[143.15,13.35],[143.14,13.35],[143.1,13.33],[143.05,13.31],[143.02,13.3],[143,13.29],[142.95,13.27],[142.9,13.26],[142.88,13.25],[142.85,13.24],[142.8,13.23],[142.75,13.22],[142.7,13.2],[142.68,13.2],[142.65,13.2],[142.6,13.19],[142.55,13.18],[142.5,13.18],[142.45,13.17],[142.4,13.17],[142.35,13.17],[142.3,13.17],[142.25,13.17],[142.2,13.17],[142.15,13.17],[142.1,13.17],[142.05,13.17],[142,13.18],[141.95,13.18],[141.9,13.18],[141.85,13.18],[141.8,13.19],[141.75,13.19],[141.7,13.2],[141.65,13.2],[141.65,13.2],[141.6,13.2],[141.55,13.21],[141.5,13.21],[141.45,13.21],[141.4,13.22]]}},{"type":"Feature","properties":{"zone":"izu","depth_km":100},"geometry":{"type":"LineString","coordinates":[[139.39,35],[139.4,34.96],[139.4,34.95],[139.42,34.9],[139.44,34.85],[139.45,34.8],[139.45,34.8],[139.46,34.75],[139.47,34.7],[139.48,34.65],[139.49,34.6],[139.5,34.55],[139.5,34.54],[139.5,34.5],[139.51,34.45],[139.51,34.4],[139.51,34.35],[139.52,34.3],[139.52,34.25],[139.52,34.2],[139.52,34.15],[139.53,34.1],[139.53,34.05],[139.54,34],[139.54,33.95],[139.55,33.9],[139.55,33.9],[139.56,33.85],[139.57,33.8],[139.58,33.75],[139.59,33.7],[139.6,33.66],[139.6,33.65],[139.62,33.6],[139.63,33.55],[139.64,33.5],[139.65,33.47],[139.65,33.45],[139.67,33.4],[139.68,33.35],[139.69,33.3],[139.7,33.28],[139.71,33.25],[139.72,33.2],[139.73,33.15],[139.74,33.1],[139.75,33.06],[139.75,33.05],[139.76,33],[139.77,32.95],[139.78,32.9],[139.79,32.85],[139.8,32.8],[139.8,32.79],[139.81,32.75],[139.81,32.7],[139.82,32.65],[139.83,32.6],[139.83,32.55],[139.84,32.5],[139.84,32.45],[139.85,32.4],[139.85,32.38],[139.85,32.35],[139.86,32.3],[139.86,32.25],[139.87,32.2],[139.87,32.15],[139.88,32.1],[139.88,32.05],[139.88,32],[139.89,31.95],[139.89,31.9],[139.9,31.85],[139.9,31.83],[139.9,31.8],[139.91,31.75],[139.92,31.7],[139.92,31.65],[139.93,31.6],[139.94,31.55],[139.95,31.5],[139.95,31.49],[139.96,31.45],[139.97,31.4],[139.98,31.35],[140,31.3],[140,31.28],[140.01,31.25],[140.03,31.2],[140.04,31.15],[140.05,31.12],[140.06,31.1],[140.07,31.05],[140.09,31],[140.1,30.96],[140.1,30.95],[140.12,30.9],[140.13,30.85],[140.15,30.8],[140.15,30.79],[140.16,30.75],[140.17,30.7],[140.19,30.65],[140.2,30.6],[140.2,30.6],[140.21,30.55],[140.23,30.5],[140.24,30.45],[140.25,30.41],[140.25,30.4],[140.27,30.35],[140.28,30.3],[140.3,30.25],[140.3,30.24],[140.31,30.2],[140.33,30.15],[140.34,30.1],[140.35,30.08],[140.36,30.05],[140.38,30],[140.4,29.95],[140.4,29.95],[140.42,29.9],[140.45,29.85],[140.45,29.84],[140.47,29.8],[140.49,29.75],[140.5,29.74],[140.52,29.7],[140.54,29.65],[140.55,29.63],[140.57,29.6],[140.59,29.55],[140.6,29.53],[140.61,29.5],[140.64,29.45],[140.65,29.42],[140.66,29.4],[140.68,29.35],[140.69,29.3],[140.7,29.28],[140.71,29.25],[140.73,29.2],[140.74,29.15],[140.75,29.12],[140.75,29.1],[140.77,29.05],[140.78,29],[140.79,28.95],[140.8,28.9],[140.8,28.87],[140.8,28.85],[140.81,28.8],[140.82,28.75],[140.82,28.7],[140.83,28.65],[140.83,28.6],[140.83,28.55],[140.84,28.5],[140.84,28.45],[140.84,28.4],[140.85,28.35],[140.85,28.31],[140.85,28.3],[140.86,28.25],[140.86,28.2],[140.87,28.15],[140.88,28.1],[140.89,28.05],[140.89,28],[140.9,27.97],[140.91,27.95],[140.92,27.9],[140.93,27.85],[140.94,27.8],[140.95,27.77],[140.96,27.75],[140.97,27.7],[140.98,27.65],[141,27.6],[141,27.59],[141.01,27.55],[141.03,27.5],[141.04,27.45],[141.05,27.41],[141.05,27.4],[141.07,27.35],[141.08,27.3],[141.09,27.25],[141.1,27.21],[141.1,27.2],[141.12,27.15],[141.13,27.1],[141.14,27.05],[141.15,27.01],[141.15,27],[141.16,26.95],[141.18,26.9],[141.19,26.85],[141.2,26.8],[141.2,26.78],[141.21,26.75],[141.22,26.7],[141.22,26.65],[141.23,26.6],[141.24,26.55],[141.25,26.5],[141.25,26.49],[141.26,26.45],[141.26,26.4],[141.27,26.35],[141.28,26.3],[141.29,26.25],[141.29,26.2],[141.3,26.17],[141.3,26.15],[141.31,26.1],[141.32,26.05],[141.33,26],[141.34,25.95],[141.35,25.92],[141.36,25.9],[141.37,25.85],[141.39,25.8],[141.4,25.75],[141.4,25.75],[141.42,25.7],[141.44,25.65],[141.45,25.62],[141.46,25.6],[141.48,25.55],[141.5,25.5],[141.5,25.49],[141.52,25.45],[141.54,25.4],[141.55,25.37],[141.56,25.35],[141.58,25.3],[141.6,25.26],[141.6,25.25],[141.62,25.2],[141.64,25.15],[141.65,25.14],[141.66,25.1],[141.68,25.05],[141.7,25.01],[141.7,25],[141.72,24.95],[141.74,24.9],[141.75,24.88],[141.76,24.85],[141.78,24.8],[141.8,24.75],[141.8,24.75],[141.82,24.7],[141.84,24.65],[141.85,24.61],[141.85,24.6],[141.87,24.55],[141.89,24.5],[141.9,24.47],[141.91,24.45],[141.93,24.4],[141.94,24.35],[141.95,24.33],[141.96,24.3],[141.98,24.25],[142,24.2],[142,24.19],[142.02,24.15],[142.03,24.1],[142.05,24.05],[142.05,24.05],[142.07,24],[142.09,23.95],[142.1,23.92],[142.11,23.9],[142.13,23.85],[142.15,23.8],[142.15,23.79],[142.17,23.75],[142.19,23.7],[142.2,23.67],[142.21,23.65],[142.24,23.6],[142.25,23.57],[142.26,23.55],[142.29,23.5],[142.3,23.48],[142.32,23.45],[142.35,23.4],[142.35,23.4],[142.38,23.35],[142.4,23.33],[142.42,23.3],[142.45,23.26],[142.46,23.25],[142.49,23.2],[142.5,23.19],[142.53,23.15],[142.55,23.13],[142.58,23.1],[142.6,23.07],[142.62,23.05],[142.65,23.02],[142.67,23],[142.7,22.96],[142.71,22.95],[142.75,22.91],[142.76,22.9],[142.8,22.86],[142.81,22.85],[142.85,22.82],[142.87,22.8],[142.9,22.77],[142.92,22.75],[142.95,22.72],[142.98,22.7],[143,22.68],[143.03,22.65],[143.05,22.63],[143.09,22.6],[143.1,22.59],[143.15,22.55],[143.15,22.55],[143.2,22.5],[143.2,22.5],[143.25,22.46],[143.26,22.45],[143.3,22.41],[143.31,22.4],[143.35,22.37],[143.37,22.35],[143.4,22.32],[143.42,22.3],[143.45,22.27],[143.47,22.25],[143.5,22.22],[143.52,22.2],[143.55,22.17],[143.58,22.15],[143.6,22.13],[143.63,22.1],[143.65,22.08],[143.68,22.05],[143.7,22.03],[143.73,22],[143.75,21.98],[143.78,21.95],[143.8,21.93],[143.84,21.9],[143.85,21.89],[143.89,21.85],[143.9,21.84],[143.94,21.8],[143.95,21.79],[144,21.75],[144,21.75],[144.05,21.7],[144.05,21.7],[144.1,21.66],[144.11,21.65],[144.15,21.62],[144.17,21.6],[144.2,21.57],[144.23,21.55],[144.25,21.53],[144.28,21.5],[144.3,21.49],[144.34,21.45],[144.35,21.44],[144.4,21.4],[144.4,21.4],[144.45,21.35],[144.45,21.35],[144.5,21.3],[144.5,21.3],[144.55,21.25],[144.55,21.25],[144.6,21.2],[144.6,21.2],[144.64,21.15],[144.65,21.14],[144.68,21.1],[144.7,21.08],[144.73,21.05],[144.75,21.02],[144.76,21],[144.8,20.95],[144.8,20.95],[144.84,20.9],[144.85,20.88],[144.87,20.85],[144.9,20.81],[144.9,20.8],[144.94,20.75],[144.95,20.73],[144.97,20.7],[145,20.65],[145,20.65],[145.03,20.6],[145.05,20.56],[145.06,20.55],[145.09,20.5],[145.1,20.47],[145.11,20.45],[145.14,20.4],[145.15,20.38],[145.17,20.35],[145.19,20.3],[145.2,20.29],[145.22,20.25],[145.25,20.2],[145.25,20.19],[145.27,20.15],[145.3,20.1],[145.3,20.1],[145.33,20.05],[145.35,20.02],[145.36,20],[145.39,19.95],[145.4,19.93],[145.42,19.9],[145.45,19.85],[145.45,19.84],[145.48,19.8],[145.5,19.76],[145.5,19.75],[145.53,19.7],[145.55,19.67],[145.56,19.65],[145.59,19.6],[145.6,19.58],[145.62,19.55],[145.64,19.5],[145.65,19.49],[145.67,19.45],[145.7,19.4],[145.7,19.39],[145.72,19.35],[145.74,19.3],[145.75,19.29],[145.77,19.25],[145.79,19.2],[145.8,19.18],[145.81,19.15],[145.83,19.1],[145.85,19.06],[145.85,19.05],[145.87,19],[145.89,18.95],[145.9,18.93],[145.91,18.9],[145.93,18.85],[145.94,18.8],[145.95,18.77],[145.96,18.75],[145.97,18.7],[145.98,18.65],[145.99,18.6],[146,18.58],[146.01,18.55],[146.02,18.5],[146.03,18.45],[146.04,18.4],[146.04,18.35],[146.05,18.3],[146.05,18.3],[146.06,18.25],[146.06,18.2],[146.07,18.15],[146.07,18.1],[146.08,18.05],[146.08,18],[146.08,17.95],[146.08,17.9],[146.08,17.85],[146.08,17.8],[146.08,17.75],[146.08,17.7],[146.08,17.65],[146.08,17.6],[146.08,17.55],[146.08,17.5],[146.08,17.45],[146.08,17.4],[146.08,17.35],[146.08,17.3],[146.07,17.25],[146.07,17.2],[146.07,17.15],[146.07,17.1],[146.06,17.05],[146.06,17],[146.06,16.95],[146.05,16.9],[146.05,16.88],[146.05,16.85],[146.04,16.8],[146.04,16.75],[146.03,16.7],[146.03,16.65],[146.02,16.6],[146.02,16.55],[146.01,16.5],[146.01,16.45],[146,16.4],[146,16.39],[146,16.35],[145.99,16.3],[145.98,16.25],[145.98,16.2],[145.97,16.15],[145.96,16.1],[145.95,16.05],[145.95,16.02],[145.95,16],[145.94,15.95],[145.93,15.9],[145.92,15.85],[145.91,15.8],[145.9,15.75],[145.9,15.75],[145.89,15.7],[145.88,15.65],[145.87,15.6],[145.85,15.55],[145.85,15.54],[145.84,15.5],[145.83,15.45],[145.81,15.4],[145.8,15.35],[145.8,15.35],[145.78,15.3],[145.77,15.25],[145.75,15.2],[145.75,15.19],[145.74,15.15],[145.72,15.1],[145.7,15.05],[145.7,15.04],[145.69,15],[145.67,14.95],[145.65,14.91],[145.65,14.9],[145.63,14.85],[145.6,14.8],[145.6,14.79],[145.58,14.75],[145.55,14.7],[145.55,14.69],[145.53,14.65],[145.5,14.6],[145.5,14.6],[145.47,14.55],[145.45,14.52],[145.44,14.5],[145.4,14.45],[145.4,14.45],[145.37,14.4],[145.35,14.38],[145.33,14.35],[145.3,14.31],[145.29,14.3],[145.25,14.25],[145.25,14.25],[145.21,14.2],[145.2,14.19],[145.16,14.15],[145.15,14.14],[145.12,14.1],[145.1,14.08],[145.07,14.05],[145.05,14.03],[145.02,14],[145,13.98],[144.97,13.95],[144.95,13.93],[144.92,13.9],[144.9,13.88],[144.87,13.85],[144.85,13.83],[144.81,13.8],[144.8,13.79],[144.75,13.75],[144.75,13.75],[144.7,13.71],[144.69,13.7],[144.65,13.67],[144.62,13.65],[144.6,13.63],[144.55,13.6],[144.55,13.6],[144.5,13.56],[144.48,13.55],[144.45,13.53],[144.4,13.5],[144.4,13.5],[144.35,13.47],[144.32,13.45],[144.3,13.44],[144.25,13.41],[144.23,13.4],[144.2,13.38],[144.15,13.35],[144.14,13.35],[144.1,13.33],[144.05,13.3],[144.05,13.3],[144,13.27],[143.96,13.25],[143.95,13.24],[143.9,13.22],[143.87,13.2],[143.85,13.19],[143.8,13.16],[143.77,13.15],[143.75,13.14],[143.7,13.11],[143.67,13.1],[143.65,13.09],[143.6,13.06],[143.58,13.05],[143.55,13.04],[143.5,13.01],[143.47,13],[143.45,12.99],[143.4,12.96],[143.37,12.95],[143.35,12.94],[143.3,12.92],[143.26,12.9],[143.25,12.9],[143.2,12.88],[143.15,12.85],[143.14,12.85],[143.1,12.83],[143.05,12.82],[143,12.8],[143,12.8],[142.95,12.78],[142.9,12.77],[142.85,12.75],[142.85,12.75],[142.8,12.74],[142.75,12.72],[142.7,12.71],[142.66,12.7],[142.65,12.7],[142.6,12.69],[142.55,12.68],[142.5,12.67],[142.45,12.66],[142.41,12.65],[142.4,12.65],[142.35,12.64],[142.3,12.63],[142.25,12.63],[142.2,12.62],[142.15,12.61],[142.1,12.61],[142.05,12.6],[142,12.6],[142,12.6],[141.95,12.6],[141.9,12.6],[141.85,12.6],[141.8,12.6],[141.75,12.6],[141.7,12.6],[141.69,12.6],[141.65,12.6],[141.6,12.61],[141.55,12.61],[141.5,12.61],[141.45,12.62],[141.4,12.62],[141.35,12.62],[141.3,12.62],[141.25,12.63],[141.2,12.63],[141.15,12.63],[141.1,12.63]]}},{"type":"Feature","properties":{"zone":"izu","depth_km":40},"geometry":{"type":"LineString","coordinates":[[140.57,35],[140.57,34.95],[140.57,34.9],[140.57,34.85],[140.56,34.8],[140.56,34.75],[140.56,34.7],[140.56,34.65],[140.56,34.6],[140.56,34.55],[140.56,34.5],[140.56,34.45],[140.57,34.4],[140.57,34.35],[140.57,34.3],[140.57,34.25],[140.58,34.2],[140.58,34.15],[140.58,34.1],[140.59,34.05],[140.59,34],[140.59,33.95],[140.6,33.9],[140.6,33.87],[140.6,33.85],[140.61,33.8],[140.62,33.75],[140.62,33.7],[140.63,33.65],[140.64,33.6],[140.65,33.57],[140.66,33.55],[140.67,33.5],[140.68,33.45],[140.7,33.4],[140.7,33.4],[140.72,33.35],[140.73,33.3],[140.75,33.26],[140.75,33.25],[140.77,33.2],[140.79,33.15],[140.8,33.11],[140.8,33.1],[140.82,33.05],[140.83,33],[140.84,32.95],[140.85,32.91],[140.85,32.9],[140.86,32.85],[140.87,32.8],[140.88,32.75],[140.89,32.7],[140.89,32.65],[140.9,32.6],[140.9,32.57],[140.9,32.55],[140.91,32.5],[140.91,32.45],[140.92,32.4],[140.92,32.35],[140.93,32.3],[140.93,32.25],[140.94,32.2],[140.95,32.15],[140.95,32.14],[140.96,32.1],[140.96,32.05],[140.97,32],[140.98,31.95],[140.99,31.9],[141,31.85],[141,31.82],[141,31.8],[141.01,31.75],[141.02,31.7],[141.02,31.65],[141.03,31.6],[141.03,31.55],[141.03,31.5],[141.03,31.45],[141.03,31.4],[141.03,31.35],[141.03,31.3],[141.03,31.25],[141.03,31.2],[141.03,31.15],[141.03,31.1],[141.03,31.05],[141.03,31],[141.03,30.95],[141.03,30.9],[141.03,30.85],[141.03,30.8],[141.04,30.75],[141.04,30.7],[141.05,30.65],[141.05,30.64],[141.06,30.6],[141.07,30.55],[141.07,30.5],[141.09,30.45],[141.1,30.4],[141.1,30.39],[141.11,30.35],[141.12,30.3],[141.14,30.25],[141.15,30.21],[141.15,30.2],[141.17,30.15],[141.19,30.1],[141.2,30.06],[141.2,30.05],[141.22,30],[141.24,29.95],[141.25,29.91],[141.25,29.9],[141.27,29.85],[141.29,29.8],[141.3,29.76],[141.3,29.75],[141.32,29.7],[141.34,29.65],[141.35,29.6],[141.35,29.6],[141.37,29.55],[141.38,29.5],[141.39,29.45],[141.4,29.43],[141.41,29.4],[141.42,29.35],[141.44,29.3],[141.45,29.26],[141.45,29.25],[141.47,29.2],[141.48,29.15],[141.5,29.1],[141.5,29.09],[141.51,29.05],[141.53,29],[141.54,28.95],[141.55,28.93],[141.56,28.9],[141.58,28.85],[141.59,28.8],[141.6,28.77],[141.61,28.75],[141.62,28.7],[141.64,28.65],[141.65,28.61],[141.65,28.6],[141.67,28.55],[141.68,28.5],[141.7,28.45],[141.7,28.44],[141.71,28.4],[141.73,28.35],[141.74,28.3],[141.75,28.26],[141.75,28.25],[141.76,28.2],[141.78,28.15],[141.79,28.1],[141.8,28.05],[141.8,28.04],[141.81,28],[141.82,27.95],[141.83,27.9],[141.84,27.85],[141.85,27.8],[141.85,27.77],[141.85,27.75],[141.86,27.7],[141.87,27.65],[141.88,27.6],[141.88,27.55],[141.89,27.5],[141.9,27.45],[141.9,27.42],[141.9,27.4],[141.91,27.35],[141.92,27.3],[141.92,27.25],[141.93,27.2],[141.93,27.15],[141.94,27.1],[141.94,27.05],[141.94,27],[141.95,26.95],[141.95,26.9],[141.95,26.85],[141.95,26.8],[141.95,26.75],[141.94,26.7],[141.94,26.65],[141.94,26.6],[141.94,26.55],[141.93,26.5],[141.93,26.45],[141.93,26.4],[141.93,26.35],[141.93,26.3],[141.93,26.25],[141.93,26.2],[141.93,26.15],[141.93,26.1],[141.93,26.05],[141.94,26],[141.94,25.95],[141.95,25.9],[141.95,25.9],[141.96,25.85],[141.96,25.8],[141.97,25.75],[141.98,25.7],[141.99,25.65],[142,25.62],[142,25.6],[142.02,25.55],[142.03,25.5],[142.04,25.45],[142.05,25.41],[142.05,25.4],[142.07,25.35],[142.08,25.3],[142.09,25.25],[142.1,25.23],[142.11,25.2],[142.12,25.15],[142.14,25.1],[142.15,25.07],[142.16,25.05],[142.17,25],[142.19,24.95],[142.2,24.92],[142.21,24.9],[142.22,24.85],[142.24,24.8],[142.25,24.77],[142.26,24.75],[142.28,24.7],[142.29,24.65],[142.3,24.63],[142.31,24.6],[142.33,24.55],[142.35,24.5],[142.35,24.5],[142.37,24.45],[142.39,24.4],[142.4,24.37],[142.41,24.35],[142.43,24.3],[142.45,24.25],[142.45,24.25],[142.47,24.2],[142.5,24.15],[142.5,24.14],[142.52,24.1],[142.55,24.05],[142.55,24.04],[142.57,24],[142.6,23.95],[142.6,23.95],[142.63,23.9],[142.65,23.87],[142.66,23.85],[142.7,23.8],[142.7,23.8],[142.73,23.75],[142.75,23.72],[142.77,23.7],[142.8,23.66],[142.81,23.65],[142.84,23.6],[142.85,23.59],[142.88,23.55],[142.9,23.53],[142.93,23.5],[142.95,23.47],[142.97,23.45],[143,23.41],[143.01,23.4],[143.05,23.36],[143.06,23.35],[143.1,23.31],[143.11,23.3],[143.15,23.26],[143.16,23.25],[143.2,23.21],[143.21,23.2],[143.25,23.17],[143.27,23.15],[143.3,23.12],[143.33,23.1],[143.35,23.08],[143.38,23.05],[143.4,23.04],[143.45,23],[143.45,23],[143.5,22.95],[143.51,22.95],[143.55,22.91],[143.56,22.9],[143.6,22.87],[143.62,22.85],[143.65,22.83],[143.68,22.8],[143.7,22.78],[143.73,22.75],[143.75,22.73],[143.78,22.7],[143.8,22.69],[143.84,22.65],[143.85,22.64],[143.89,22.6],[143.9,22.59],[143.94,22.55],[143.95,22.54],[143.99,22.5],[144,22.49],[144.04,22.45],[144.05,22.44],[144.08,22.4],[144.1,22.38],[144.13,22.35],[144.15,22.33],[144.19,22.3],[144.2,22.29],[144.24,22.25],[144.25,22.24],[144.29,22.2],[144.3,22.19],[144.34,22.15],[144.35,22.14],[144.4,22.1],[144.4,22.1],[144.45,22.05],[144.46,22.05],[144.5,22.01],[144.52,22],[144.55,21.97],[144.58,21.95],[144.6,21.93],[144.64,21.9],[144.65,21.9],[144.7,21.86],[144.71,21.85],[144.75,21.82],[144.78,21.8],[144.8,21.79],[144.85,21.75],[144.85,21.75],[144.9,21.72],[144.92,21.7],[144.95,21.68],[144.99,21.65],[145,21.64],[145.05,21.6],[145.05,21.6],[145.1,21.56],[145.11,21.55],[145.15,21.51],[145.16,21.5],[145.2,21.46],[145.21,21.45],[145.25,21.41],[145.26,21.4],[145.3,21.36],[145.31,21.35],[145.35,21.3],[145.35,21.3],[145.39,21.25],[145.4,21.24],[145.43,21.2],[145.45,21.17],[145.47,21.15],[145.5,21.1],[145.5,21.1],[145.53,21.05],[145.55,21.03],[145.57,21],[145.6,20.95],[145.6,20.94],[145.63,20.9],[145.65,20.86],[145.65,20.85],[145.68,20.8],[145.7,20.76],[145.71,20.75],[145.73,20.7],[145.75,20.66],[145.76,20.65],[145.78,20.6],[145.8,20.55],[145.8,20.55],[145.82,20.5],[145.85,20.45],[145.85,20.44],[145.87,20.4],[145.89,20.35],[145.9,20.33],[145.91,20.3],[145.94,20.25],[145.95,20.22],[145.96,20.2],[145.98,20.15],[146,20.11],[146.01,20.1],[146.03,20.05],[146.05,20.01],[146.05,20],[146.08,19.95],[146.1,19.91],[146.1,19.9],[146.13,19.85],[146.15,19.81],[146.15,19.8],[146.18,19.75],[146.2,19.71],[146.2,19.7],[146.23,19.65],[146.25,19.61],[146.25,19.6],[146.28,19.55],[146.3,19.5],[146.3,19.5],[146.33,19.45],[146.35,19.4],[146.35,19.4],[146.37,19.35],[146.39,19.3],[146.4,19.29],[146.42,19.25],[146.44,19.2],[146.45,19.17],[146.46,19.15],[146.48,19.1],[146.5,19.05],[146.5,19.05],[146.52,19],[146.54,18.95],[146.55,18.93],[146.56,18.9],[146.58,18.85],[146.6,18.8],[146.6,18.8],[146.62,18.75],[146.64,18.7],[146.65,18.67],[146.66,18.65],[146.68,18.6],[146.69,18.55],[146.7,18.53],[146.71,18.5],[146.73,18.45],[146.74,18.4],[146.75,18.38],[146.76,18.35],[146.78,18.3],[146.79,18.25],[146.8,18.2],[146.8,18.2],[146.81,18.15],[146.82,18.1],[146.84,18.05],[146.84,18],[146.85,17.97],[146.85,17.95],[146.86,17.9],[146.87,17.85],[146.88,17.8],[146.88,17.75],[146.89,17.7],[146.89,17.65],[146.9,17.6],[146.9,17.56],[146.9,17.55],[146.9,17.5],[146.9,17.45],[146.9,17.4],[146.9,17.35],[146.9,17.3],[146.9,17.25],[146.9,17.2],[146.9,17.2],[146.9,17.15],[146.89,17.1],[146.89,17.05],[146.89,17],[146.88,16.95],[146.88,16.9],[146.87,16.85],[146.87,16.8],[146.86,16.75],[146.86,16.7],[146.85,16.66],[146.85,16.65],[146.84,16.6],[146.83,16.55],[146.83,16.5],[146.82,16.45],[146.81,16.4],[146.8,16.35],[146.8,16.34],[146.79,16.3],[146.78,16.25],[146.77,16.2],[146.76,16.15],[146.75,16.1],[146.75,16.08],[146.74,16.05],[146.73,16],[146.72,15.95],[146.71,15.9],[146.7,15.85],[146.7,15.84],[146.69,15.8],[146.68,15.75],[146.67,15.7],[146.66,15.65],[146.65,15.62],[146.64,15.6],[146.63,15.55],[146.62,15.5],[146.61,15.45],[146.6,15.42],[146.59,15.4],[146.58,15.35],[146.57,15.3],[146.55,15.25],[146.55,15.23],[146.54,15.2],[146.53,15.15],[146.51,15.1],[146.5,15.05],[146.5,15.05],[146.49,15],[146.47,14.95],[146.45,14.9],[146.45,14.89],[146.44,14.85],[146.42,14.8],[146.4,14.75],[146.4,14.74],[146.38,14.7],[146.36,14.65],[146.35,14.62],[146.34,14.6],[146.31,14.55],[146.3,14.53],[146.29,14.5],[146.26,14.45],[146.25,14.44],[146.22,14.4],[146.2,14.37],[146.19,14.35],[146.15,14.3],[146.15,14.3],[146.11,14.25],[146.1,14.24],[146.06,14.2],[146.05,14.19],[146.02,14.15],[146,14.13],[145.96,14.1],[145.95,14.09],[145.91,14.05],[145.9,14.04],[145.85,14],[145.85,14],[145.8,13.95],[145.79,13.95],[145.75,13.91],[145.73,13.9],[145.7,13.87],[145.67,13.85],[145.65,13.83],[145.61,13.8],[145.6,13.79],[145.55,13.75],[145.55,13.75],[145.5,13.71],[145.49,13.7],[145.45,13.67],[145.42,13.65],[145.4,13.63],[145.36,13.6],[145.35,13.59],[145.3,13.55],[145.3,13.55],[145.25,13.51],[145.24,13.5],[145.2,13.46],[145.18,13.45],[145.15,13.42],[145.12,13.4],[145.1,13.38],[145.06,13.35],[145.05,13.34],[145,13.31],[144.99,13.3],[144.95,13.27],[144.92,13.25],[144.9,13.24],[144.85,13.2],[144.85,13.2],[144.8,13.17],[144.77,13.15],[144.75,13.14],[144.7,13.11],[144.69,13.1],[144.65,13.08],[144.6,13.05],[144.6,13.05],[144.55,13.02],[144.51,13],[144.5,13],[144.45,12.97],[144.41,12.95],[144.4,12.95],[144.35,12.92],[144.31,12.9],[144.3,12.9],[144.25,12.87],[144.21,12.85],[144.2,12.85],[144.15,12.82],[144.1,12.8],[144.1,12.8],[144.05,12.78],[144,12.75],[143.99,12.75],[143.95,12.73],[143.9,12.71],[143.89,12.7],[143.85,12.68],[143.8,12.66],[143.78,12.65],[143.75,12.64],[143.7,12.61],[143.67,12.6],[143.65,12.59],[143.6,12.57],[143.55,12.55],[143.55,12.55],[143.5,12.53],[143.45,12.51],[143.43,12.5],[143.4,12.49],[143.35,12.47],[143.31,12.45],[143.3,12.45],[143.25,12.43],[143.2,12.41],[143.18,12.4],[143.15,12.39],[143.1,12.37],[143.05,12.36],[143.03,12.35],[143,12.34],[142.95,12.32],[142.9,12.31],[142.88,12.3],[142.85,12.29],[142.8,12.27],[142.75,12.26],[142.71,12.25],[142.7,12.25],[142.65,12.23],[142.6,12.22],[142.55,12.21],[142.52,12.2],[142.5,12.2],[142.45,12.18],[142.4,12.17],[142.35,12.16],[142.3,12.16],[142.25,12.15],[142.25,12.15],[142.2,12.14],[142.15,12.14],[142.1,12.13],[142.05,12.13],[142,12.13],[141.95,12.13],[141.9,12.12],[141.85,12.12],[141.8,12.12],[141.75,12.13],[141.7,12.13],[141.65,12.13],[141.6,12.13],[141.55,12.13],[141.5,12.13],[141.45,12.13],[141.4,12.13],[141.35,12.13],[141.3,12.13],[141.25,12.13],[141.2,12.13],[141.15,12.12],[141.1,12.11]]}},{"type":"Feature","properties":{"zone":"ker","depth_km":700},"geometry":{"type":"LineString","coordinates":[[177.45,-25.6],[177.45,-25.65],[177.46,-25.7],[177.46,-25.75]]}},{"type":"Feature","properties":{"zone":"ker","depth_km":600},"geometry":{"type":"LineString","coordinates":[[178.7,-19.13],[178.75,-19.1],[178.75,-19.1],[178.8,-19.07],[178.84,-19.05],[178.85,-19.04],[178.9,-19.01],[178.91,-19],[178.95,-18.97],[178.97,-18.95],[179,-18.93],[179.03,-18.9],[179.05,-18.88],[179.08,-18.85],[179.1,-18.83],[179.13,-18.8],[179.15,-18.78],[179.17,-18.75],[179.2,-18.72],[179.22,-18.7],[179.25,-18.66],[179.26,-18.65],[179.3,-18.61],[179.3,-18.6],[179.35,-18.55],[179.35,-18.55],[179.39,-18.5],[179.4,-18.49],[179.44,-18.45],[179.45,-18.44],[179.49,-18.4],[179.5,-18.38],[179.54,-18.35],[179.55,-18.34],[179.6,-18.3],[179.6,-18.3],[179.65,-18.27],[179.7,-18.25],[179.7,-18.25],[179.75,-18.24],[179.8,-18.24],[179.85,-18.24],[179.88,-18.25],[179.9,-18.26],[179.95,-18.28],[179.99,-18.3],[180,-18.3],[180.05,-18.33],[180.07,-18.35],[180.1,-18.37],[180.14,-18.4],[180.15,-18.41],[180.2,-18.45],[180.2,-18.45],[180.25,-18.5],[180.25,-18.5],[180.3,-18.54],[180.31,-18.55],[180.35,-18.6],[180.35,-18.6],[180.4,-18.65],[180.4,-18.65],[180.44,-18.7],[180.45,-18.71],[180.48,-18.75],[180.5,-18.78],[180.51,-18.8],[180.55,-18.85],[180.55,-18.86],[180.58,-18.9],[180.6,-18.94],[180.6,-18.95],[180.63,-19],[180.65,-19.05],[180.65,-19.05],[180.67,-19.1],[180.69,-19.15],[180.7,-19.19],[180.7,-19.2],[180.72,-19.25],[180.73,-19.3],[180.74,-19.35],[180.75,-19.4],[180.75,-19.41],[180.76,-19.45],[180.76,-19.5],[180.76,-19.55],[180.77,-19.6],[180.77,-19.65],[180.76,-19.7],[180.76,-19.75],[180.75,-19.8],[180.75,-19.83],[180.75,-19.85],[180.74,-19.9],[180.73,-19.95],[180.71,-20],[180.7,-20.04],[180.7,-20.05],[180.68,-20.1],[180.66,-20.15],[180.65,-20.18],[180.64,-20.2],[180.62,-20.25],[180.6,-20.29],[180.59,-20.3],[180.57,-20.35],[180.55,-20.38],[180.54,-20.4],[180.51,-20.45],[180.5,-20.47],[180.48,-20.5],[180.45,-20.55],[180.45,-20.55],[180.42,-20.6],[180.4,-20.62],[180.38,-20.65],[180.35,-20.7],[180.35,-20.7],[180.32,-20.75],[180.3,-20.78],[180.28,-20.8],[180.25,-20.85],[180.25,-20.85],[180.22,-20.9],[180.2,-20.93],[180.19,-20.95],[180.15,-21],[180.15,-21.01],[180.12,-21.05],[180.1,-21.08],[180.09,-21.1],[180.05,-21.15],[180.05,-21.16],[180.02,-21.2],[180,-21.23],[179.98,-21.25],[179.95,-21.29],[179.95,-21.3],[179.91,-21.35],[179.9,-21.36],[179.87,-21.4],[179.85,-21.42],[179.83,-21.45],[179.8,-21.48],[179.79,-21.5],[179.75,-21.54],[179.74,-21.55],[179.7,-21.6],[179.7,-21.6],[179.66,-21.65],[179.65,-21.66],[179.62,-21.7],[179.6,-21.73],[179.58,-21.75],[179.55,-21.79],[179.54,-21.8],[179.51,-21.85],[179.5,-21.86],[179.47,-21.9],[179.45,-21.94],[179.44,-21.95],[179.41,-22],[179.4,-22.02],[179.38,-22.05],[179.35,-22.1],[179.35,-22.1],[179.32,-22.15],[179.3,-22.19],[179.3,-22.2],[179.27,-22.25],[179.25,-22.29],[179.24,-22.3],[179.22,-22.35],[179.2,-22.38],[179.19,-22.4],[179.17,-22.45],[179.15,-22.48],[179.14,-22.5],[179.12,-22.55],[179.1,-22.59],[179.09,-22.6],[179.07,-22.65],[179.05,-22.7],[179.05,-22.7],[179.03,-22.75],[179.01,-22.8],[179,-22.82],[178.99,-22.85],[178.97,-22.9],[178.95,-22.95],[178.95,-22.95],[178.93,-23],[178.91,-23.05],[178.9,-23.09],[178.9,-23.1],[178.88,-23.15],[178.86,-23.2],[178.85,-23.25],[178.85,-23.25],[178.83,-23.3],[178.82,-23.35],[178.8,-23.4],[178.8,-23.41],[178.79,-23.45],[178.77,-23.5],[178.76,-23.55],[178.75,-23.58],[178.74,-23.6],[178.73,-23.65],[178.71,-23.7],[178.7,-23.74],[178.7,-23.75],[178.68,-23.8],[178.66,-23.85],[178.65,-23.9],[178.65,-23.9],[178.63,-23.95],[178.62,-24],[178.6,-24.05],[178.6,-24.05],[178.58,-24.1],[178.57,-24.15],[178.55,-24.2],[178.55,-24.2],[178.53,-24.25],[178.52,-24.3],[178.5,-24.35],[178.5,-24.35],[178.48,-24.4],[178.47,-24.45],[178.45,-24.5],[178.45,-24.5],[178.44,-24.55],[178.42,-24.6],[178.4,-24.65],[178.4,-24.66],[178.39,-24.7],[178.37,-24.75],[178.36,-24.8],[178.35,-24.83],[178.34,-24.85],[178.33,-24.9],[178.32,-24.95],[178.3,-25],[178.3,-25.01],[178.29,-25.05],[178.28,-25.1],[178.26,-25.15],[178.25,-25.2],[178.25,-25.2],[178.24,-25.25],[178.23,-25.3],[178.21,-25.35],[178.2,-25.4],[178.2,-25.4],[178.19,-25.45],[178.18,-25.5],[178.16,-25.55],[178.15,-25.6],[178.15,-25.6],[178.14,-25.65],[178.12,-25.7],[178.11,-25.75],[178.1,-25.79],[178.1,-25.8],[178.09,-25.85],[178.07,-25.9],[178.06,-25.95],[178.05,-26],[178.05,-26],[178.04,-26.05],[178.03,-26.1],[178.02,-26.15],[178.01,-26.2],[178,-26.24],[178,-26.25],[177.99,-26.3],[177.98,-26.35],[177.97,-26.4],[177.96,-26.45],[177.96,-26.5],[177.95,-26.54],[177.95,-26.55],[177.94,-26.6],[177.93,-26.65],[177.93,-26.7],[177.92,-26.75],[177.92,-26.8],[177.91,-26.85],[177.9,-26.9],[177.9,-26.93],[177.9,-26.95],[177.89,-27],[177.89,-27.05],[177.89,-27.1],[177.88,-27.15],[177.88,-27.2],[177.88,-27.25],[177.88,-27.3],[177.88,-27.35],[177.88,-27.4],[177.88,-27.45],[177.88,-27.5],[177.88,-27.55],[177.88,-27.6],[177.89,-27.65],[177.89,-27.7],[177.89,-27.75],[177.89,-27.8],[177.9,-27.85],[177.9,-27.9],[177.9,-27.95],[177.9,-28],[177.9,-28.05],[177.9,-28.1],[177.9,-28.1],[177.9,-28.1],[177.9,-28.15],[177.9,-28.2],[177.9,-28.25],[177.9,-28.3],[177.89,-28.35],[177.89,-28.4],[177.89,-28.45],[177.89,-28.5],[177.89,-28.55],[177.88,-28.6],[177.88,-28.65],[177.88,-28.7],[177.87,-28.75],[177.87,-28.8],[177.87,-28.85],[177.87,-28.9],[177.86,-28.95],[177.86,-29],[177.85,-29.05]]}},{"type":"Feature","properties":{"zone":"ker","depth_km":500},"geometry":{"type":"LineString","coordinates":[[179.5,-16.49],[179.55,-16.5],[179.55,-16.5],[179.6,-16.51],[179.65,-16.52],[179.7,-16.53],[179.75,-16.54],[179.77,-16.55],[179.8,-16.56],[179.85,-16.57],[179.9,-16.58],[179.95,-16.59],[179.99,-16.6],[180,-16.6],[180.05,-16.61],[180.1,-16.63],[180.15,-16.64],[180.19,-16.65],[180.2,-16.65],[180.25,-16.67],[180.3,-16.68],[180.35,-16.7],[180.35,-16.7],[180.4,-16.72],[180.45,-16.74],[180.47,-16.75],[180.5,-16.77],[180.55,-16.8],[180.55,-16.8],[180.6,-16.84],[180.62,-16.85],[180.65,-16.88],[180.67,-16.9],[180.7,-16.93],[180.72,-16.95],[180.75,-16.99],[180.76,-17],[180.8,-17.05],[180.8,-17.05],[180.84,-17.1],[180.85,-17.12],[180.87,-17.15],[180.9,-17.19],[180.91,-17.2],[180.95,-17.25],[180.95,-17.25],[180.99,-17.3],[181,-17.31],[181.03,-17.35],[181.05,-17.37],[181.08,-17.4],[181.1,-17.42],[181.13,-17.45],[181.15,-17.47],[181.18,-17.5],[181.2,-17.52],[181.23,-17.55],[181.25,-17.57],[181.28,-17.6],[181.3,-17.62],[181.34,-17.65],[181.35,-17.66],[181.38,-17.7],[181.4,-17.72],[181.43,-17.75],[181.45,-17.77],[181.47,-17.8],[181.5,-17.84],[181.51,-17.85],[181.54,-17.9],[181.55,-17.91],[181.57,-17.95],[181.6,-18],[181.6,-18],[181.62,-18.05],[181.64,-18.1],[181.65,-18.12],[181.66,-18.15],[181.68,-18.2],[181.69,-18.25],[181.7,-18.3],[181.7,-18.3],[181.71,-18.35],[181.72,-18.4],[181.72,-18.45],[181.73,-18.5],[181.73,-18.55],[181.73,-18.6],[181.73,-18.65],[181.73,-18.7],[181.73,-18.75],[181.72,-18.8],[181.72,-18.85],[181.72,-18.9],[181.71,-18.95],[181.71,-19],[181.71,-19.05],[181.7,-19.1],[181.7,-19.12],[181.7,-19.15],[181.69,-19.2],[181.69,-19.25],[181.69,-19.3],[181.68,-19.35],[181.68,-19.4],[181.68,-19.45],[181.67,-19.5],[181.67,-19.55],[181.66,-19.6],[181.66,-19.65],[181.65,-19.7],[181.65,-19.72],[181.65,-19.75],[181.64,-19.8],[181.63,-19.85],[181.62,-19.9],[181.61,-19.95],[181.6,-19.99],[181.6,-20],[181.58,-20.05],[181.57,-20.1],[181.56,-20.15],[181.55,-20.17],[181.54,-20.2],[181.53,-20.25],[181.51,-20.3],[181.5,-20.33],[181.49,-20.35],[181.47,-20.4],[181.46,-20.45],[181.45,-20.47],[181.44,-20.5],[181.42,-20.55],[181.4,-20.59],[181.4,-20.6],[181.37,-20.65],[181.35,-20.7],[181.35,-20.71],[181.33,-20.75],[181.31,-20.8],[181.3,-20.81],[181.28,-20.85],[181.25,-20.9],[181.25,-20.91],[181.23,-20.95],[181.2,-21],[181.2,-21],[181.17,-21.05],[181.15,-21.09],[181.14,-21.1],[181.11,-21.15],[181.1,-21.17],[181.08,-21.2],[181.05,-21.25],[181.05,-21.26],[181.02,-21.3],[181,-21.34],[180.99,-21.35],[180.96,-21.4],[180.95,-21.42],[180.93,-21.45],[180.9,-21.5],[180.9,-21.5],[180.87,-21.55],[180.85,-21.59],[180.84,-21.6],[180.81,-21.65],[180.8,-21.67],[180.78,-21.7],[180.76,-21.75],[180.75,-21.76],[180.73,-21.8],[180.7,-21.85],[180.7,-21.85],[180.67,-21.9],[180.65,-21.94],[180.65,-21.95],[180.62,-22],[180.6,-22.04],[180.6,-22.05],[180.57,-22.1],[180.55,-22.14],[180.54,-22.15],[180.52,-22.2],[180.5,-22.24],[180.49,-22.25],[180.47,-22.3],[180.45,-22.33],[180.44,-22.35],[180.41,-22.4],[180.4,-22.43],[180.39,-22.45],[180.36,-22.5],[180.35,-22.52],[180.33,-22.55],[180.3,-22.6],[180.3,-22.6],[180.27,-22.65],[180.25,-22.69],[180.24,-22.7],[180.21,-22.75],[180.2,-22.77],[180.18,-22.8],[180.15,-22.85],[180.15,-22.85],[180.11,-22.9],[180.1,-22.92],[180.08,-22.95],[180.05,-23],[180.05,-23],[180.02,-23.05],[180,-23.08],[179.99,-23.1],[179.96,-23.15],[179.95,-23.16],[179.93,-23.2],[179.9,-23.25],[179.9,-23.25],[179.87,-23.3],[179.85,-23.34],[179.84,-23.35],[179.82,-23.4],[179.8,-23.43],[179.79,-23.45],[179.77,-23.5],[179.75,-23.54],[179.75,-23.55],[179.72,-23.6],[179.7,-23.65],[179.7,-23.65],[179.68,-23.7],[179.66,-23.75],[179.65,-23.77],[179.64,-23.8],[179.62,-23.85],[179.6,-23.9],[179.6,-23.9],[179.58,-23.95],[179.56,-24],[179.55,-24.04],[179.55,-24.05],[179.53,-24.1],[179.51,-24.15],[179.5,-24.19],[179.5,-24.2],[179.48,-24.25],[179.46,-24.3],[179.45,-24.35],[179.45,-24.35],[179.43,-24.4],[179.42,-24.45],[179.41,-24.5],[179.4,-24.52],[179.39,-24.55],[179.38,-24.6],[179.36,-24.65],[179.35,-24.7],[179.35,-24.7],[179.34,-24.75],[179.33,-24.8],[179.31,-24.85],[179.3,-24.9],[179.3,-24.9],[179.29,-24.95],[179.28,-25],[179.27,-25.05],[179.25,-25.1],[179.25,-25.12],[179.24,-25.15],[179.23,-25.2],[179.22,-25.25],[179.21,-25.3],[179.2,-25.35],[179.2,-25.35],[179.19,-25.4],[179.18,-25.45],[179.17,-25.5],[179.16,-25.55],[179.15,-25.59],[179.15,-25.6],[179.14,-25.65],[179.13,-25.7],[179.12,-25.75],[179.11,-25.8],[179.1,-25.84],[179.1,-25.85],[179.09,-25.9],[179.08,-25.95],[179.06,-26],[179.05,-26.05],[179.05,-26.07],[179.04,-26.1],[179.03,-26.15],[179.02,-26.2],[179,-26.25],[179,-26.26],[178.99,-26.3],[178.98,-26.35],[178.96,-26.4],[178.95,-26.43],[178.94,-26.45],[178.93,-26.5],[178.91,-26.55],[178.9,-26.58],[178.89,-26.6],[178.88,-26.65],[178.86,-26.7],[178.85,-26.72],[178.84,-26.75],[178.83,-26.8],[178.81,-26.85],[178.8,-26.88],[178.8,-26.9],[178.78,-26.95],[178.77,-27],[178.76,-27.05],[178.75,-27.1],[178.75,-27.13],[178.75,-27.15],[178.74,-27.2],[178.74,-27.25],[178.74,-27.3],[178.74,-27.35],[178.74,-27.4],[178.74,-27.45],[178.74,-27.5],[178.74,-27.55],[178.75,-27.6],[178.75,-27.64],[178.75,-27.65],[178.76,-27.7],[178.76,-27.75],[178.76,-27.8],[178.77,-27.85],[178.77,-27.9],[178.77,-27.95],[178.77,-28],[178.77,-28.05],[178.77,-28.1],[178.77,-28.15],[178.77,-28.2],[178.76,-28.25],[178.76,-28.3],[178.75,-28.35],[178.75,-28.37],[178.75,-28.4],[178.74,-28.45],[178.73,-28.5],[178.72,-28.55],[178.71,-28.6],[178.7,-28.65],[178.7,-28.65],[178.69,-28.7],[178.68,-28.75],[178.67,-28.8],[178.67,-28.85],[178.66,-28.9],[178.66,-28.95],[178.65,-29],[178.65,-29.01],[178.65,-29.05],[178.64,-29.1],[178.64,-29.15],[178.64,-29.2],[178.65,-29.25],[178.65,-29.3],[178.65,-29.34],[178.65,-29.35],[178.66,-29.4],[178.66,-29.45],[178.67,-29.5],[178.67,-29.55],[178.68,-29.6],[178.69,-29.65],[178.69,-29.7],[178.7,-29.74],[178.7,-29.75],[178.71,-29.8],[178.71,-29.85],[178.72,-29.9],[178.72,-29.95],[178.72,-30]]}},{"type":"Feature","properties":{"zone":"ker","depth_km":400},"geometry":{"type":"LineString","coordinates":[[181.52,-15.1],[181.52,-15.15],[181.53,-15.2],[181.53,-15.25],[181.54,-15.3],[181.55,-15.34],[181.55,-15.35],[181.56,-15.4],[181.58,-15.45],[181.59,-15.5],[181.6,-15.52],[181.61,-15.55],[181.63,-15.6],[181.64,-15.65],[181.65,-15.67],[181.66,-15.7],[181.68,-15.75],[181.7,-15.8],[181.7,-15.8],[181.72,-15.85],[181.73,-15.9],[181.75,-15.95],[181.75,-15.96],[181.76,-16],[181.78,-16.05],[181.79,-16.1],[181.8,-16.13],[181.8,-16.15],[181.82,-16.2],[181.83,-16.25],[181.85,-16.3],[181.85,-16.31],[181.86,-16.35],[181.88,-16.4],[181.9,-16.45],[181.9,-16.46],[181.92,-16.5],[181.94,-16.55],[181.95,-16.57],[181.96,-16.6],[181.99,-16.65],[182,-16.67],[182.02,-16.7],[182.05,-16.75],[182.05,-16.76],[182.07,-16.8],[182.1,-16.84],[182.1,-16.85],[182.13,-16.9],[182.15,-16.93],[182.16,-16.95],[182.18,-17],[182.2,-17.03],[182.21,-17.05],[182.23,-17.1],[182.25,-17.15],[182.25,-17.15],[182.27,-17.2],[182.29,-17.25],[182.3,-17.3],[182.3,-17.3],[182.31,-17.35],[182.32,-17.4],[182.33,-17.45],[182.34,-17.5],[182.34,-17.55],[182.35,-17.6],[182.35,-17.65],[182.35,-17.67],[182.35,-17.7],[182.35,-17.75],[182.35,-17.8],[182.35,-17.85],[182.35,-17.9],[182.35,-17.95],[182.35,-18],[182.35,-18.05],[182.35,-18.1],[182.35,-18.15],[182.35,-18.2],[182.35,-18.25],[182.35,-18.3],[182.35,-18.33],[182.35,-18.35],[182.35,-18.4],[182.35,-18.45],[182.34,-18.5],[182.34,-18.55],[182.33,-18.6],[182.33,-18.65],[182.32,-18.7],[182.31,-18.75],[182.3,-18.8],[182.3,-18.83],[182.3,-18.85],[182.29,-18.9],[182.28,-18.95],[182.27,-19],[182.26,-19.05],[182.25,-19.1],[182.25,-19.13],[182.25,-19.15],[182.24,-19.2],[182.23,-19.25],[182.23,-19.3],[182.22,-19.35],[182.21,-19.4],[182.21,-19.45],[182.2,-19.5],[182.2,-19.53],[182.2,-19.55],[182.19,-19.6],[182.19,-19.65],[182.18,-19.7],[182.17,-19.75],[182.17,-19.8],[182.16,-19.85],[182.15,-19.9],[182.15,-19.9],[182.14,-19.95],[182.13,-20],[182.12,-20.05],[182.11,-20.1],[182.1,-20.14],[182.1,-20.15],[182.09,-20.2],[182.07,-20.25],[182.06,-20.3],[182.05,-20.33],[182.04,-20.35],[182.03,-20.4],[182.01,-20.45],[182,-20.5],[182,-20.5],[181.98,-20.55],[181.97,-20.6],[181.95,-20.65],[181.95,-20.65],[181.93,-20.7],[181.92,-20.75],[181.9,-20.79],[181.9,-20.8],[181.88,-20.85],[181.86,-20.9],[181.85,-20.92],[181.84,-20.95],[181.82,-21],[181.8,-21.04],[181.8,-21.05],[181.77,-21.1],[181.75,-21.15],[181.75,-21.15],[181.72,-21.2],[181.7,-21.24],[181.7,-21.25],[181.67,-21.3],[181.65,-21.34],[181.64,-21.35],[181.62,-21.4],[181.6,-21.43],[181.59,-21.45],[181.56,-21.5],[181.55,-21.52],[181.53,-21.55],[181.5,-21.6],[181.5,-21.6],[181.47,-21.65],[181.45,-21.69],[181.45,-21.7],[181.42,-21.75],[181.4,-21.78],[181.39,-21.8],[181.37,-21.85],[181.35,-21.88],[181.34,-21.9],[181.31,-21.95],[181.3,-21.98],[181.29,-22],[181.26,-22.05],[181.25,-22.08],[181.24,-22.1],[181.22,-22.15],[181.2,-22.18],[181.19,-22.2],[181.17,-22.25],[181.15,-22.29],[181.15,-22.3],[181.12,-22.35],[181.1,-22.4],[181.1,-22.4],[181.08,-22.45],[181.05,-22.5],[181.05,-22.51],[181.03,-22.55],[181.01,-22.6],[181,-22.62],[180.99,-22.65],[180.96,-22.7],[180.95,-22.73],[180.94,-22.75],[180.92,-22.8],[180.9,-22.85],[180.9,-22.85],[180.88,-22.9],[180.86,-22.95],[180.85,-22.98],[180.84,-23],[180.82,-23.05],[180.8,-23.1],[180.8,-23.11],[180.79,-23.15],[180.77,-23.2],[180.75,-23.25],[180.75,-23.26],[180.74,-23.3],[180.72,-23.35],[180.71,-23.4],[180.7,-23.42],[180.69,-23.45],[180.68,-23.5],[180.66,-23.55],[180.65,-23.59],[180.65,-23.6],[180.63,-23.65],[180.62,-23.7],[180.61,-23.75],[180.6,-23.79],[180.6,-23.8],[180.59,-23.85],[180.58,-23.9],[180.56,-23.95],[180.55,-24],[180.55,-24.02],[180.54,-24.05],[180.53,-24.1],[180.52,-24.15],[180.51,-24.2],[180.51,-24.25],[180.5,-24.28],[180.5,-24.3],[180.49,-24.35],[180.48,-24.4],[180.47,-24.45],[180.46,-24.5],[180.45,-24.55],[180.45,-24.55],[180.44,-24.6],[180.43,-24.65],[180.42,-24.7],[180.41,-24.75],[180.4,-24.8],[180.4,-24.81],[180.39,-24.85],[180.38,-24.9],[180.37,-24.95],[180.36,-25],[180.35,-25.05],[180.35,-25.07],[180.34,-25.1],[180.33,-25.15],[180.33,-25.2],[180.32,-25.25],[180.31,-25.3],[180.3,-25.35],[180.3,-25.35],[180.29,-25.4],[180.28,-25.45],[180.27,-25.5],[180.27,-25.55],[180.26,-25.6],[180.25,-25.64],[180.25,-25.65],[180.24,-25.7],[180.23,-25.75],[180.22,-25.8],[180.21,-25.85],[180.2,-25.9],[180.2,-25.9],[180.19,-25.95],[180.18,-26],[180.17,-26.05],[180.16,-26.1],[180.16,-26.15],[180.15,-26.2],[180.15,-26.2],[180.14,-26.25],[180.14,-26.3],[180.13,-26.35],[180.13,-26.4],[180.13,-26.45],[180.12,-26.5],[180.12,-26.55],[180.12,-26.6],[180.12,-26.65],[180.11,-26.7],[180.11,-26.75],[180.11,-26.8],[180.11,-26.85],[180.11,-26.9],[180.1,-26.95],[180.1,-27],[180.1,-27.04],[180.1,-27.05],[180.1,-27.1],[180.09,-27.15],[180.09,-27.2],[180.09,-27.25],[180.09,-27.3],[180.08,-27.35],[180.08,-27.4],[180.07,-27.45],[180.07,-27.5],[180.06,-27.55],[180.06,-27.6],[180.05,-27.65],[180.05,-27.69],[180.05,-27.7],[180.04,-27.75],[180.04,-27.8],[180.03,-27.85],[180.02,-27.9],[180.01,-27.95],[180.01,-28],[180,-28.04],[180,-28.05],[179.99,-28.1],[179.98,-28.15],[179.97,-28.2],[179.96,-28.25],[179.96,-28.3],[179.95,-28.34],[179.95,-28.35],[179.94,-28.4],[179.93,-28.45],[179.93,-28.5],[179.92,-28.55],[179.91,-28.6],[179.91,-28.65],[179.9,-28.7],[179.9,-28.71],[179.9,-28.75],[179.89,-28.8],[179.89,-28.85],[179.88,-28.9],[179.88,-28.95],[179.87,-29],[179.87,-29.05],[179.86,-29.1],[179.86,-29.15],[179.86,-29.2],[179.85,-29.25],[179.85,-29.28],[179.85,-29.3],[179.84,-29.35],[179.84,-29.4],[179.84,-29.45],[179.83,-29.5],[179.83,-29.55],[179.82,-29.6],[179.82,-29.65],[179.81,-29.7],[179.8,-29.75],[179.8,-29.76],[179.79,-29.8],[179.78,-29.85],[179.78,-29.9],[179.76,-29.95],[179.75,-30]]}},{"type":"Feature","properties":{"zone":"ker","depth_km":300},"geometry":{"type":"LineString","coordinates":[[183.15,-14.38],[183.17,-14.4],[183.2,-14.43],[183.22,-14.45],[183.25,-14.49],[183.26,-14.5],[183.3,-14.55],[183.3,-14.55],[183.33,-14.6],[183.35,-14.63],[183.36,-14.65],[183.39,-14.7],[183.4,-14.72],[183.41,-14.75],[183.44,-14.8],[183.45,-14.83],[183.46,-14.85],[183.48,-14.9],[183.5,-14.95],[183.5,-14.96],[183.51,-15],[183.53,-15.05],[183.54,-15.1],[183.55,-15.12],[183.56,-15.15],[183.57,-15.2],[183.59,-15.25],[183.6,-15.29],[183.6,-15.3],[183.62,-15.35],[183.63,-15.4],[183.64,-15.45],[183.65,-15.47],[183.66,-15.5],[183.67,-15.55],[183.69,-15.6],[183.7,-15.64],[183.7,-15.65],[183.72,-15.7],[183.73,-15.75],[183.74,-15.8],[183.75,-15.84],[183.75,-15.85],[183.76,-15.9],[183.77,-15.95],[183.78,-16],[183.79,-16.05],[183.79,-16.1],[183.79,-16.15],[183.79,-16.2],[183.79,-16.25],[183.79,-16.3],[183.79,-16.35],[183.78,-16.4],[183.78,-16.45],[183.77,-16.5],[183.76,-16.55],[183.75,-16.6],[183.75,-16.61],[183.74,-16.65],[183.73,-16.7],[183.72,-16.75],[183.72,-16.8],[183.71,-16.85],[183.7,-16.88],[183.7,-16.9],[183.69,-16.95],[183.68,-17],[183.67,-17.05],[183.66,-17.1],[183.65,-17.13],[183.64,-17.15],[183.63,-17.2],[183.62,-17.25],[183.6,-17.3],[183.6,-17.31],[183.59,-17.35],[183.57,-17.4],[183.55,-17.45],[183.55,-17.46],[183.53,-17.5],[183.51,-17.55],[183.5,-17.57],[183.49,-17.6],[183.47,-17.65],[183.45,-17.68],[183.44,-17.7],[183.42,-17.75],[183.4,-17.79],[183.39,-17.8],[183.37,-17.85],[183.35,-17.89],[183.35,-17.9],[183.32,-17.95],[183.3,-18],[183.3,-18],[183.28,-18.05],[183.25,-18.1],[183.25,-18.11],[183.23,-18.15],[183.21,-18.2],[183.2,-18.23],[183.19,-18.25],[183.18,-18.3],[183.16,-18.35],[183.15,-18.37],[183.14,-18.4],[183.13,-18.45],[183.11,-18.5],[183.1,-18.54],[183.1,-18.55],[183.08,-18.6],[183.07,-18.65],[183.06,-18.7],[183.05,-18.74],[183.05,-18.75],[183.04,-18.8],[183.03,-18.85],[183.01,-18.9],[183,-18.95],[183,-18.97],[182.99,-19],[182.98,-19.05],[182.97,-19.1],[182.96,-19.15],[182.95,-19.2],[182.95,-19.22],[182.94,-19.25],[182.93,-19.3],[182.93,-19.35],[182.92,-19.4],[182.91,-19.45],[182.9,-19.48],[182.9,-19.5],[182.89,-19.55],[182.88,-19.6],[182.86,-19.65],[182.85,-19.7],[182.85,-19.71],[182.84,-19.75],[182.83,-19.8],[182.81,-19.85],[182.8,-19.9],[182.8,-19.9],[182.79,-19.95],[182.77,-20],[182.75,-20.05],[182.75,-20.06],[182.74,-20.1],[182.72,-20.15],[182.7,-20.2],[182.7,-20.21],[182.69,-20.25],[182.67,-20.3],[182.65,-20.35],[182.65,-20.35],[182.63,-20.4],[182.61,-20.45],[182.6,-20.48],[182.59,-20.5],[182.57,-20.55],[182.56,-20.6],[182.55,-20.62],[182.54,-20.65],[182.52,-20.7],[182.5,-20.75],[182.5,-20.76],[182.48,-20.8],[182.47,-20.85],[182.45,-20.89],[182.45,-20.9],[182.43,-20.95],[182.41,-21],[182.4,-21.03],[182.39,-21.05],[182.37,-21.1],[182.35,-21.15],[182.35,-21.16],[182.33,-21.2],[182.31,-21.25],[182.3,-21.28],[182.29,-21.3],[182.27,-21.35],[182.25,-21.4],[182.25,-21.4],[182.23,-21.45],[182.2,-21.5],[182.2,-21.5],[182.18,-21.55],[182.15,-21.6],[182.15,-21.61],[182.13,-21.65],[182.1,-21.7],[182.1,-21.7],[182.08,-21.75],[182.05,-21.8],[182.05,-21.8],[182.02,-21.85],[182,-21.89],[182,-21.9],[181.97,-21.95],[181.95,-21.99],[181.94,-22],[181.92,-22.05],[181.9,-22.08],[181.89,-22.1],[181.87,-22.15],[181.85,-22.18],[181.84,-22.2],[181.82,-22.25],[181.8,-22.28],[181.79,-22.3],[181.77,-22.35],[181.75,-22.39],[181.74,-22.4],[181.72,-22.45],[181.7,-22.5],[181.7,-22.5],[181.68,-22.55],[181.66,-22.6],[181.65,-22.62],[181.64,-22.65],[181.62,-22.7],[181.6,-22.75],[181.6,-22.75],[181.58,-22.8],[181.57,-22.85],[181.55,-22.9],[181.55,-22.9],[181.54,-22.95],[181.52,-23],[181.51,-23.05],[181.5,-23.09],[181.5,-23.1],[181.49,-23.15],[181.48,-23.2],[181.47,-23.25],[181.46,-23.3],[181.45,-23.35],[181.45,-23.38],[181.45,-23.4],[181.44,-23.45],[181.44,-23.5],[181.43,-23.55],[181.43,-23.6],[181.42,-23.65],[181.42,-23.7],[181.41,-23.75],[181.41,-23.8],[181.41,-23.85],[181.41,-23.9],[181.4,-23.95],[181.4,-24],[181.4,-24],[181.4,-24.05],[181.39,-24.1],[181.39,-24.15],[181.39,-24.2],[181.38,-24.25],[181.38,-24.3],[181.38,-24.35],[181.37,-24.4],[181.37,-24.45],[181.36,-24.5],[181.35,-24.55],[181.35,-24.57],[181.35,-24.6],[181.34,-24.65],[181.33,-24.7],[181.32,-24.75],[181.31,-24.8],[181.3,-24.84],[181.3,-24.85],[181.29,-24.9],[181.27,-24.95],[181.26,-25],[181.25,-25.05],[181.25,-25.05],[181.24,-25.1],[181.23,-25.15],[181.21,-25.2],[181.2,-25.25],[181.2,-25.27],[181.19,-25.3],[181.18,-25.35],[181.17,-25.4],[181.17,-25.45],[181.16,-25.5],[181.15,-25.54],[181.15,-25.55],[181.14,-25.6],[181.13,-25.65],[181.12,-25.7],[181.12,-25.75],[181.11,-25.8],[181.1,-25.85],[181.1,-25.86],[181.09,-25.9],[181.09,-25.95],[181.08,-26],[181.07,-26.05],[181.06,-26.1],[181.06,-26.15],[181.05,-26.2],[181.05,-26.2],[181.04,-26.25],[181.04,-26.3],[181.03,-26.35],[181.03,-26.4],[181.02,-26.45],[181.01,-26.5],[181.01,-26.55],[181,-26.6],[181,-26.64],[181,-26.65],[180.99,-26.7],[180.99,-26.75],[180.98,-26.8],[180.97,-26.85],[180.97,-26.9],[180.96,-26.95],[180.95,-27],[180.95,-27.02],[180.94,-27.05],[180.94,-27.1],[180.93,-27.15],[180.92,-27.2],[180.91,-27.25],[180.9,-27.29],[180.9,-27.3],[180.89,-27.35],[180.88,-27.4],[180.87,-27.45],[180.86,-27.5],[180.85,-27.54],[180.85,-27.55],[180.84,-27.6],[180.83,-27.65],[180.82,-27.7],[180.81,-27.75],[180.8,-27.79],[180.8,-27.8],[180.79,-27.85],[180.78,-27.9],[180.77,-27.95],[180.76,-28],[180.75,-28.05],[180.75,-28.05],[180.74,-28.1],[180.73,-28.15],[180.72,-28.2],[180.71,-28.25],[180.7,-28.3],[180.7,-28.31],[180.69,-28.35],[180.69,-28.4],[180.68,-28.45],[180.67,-28.5],[180.66,-28.55],[180.66,-28.6],[180.65,-28.65],[180.65,-28.65],[180.64,-28.7],[180.64,-28.75],[180.63,-28.8],[180.63,-28.85],[180.62,-28.9],[180.62,-28.95],[180.61,-29],[180.61,-29.05],[180.6,-29.1],[180.6,-29.13],[180.6,-29.15],[180.59,-29.2],[180.58,-29.25],[180.58,-29.3],[180.57,-29.35],[180.56,-29.4],[180.55,-29.43],[180.55,-29.45],[180.53,-29.5],[180.52,-29.55],[180.51,-29.6],[180.5,-29.64],[180.5,-29.65],[180.48,-29.7],[180.47,-29.75],[180.45,-29.8],[180.45,-29.81],[180.44,-29.85],[180.42,-29.9],[180.4,-29.95],[180.4,-29.96],[180.39,-30],[180.37,-30.05],[180.35,-30.09],[180.35,-30.1],[180.33,-30.15],[180.31,-30.2],[180.3,-30.22],[180.29,-30.25],[180.27,-30.3],[180.25,-30.34],[180.25,-30.35],[180.23,-30.4],[180.2,-30.45],[180.2,-30.46],[180.18,-30.5],[180.16,-30.55],[180.15,-30.58],[180.14,-30.6],[180.12,-30.65],[180.1,-30.69],[180.09,-30.7],[180.07,-30.75],[180.05,-30.8],[180.05,-30.8],[180.03,-30.85],[180,-30.9],[180,-30.9],[179.98,-30.95],[179.95,-31],[179.95,-31.01],[179.93,-31.05],[179.9,-31.1],[179.9,-31.11],[179.88,-31.15],[179.85,-31.2],[179.85,-31.21],[179.83,-31.25],[179.8,-31.3],[179.8,-31.31],[179.78,-31.35],[179.75,-31.4],[179.75,-31.4],[179.73,-31.45],[179.7,-31.5],[179.7,-31.5],[179.67,-31.55],[179.65,-31.6],[179.65,-31.6],[179.62,-31.65],[179.6,-31.69],[179.59,-31.7],[179.57,-31.75],[179.55,-31.78],[179.54,-31.8],[179.51,-31.85],[179.5,-31.87],[179.49,-31.9],[179.46,-31.95],[179.45,-31.96],[179.43,-32],[179.4,-32.05],[179.4,-32.05],[179.37,-32.1],[179.35,-32.13],[179.34,-32.15],[179.31,-32.2],[179.3,-32.21],[179.28,-32.25],[179.25,-32.29],[179.24,-32.3],[179.21,-32.35],[179.2,-32.37],[179.18,-32.4],[179.15,-32.44],[179.14,-32.45],[179.11,-32.5],[179.1,-32.51],[179.07,-32.55],[179.05,-32.58],[179.03,-32.6],[179,-32.64],[178.99,-32.65],[178.95,-32.7],[178.95,-32.7],[178.91,-32.75],[178.9,-32.76],[178.87,-32.8],[178.85,-32.82],[178.83,-32.85],[178.8,-32.88],[178.78,-32.9],[178.75,-32.93],[178.73,-32.95],[178.7,-32.98],[178.68,-33],[178.65,-33.04],[178.64,-33.05],[178.6,-33.09],[178.59,-33.1],[178.55,-33.14],[178.54,-33.15],[178.5,-33.2],[178.5,-33.2],[178.46,-33.25],[178.45,-33.26],[178.42,-33.3],[178.4,-33.32],[178.38,-33.35],[178.35,-33.39],[178.35,-33.4],[178.31,-33.45],[178.3,-33.48],[178.29,-33.5],[178.26,-33.55],[178.25,-33.57],[178.24,-33.6],[178.21,-33.65],[178.2,-33.68],[178.19,-33.7],[178.17,-33.75],[178.15,-33.79],[178.15,-33.8],[178.12,-33.85],[178.1,-33.9],[178.1,-33.9],[178.08,-33.95],[178.06,-34],[178.05,-34.02],[178.03,-34.05],[178.01,-34.1],[178,-34.12],[177.98,-34.15],[177.96,-34.2],[177.95,-34.21],[177.93,-34.25],[177.9,-34.3],[177.9,-34.3],[177.87,-34.35],[177.85,-34.39],[177.84,-34.4],[177.81,-34.45],[177.8,-34.47],[177.78,-34.5],[177.75,-34.55],[177.75,-34.55],[177.72,-34.6],[177.7,-34.62],[177.68,-34.65],[177.65,-34.7],[177.65,-34.7],[177.62,-34.75],[177.6,-34.78],[177.58,-34.8],[177.55,-34.85],[177.55,-34.85],[177.52,-34.9],[177.5,-34.92],[177.48,-34.95],[177.45,-35],[177.45,-35],[177.41,-35.05],[177.4,-35.07],[177.38,-35.1],[177.35,-35.13],[177.34,-35.15],[177.3,-35.2],[177.3,-35.2],[177.26,-35.25],[177.25,-35.27],[177.22,-35.3],[177.2,-35.33],[177.19,-35.35],[177.15,-35.4],[177.15,-35.4],[177.11,-35.45],[177.1,-35.46],[177.07,-35.5],[177.05,-35.53],[177.03,-35.55],[177,-35.6],[177,-35.6],[176.96,-35.65],[176.95,-35.67],[176.93,-35.7],[176.9,-35.74],[176.89,-35.75],[176.86,-35.8],[176.85,-35.82],[176.83,-35.85],[176.8,-35.89],[176.8,-35.9],[176.77,-35.95],[176.75,-35.98],[176.74,-36],[176.71,-36.05],[176.7,-36.06],[176.68,-36.1],[176.65,-36.14],[176.65,-36.15],[176.62,-36.2],[176.6,-36.23],[176.59,-36.25],[176.56,-36.3],[176.55,-36.31],[176.53,-36.35],[176.5,-36.39],[176.5,-36.4],[176.47,-36.45],[176.45,-36.47],[176.43,-36.5],[176.4,-36.55],[176.4,-36.55],[176.37,-36.6],[176.35,-36.62],[176.33,-36.65],[176.3,-36.69],[176.3,-36.7],[176.26,-36.75],[176.25,-36.76],[176.22,-36.8],[176.2,-36.83],[176.18,-36.85],[176.15,-36.89],[176.14,-36.9],[176.11,-36.95],[176.1,-36.96],[176.07,-37],[176.05,-37.02],[176.03,-37.05],[176,-37.09],[175.99,-37.1],[175.95,-37.15],[175.95,-37.15],[175.91,-37.2],[175.9,-37.22],[175.87,-37.25],[175.85,-37.28],[175.83,-37.3],[175.8,-37.34],[175.79,-37.35],[175.75,-37.4],[175.75,-37.4],[175.71,-37.45],[175.7,-37.46],[175.67,-37.5],[175.65,-37.52],[175.62,-37.55],[175.6,-37.58],[175.58,-37.6],[175.55,-37.63],[175.53,-37.65],[175.5,-37.68],[175.48,-37.7],[175.45,-37.73],[175.43,-37.75],[175.4,-37.78],[175.38,-37.8],[175.35,-37.83],[175.33,-37.85],[175.3,-37.88],[175.28,-37.9],[175.25,-37.92],[175.22,-37.95],[175.2,-37.97],[175.17,-38],[175.15,-38.02],[175.12,-38.05],[175.1,-38.07],[175.07,-38.1],[175.05,-38.12],[175.02,-38.15],[175,-38.17],[174.97,-38.2],[174.95,-38.22],[174.92,-38.25],[174.9,-38.27],[174.86,-38.3],[174.85,-38.31],[174.81,-38.35],[174.8,-38.36],[174.75,-38.4],[174.75,-38.4],[174.7,-38.44],[174.69,-38.45],[174.65,-38.48],[174.63,-38.5],[174.6,-38.52],[174.57,-38.55],[174.55,-38.56],[174.5,-38.6],[174.5,-38.6],[174.45,-38.64],[174.43,-38.65],[174.4,-38.68],[174.37,-38.7],[174.35,-38.71],[174.3,-38.75],[174.3,-38.75],[174.25,-38.79],[174.23,-38.8],[174.2,-38.82],[174.16,-38.85],[174.15,-38.86],[174.1,-38.9],[174.09,-38.9],[174.05,-38.93],[174.03,-38.95],[174,-38.97],[173.96,-39],[173.95,-39.01],[173.9,-39.04],[173.89,-39.05],[173.85,-39.08],[173.82,-39.1],[173.8,-39.12],[173.75,-39.15],[173.75,-39.15],[173.7,-39.19],[173.68,-39.2],[173.65,-39.23],[173.62,-39.25],[173.6,-39.26],[173.55,-39.3],[173.55,-39.3],[173.5,-39.34],[173.48,-39.35],[173.45,-39.37],[173.42,-39.4],[173.4,-39.41],[173.35,-39.45],[173.35,-39.45],[173.3,-39.49],[173.29,-39.5],[173.25,-39.53],[173.23,-39.55],[173.2,-39.57],[173.17,-39.6],[173.15,-39.62],[173.11,-39.65],[173.1,-39.66],[173.06,-39.7],[173.05,-39.71],[173,-39.75],[173,-39.75],[172.95,-39.8],[172.95,-39.8],[172.9,-39.85],[172.9,-39.85],[172.85,-39.9],[172.85,-39.9],[172.8,-39.95],[172.8,-39.95],[172.75,-40],[172.75,-40],[172.7,-40.05],[172.7,-40.05],[172.65,-40.1],[172.65,-40.1],[172.6,-40.15],[172.6,-40.15],[172.55,-40.2],[172.55,-40.2],[172.5,-40.25],[172.5,-40.25],[172.45,-40.3],[172.45,-40.3],[172.4,-40.35],[172.4,-40.35],[172.35,-40.4],[172.35,-40.4],[172.3,-40.44],[172.29,-40.45],[172.25,-40.49],[172.23,-40.5],[172.2,-40.53],[172.18,-40.55],[172.15,-40.57],[172.12,-40.6],[172.1,-40.61],[172.06,-40.65],[172.05,-40.66],[172,-40.7],[172,-40.7],[171.95,-40.74],[171.93,-40.75],[171.9,-40.78],[171.87,-40.8],[171.85,-40.81],[171.8,-40.85],[171.8,-40.85],[171.75,-40.89],[171.73,-40.9],[171.7,-40.93],[171.67,-40.95],[171.65,-40.96],[171.6,-41],[171.59,-41],[171.55,-41.03],[171.52,-41.05],[171.5,-41.06],[171.45,-41.1],[171.45,-41.1],[171.4,-41.13],[171.37,-41.15],[171.35,-41.16],[171.3,-41.2],[171.3,-41.2],[171.25,-41.23],[171.22,-41.25],[171.2,-41.26],[171.15,-41.3],[171.15,-41.3],[171.1,-41.33],[171.08,-41.35],[171.05,-41.37],[171.01,-41.4],[171,-41.41],[170.95,-41.45],[170.95,-41.45],[170.9,-41.49],[170.88,-41.5],[170.85,-41.53],[170.83,-41.55],[170.8,-41.57],[170.77,-41.6],[170.75,-41.62],[170.72,-41.65],[170.7,-41.66],[170.66,-41.7],[170.65,-41.71],[170.61,-41.75],[170.6,-41.76],[170.57,-41.8],[170.55,-41.82],[170.52,-41.85],[170.5,-41.87],[170.47,-41.9],[170.45,-41.93],[170.43,-41.95],[170.4,-41.98],[170.39,-42],[170.35,-42.04],[170.34,-42.05],[170.3,-42.1],[170.3,-42.1],[170.26,-42.15],[170.25,-42.17],[170.23,-42.2],[170.2,-42.24],[170.19,-42.25],[170.15,-42.3],[170.15,-42.31],[170.12,-42.35],[170.1,-42.38],[170.09,-42.4],[170.05,-42.45],[170.05,-42.45],[170.02,-42.5],[170,-42.53],[169.99,-42.55],[169.96,-42.6],[169.95,-42.61],[169.93,-42.65],[169.9,-42.69],[169.9,-42.7],[169.87,-42.75],[169.85,-42.78],[169.84,-42.8],[169.81,-42.85],[169.8,-42.86],[169.78,-42.9]]}},{"type":"Feature","properties":{"zone":"ker","depth_km":300},"geometry":{"type":"LineString","coordinates":[[169.7,-43.05],[169.7,-43.05],[169.73,-43]]}},{"type":"Feature","properties":{"zone":"ker","depth_km":200},"geometry":{"type":"LineString","coordinates":[[184.07,-14.15],[184.1,-14.2],[184.1,-14.2],[184.12,-14.25],[184.15,-14.3],[184.15,-14.31],[184.17,-14.35],[184.2,-14.4],[184.2,-14.41],[184.22,-14.45],[184.25,-14.5],[184.25,-14.51],[184.27,-14.55],[184.3,-14.6],[184.3,-14.6],[184.32,-14.65],[184.35,-14.7],[184.35,-14.7],[184.37,-14.75],[184.4,-14.8],[184.4,-14.8],[184.42,-14.85],[184.45,-14.9],[184.45,-14.91],[184.47,-14.95],[184.49,-15],[184.5,-15.02],[184.51,-15.05],[184.53,-15.1],[184.55,-15.15],[184.55,-15.15],[184.57,-15.2],[184.59,-15.25],[184.6,-15.29],[184.6,-15.3],[184.62,-15.35],[184.64,-15.4],[184.65,-15.45],[184.65,-15.45],[184.67,-15.5],[184.68,-15.55],[184.69,-15.6],[184.7,-15.62],[184.71,-15.65],[184.72,-15.7],[184.73,-15.75],[184.74,-15.8],[184.75,-15.82],[184.76,-15.85],[184.77,-15.9],[184.78,-15.95],[184.79,-16],[184.79,-16.05],[184.8,-16.1],[184.8,-16.1],[184.81,-16.15],[184.81,-16.2],[184.81,-16.25],[184.81,-16.3],[184.81,-16.35],[184.81,-16.4],[184.81,-16.45],[184.8,-16.5],[184.8,-16.51],[184.79,-16.55],[184.79,-16.6],[184.78,-16.65],[184.76,-16.7],[184.75,-16.75],[184.75,-16.76],[184.74,-16.8],[184.72,-16.85],[184.71,-16.9],[184.7,-16.93],[184.69,-16.95],[184.68,-17],[184.66,-17.05],[184.65,-17.08],[184.64,-17.1],[184.63,-17.15],[184.61,-17.2],[184.6,-17.22],[184.59,-17.25],[184.57,-17.3],[184.56,-17.35],[184.55,-17.37],[184.54,-17.4],[184.52,-17.45],[184.51,-17.5],[184.5,-17.52],[184.49,-17.55],[184.47,-17.6],[184.46,-17.65],[184.45,-17.67],[184.44,-17.7],[184.43,-17.75],[184.41,-17.8],[184.4,-17.83],[184.39,-17.85],[184.38,-17.9],[184.36,-17.95],[184.35,-17.99],[184.35,-18],[184.33,-18.05],[184.32,-18.1],[184.3,-18.15],[184.3,-18.15],[184.28,-18.2],[184.27,-18.25],[184.25,-18.3],[184.25,-18.31],[184.24,-18.35],[184.22,-18.4],[184.21,-18.45],[184.2,-18.47],[184.19,-18.5],[184.17,-18.55],[184.16,-18.6],[184.15,-18.63],[184.14,-18.65],[184.13,-18.7],[184.11,-18.75],[184.1,-18.79],[184.1,-18.8],[184.08,-18.85],[184.06,-18.9],[184.05,-18.94],[184.05,-18.95],[184.03,-19],[184.01,-19.05],[184,-19.08],[183.99,-19.1],[183.98,-19.15],[183.96,-19.2],[183.95,-19.22],[183.94,-19.25],[183.92,-19.3],[183.9,-19.35],[183.9,-19.35],[183.88,-19.4],[183.86,-19.45],[183.85,-19.46],[183.83,-19.5],[183.81,-19.55],[183.8,-19.58],[183.79,-19.6],[183.77,-19.65],[183.75,-19.69],[183.75,-19.7],[183.72,-19.75],[183.7,-19.8],[183.7,-19.8],[183.68,-19.85],[183.65,-19.9],[183.65,-19.91],[183.63,-19.95],[183.61,-20],[183.6,-20.02],[183.58,-20.05],[183.56,-20.1],[183.55,-20.12],[183.54,-20.15],[183.52,-20.2],[183.5,-20.23],[183.49,-20.25],[183.47,-20.3],[183.45,-20.34],[183.45,-20.35],[183.42,-20.4],[183.4,-20.45],[183.4,-20.45],[183.38,-20.5],[183.35,-20.55],[183.35,-20.56],[183.33,-20.6],[183.31,-20.65],[183.3,-20.67],[183.28,-20.7],[183.26,-20.75],[183.25,-20.77],[183.24,-20.8],[183.21,-20.85],[183.2,-20.88],[183.19,-20.9],[183.17,-20.95],[183.15,-20.99],[183.14,-21],[183.12,-21.05],[183.1,-21.1],[183.1,-21.1],[183.08,-21.15],[183.05,-21.2],[183.05,-21.21],[183.03,-21.25],[183.01,-21.3],[183,-21.32],[182.99,-21.35],[182.96,-21.4],[182.95,-21.43],[182.94,-21.45],[182.92,-21.5],[182.9,-21.55],[182.9,-21.55],[182.88,-21.6],[182.86,-21.65],[182.85,-21.67],[182.83,-21.7],[182.81,-21.75],[182.8,-21.78],[182.79,-21.8],[182.77,-21.85],[182.75,-21.9],[182.75,-21.9],[182.73,-21.95],[182.7,-22],[182.7,-22.01],[182.68,-22.05],[182.66,-22.1],[182.65,-22.13],[182.64,-22.15],[182.62,-22.2],[182.6,-22.24],[182.6,-22.25],[182.58,-22.3],[182.56,-22.35],[182.55,-22.36],[182.54,-22.4],[182.52,-22.45],[182.5,-22.49],[182.5,-22.5],[182.48,-22.55],[182.46,-22.6],[182.45,-22.63],[182.44,-22.65],[182.43,-22.7],[182.41,-22.75],[182.4,-22.78],[182.39,-22.8],[182.38,-22.85],[182.36,-22.9],[182.35,-22.94],[182.35,-22.95],[182.33,-23],[182.32,-23.05],[182.31,-23.1],[182.3,-23.12],[182.29,-23.15],[182.28,-23.2],[182.27,-23.25],[182.25,-23.3],[182.25,-23.32],[182.24,-23.35],[182.23,-23.4],[182.22,-23.45],[182.21,-23.5],[182.2,-23.55],[182.2,-23.55],[182.19,-23.6],[182.18,-23.65],[182.17,-23.7],[182.16,-23.75],[182.16,-23.8],[182.15,-23.84],[182.15,-23.85],[182.14,-23.9],[182.13,-23.95],[182.13,-24],[182.12,-24.05],[182.11,-24.1],[182.11,-24.15],[182.1,-24.2],[182.1,-24.21],[182.09,-24.25],[182.09,-24.3],[182.08,-24.35],[182.07,-24.4],[182.06,-24.45],[182.05,-24.5],[182.05,-24.52],[182.04,-24.55],[182.03,-24.6],[182.02,-24.65],[182.01,-24.7],[182,-24.75],[182,-24.76],[181.99,-24.8],[181.98,-24.85],[181.97,-24.9],[181.95,-24.95],[181.95,-24.97],[181.94,-25],[181.93,-25.05],[181.92,-25.1],[181.91,-25.15],[181.9,-25.18],[181.89,-25.2],[181.88,-25.25],[181.87,-25.3],[181.86,-25.35],[181.85,-25.4],[181.85,-25.42],[181.84,-25.45],[181.83,-25.5],[181.83,-25.55],[181.82,-25.6],[181.81,-25.65],[181.8,-25.7],[181.8,-25.72],[181.79,-25.75],[181.79,-25.8],[181.78,-25.85],[181.77,-25.9],[181.76,-25.95],[181.76,-26],[181.75,-26.03],[181.75,-26.05],[181.74,-26.1],[181.73,-26.15],[181.72,-26.2],[181.71,-26.25],[181.71,-26.3],[181.7,-26.34],[181.7,-26.35],[181.69,-26.4],[181.68,-26.45],[181.68,-26.5],[181.67,-26.55],[181.66,-26.6],[181.66,-26.65],[181.65,-26.69],[181.65,-26.7],[181.64,-26.75],[181.64,-26.8],[181.63,-26.85],[181.62,-26.9],[181.61,-26.95],[181.61,-27],[181.6,-27.05],[181.6,-27.05],[181.59,-27.1],[181.58,-27.15],[181.57,-27.2],[181.56,-27.25],[181.55,-27.3],[181.55,-27.32],[181.54,-27.35],[181.53,-27.4],[181.52,-27.45],[181.51,-27.5],[181.5,-27.54],[181.5,-27.55],[181.49,-27.6],[181.47,-27.65],[181.46,-27.7],[181.45,-27.74],[181.45,-27.75],[181.43,-27.8],[181.42,-27.85],[181.41,-27.9],[181.4,-27.93],[181.4,-27.95],[181.38,-28],[181.37,-28.05],[181.36,-28.1],[181.35,-28.14],[181.35,-28.15],[181.33,-28.2],[181.32,-28.25],[181.31,-28.3],[181.3,-28.35],[181.3,-28.35],[181.29,-28.4],[181.28,-28.45],[181.27,-28.5],[181.26,-28.55],[181.25,-28.6],[181.25,-28.6],[181.24,-28.65],[181.23,-28.7],[181.22,-28.75],[181.21,-28.8],[181.21,-28.85],[181.2,-28.89],[181.2,-28.9],[181.19,-28.95],[181.18,-29],[181.17,-29.05],[181.16,-29.1],[181.15,-29.15],[181.15,-29.16],[181.14,-29.2],[181.13,-29.25],[181.12,-29.3],[181.11,-29.35],[181.1,-29.38],[181.1,-29.4],[181.08,-29.45],[181.07,-29.5],[181.06,-29.55],[181.05,-29.57],[181.04,-29.6],[181.03,-29.65],[181.01,-29.7],[181,-29.73],[180.99,-29.75],[180.98,-29.8],[180.96,-29.85],[180.95,-29.88],[180.94,-29.9],[180.92,-29.95],[180.91,-30],[180.9,-30.02],[180.89,-30.05],[180.87,-30.1],[180.85,-30.15],[180.85,-30.15],[180.83,-30.2],[180.81,-30.25],[180.8,-30.27],[180.79,-30.3],[180.77,-30.35],[180.75,-30.39],[180.74,-30.4],[180.72,-30.45],[180.7,-30.5],[180.7,-30.5],[180.68,-30.55],[180.66,-30.6],[180.65,-30.61],[180.63,-30.65],[180.61,-30.7],[180.6,-30.72],[180.58,-30.75],[180.56,-30.8],[180.55,-30.82],[180.53,-30.85],[180.51,-30.9],[180.5,-30.92],[180.48,-30.95],[180.46,-31],[180.45,-31.01],[180.43,-31.05],[180.4,-31.1],[180.4,-31.1],[180.37,-31.15],[180.35,-31.19],[180.35,-31.2],[180.32,-31.25],[180.3,-31.28],[180.29,-31.3],[180.26,-31.35],[180.25,-31.38],[180.24,-31.4],[180.21,-31.45],[180.2,-31.47],[180.18,-31.5],[180.16,-31.55],[180.15,-31.57],[180.13,-31.6],[180.11,-31.65],[180.1,-31.66],[180.08,-31.7],[180.06,-31.75],[180.05,-31.76],[180.03,-31.8],[180.01,-31.85],[180,-31.86],[179.98,-31.9],[179.96,-31.95],[179.95,-31.97],[179.93,-32],[179.91,-32.05],[179.9,-32.06],[179.88,-32.1],[179.86,-32.15],[179.85,-32.16],[179.83,-32.2],[179.8,-32.25],[179.8,-32.26],[179.78,-32.3],[179.75,-32.35],[179.75,-32.35],[179.72,-32.4],[179.7,-32.44],[179.69,-32.45],[179.66,-32.5],[179.65,-32.52],[179.63,-32.55],[179.6,-32.6],[179.6,-32.61],[179.57,-32.65],[179.55,-32.69],[179.54,-32.7],[179.51,-32.75],[179.5,-32.77],[179.48,-32.8],[179.45,-32.85],[179.45,-32.85],[179.42,-32.9],[179.4,-32.93],[179.39,-32.95],[179.36,-33],[179.35,-33.01],[179.32,-33.05],[179.3,-33.09],[179.29,-33.1],[179.26,-33.15],[179.25,-33.16],[179.22,-33.2],[179.2,-33.23],[179.19,-33.25],[179.15,-33.3],[179.15,-33.3],[179.12,-33.35],[179.1,-33.37],[179.08,-33.4],[179.05,-33.44],[179.05,-33.45],[179.01,-33.5],[179,-33.52],[178.98,-33.55],[178.95,-33.59],[178.94,-33.6],[178.91,-33.65],[178.9,-33.67],[178.88,-33.7],[178.85,-33.75],[178.85,-33.75],[178.82,-33.8],[178.8,-33.85],[178.8,-33.85],[178.77,-33.9],[178.75,-33.95],[178.75,-33.95],[178.72,-34],[178.7,-34.05],[178.7,-34.05],[178.68,-34.1],[178.65,-34.15],[178.65,-34.16],[178.63,-34.2],[178.61,-34.25],[178.6,-34.27],[178.58,-34.3],[178.56,-34.35],[178.55,-34.37],[178.54,-34.4],[178.51,-34.45],[178.5,-34.47],[178.49,-34.5],[178.46,-34.55],[178.45,-34.57],[178.43,-34.6],[178.4,-34.65],[178.4,-34.66],[178.38,-34.7],[178.35,-34.75],[178.35,-34.75],[178.32,-34.8],[178.3,-34.83],[178.29,-34.85],[178.26,-34.9],[178.25,-34.92],[178.23,-34.95],[178.2,-35],[178.2,-35],[178.17,-35.05],[178.15,-35.07],[178.13,-35.1],[178.1,-35.15],[178.1,-35.15],[178.07,-35.2],[178.05,-35.22],[178.03,-35.25],[178,-35.29],[177.99,-35.3],[177.96,-35.35],[177.95,-35.36],[177.92,-35.4],[177.9,-35.42],[177.88,-35.45],[177.85,-35.48],[177.84,-35.5],[177.8,-35.54],[177.79,-35.55],[177.75,-35.6],[177.75,-35.6],[177.71,-35.65],[177.7,-35.66],[177.67,-35.7],[177.65,-35.72],[177.62,-35.75],[177.6,-35.77],[177.58,-35.8],[177.55,-35.83],[177.53,-35.85],[177.5,-35.89],[177.49,-35.9],[177.45,-35.94],[177.44,-35.95],[177.4,-36],[177.4,-36],[177.36,-36.05],[177.35,-36.06],[177.31,-36.1],[177.3,-36.12],[177.27,-36.15],[177.25,-36.18],[177.23,-36.2],[177.2,-36.23],[177.19,-36.25],[177.15,-36.29],[177.14,-36.3],[177.1,-36.35],[177.1,-36.35],[177.06,-36.4],[177.05,-36.41],[177.02,-36.45],[177,-36.47],[176.97,-36.5],[176.95,-36.53],[176.93,-36.55],[176.9,-36.59],[176.89,-36.6],[176.85,-36.64],[176.85,-36.65],[176.8,-36.7],[176.8,-36.7],[176.76,-36.75],[176.75,-36.76],[176.72,-36.8],[176.7,-36.82],[176.67,-36.85],[176.65,-36.87],[176.63,-36.9],[176.6,-36.93],[176.58,-36.95],[176.55,-36.98],[176.54,-37],[176.5,-37.04],[176.49,-37.05],[176.45,-37.09],[176.44,-37.1],[176.4,-37.14],[176.39,-37.15],[176.35,-37.19],[176.34,-37.2],[176.3,-37.25],[176.3,-37.25],[176.25,-37.3],[176.25,-37.3],[176.2,-37.35],[176.2,-37.35],[176.16,-37.4],[176.15,-37.41],[176.11,-37.45],[176.1,-37.46],[176.06,-37.5],[176.05,-37.51],[176.02,-37.55],[176,-37.57],[175.97,-37.6],[175.95,-37.62],[175.92,-37.65],[175.9,-37.67],[175.87,-37.7],[175.85,-37.72],[175.82,-37.75],[175.8,-37.77],[175.77,-37.8],[175.75,-37.82],[175.72,-37.85],[175.7,-37.86],[175.66,-37.9],[175.65,-37.91],[175.61,-37.95],[175.6,-37.96],[175.55,-38],[175.55,-38],[175.5,-38.05],[175.5,-38.05],[175.45,-38.09],[175.44,-38.1],[175.4,-38.14],[175.38,-38.15],[175.35,-38.18],[175.33,-38.2],[175.3,-38.23],[175.27,-38.25],[175.25,-38.27],[175.22,-38.3],[175.2,-38.32],[175.17,-38.35],[175.15,-38.36],[175.11,-38.4],[175.1,-38.41],[175.06,-38.45],[175.05,-38.45],[175,-38.5],[175,-38.5],[174.95,-38.54],[174.94,-38.55],[174.9,-38.59],[174.88,-38.6],[174.85,-38.63],[174.83,-38.65],[174.8,-38.67],[174.76,-38.7],[174.75,-38.71],[174.7,-38.75],[174.7,-38.75],[174.65,-38.79],[174.64,-38.8],[174.6,-38.83],[174.58,-38.85],[174.55,-38.87],[174.51,-38.9],[174.5,-38.91],[174.45,-38.95],[174.45,-38.95],[174.4,-38.99],[174.38,-39],[174.35,-39.02],[174.32,-39.05],[174.3,-39.06],[174.25,-39.1],[174.25,-39.1],[174.2,-39.14],[174.18,-39.15],[174.15,-39.18],[174.12,-39.2],[174.1,-39.21],[174.05,-39.25],[174.05,-39.25],[174,-39.29],[173.99,-39.3],[173.95,-39.33],[173.92,-39.35],[173.9,-39.37],[173.86,-39.4],[173.85,-39.41],[173.8,-39.44],[173.79,-39.45],[173.75,-39.48],[173.73,-39.5],[173.7,-39.53],[173.67,-39.55],[173.65,-39.57],[173.61,-39.6],[173.6,-39.61],[173.55,-39.65],[173.55,-39.65],[173.5,-39.69],[173.49,-39.7],[173.45,-39.74],[173.44,-39.75],[173.4,-39.78],[173.38,-39.8],[173.35,-39.83],[173.33,-39.85],[173.3,-39.88],[173.27,-39.9],[173.25,-39.92],[173.22,-39.95],[173.2,-39.97],[173.17,-40],[173.15,-40.02],[173.12,-40.05],[173.1,-40.07],[173.07,-40.1],[173.05,-40.12],[173.02,-40.15],[173,-40.17],[172.97,-40.2],[172.95,-40.22],[172.92,-40.25],[172.9,-40.26],[172.86,-40.3],[172.85,-40.31],[172.81,-40.35],[172.8,-40.36],[172.76,-40.4],[172.75,-40.41],[172.71,-40.45],[172.7,-40.46],[172.65,-40.5],[172.65,-40.5],[172.6,-40.55],[172.6,-40.55],[172.55,-40.59],[172.54,-40.6],[172.5,-40.64],[172.49,-40.65],[172.45,-40.68],[172.43,-40.7],[172.4,-40.73],[172.37,-40.75],[172.35,-40.77],[172.31,-40.8],[172.3,-40.81],[172.26,-40.85],[172.25,-40.85],[172.2,-40.9],[172.2,-40.9],[172.15,-40.94],[172.13,-40.95],[172.1,-40.98],[172.07,-41],[172.05,-41.02],[172.01,-41.05],[172,-41.06],[171.95,-41.1],[171.94,-41.1],[171.9,-41.13],[171.88,-41.15],[171.85,-41.17],[171.81,-41.2],[171.8,-41.21],[171.75,-41.24],[171.74,-41.25],[171.7,-41.28],[171.67,-41.3],[171.65,-41.31],[171.6,-41.34],[171.59,-41.35],[171.55,-41.38],[171.52,-41.4],[171.5,-41.41],[171.45,-41.45],[171.44,-41.45],[171.4,-41.48],[171.37,-41.5],[171.35,-41.51],[171.3,-41.55],[171.3,-41.55],[171.25,-41.58],[171.22,-41.6],[171.2,-41.62],[171.15,-41.65],[171.15,-41.65],[171.1,-41.69],[171.09,-41.7],[171.05,-41.73],[171.02,-41.75],[171,-41.77],[170.96,-41.8],[170.95,-41.81],[170.9,-41.85],[170.9,-41.85],[170.85,-41.89],[170.84,-41.9],[170.8,-41.94],[170.79,-41.95],[170.75,-41.99],[170.74,-42],[170.7,-42.04],[170.69,-42.05],[170.65,-42.09],[170.64,-42.1],[170.6,-42.14],[170.59,-42.15],[170.55,-42.2],[170.55,-42.2],[170.51,-42.25],[170.5,-42.26],[170.47,-42.3],[170.45,-42.32],[170.43,-42.35],[170.4,-42.39],[170.39,-42.4],[170.36,-42.45],[170.35,-42.46],[170.32,-42.5],[170.3,-42.53],[170.29,-42.55],[170.26,-42.6],[170.25,-42.61],[170.23,-42.65],[170.2,-42.7],[170.2,-42.7],[170.17,-42.75],[170.15,-42.79],[170.14,-42.8],[170.12,-42.85],[170.1,-42.89],[170.09,-42.9],[170.07,-42.95],[170.05,-43],[170.05,-43],[170.03,-43.05],[170.01,-43.1],[170,-43.13],[169.99,-43.15],[169.98,-43.2],[169.96,-43.25],[169.95,-43.29],[169.95,-43.3],[169.93,-43.35]]}},{"type":"Feature","properties":{"zone":"ker","depth_km":100},"geometry":{"type":"LineString","coordinates":[[185,-14.4],[185.02,-14.45],[185.04,-14.5],[185.05,-14.52],[185.06,-14.55],[185.08,-14.6],[185.1,-14.65],[185.1,-14.65],[185.12,-14.7],[185.14,-14.75],[185.15,-14.79],[185.16,-14.8],[185.17,-14.85],[185.19,-14.9],[185.2,-14.92],[185.21,-14.95],[185.23,-15],[185.25,-15.05],[185.25,-15.06],[185.27,-15.1],[185.28,-15.15],[185.3,-15.19],[185.3,-15.2],[185.32,-15.25],[185.34,-15.3],[185.35,-15.32],[185.36,-15.35],[185.38,-15.4],[185.4,-15.45],[185.4,-15.45],[185.42,-15.5],[185.44,-15.55],[185.45,-15.58],[185.46,-15.6],[185.48,-15.65],[185.49,-15.7],[185.5,-15.72],[185.51,-15.75],[185.53,-15.8],[185.54,-15.85],[185.55,-15.88],[185.56,-15.9],[185.57,-15.95],[185.58,-16],[185.59,-16.05],[185.6,-16.1],[185.6,-16.1],[185.61,-16.15],[185.61,-16.2],[185.62,-16.25],[185.62,-16.3],[185.62,-16.35],[185.62,-16.4],[185.62,-16.45],[185.62,-16.5],[185.62,-16.55],[185.61,-16.6],[185.6,-16.65],[185.6,-16.68],[185.6,-16.7],[185.59,-16.75],[185.58,-16.8],[185.57,-16.85],[185.56,-16.9],[185.55,-16.93],[185.55,-16.95],[185.53,-17],[185.52,-17.05],[185.51,-17.1],[185.5,-17.12],[185.49,-17.15],[185.48,-17.2],[185.46,-17.25],[185.45,-17.29],[185.45,-17.3],[185.43,-17.35],[185.42,-17.4],[185.4,-17.45],[185.4,-17.45],[185.39,-17.5],[185.37,-17.55],[185.36,-17.6],[185.35,-17.62],[185.34,-17.65],[185.33,-17.7],[185.31,-17.75],[185.3,-17.8],[185.3,-17.8],[185.29,-17.85],[185.27,-17.9],[185.26,-17.95],[185.25,-17.98],[185.24,-18],[185.23,-18.05],[185.22,-18.1],[185.2,-18.15],[185.2,-18.15],[185.19,-18.2],[185.17,-18.25],[185.16,-18.3],[185.15,-18.32],[185.14,-18.35],[185.12,-18.4],[185.11,-18.45],[185.1,-18.48],[185.09,-18.5],[185.08,-18.55],[185.06,-18.6],[185.05,-18.64],[185.05,-18.65],[185.03,-18.7],[185.02,-18.75],[185.01,-18.8],[185,-18.83],[184.99,-18.85],[184.98,-18.9],[184.97,-18.95],[184.96,-19],[184.95,-19.03],[184.95,-19.05],[184.93,-19.1],[184.92,-19.15],[184.91,-19.2],[184.9,-19.23],[184.89,-19.25],[184.88,-19.3],[184.86,-19.35],[184.85,-19.39],[184.85,-19.4],[184.83,-19.45],[184.81,-19.5],[184.8,-19.53],[184.79,-19.55],[184.77,-19.6],[184.75,-19.65],[184.75,-19.66],[184.73,-19.7],[184.71,-19.75],[184.7,-19.77],[184.69,-19.8],[184.66,-19.85],[184.65,-19.87],[184.64,-19.9],[184.61,-19.95],[184.6,-19.98],[184.59,-20],[184.56,-20.05],[184.55,-20.07],[184.54,-20.1],[184.51,-20.15],[184.5,-20.17],[184.49,-20.2],[184.46,-20.25],[184.45,-20.27],[184.43,-20.3],[184.41,-20.35],[184.4,-20.37],[184.38,-20.4],[184.36,-20.45],[184.35,-20.46],[184.33,-20.5],[184.31,-20.55],[184.3,-20.56],[184.28,-20.6],[184.26,-20.65],[184.25,-20.67],[184.23,-20.7],[184.21,-20.75],[184.2,-20.77],[184.19,-20.8],[184.16,-20.85],[184.15,-20.87],[184.14,-20.9],[184.11,-20.95],[184.1,-20.97],[184.09,-21],[184.06,-21.05],[184.05,-21.07],[184.04,-21.1],[184.01,-21.15],[184,-21.17],[183.98,-21.2],[183.96,-21.25],[183.95,-21.26],[183.93,-21.3],[183.9,-21.35],[183.9,-21.35],[183.88,-21.4],[183.85,-21.45],[183.85,-21.45],[183.82,-21.5],[183.8,-21.54],[183.79,-21.55],[183.77,-21.6],[183.75,-21.63],[183.74,-21.65],[183.71,-21.7],[183.7,-21.73],[183.69,-21.75],[183.66,-21.8],[183.65,-21.83],[183.64,-21.85],[183.62,-21.9],[183.6,-21.94],[183.59,-21.95],[183.57,-22],[183.55,-22.05],[183.55,-22.05],[183.53,-22.1],[183.51,-22.15],[183.5,-22.17],[183.49,-22.2],[183.47,-22.25],[183.45,-22.29],[183.45,-22.3],[183.43,-22.35],[183.41,-22.4],[183.4,-22.42],[183.39,-22.45],[183.37,-22.5],[183.35,-22.54],[183.35,-22.55],[183.33,-22.6],[183.31,-22.65],[183.3,-22.67],[183.29,-22.7],[183.27,-22.75],[183.25,-22.8],[183.25,-22.8],[183.23,-22.85],[183.22,-22.9],[183.2,-22.94],[183.2,-22.95],[183.18,-23],[183.16,-23.05],[183.15,-23.09],[183.15,-23.1],[183.13,-23.15],[183.12,-23.2],[183.1,-23.25],[183.1,-23.25],[183.08,-23.3],[183.07,-23.35],[183.05,-23.4],[183.05,-23.4],[183.04,-23.45],[183.02,-23.5],[183,-23.55],[183,-23.56],[182.99,-23.6],[182.97,-23.65],[182.95,-23.7],[182.95,-23.71],[182.94,-23.75],[182.92,-23.8],[182.91,-23.85],[182.9,-23.88],[182.89,-23.9],[182.88,-23.95],[182.87,-24],[182.85,-24.05],[182.85,-24.06],[182.84,-24.1],[182.83,-24.15],[182.82,-24.2],[182.8,-24.25],[182.8,-24.26],[182.79,-24.3],[182.78,-24.35],[182.77,-24.4],[182.76,-24.45],[182.75,-24.5],[182.75,-24.5],[182.74,-24.55],[182.73,-24.6],[182.72,-24.65],[182.71,-24.7],[182.7,-24.75],[182.7,-24.75],[182.69,-24.8],[182.68,-24.85],[182.67,-24.9],[182.66,-24.95],[182.65,-24.99],[182.65,-25],[182.64,-25.05],[182.63,-25.1],[182.62,-25.15],[182.61,-25.2],[182.6,-25.23],[182.6,-25.25],[182.59,-25.3],[182.58,-25.35],[182.57,-25.4],[182.56,-25.45],[182.55,-25.48],[182.55,-25.5],[182.54,-25.55],[182.53,-25.6],[182.53,-25.65],[182.52,-25.7],[182.51,-25.75],[182.51,-25.8],[182.51,-25.85],[182.5,-25.9],[182.5,-25.95],[182.5,-25.96],[182.5,-26],[182.5,-26.05],[182.5,-26.1],[182.5,-26.15],[182.5,-26.2],[182.5,-26.25],[182.5,-26.27],[182.5,-26.3],[182.5,-26.35],[182.5,-26.4],[182.51,-26.45],[182.51,-26.5],[182.51,-26.55],[182.51,-26.6],[182.51,-26.65],[182.51,-26.7],[182.5,-26.75],[182.5,-26.8],[182.5,-26.81],[182.5,-26.85],[182.49,-26.9],[182.49,-26.95],[182.48,-27],[182.47,-27.05],[182.46,-27.1],[182.45,-27.15],[182.45,-27.15],[182.44,-27.2],[182.43,-27.25],[182.41,-27.3],[182.4,-27.35],[182.4,-27.35],[182.38,-27.4],[182.37,-27.45],[182.35,-27.5],[182.35,-27.51],[182.34,-27.55],[182.32,-27.6],[182.3,-27.65],[182.3,-27.65],[182.28,-27.7],[182.27,-27.75],[182.25,-27.8],[182.25,-27.8],[182.23,-27.85],[182.21,-27.9],[182.2,-27.94],[182.2,-27.95],[182.18,-28],[182.16,-28.05],[182.15,-28.09],[182.15,-28.1],[182.13,-28.15],[182.12,-28.2],[182.1,-28.25],[182.1,-28.25],[182.09,-28.3],[182.07,-28.35],[182.05,-28.4],[182.05,-28.42],[182.04,-28.45],[182.03,-28.5],[182.01,-28.55],[182,-28.58],[182,-28.6],[181.98,-28.65],[181.97,-28.7],[181.95,-28.75],[181.95,-28.75],[181.94,-28.8],[181.92,-28.85],[181.91,-28.9],[181.9,-28.92],[181.89,-28.95],[181.88,-29],[181.86,-29.05],[181.85,-29.1],[181.85,-29.1],[181.84,-29.15],[181.82,-29.2],[181.81,-29.25],[181.8,-29.29],[181.8,-29.3],[181.78,-29.35],[181.77,-29.4],[181.76,-29.45],[181.75,-29.47],[181.74,-29.5],[181.73,-29.55],[181.71,-29.6],[181.7,-29.65],[181.7,-29.65],[181.68,-29.7],[181.67,-29.75],[181.65,-29.8],[181.65,-29.81],[181.64,-29.85],[181.62,-29.9],[181.6,-29.95],[181.6,-29.96],[181.59,-30],[181.57,-30.05],[181.55,-30.1],[181.55,-30.1],[181.53,-30.15],[181.51,-30.2],[181.5,-30.22],[181.49,-30.25],[181.47,-30.3],[181.45,-30.34],[181.45,-30.35],[181.42,-30.4],[181.4,-30.45],[181.4,-30.45],[181.38,-30.5],[181.35,-30.55],[181.35,-30.56],[181.33,-30.6],[181.31,-30.65],[181.3,-30.66],[181.28,-30.7],[181.26,-30.75],[181.25,-30.76],[181.23,-30.8],[181.21,-30.85],[181.2,-30.86],[181.18,-30.9],[181.15,-30.95],[181.15,-30.96],[181.13,-31],[181.1,-31.05],[181.1,-31.05],[181.07,-31.1],[181.05,-31.14],[181.05,-31.15],[181.02,-31.2],[181,-31.24],[180.99,-31.25],[180.96,-31.3],[180.95,-31.33],[180.94,-31.35],[180.91,-31.4],[180.9,-31.42],[180.88,-31.45],[180.85,-31.5],[180.85,-31.51],[180.83,-31.55],[180.8,-31.6],[180.8,-31.6],[180.77,-31.65],[180.75,-31.69],[180.75,-31.7],[180.72,-31.75],[180.7,-31.79],[180.69,-31.8],[180.67,-31.85],[180.65,-31.89],[180.65,-31.9],[180.62,-31.95],[180.6,-32],[180.6,-32],[180.57,-32.05],[180.55,-32.1],[180.55,-32.1],[180.53,-32.15],[180.5,-32.2],[180.5,-32.21],[180.48,-32.25],[180.46,-32.3],[180.45,-32.31],[180.43,-32.35],[180.41,-32.4],[180.4,-32.42],[180.38,-32.45],[180.36,-32.5],[180.35,-32.52],[180.33,-32.55],[180.31,-32.6],[180.3,-32.62],[180.28,-32.65],[180.26,-32.7],[180.25,-32.72],[180.23,-32.75],[180.21,-32.8],[180.2,-32.82],[180.18,-32.85],[180.16,-32.9],[180.15,-32.92],[180.13,-32.95],[180.11,-33],[180.1,-33.02],[180.08,-33.05],[180.06,-33.1],[180.05,-33.11],[180.03,-33.15],[180,-33.2],[180,-33.21],[179.98,-33.25],[179.95,-33.3],[179.95,-33.3],[179.92,-33.35],[179.9,-33.39],[179.9,-33.4],[179.87,-33.45],[179.85,-33.48],[179.84,-33.5],[179.81,-33.55],[179.8,-33.57],[179.78,-33.6],[179.75,-33.65],[179.75,-33.66],[179.73,-33.7],[179.7,-33.74],[179.7,-33.75],[179.67,-33.8],[179.65,-33.84],[179.64,-33.85],[179.62,-33.9],[179.6,-33.93],[179.59,-33.95],[179.57,-34],[179.55,-34.04],[179.54,-34.05],[179.52,-34.1],[179.5,-34.15],[179.5,-34.15],[179.48,-34.2],[179.46,-34.25],[179.45,-34.26],[179.43,-34.3],[179.41,-34.35],[179.4,-34.38],[179.39,-34.4],[179.37,-34.45],[179.35,-34.5],[179.35,-34.5],[179.33,-34.55],[179.3,-34.6],[179.3,-34.61],[179.28,-34.65],[179.26,-34.7],[179.25,-34.71],[179.23,-34.75],[179.21,-34.8],[179.2,-34.81],[179.18,-34.85],[179.15,-34.9],[179.15,-34.9],[179.12,-34.95],[179.1,-34.99],[179.1,-35],[179.07,-35.05],[179.05,-35.08],[179.04,-35.1],[179.01,-35.15],[179,-35.16],[178.98,-35.2],[178.95,-35.24],[178.95,-35.25],[178.91,-35.3],[178.9,-35.32],[178.88,-35.35],[178.85,-35.4],[178.85,-35.4],[178.81,-35.45],[178.8,-35.47],[178.78,-35.5],[178.75,-35.54],[178.74,-35.55],[178.71,-35.6],[178.7,-35.61],[178.67,-35.65],[178.65,-35.67],[178.63,-35.7],[178.6,-35.73],[178.59,-35.75],[178.55,-35.79],[178.55,-35.8],[178.5,-35.85],[178.5,-35.85],[178.46,-35.9],[178.45,-35.91],[178.41,-35.95],[178.4,-35.96],[178.37,-36],[178.35,-36.02],[178.32,-36.05],[178.3,-36.07],[178.27,-36.1],[178.25,-36.12],[178.22,-36.15],[178.2,-36.17],[178.18,-36.2],[178.15,-36.23],[178.13,-36.25],[178.1,-36.28],[178.08,-36.3],[178.05,-36.33],[178.03,-36.35],[178,-36.39],[177.99,-36.4],[177.95,-36.44],[177.94,-36.45],[177.9,-36.5],[177.9,-36.5],[177.85,-36.55],[177.85,-36.55],[177.81,-36.6],[177.8,-36.61],[177.76,-36.65],[177.75,-36.67],[177.72,-36.7],[177.7,-36.72],[177.68,-36.75],[177.65,-36.78],[177.63,-36.8],[177.6,-36.84],[177.59,-36.85],[177.55,-36.89],[177.54,-36.9],[177.5,-36.95],[177.5,-36.95],[177.45,-37],[177.45,-37],[177.4,-37.05],[177.4,-37.05],[177.36,-37.1],[177.35,-37.11],[177.31,-37.15],[177.3,-37.16],[177.26,-37.2],[177.25,-37.21],[177.21,-37.25],[177.2,-37.26],[177.15,-37.3],[177.15,-37.3],[177.1,-37.35],[177.1,-37.35],[177.05,-37.39],[177.04,-37.4],[177,-37.44],[176.98,-37.45],[176.95,-37.48],[176.92,-37.5],[176.9,-37.52],[176.86,-37.55],[176.85,-37.56],[176.8,-37.6],[176.8,-37.6],[176.75,-37.64],[176.74,-37.65],[176.7,-37.68],[176.67,-37.7],[176.65,-37.72],[176.61,-37.75],[176.6,-37.76],[176.55,-37.8],[176.55,-37.8],[176.5,-37.84],[176.49,-37.85],[176.45,-37.88],[176.43,-37.9],[176.4,-37.92],[176.37,-37.95],[176.35,-37.96],[176.31,-38],[176.3,-38.01],[176.25,-38.05],[176.25,-38.05],[176.2,-38.09],[176.19,-38.1],[176.15,-38.13],[176.13,-38.15],[176.1,-38.17],[176.07,-38.2],[176.05,-38.22],[176.01,-38.25],[176,-38.26],[175.95,-38.3],[175.95,-38.3],[175.9,-38.34],[175.89,-38.35],[175.85,-38.38],[175.83,-38.4],[175.8,-38.43],[175.77,-38.45],[175.75,-38.47],[175.71,-38.5],[175.7,-38.51],[175.65,-38.55],[175.65,-38.55],[175.6,-38.59],[175.59,-38.6],[175.55,-38.64],[175.53,-38.65],[175.5,-38.68],[175.47,-38.7],[175.45,-38.72],[175.41,-38.75],[175.4,-38.76],[175.35,-38.8],[175.35,-38.8],[175.3,-38.84],[175.29,-38.85],[175.25,-38.88],[175.22,-38.9],[175.2,-38.92],[175.16,-38.95],[175.15,-38.96],[175.1,-39],[175.1,-39],[175.05,-39.04],[175.04,-39.05],[175,-39.08],[174.97,-39.1],[174.95,-39.12],[174.91,-39.15],[174.9,-39.16],[174.85,-39.2],[174.85,-39.2],[174.8,-39.24],[174.79,-39.25],[174.75,-39.28],[174.73,-39.3],[174.7,-39.32],[174.67,-39.35],[174.65,-39.36],[174.61,-39.4],[174.6,-39.41],[174.55,-39.45],[174.55,-39.45],[174.5,-39.49],[174.48,-39.5],[174.45,-39.53],[174.42,-39.55],[174.4,-39.57],[174.36,-39.6],[174.35,-39.61],[174.3,-39.65],[174.3,-39.65],[174.25,-39.69],[174.24,-39.7],[174.2,-39.73],[174.18,-39.75],[174.15,-39.78],[174.12,-39.8],[174.1,-39.82],[174.06,-39.85],[174.05,-39.86],[174.01,-39.9],[174,-39.91],[173.95,-39.95],[173.95,-39.95],[173.9,-40],[173.9,-40],[173.85,-40.04],[173.84,-40.05],[173.8,-40.09],[173.79,-40.1],[173.75,-40.14],[173.74,-40.15],[173.7,-40.19],[173.69,-40.2],[173.65,-40.23],[173.63,-40.25],[173.6,-40.28],[173.58,-40.3],[173.55,-40.33],[173.53,-40.35],[173.5,-40.38],[173.48,-40.4],[173.45,-40.43],[173.42,-40.45],[173.4,-40.47],[173.37,-40.5],[173.35,-40.52],[173.32,-40.55],[173.3,-40.56],[173.26,-40.6],[173.25,-40.61],[173.21,-40.65],[173.2,-40.66],[173.15,-40.7],[173.15,-40.7],[173.1,-40.75],[173.09,-40.75],[173.05,-40.79],[173.04,-40.8],[173,-40.84],[172.98,-40.85],[172.95,-40.88],[172.93,-40.9],[172.9,-40.93],[172.87,-40.95],[172.85,-40.97],[172.82,-41],[172.8,-41.02],[172.76,-41.05],[172.75,-41.06],[172.71,-41.1],[172.7,-41.1],[172.65,-41.15],[172.65,-41.15],[172.6,-41.19],[172.59,-41.2],[172.55,-41.24],[172.53,-41.25],[172.5,-41.28],[172.48,-41.3],[172.45,-41.32],[172.41,-41.35],[172.4,-41.36],[172.35,-41.4],[172.35,-41.4],[172.3,-41.44],[172.29,-41.45],[172.25,-41.48],[172.22,-41.5],[172.2,-41.52],[172.15,-41.55],[172.15,-41.55],[172.1,-41.59],[172.08,-41.6],[172.05,-41.62],[172,-41.65],[172,-41.65],[171.95,-41.68],[171.92,-41.7],[171.9,-41.72],[171.85,-41.75],[171.84,-41.75],[171.8,-41.78],[171.76,-41.8],[171.75,-41.8],[171.7,-41.83],[171.67,-41.85],[171.65,-41.86],[171.6,-41.89],[171.58,-41.9],[171.55,-41.92],[171.5,-41.95],[171.5,-41.95],[171.45,-41.98],[171.41,-42],[171.4,-42.01],[171.35,-42.04],[171.33,-42.05],[171.3,-42.07],[171.25,-42.1],[171.25,-42.1],[171.2,-42.14],[171.18,-42.15],[171.15,-42.17],[171.11,-42.2],[171.1,-42.21],[171.05,-42.25],[171.05,-42.25],[171,-42.29],[170.99,-42.3],[170.95,-42.34],[170.93,-42.35],[170.9,-42.38],[170.88,-42.4],[170.85,-42.44],[170.84,-42.45],[170.8,-42.49],[170.79,-42.5],[170.75,-42.55],[170.75,-42.55],[170.72,-42.6],[170.7,-42.62],[170.68,-42.65],[170.65,-42.7],[170.65,-42.7],[170.62,-42.75],[170.6,-42.79],[170.59,-42.8],[170.57,-42.85],[170.55,-42.89],[170.55,-42.9],[170.53,-42.95],[170.51,-43],[170.5,-43.02],[170.49,-43.05],[170.48,-43.1],[170.47,-43.15],[170.46,-43.2]]}},{"type":"Feature","properties":{"zone":"ker","depth_km":40},"geometry":{"type":"LineString","coordinates":[[185.53,-14.45],[185.54,-14.5],[185.55,-14.52],[185.56,-14.55],[185.58,-14.6],[185.6,-14.64],[185.6,-14.65],[185.63,-14.7],[185.65,-14.75],[185.65,-14.75],[185.68,-14.8],[185.7,-14.85],[185.7,-14.85],[185.73,-14.9],[185.75,-14.93],[185.76,-14.95],[185.79,-15],[185.8,-15.01],[185.82,-15.05],[185.85,-15.09],[185.86,-15.1],[185.89,-15.15],[185.9,-15.16],[185.93,-15.2],[185.95,-15.23],[185.97,-15.25],[186,-15.29],[186,-15.3],[186.04,-15.35],[186.05,-15.36],[186.08,-15.4],[186.1,-15.43],[186.12,-15.45],[186.15,-15.49],[186.15,-15.5],[186.19,-15.55],[186.2,-15.56],[186.23,-15.6],[186.25,-15.63],[186.26,-15.65],[186.29,-15.7],[186.3,-15.71],[186.32,-15.75],[186.35,-15.79],[186.35,-15.8],[186.38,-15.85],[186.4,-15.89],[186.4,-15.9],[186.42,-15.95],[186.44,-16],[186.45,-16.03],[186.46,-16.05],[186.47,-16.1],[186.48,-16.15],[186.49,-16.2],[186.49,-16.25],[186.5,-16.3],[186.5,-16.35],[186.5,-16.36],[186.5,-16.4],[186.5,-16.45],[186.5,-16.47],[186.5,-16.5],[186.5,-16.55],[186.49,-16.6],[186.49,-16.65],[186.49,-16.7],[186.48,-16.75],[186.48,-16.8],[186.47,-16.85],[186.46,-16.9],[186.46,-16.95],[186.45,-17],[186.45,-17],[186.44,-17.05],[186.44,-17.1],[186.43,-17.15],[186.42,-17.2],[186.41,-17.25],[186.4,-17.3],[186.4,-17.3],[186.39,-17.35],[186.38,-17.4],[186.37,-17.45],[186.36,-17.5],[186.35,-17.52],[186.34,-17.55],[186.33,-17.6],[186.32,-17.65],[186.3,-17.7],[186.3,-17.71],[186.29,-17.75],[186.27,-17.8],[186.26,-17.85],[186.25,-17.89],[186.25,-17.9],[186.23,-17.95],[186.22,-18],[186.2,-18.05],[186.2,-18.05],[186.18,-18.1],[186.17,-18.15],[186.15,-18.2],[186.15,-18.2],[186.13,-18.25],[186.12,-18.3],[186.1,-18.35],[186.1,-18.35],[186.08,-18.4],[186.06,-18.45],[186.05,-18.48],[186.04,-18.5],[186.02,-18.55],[186.01,-18.6],[186,-18.62],[185.99,-18.65],[185.97,-18.7],[185.95,-18.75],[185.95,-18.76],[185.94,-18.8],[185.92,-18.85],[185.9,-18.9],[185.9,-18.91],[185.89,-18.95],[185.87,-19],[185.86,-19.05],[185.85,-19.08],[185.85,-19.1],[185.83,-19.15],[185.82,-19.2],[185.81,-19.25],[185.8,-19.28],[185.79,-19.3],[185.78,-19.35],[185.77,-19.4],[185.76,-19.45],[185.75,-19.48],[185.74,-19.5],[185.73,-19.55],[185.72,-19.6],[185.7,-19.65],[185.7,-19.66],[185.69,-19.7],[185.67,-19.75],[185.66,-19.8],[185.65,-19.83],[185.64,-19.85],[185.63,-19.9],[185.61,-19.95],[185.6,-19.97],[185.59,-20],[185.57,-20.05],[185.55,-20.1],[185.55,-20.1],[185.53,-20.15],[185.51,-20.2],[185.5,-20.22],[185.49,-20.25],[185.46,-20.3],[185.45,-20.33],[185.44,-20.35],[185.42,-20.4],[185.4,-20.43],[185.39,-20.45],[185.37,-20.5],[185.35,-20.54],[185.34,-20.55],[185.32,-20.6],[185.3,-20.64],[185.3,-20.65],[185.27,-20.7],[185.25,-20.74],[185.25,-20.75],[185.22,-20.8],[185.2,-20.85],[185.2,-20.85],[185.18,-20.9],[185.15,-20.95],[185.15,-20.95],[185.13,-21],[185.1,-21.05],[185.1,-21.06],[185.08,-21.1],[185.06,-21.15],[185.05,-21.16],[185.03,-21.2],[185.01,-21.25],[185,-21.26],[184.98,-21.3],[184.96,-21.35],[184.95,-21.36],[184.93,-21.4],[184.91,-21.45],[184.9,-21.46],[184.88,-21.5],[184.85,-21.55],[184.85,-21.55],[184.83,-21.6],[184.8,-21.65],[184.8,-21.65],[184.77,-21.7],[184.75,-21.74],[184.74,-21.75],[184.72,-21.8],[184.7,-21.83],[184.69,-21.85],[184.66,-21.9],[184.65,-21.92],[184.63,-21.95],[184.61,-22],[184.6,-22.01],[184.58,-22.05],[184.55,-22.1],[184.55,-22.1],[184.53,-22.15],[184.5,-22.2],[184.5,-22.2],[184.47,-22.25],[184.45,-22.29],[184.45,-22.3],[184.42,-22.35],[184.4,-22.39],[184.39,-22.4],[184.37,-22.45],[184.35,-22.48],[184.34,-22.5],[184.32,-22.55],[184.3,-22.58],[184.29,-22.6],[184.27,-22.65],[184.25,-22.68],[184.24,-22.7],[184.22,-22.75],[184.2,-22.79],[184.19,-22.8],[184.17,-22.85],[184.15,-22.9],[184.15,-22.9],[184.13,-22.95],[184.11,-23],[184.1,-23.02],[184.09,-23.05],[184.07,-23.1],[184.06,-23.15],[184.05,-23.17],[184.04,-23.2],[184.03,-23.25],[184.02,-23.3],[184,-23.35],[184,-23.37],[184,-23.4],[183.99,-23.45],[183.98,-23.5],[183.97,-23.55],[183.97,-23.6],[183.96,-23.65],[183.96,-23.7],[183.95,-23.75],[183.95,-23.8],[183.95,-23.81],[183.95,-23.85],[183.94,-23.9],[183.94,-23.95],[183.93,-24],[183.93,-24.05],[183.92,-24.1],[183.92,-24.15],[183.91,-24.2],[183.91,-24.25],[183.9,-24.28],[183.9,-24.3],[183.89,-24.35],[183.88,-24.4],[183.87,-24.45],[183.86,-24.5],[183.85,-24.54],[183.85,-24.55],[183.83,-24.6],[183.82,-24.65],[183.8,-24.7],[183.8,-24.7],[183.78,-24.75],[183.76,-24.8],[183.75,-24.82],[183.74,-24.85],[183.71,-24.9],[183.7,-24.93],[183.69,-24.95],[183.66,-25],[183.65,-25.02],[183.64,-25.05],[183.61,-25.1],[183.6,-25.12],[183.58,-25.15],[183.56,-25.2],[183.55,-25.22],[183.53,-25.25],[183.51,-25.3],[183.5,-25.33],[183.49,-25.35],[183.47,-25.4],[183.45,-25.45],[183.45,-25.46],[183.44,-25.5],[183.42,-25.55],[183.41,-25.6],[183.4,-25.64],[183.4,-25.65],[183.39,-25.7],[183.38,-25.75],[183.37,-25.8],[183.36,-25.85],[183.36,-25.9],[183.35,-25.95],[183.35,-25.95],[183.34,-26],[183.34,-26.05],[183.33,-26.1],[183.33,-26.15],[183.33,-26.2],[183.32,-26.25],[183.31,-26.3],[183.31,-26.35],[183.3,-26.4],[183.3,-26.43],[183.3,-26.45],[183.29,-26.5],[183.29,-26.55],[183.28,-26.6],[183.27,-26.65],[183.26,-26.7],[183.26,-26.75],[183.25,-26.79],[183.25,-26.8],[183.24,-26.85],[183.23,-26.9],[183.22,-26.95],[183.21,-27],[183.2,-27.05],[183.2,-27.06],[183.19,-27.1],[183.18,-27.15],[183.17,-27.2],[183.16,-27.25],[183.15,-27.3],[183.15,-27.3],[183.14,-27.35],[183.13,-27.4],[183.12,-27.45],[183.1,-27.5],[183.1,-27.52],[183.09,-27.55],[183.08,-27.6],[183.07,-27.65],[183.05,-27.7],[183.05,-27.71],[183.04,-27.75],[183.02,-27.8],[183.01,-27.85],[183,-27.88],[182.99,-27.9],[182.98,-27.95],[182.96,-28],[182.95,-28.05],[182.95,-28.05],[182.93,-28.1],[182.92,-28.15],[182.91,-28.2],[182.9,-28.22],[182.89,-28.25],[182.88,-28.3],[182.86,-28.35],[182.85,-28.39],[182.85,-28.4],[182.83,-28.45],[182.82,-28.5],[182.8,-28.55],[182.8,-28.55],[182.79,-28.6],[182.77,-28.65],[182.75,-28.7],[182.75,-28.71],[182.74,-28.75],[182.72,-28.8],[182.71,-28.85],[182.7,-28.86],[182.69,-28.9],[182.67,-28.95],[182.65,-29],[182.65,-29.01],[182.64,-29.05],[182.62,-29.1],[182.6,-29.15],[182.6,-29.15],[182.58,-29.2],[182.56,-29.25],[182.55,-29.28],[182.54,-29.3],[182.52,-29.35],[182.5,-29.4],[182.5,-29.41],[182.48,-29.45],[182.46,-29.5],[182.45,-29.53],[182.44,-29.55],[182.42,-29.6],[182.4,-29.65],[182.4,-29.65],[182.38,-29.7],[182.36,-29.75],[182.35,-29.77],[182.34,-29.8],[182.31,-29.85],[182.3,-29.88],[182.29,-29.9],[182.27,-29.95],[182.25,-30],[182.25,-30],[182.23,-30.05],[182.21,-30.1],[182.2,-30.12],[182.19,-30.15],[182.16,-30.2],[182.15,-30.23],[182.14,-30.25],[182.12,-30.3],[182.1,-30.34],[182.1,-30.35],[182.07,-30.4],[182.05,-30.45],[182.05,-30.45],[182.03,-30.5],[182,-30.55],[182,-30.56],[181.98,-30.6],[181.96,-30.65],[181.95,-30.66],[181.93,-30.7],[181.91,-30.75],[181.9,-30.76],[181.88,-30.8],[181.86,-30.85],[181.85,-30.86],[181.83,-30.9],[181.8,-30.95],[181.8,-30.96],[181.78,-31],[181.75,-31.05],[181.75,-31.05],[181.73,-31.1],[181.7,-31.15],[181.7,-31.15],[181.68,-31.2],[181.65,-31.25],[181.65,-31.25],[181.62,-31.3],[181.6,-31.35],[181.6,-31.35],[181.57,-31.4],[181.55,-31.45],[181.55,-31.45],[181.52,-31.5],[181.5,-31.55],[181.5,-31.55],[181.48,-31.6],[181.45,-31.65],[181.45,-31.65],[181.43,-31.7],[181.41,-31.75],[181.4,-31.76],[181.38,-31.8],[181.36,-31.85],[181.35,-31.87],[181.34,-31.9],[181.32,-31.95],[181.3,-31.99],[181.3,-32],[181.28,-32.05],[181.25,-32.1],[181.25,-32.11],[181.23,-32.15],[181.21,-32.2],[181.2,-32.24],[181.19,-32.25],[181.18,-32.3],[181.16,-32.35],[181.15,-32.36],[181.14,-32.4],[181.12,-32.45],[181.1,-32.49],[181.1,-32.5],[181.08,-32.55],[181.06,-32.6],[181.05,-32.62],[181.04,-32.65],[181.02,-32.7],[181,-32.74],[181,-32.75],[180.97,-32.8],[180.95,-32.85],[180.95,-32.86],[180.93,-32.9],[180.91,-32.95],[180.9,-32.97],[180.89,-33],[180.86,-33.05],[180.85,-33.08],[180.84,-33.1],[180.82,-33.15],[180.8,-33.19],[180.79,-33.2],[180.77,-33.25],[180.75,-33.29],[180.75,-33.3],[180.72,-33.35],[180.7,-33.4],[180.7,-33.4],[180.68,-33.45],[180.65,-33.5],[180.65,-33.5],[180.63,-33.55],[180.6,-33.6],[180.6,-33.61],[180.58,-33.65],[180.55,-33.7],[180.55,-33.71],[180.53,-33.75],[180.51,-33.8],[180.5,-33.81],[180.48,-33.85],[180.46,-33.9],[180.45,-33.91],[180.43,-33.95],[180.4,-34],[180.4,-34.01],[180.38,-34.05],[180.35,-34.1],[180.35,-34.11],[180.33,-34.15],[180.3,-34.2],[180.3,-34.21],[180.28,-34.25],[180.25,-34.3],[180.25,-34.31],[180.23,-34.35],[180.2,-34.4],[180.2,-34.41],[180.18,-34.45],[180.15,-34.5],[180.15,-34.51],[180.13,-34.55],[180.1,-34.6],[180.1,-34.61],[180.08,-34.65],[180.05,-34.7],[180.05,-34.71],[180.03,-34.75],[180,-34.8],[180,-34.81],[179.98,-34.85],[179.95,-34.9],[179.95,-34.9],[179.93,-34.95],[179.9,-35],[179.9,-35],[179.87,-35.05],[179.85,-35.09],[179.85,-35.1],[179.82,-35.15],[179.8,-35.19],[179.79,-35.2],[179.77,-35.25],[179.75,-35.28],[179.74,-35.3],[179.71,-35.35],[179.7,-35.38],[179.69,-35.4],[179.66,-35.45],[179.65,-35.47],[179.64,-35.5],[179.61,-35.55],[179.6,-35.57],[179.58,-35.6],[179.56,-35.65],[179.55,-35.66],[179.53,-35.7],[179.5,-35.75],[179.5,-35.76],[179.48,-35.8],[179.45,-35.85],[179.45,-35.85],[179.42,-35.9],[179.4,-35.93],[179.39,-35.95],[179.36,-36],[179.35,-36.02],[179.33,-36.05],[179.3,-36.1],[179.3,-36.1],[179.26,-36.15],[179.25,-36.17],[179.23,-36.2],[179.2,-36.24],[179.19,-36.25],[179.16,-36.3],[179.15,-36.31],[179.12,-36.35],[179.1,-36.37],[179.08,-36.4],[179.05,-36.43],[179.03,-36.45],[179,-36.49],[178.99,-36.5],[178.95,-36.54],[178.94,-36.55],[178.9,-36.6],[178.9,-36.6],[178.85,-36.65],[178.85,-36.65],[178.8,-36.7],[178.8,-36.7],[178.75,-36.75],[178.75,-36.75],[178.71,-36.8],[178.7,-36.81],[178.67,-36.85],[178.65,-36.87],[178.62,-36.9],[178.6,-36.93],[178.58,-36.95],[178.55,-36.99],[178.54,-37],[178.51,-37.05],[178.5,-37.06],[178.47,-37.1],[178.45,-37.13],[178.43,-37.15],[178.4,-37.19],[178.4,-37.2],[178.36,-37.25],[178.35,-37.26],[178.32,-37.3],[178.3,-37.33],[178.29,-37.35],[178.25,-37.4],[178.25,-37.4],[178.21,-37.45],[178.2,-37.46],[178.17,-37.5],[178.15,-37.52],[178.12,-37.55],[178.1,-37.58],[178.08,-37.6],[178.05,-37.63],[178.03,-37.65],[178,-37.68],[177.98,-37.7],[177.95,-37.73],[177.93,-37.75],[177.9,-37.78],[177.88,-37.8],[177.85,-37.82],[177.82,-37.85],[177.8,-37.86],[177.75,-37.9],[177.75,-37.9],[177.7,-37.94],[177.68,-37.95],[177.65,-37.97],[177.61,-38],[177.6,-38.01],[177.55,-38.04],[177.53,-38.05],[177.5,-38.07],[177.46,-38.1],[177.45,-38.1],[177.4,-38.14],[177.38,-38.15],[177.35,-38.17],[177.3,-38.2],[177.3,-38.2],[177.25,-38.24],[177.23,-38.25],[177.2,-38.27],[177.16,-38.3],[177.15,-38.31],[177.1,-38.34],[177.09,-38.35],[177.05,-38.38],[177.03,-38.4],[177,-38.42],[176.97,-38.45],[176.95,-38.46],[176.91,-38.5],[176.9,-38.51],[176.85,-38.55],[176.85,-38.55],[176.8,-38.6],[176.8,-38.6],[176.75,-38.65],[176.75,-38.65],[176.7,-38.7],[176.7,-38.7],[176.66,-38.75],[176.65,-38.76],[176.61,-38.8],[176.6,-38.81],[176.57,-38.85],[176.55,-38.87],[176.53,-38.9],[176.5,-38.93],[176.49,-38.95],[176.45,-38.99],[176.44,-39],[176.4,-39.05],[176.4,-39.05],[176.36,-39.1],[176.35,-39.11],[176.31,-39.15],[176.3,-39.17],[176.27,-39.2],[176.25,-39.22],[176.22,-39.25],[176.2,-39.27],[176.16,-39.3],[176.15,-39.31],[176.1,-39.35],[176.1,-39.35],[176.05,-39.39],[176.04,-39.4],[176,-39.43],[175.97,-39.45],[175.95,-39.47],[175.9,-39.5],[175.9,-39.5],[175.85,-39.54],[175.83,-39.55],[175.8,-39.57],[175.76,-39.6],[175.75,-39.61],[175.7,-39.65],[175.7,-39.65],[175.65,-39.69],[175.64,-39.7],[175.6,-39.73],[175.58,-39.75],[175.55,-39.78],[175.53,-39.8],[175.5,-39.84],[175.49,-39.85],[175.45,-39.9],[175.45,-39.9],[175.41,-39.95],[175.4,-39.97],[175.38,-40],[175.35,-40.04],[175.34,-40.05],[175.31,-40.1],[175.3,-40.11],[175.27,-40.15],[175.25,-40.18],[175.24,-40.2],[175.2,-40.25],[175.2,-40.25],[175.16,-40.3],[175.15,-40.32],[175.12,-40.35],[175.1,-40.37],[175.08,-40.4],[175.05,-40.43],[175.03,-40.45],[175,-40.48],[174.98,-40.5],[174.95,-40.52],[174.92,-40.55],[174.9,-40.57],[174.86,-40.6],[174.85,-40.61],[174.8,-40.64],[174.79,-40.65],[174.75,-40.68],[174.72,-40.7],[174.7,-40.72],[174.65,-40.75],[174.65,-40.75],[174.6,-40.78],[174.57,-40.8],[174.55,-40.82],[174.5,-40.85],[174.5,-40.85],[174.45,-40.88],[174.42,-40.9],[174.4,-40.91],[174.35,-40.95],[174.35,-40.95],[174.3,-40.98],[174.27,-41],[174.25,-41.01],[174.2,-41.04],[174.19,-41.05],[174.15,-41.07],[174.11,-41.1],[174.1,-41.11],[174.05,-41.14],[174.03,-41.15],[174,-41.16],[173.95,-41.19],[173.94,-41.2],[173.9,-41.22],[173.85,-41.25],[173.85,-41.25],[173.8,-41.28],[173.77,-41.3],[173.75,-41.31],[173.7,-41.34],[173.69,-41.35],[173.65,-41.37],[173.61,-41.4],[173.6,-41.41],[173.55,-41.44],[173.53,-41.45],[173.5,-41.47],[173.46,-41.5],[173.45,-41.51],[173.4,-41.55],[173.39,-41.55],[173.35,-41.58],[173.33,-41.6],[173.3,-41.62],[173.27,-41.65],[173.25,-41.66],[173.2,-41.7],[173.2,-41.7],[173.15,-41.74],[173.14,-41.75],[173.1,-41.78],[173.07,-41.8],[173.05,-41.81],[173,-41.85],[172.99,-41.85],[172.95,-41.88],[172.91,-41.9],[172.9,-41.91],[172.85,-41.93],[172.82,-41.95],[172.8,-41.96],[172.75,-41.98],[172.71,-42],[172.7,-42.01],[172.65,-42.03],[172.6,-42.04],[172.59,-42.05],[172.55,-42.06],[172.5,-42.08],[172.45,-42.1],[172.44,-42.1],[172.4,-42.11],[172.35,-42.13],[172.3,-42.15],[172.29,-42.15],[172.25,-42.16],[172.2,-42.18],[172.15,-42.2],[172.14,-42.2],[172.1,-42.21],[172.05,-42.23],[172,-42.25],[171.99,-42.25],[171.95,-42.27],[171.9,-42.29],[171.86,-42.3],[171.85,-42.3],[171.8,-42.32],[171.75,-42.35],[171.74,-42.35],[171.7,-42.37],[171.65,-42.39],[171.63,-42.4],[171.6,-42.42],[171.55,-42.44],[171.53,-42.45],[171.5,-42.47],[171.45,-42.5],[171.45,-42.5],[171.4,-42.53],[171.38,-42.55],[171.35,-42.57],[171.31,-42.6],[171.3,-42.61],[171.26,-42.65],[171.25,-42.66],[171.21,-42.7],[171.2,-42.71],[171.16,-42.75],[171.15,-42.77],[171.13,-42.8],[171.1,-42.84],[171.09,-42.85],[171.07,-42.9],[171.05,-42.93],[171.04,-42.95],[171.02,-43],[171,-43.05]]}},{"type":"Feature","properties":{"zone":"hin","depth_km":300},"geometry":{"type":"LineString","coordinates":[[69.7,37.03],[69.72,37.03],[69.74,37.02],[69.75,37.02],[69.76,37.02],[69.78,37.01],[69.8,37.01],[69.82,37.01],[69.84,37.01],[69.86,37],[69.88,37],[69.88,37],[69.9,37],[69.92,37],[69.94,36.99],[69.96,36.99],[69.98,36.99],[70,36.99],[70.02,36.99],[70.04,36.99],[70.06,36.99],[70.08,36.99],[70.1,36.99],[70.12,36.99],[70.14,36.99],[70.16,36.99],[70.18,36.99],[70.2,36.99],[70.22,36.99],[70.24,36.99],[70.26,36.99],[70.28,37],[70.3,37],[70.32,37],[70.32,37],[70.34,37],[70.36,37.01],[70.38,37.01],[70.4,37.02],[70.42,37.02],[70.42,37.02],[70.44,37.02],[70.46,37.03],[70.48,37.03],[70.5,37.04],[70.5,37.04],[70.52,37.05],[70.54,37.05],[70.56,37.06],[70.56,37.06],[70.58,37.07],[70.6,37.07],[70.61,37.08],[70.62,37.08],[70.64,37.09],[70.66,37.1],[70.66,37.1],[70.68,37.11],[70.7,37.12],[70.71,37.12],[70.72,37.13],[70.74,37.14],[70.75,37.14],[70.76,37.15],[70.78,37.16],[70.78,37.16],[70.8,37.17],[70.82,37.18],[70.82,37.18],[70.84,37.19],[70.85,37.2],[70.86,37.2],[70.88,37.22],[70.88,37.22],[70.9,37.23],[70.91,37.24],[70.92,37.24],[70.94,37.26],[70.94,37.26],[70.96,37.27],[70.97,37.28],[70.98,37.29]]}},{"type":"Feature","properties":{"zone":"hin","depth_km":200},"geometry":{"type":"LineString","coordinates":[[68.8,36.67],[68.82,36.68],[68.83,36.68],[68.84,36.68],[68.86,36.69],[68.88,36.7],[68.89,36.7],[68.9,36.7],[68.92,36.71],[68.94,36.71],[68.96,36.72],[68.96,36.72],[68.98,36.72],[69,36.73],[69.02,36.73],[69.04,36.73],[69.06,36.73],[69.08,36.73],[69.1,36.74],[69.12,36.74],[69.14,36.74],[69.16,36.74],[69.18,36.73],[69.2,36.73],[69.22,36.73],[69.24,36.73],[69.26,36.73],[69.28,36.72],[69.3,36.72],[69.3,36.72],[69.32,36.72],[69.34,36.71],[69.36,36.71],[69.38,36.71],[69.4,36.7],[69.41,36.7],[69.42,36.7],[69.44,36.69],[69.46,36.69],[69.48,36.68],[69.5,36.68],[69.5,36.68],[69.52,36.68],[69.54,36.67],[69.56,36.67],[69.58,36.67],[69.6,36.66],[69.61,36.66],[69.62,36.66],[69.64,36.66],[69.66,36.65],[69.68,36.65],[69.7,36.65],[69.72,36.65],[69.74,36.65],[69.76,36.65],[69.78,36.65],[69.8,36.65],[69.82,36.65],[69.84,36.65],[69.86,36.65],[69.88,36.65],[69.9,36.65],[69.92,36.65],[69.94,36.65],[69.96,36.66],[69.98,36.66],[70,36.66],[70,36.66],[70.02,36.66],[70.04,36.66],[70.06,36.67],[70.08,36.67],[70.1,36.67],[70.12,36.67],[70.14,36.68],[70.16,36.68],[70.16,36.68],[70.18,36.68],[70.2,36.69],[70.22,36.69],[70.24,36.69],[70.26,36.7],[70.28,36.7],[70.29,36.7],[70.3,36.7],[70.32,36.71],[70.34,36.71],[70.36,36.71],[70.38,36.72],[70.4,36.72],[70.4,36.72],[70.42,36.72],[70.44,36.73],[70.46,36.73],[70.48,36.74],[70.5,36.74],[70.5,36.74],[70.52,36.75],[70.54,36.75],[70.56,36.75],[70.58,36.76],[70.58,36.76],[70.6,36.76],[70.62,36.77],[70.64,36.77],[70.66,36.78],[70.66,36.78],[70.68,36.79],[70.7,36.79],[70.72,36.8],[70.73,36.8],[70.74,36.8],[70.76,36.81],[70.78,36.82],[70.79,36.82],[70.8,36.82],[70.82,36.83],[70.84,36.84],[70.85,36.84],[70.86,36.84],[70.88,36.85],[70.9,36.86],[70.9,36.86],[70.92,36.87],[70.94,36.87],[70.95,36.88],[70.96,36.88],[70.98,36.89],[71,36.9],[71,36.9],[71.02,36.91],[71.04,36.92],[71.05,36.92],[71.06,36.92],[71.08,36.93],[71.09,36.94],[71.1,36.94],[71.12,36.95],[71.14,36.96],[71.14,36.96],[71.16,36.97],[71.18,36.98],[71.18,36.98],[71.2,36.99],[71.22,37],[71.22,37],[71.24,37.01],[71.26,37.02],[71.27,37.02],[71.28,37.03],[71.3,37.04],[71.31,37.04],[71.32,37.04]]}},{"type":"Feature","properties":{"zone":"hin","depth_km":100},"geometry":{"type":"LineString","coordinates":[[68.74,36.2],[68.76,36.22],[68.76,36.22],[68.78,36.23],[68.79,36.24],[68.8,36.25],[68.82,36.26],[68.82,36.26],[68.84,36.27],[68.86,36.28],[68.86,36.28],[68.88,36.29],[68.9,36.29],[68.92,36.3],[68.92,36.3],[68.94,36.31],[68.96,36.31],[68.98,36.31],[69,36.31],[69.02,36.32],[69.04,36.32],[69.06,36.32],[69.08,36.32],[69.1,36.31],[69.12,36.31],[69.14,36.31],[69.16,36.3],[69.18,36.3],[69.18,36.3],[69.2,36.3],[69.22,36.29],[69.24,36.28],[69.26,36.28],[69.26,36.28],[69.28,36.27],[69.3,36.27],[69.32,36.26],[69.32,36.26],[69.34,36.25],[69.36,36.25],[69.38,36.24],[69.38,36.24],[69.4,36.23],[69.42,36.23],[69.44,36.22],[69.45,36.22],[69.46,36.22],[69.48,36.21],[69.5,36.21],[69.52,36.2],[69.54,36.2],[69.54,36.2],[69.56,36.2],[69.58,36.2],[69.6,36.19],[69.62,36.19],[69.64,36.19],[69.66,36.19],[69.68,36.2],[69.7,36.2],[69.72,36.2],[69.72,36.2],[69.74,36.2],[69.76,36.21],[69.78,36.21],[69.8,36.22],[69.8,36.22],[69.82,36.22],[69.84,36.23],[69.86,36.24],[69.87,36.24],[69.88,36.24],[69.9,36.25],[69.92,36.26],[69.93,36.26],[69.94,36.27],[69.96,36.27],[69.98,36.28],[69.98,36.28],[70,36.29],[70.02,36.3],[70.03,36.3],[70.04,36.3],[70.06,36.31],[70.08,36.32],[70.09,36.32],[70.1,36.32],[70.12,36.33],[70.14,36.34],[70.14,36.34],[70.16,36.35],[70.18,36.35],[70.2,36.36],[70.2,36.36],[70.22,36.37],[70.24,36.37],[70.26,36.38],[70.27,36.38],[70.28,36.38],[70.3,36.39],[70.32,36.39],[70.34,36.4],[70.34,36.4],[70.36,36.4],[70.38,36.41],[70.4,36.41],[70.42,36.42],[70.43,36.42],[70.44,36.42],[70.46,36.43],[70.48,36.43],[70.5,36.43],[70.52,36.44],[70.53,36.44],[70.54,36.44],[70.56,36.45],[70.58,36.45],[70.6,36.45],[70.62,36.46],[70.63,36.46],[70.64,36.46],[70.66,36.46],[70.68,36.47],[70.7,36.47],[70.72,36.48],[70.74,36.48],[70.74,36.48],[70.76,36.48],[70.78,36.49],[70.8,36.49],[70.82,36.5],[70.84,36.5],[70.84,36.5],[70.86,36.5],[70.88,36.51],[70.9,36.51],[70.92,36.52],[70.94,36.52],[70.94,36.52],[70.96,36.53],[70.98,36.53],[71,36.53],[71.02,36.54],[71.02,36.54],[71.04,36.54],[71.06,36.55],[71.08,36.55],[71.1,36.56],[71.1,36.56],[71.12,36.57],[71.14,36.57],[71.16,36.58],[71.17,36.58],[71.18,36.58],[71.2,36.59],[71.22,36.59],[71.24,36.6],[71.24,36.6],[71.26,36.6],[71.28,36.61],[71.3,36.62],[71.31,36.62],[71.32,36.62],[71.34,36.63],[71.36,36.63],[71.38,36.64],[71.39,36.64],[71.4,36.64],[71.42,36.65],[71.44,36.65],[71.46,36.66],[71.48,36.66],[71.48,36.66],[71.5,36.66],[71.52,36.67],[71.54,36.67],[71.56,36.67],[71.58,36.68],[71.6,36.68],[71.61,36.68],[71.62,36.68],[71.64,36.68],[71.66,36.68],[71.68,36.68],[71.7,36.68],[71.72,36.68],[71.74,36.68],[71.76,36.68],[71.78,36.68],[71.78,36.68],[71.8,36.68],[71.82,36.68]]}},{"type":"Feature","properties":{"zone":"hin","depth_km":40},"geometry":{"type":"LineString","coordinates":[[70.5,35.43],[70.48,35.43],[70.46,35.43],[70.44,35.44],[70.43,35.44],[70.42,35.44],[70.4,35.45],[70.38,35.45],[70.36,35.46],[70.34,35.46],[70.34,35.46],[70.32,35.46],[70.3,35.47],[70.28,35.47],[70.26,35.48],[70.26,35.48],[70.24,35.49],[70.22,35.49],[70.2,35.5],[70.19,35.5],[70.18,35.51],[70.16,35.52],[70.15,35.52],[70.14,35.53],[70.12,35.54],[70.12,35.54],[70.1,35.56],[70.1,35.56],[70.08,35.58],[70.08,35.59],[70.07,35.6],[70.07,35.62],[70.06,35.64],[70.06,35.66],[70.07,35.68],[70.07,35.7],[70.07,35.72],[70.08,35.74],[70.08,35.74],[70.09,35.76],[70.09,35.78],[70.1,35.8],[70.1,35.8],[70.11,35.82],[70.12,35.84],[70.12,35.84],[70.13,35.86],[70.14,35.87],[70.15,35.88],[70.16,35.9],[70.16,35.9],[70.17,35.92],[70.18,35.93],[70.19,35.94],[70.2,35.95],[70.21,35.96],[70.22,35.97],[70.23,35.98],[70.24,35.99],[70.25,36],[70.26,36.01],[70.27,36.02],[70.28,36.03],[70.29,36.04],[70.3,36.04],[70.32,36.06],[70.32,36.06],[70.34,36.07],[70.35,36.08],[70.36,36.08],[70.38,36.09],[70.39,36.1],[70.4,36.1],[70.42,36.11],[70.44,36.12],[70.44,36.12],[70.46,36.13],[70.48,36.14],[70.49,36.14],[70.5,36.14],[70.52,36.15],[70.54,36.15],[70.56,36.16],[70.57,36.16],[70.58,36.16],[70.6,36.17],[70.62,36.17],[70.64,36.17],[70.66,36.18],[70.67,36.18],[70.68,36.18],[70.7,36.18],[70.72,36.19],[70.74,36.19],[70.76,36.19],[70.78,36.19],[70.8,36.2],[70.82,36.2],[70.83,36.2],[70.84,36.2],[70.86,36.2],[70.88,36.21],[70.9,36.21],[70.92,36.21],[70.94,36.21],[70.96,36.21],[70.98,36.22],[71,36.22],[71.01,36.22],[71.02,36.22],[71.04,36.22],[71.06,36.23],[71.08,36.23],[71.1,36.23],[71.12,36.24],[71.14,36.24],[71.15,36.24],[71.16,36.24],[71.18,36.25],[71.2,36.25],[71.22,36.25],[71.24,36.26],[71.26,36.26],[71.26,36.26],[71.28,36.26],[71.3,36.27],[71.32,36.27],[71.34,36.27],[71.36,36.28],[71.38,36.28],[71.38,36.28],[71.4,36.28],[71.42,36.29],[71.44,36.29],[71.46,36.29],[71.48,36.29],[71.5,36.3],[71.52,36.3],[71.54,36.3],[71.56,36.3],[71.58,36.3],[71.6,36.3],[71.62,36.3],[71.64,36.3],[71.66,36.29],[71.68,36.29],[71.7,36.29],[71.72,36.28],[71.72,36.28],[71.74,36.27],[71.76,36.27],[71.77,36.26],[71.78,36.26],[71.8,36.24],[71.8,36.24],[71.82,36.23],[71.83,36.22],[71.84,36.2],[71.84,36.2],[71.85,36.18],[71.86,36.16]]}},{"type":"Feature","properties":{"zone":"mak","depth_km":100},"geometry":{"type":"LineString","coordinates":[[55.6,29.92],[55.65,29.94],[55.7,29.95],[55.73,29.95]]}},{"type":"Feature","properties":{"zone":"mak","depth_km":100},"geometry":{"type":"LineString","coordinates":[[55.94,29.95],[55.95,29.95],[56,29.94],[56.05,29.94],[56.1,29.93],[56.15,29.92],[56.2,29.92],[56.25,29.91],[56.28,29.9],[56.3,29.9],[56.35,29.89],[56.4,29.87],[56.45,29.86],[56.5,29.85],[56.51,29.85],[56.55,29.84],[56.6,29.83],[56.65,29.81],[56.7,29.8],[56.71,29.8],[56.75,29.79],[56.8,29.78],[56.85,29.76],[56.9,29.75],[56.91,29.75],[56.95,29.74],[57,29.73],[57.05,29.72],[57.1,29.71],[57.14,29.7],[57.15,29.7],[57.2,29.69],[57.25,29.68],[57.3,29.67],[57.35,29.66],[57.4,29.65],[57.41,29.65],[57.45,29.64],[57.5,29.63],[57.55,29.62],[57.6,29.61],[57.63,29.6],[57.65,29.59],[57.7,29.58],[57.75,29.56],[57.79,29.55],[57.8,29.55],[57.85,29.53],[57.9,29.51],[57.92,29.5],[57.95,29.49],[58,29.46],[58.03,29.45],[58.05,29.44],[58.1,29.41],[58.12,29.4],[58.15,29.38],[58.2,29.35],[58.21,29.35],[58.25,29.33],[58.29,29.3],[58.3,29.29],[58.35,29.26],[58.37,29.25],[58.4,29.23],[58.45,29.2],[58.45,29.2],[58.5,29.17],[58.53,29.15],[58.55,29.14],[58.6,29.1],[58.61,29.1],[58.65,29.07],[58.69,29.05],[58.7,29.04],[58.75,29.01],[58.77,29],[58.8,28.98],[58.85,28.96],[58.86,28.95],[58.9,28.93],[58.95,28.9],[58.96,28.9],[59,28.88],[59.05,28.86],[59.07,28.85],[59.1,28.84],[59.15,28.82],[59.2,28.8],[59.2,28.8],[59.25,28.78],[59.3,28.77],[59.35,28.75],[59.37,28.75],[59.4,28.74],[59.45,28.73],[59.5,28.72],[59.55,28.72],[59.6,28.71],[59.65,28.71],[59.7,28.7],[59.75,28.7],[59.8,28.7],[59.85,28.7],[59.9,28.7],[59.95,28.71],[60,28.71],[60.05,28.71],[60.1,28.72],[60.15,28.72],[60.2,28.73],[60.25,28.73],[60.3,28.74],[60.35,28.74],[60.4,28.75],[60.43,28.75],[60.45,28.75],[60.5,28.75],[60.55,28.76],[60.6,28.76],[60.65,28.76],[60.7,28.76],[60.75,28.75],[60.8,28.75],[60.81,28.75],[60.85,28.75],[60.9,28.74],[60.95,28.73],[61,28.73],[61.05,28.72],[61.1,28.71],[61.15,28.7],[61.16,28.7],[61.2,28.69],[61.25,28.69],[61.3,28.68],[61.35,28.67],[61.4,28.66],[61.45,28.66],[61.5,28.65],[61.53,28.65],[61.55,28.65],[61.6,28.64],[61.65,28.64],[61.7,28.64],[61.75,28.64],[61.8,28.64],[61.85,28.64],[61.9,28.64],[61.95,28.65],[61.99,28.65],[62,28.65],[62.05,28.66],[62.1,28.66],[62.15,28.67],[62.2,28.68],[62.25,28.69],[62.3,28.7],[62.31,28.7],[62.35,28.71],[62.4,28.72],[62.45,28.74],[62.5,28.75],[62.5,28.75],[62.55,28.77],[62.6,28.78],[62.64,28.8],[62.65,28.8],[62.7,28.82],[62.75,28.84],[62.77,28.85],[62.8,28.86],[62.85,28.88],[62.89,28.9],[62.9,28.9],[62.95,28.93],[63,28.95],[63,28.95],[63.05,28.97],[63.1,28.99],[63.11,29],[63.15,29.02],[63.2,29.04],[63.22,29.05],[63.25,29.06],[63.3,29.09],[63.33,29.1],[63.35,29.11],[63.4,29.13],[63.45,29.15],[63.45,29.15],[63.5,29.17],[63.55,29.19],[63.58,29.2],[63.6,29.21],[63.65,29.23],[63.7,29.24],[63.72,29.25],[63.75,29.26],[63.8,29.28],[63.85,29.29],[63.87,29.3],[63.9,29.31],[63.95,29.32],[64,29.34],[64.05,29.35],[64.06,29.35],[64.1,29.36],[64.15,29.37],[64.2,29.38],[64.25,29.4],[64.27,29.4],[64.3,29.41],[64.35,29.42],[64.4,29.43],[64.45,29.44],[64.5,29.45],[64.52,29.45],[64.55,29.46],[64.6,29.47],[64.65,29.48],[64.7,29.49],[64.75,29.5],[64.77,29.5],[64.8,29.51],[64.85,29.52],[64.9,29.53],[64.95,29.54],[65,29.55],[65.02,29.55],[65.05,29.56],[65.1,29.57],[65.15,29.58],[65.2,29.59],[65.25,29.6],[65.26,29.6],[65.3,29.61],[65.35,29.62],[65.4,29.63],[65.45,29.64],[65.5,29.65],[65.51,29.65],[65.55,29.66],[65.6,29.67],[65.65,29.68],[65.7,29.68],[65.75,29.69],[65.8,29.7],[65.81,29.7],[65.85,29.71],[65.9,29.71],[65.95,29.72],[66,29.72],[66.05,29.73],[66.1,29.73],[66.15,29.74],[66.2,29.74],[66.25,29.74],[66.3,29.75],[66.35,29.75],[66.35,29.75],[66.4,29.75],[66.45,29.75],[66.5,29.76],[66.55,29.76],[66.6,29.76],[66.65,29.76],[66.7,29.76],[66.75,29.76],[66.8,29.76],[66.85,29.76],[66.9,29.76],[66.95,29.76],[67,29.76],[67.05,29.76],[67.1,29.76],[67.15,29.76],[67.2,29.76],[67.25,29.76],[67.3,29.76],[67.35,29.76],[67.4,29.76],[67.45,29.76]]}},{"type":"Feature","properties":{"zone":"mak","depth_km":40},"geometry":{"type":"LineString","coordinates":[[56.2,27.66],[56.25,27.67],[56.3,27.68],[56.35,27.69],[56.4,27.7],[56.42,27.7],[56.45,27.71],[56.5,27.72],[56.55,27.73],[56.6,27.74],[56.65,27.75],[56.66,27.75],[56.7,27.76],[56.75,27.77],[56.8,27.78],[56.85,27.79],[56.88,27.8],[56.9,27.81],[56.95,27.81],[57,27.82],[57.05,27.83],[57.1,27.84],[57.15,27.84],[57.2,27.84],[57.25,27.84],[57.3,27.84],[57.35,27.83],[57.4,27.82],[57.45,27.81],[57.5,27.8],[57.51,27.8],[57.55,27.79],[57.6,27.77],[57.65,27.75],[57.66,27.75],[57.7,27.74],[57.75,27.72],[57.78,27.7],[57.8,27.69],[57.85,27.67],[57.89,27.65],[57.9,27.65],[57.95,27.62],[57.99,27.6],[58,27.6],[58.05,27.57],[58.09,27.55],[58.1,27.55],[58.15,27.52],[58.19,27.5],[58.2,27.49],[58.25,27.47],[58.29,27.45],[58.3,27.44],[58.35,27.42],[58.39,27.4],[58.4,27.4],[58.45,27.38],[58.5,27.35],[58.51,27.35],[58.55,27.34],[58.6,27.32],[58.65,27.3],[58.65,27.3],[58.7,27.28],[58.75,27.27],[58.8,27.25],[58.81,27.25],[58.85,27.24],[58.9,27.23],[58.95,27.21],[59,27.2],[59.01,27.2],[59.05,27.19],[59.1,27.18],[59.15,27.17],[59.2,27.16],[59.25,27.15],[59.25,27.15],[59.3,27.14],[59.35,27.13],[59.4,27.12],[59.45,27.11],[59.5,27.1],[59.52,27.1],[59.55,27.1],[59.6,27.09],[59.65,27.08],[59.7,27.07],[59.75,27.07],[59.8,27.06],[59.85,27.06],[59.9,27.05],[59.95,27.05],[59.96,27.05],[60,27.05],[60.05,27.05],[60.1,27.04],[60.15,27.04],[60.2,27.05],[60.25,27.05],[60.3,27.05],[60.32,27.05],[60.35,27.05],[60.4,27.06],[60.45,27.06],[60.5,27.07],[60.55,27.07],[60.6,27.08],[60.65,27.09],[60.7,27.1],[60.72,27.1],[60.75,27.1],[60.8,27.11],[60.85,27.12],[60.9,27.14],[60.95,27.15],[60.97,27.15],[61,27.16],[61.05,27.17],[61.1,27.18],[61.15,27.19],[61.2,27.2],[61.2,27.2],[61.25,27.21],[61.3,27.22],[61.35,27.23],[61.4,27.23],[61.45,27.24],[61.5,27.25],[61.51,27.25],[61.55,27.26],[61.6,27.26],[61.65,27.27],[61.7,27.27],[61.75,27.28],[61.8,27.29],[61.85,27.3],[61.87,27.3],[61.9,27.3],[61.95,27.31],[62,27.32],[62.05,27.34],[62.1,27.35],[62.1,27.35],[62.15,27.36],[62.2,27.38],[62.25,27.39],[62.27,27.4],[62.3,27.41],[62.35,27.43],[62.4,27.45],[62.41,27.45],[62.45,27.46],[62.5,27.48],[62.54,27.5],[62.55,27.5],[62.6,27.52],[62.65,27.54],[62.67,27.55],[62.7,27.56],[62.75,27.58],[62.8,27.6],[62.8,27.6],[62.85,27.62],[62.9,27.64],[62.92,27.65],[62.95,27.66],[63,27.69],[63.03,27.7],[63.05,27.71],[63.1,27.73],[63.14,27.75],[63.15,27.75],[63.2,27.78],[63.25,27.8],[63.25,27.8],[63.3,27.83],[63.35,27.85],[63.35,27.85],[63.4,27.88],[63.45,27.9],[63.45,27.9],[63.5,27.93],[63.55,27.95],[63.55,27.95],[63.6,27.97],[63.65,28],[63.66,28],[63.7,28.02],[63.75,28.04],[63.79,28.05],[63.8,28.05],[63.85,28.07],[63.9,28.08],[63.95,28.09],[63.98,28.1],[64,28.1],[64.05,28.11],[64.1,28.11],[64.15,28.12],[64.2,28.12],[64.25,28.11],[64.3,28.11],[64.35,28.1],[64.37,28.1],[64.4,28.1],[64.45,28.09],[64.5,28.08],[64.55,28.06],[64.6,28.05],[64.61,28.05],[64.65,28.04],[64.7,28.03],[64.75,28.01],[64.79,28],[64.8,28],[64.85,27.98],[64.9,27.97],[64.95,27.95],[64.95,27.95],[65,27.93],[65.05,27.92],[65.1,27.9],[65.1,27.9],[65.15,27.88],[65.2,27.86],[65.24,27.85],[65.25,27.85],[65.3,27.83],[65.35,27.81],[65.37,27.8],[65.4,27.79],[65.45,27.77],[65.5,27.75],[65.5,27.75],[65.55,27.73],[65.6,27.71],[65.61,27.7],[65.65,27.68],[65.7,27.66],[65.73,27.65],[65.75,27.64],[65.8,27.62],[65.83,27.6],[65.85,27.59],[65.9,27.57],[65.94,27.55],[65.95,27.54],[66,27.52],[66.04,27.5],[66.05,27.49],[66.1,27.47],[66.14,27.45],[66.15,27.45],[66.2,27.42],[66.25,27.4],[66.25,27.4],[66.3,27.38],[66.35,27.36],[66.36,27.35],[66.4,27.34],[66.45,27.32],[66.49,27.3],[66.5,27.3],[66.55,27.28],[66.6,27.27],[66.65,27.25],[66.65,27.25],[66.7,27.24],[66.75,27.22],[66.8,27.21],[66.83,27.2],[66.85,27.2],[66.9,27.18]]}},{"type":"Feature","properties":{"zone":"man","depth_km":100},"geometry":{"type":"LineString","coordinates":[[121.61,22.9],[121.61,22.88],[121.62,22.86],[121.62,22.84],[121.62,22.84],[121.62,22.82],[121.63,22.8],[121.63,22.78],[121.64,22.76],[121.64,22.74],[121.64,22.73],[121.64,22.72],[121.65,22.7],[121.65,22.68],[121.65,22.66],[121.65,22.64],[121.66,22.62],[121.66,22.6],[121.66,22.6],[121.66,22.58],[121.67,22.56],[121.67,22.54],[121.67,22.52],[121.67,22.5],[121.68,22.48],[121.68,22.46],[121.68,22.45],[121.68,22.44],[121.68,22.42],[121.69,22.4],[121.69,22.38],[121.69,22.36],[121.7,22.34],[121.7,22.32],[121.7,22.31],[121.7,22.3],[121.71,22.28],[121.71,22.26],[121.71,22.24],[121.71,22.22],[121.72,22.2],[121.72,22.19],[121.72,22.18],[121.73,22.16],[121.73,22.14],[121.73,22.12],[121.74,22.1],[121.74,22.08],[121.74,22.08],[121.74,22.06],[121.75,22.04],[121.75,22.02],[121.76,22],[121.76,21.98],[121.76,21.98],[121.76,21.96],[121.77,21.94],[121.77,21.92],[121.78,21.9],[121.78,21.89],[121.78,21.88],[121.79,21.86],[121.79,21.84],[121.8,21.82],[121.8,21.8],[121.8,21.8],[121.81,21.78],[121.81,21.76],[121.81,21.74],[121.82,21.72],[121.82,21.72],[121.82,21.7],[121.83,21.68],[121.83,21.66],[121.84,21.64],[121.84,21.63],[121.84,21.62],[121.85,21.6],[121.85,21.58],[121.86,21.56],[121.86,21.54],[121.86,21.54],[121.87,21.52],[121.87,21.5],[121.87,21.48],[121.88,21.46],[121.88,21.46],[121.88,21.44],[121.89,21.42],[121.89,21.4],[121.9,21.38],[121.9,21.37],[121.9,21.36],[121.91,21.34],[121.91,21.32],[121.92,21.3],[121.92,21.28],[121.92,21.28],[121.92,21.26],[121.93,21.24],[121.93,21.22],[121.94,21.2],[121.94,21.19],[121.94,21.18],[121.95,21.16],[121.95,21.14],[121.96,21.12],[121.96,21.1],[121.96,21.1],[121.96,21.08],[121.97,21.06],[121.97,21.04],[121.98,21.02],[121.98,21],[121.98,21],[121.98,20.98],[121.99,20.96],[121.99,20.94],[122,20.92],[122,20.9],[122,20.9],[122,20.88],[122.01,20.86],[122.01,20.84],[122.01,20.82],[122.02,20.8],[122.02,20.78],[122.02,20.78],[122.02,20.76],[122.03,20.74],[122.03,20.72],[122.03,20.7],[122.03,20.68],[122.04,20.66],[122.04,20.64],[122.04,20.63],[122.04,20.62],[122.04,20.6],[122.04,20.58],[122.05,20.56],[122.05,20.54],[122.05,20.52],[122.05,20.5],[122.05,20.48],[122.05,20.46],[122.05,20.44],[122.05,20.42],[122.05,20.4],[122.05,20.38],[122.05,20.36],[122.05,20.34],[122.05,20.32],[122.05,20.3],[122.05,20.28],[122.05,20.26],[122.04,20.24],[122.04,20.22],[122.04,20.2],[122.04,20.19],[122.04,20.18],[122.04,20.16],[122.03,20.14],[122.03,20.12],[122.03,20.1],[122.03,20.08],[122.02,20.06],[122.02,20.04],[122.02,20.02],[122.02,20.02],[122.02,20],[122.01,19.98],[122.01,19.96],[122.01,19.94],[122.01,19.92],[122.01,19.9],[122,19.88],[122,19.86],[122,19.84],[122,19.82],[122,19.81],[122,19.8],[122,19.78],[122,19.76],[122,19.74],[122,19.72],[122,19.7],[122,19.68],[122,19.66],[122,19.64],[122,19.63],[122,19.62],[122,19.6],[122,19.58],[122,19.56],[122.01,19.54],[122.01,19.52],[122.01,19.5],[122.01,19.48],[122.01,19.46],[122.01,19.44],[122.01,19.42],[122.01,19.4],[122.02,19.38],[122.02,19.36],[122.02,19.34],[122.02,19.32],[122.02,19.3],[122.02,19.28],[122.02,19.26],[122.01,19.24],[122.01,19.22],[122.01,19.2],[122.01,19.18],[122.01,19.16],[122,19.14],[122,19.13],[122,19.12],[122,19.1],[121.99,19.08],[121.99,19.06],[121.98,19.04],[121.98,19.03],[121.98,19.02],[121.97,19],[121.97,18.98],[121.96,18.96],[121.96,18.95],[121.96,18.94],[121.95,18.92],[121.95,18.9],[121.94,18.88],[121.94,18.87],[121.94,18.86],[121.93,18.84],[121.93,18.82],[121.92,18.8],[121.92,18.8],[121.91,18.78],[121.91,18.76],[121.9,18.74],[121.9,18.73],[121.9,18.72],[121.89,18.7],[121.89,18.68],[121.88,18.66],[121.88,18.66],[121.87,18.64],[121.87,18.62],[121.86,18.6],[121.86,18.59],[121.86,18.58],[121.85,18.56],[121.84,18.54],[121.84,18.53],[121.83,18.52],[121.83,18.5],[121.82,18.48],[121.82,18.48],[121.81,18.46],[121.8,18.44],[121.8,18.43],[121.79,18.42],[121.79,18.4],[121.78,18.39],[121.78,18.38],[121.77,18.36],[121.76,18.35],[121.76,18.34],[121.75,18.32],[121.74,18.31],[121.73,18.3],[121.72,18.28],[121.72,18.27],[121.71,18.26],[121.7,18.24],[121.7,18.24],[121.69,18.22],[121.68,18.21],[121.67,18.2],[121.66,18.18],[121.66,18.18],[121.65,18.16],[121.64,18.15],[121.63,18.14],[121.62,18.12],[121.62,18.12],[121.61,18.1],[121.6,18.09],[121.59,18.08],[121.58,18.06],[121.58,18.06],[121.57,18.04],[121.56,18.03],[121.55,18.02],[121.54,18],[121.54,18],[121.52,17.98],[121.52,17.98],[121.51,17.96],[121.5,17.95],[121.49,17.94],[121.48,17.92],[121.48,17.92],[121.47,17.9],[121.46,17.89],[121.45,17.88],[121.44,17.86],[121.44,17.86],[121.43,17.84],[121.42,17.83],[121.41,17.82],[121.4,17.8],[121.4,17.8],[121.39,17.78],[121.38,17.77],[121.37,17.76],[121.36,17.74],[121.36,17.74],[121.35,17.72],[121.34,17.71],[121.33,17.7],[121.32,17.68],[121.32,17.68],[121.31,17.66],[121.3,17.65],[121.3,17.64],[121.28,17.62],[121.28,17.61],[121.27,17.6],[121.26,17.58],[121.26,17.58],[121.25,17.56],[121.24,17.55],[121.23,17.54],[121.22,17.52],[121.22,17.52],[121.21,17.5],[121.2,17.48],[121.2,17.48],[121.19,17.46],[121.18,17.45],[121.17,17.44],[121.16,17.42],[121.16,17.41],[121.15,17.4],[121.14,17.38],[121.14,17.38],[121.13,17.36],[121.12,17.34],[121.12,17.34],[121.11,17.32],[121.1,17.31],[121.1,17.3],[121.09,17.28],[121.08,17.27],[121.07,17.26],[121.06,17.24],[121.06,17.23],[121.05,17.22],[121.04,17.2],[121.04,17.19],[121.03,17.18],[121.02,17.16],[121.02,17.15],[121.01,17.14],[121.01,17.12],[121,17.11],[121,17.1],[120.99,17.08],[120.98,17.06],[120.98,17.06],[120.97,17.04],[120.96,17.02],[120.96,17.02],[120.95,17],[120.94,16.98],[120.94,16.97],[120.94,16.96],[120.93,16.94],[120.92,16.92],[120.92,16.92],[120.91,16.9],[120.91,16.88],[120.9,16.86],[120.9,16.86],[120.89,16.84],[120.89,16.82],[120.88,16.8],[120.88,16.8],[120.87,16.78],[120.87,16.76],[120.86,16.74],[120.86,16.74],[120.85,16.72],[120.85,16.7],[120.84,16.68],[120.84,16.68],[120.83,16.66],[120.83,16.64],[120.82,16.62],[120.82,16.62],[120.81,16.6],[120.81,16.58],[120.8,16.56],[120.8,16.55],[120.8,16.54],[120.79,16.52],[120.78,16.5],[120.78,16.49],[120.78,16.48],[120.77,16.46],[120.76,16.44],[120.76,16.42],[120.76,16.42],[120.75,16.4],[120.75,16.38],[120.74,16.36],[120.74,16.36],[120.73,16.34],[120.73,16.32],[120.72,16.3],[120.72,16.29],[120.72,16.28],[120.71,16.26],[120.7,16.24],[120.7,16.23],[120.7,16.22],[120.69,16.2],[120.68,16.18],[120.68,16.17],[120.68,16.16],[120.67,16.14],[120.67,16.12],[120.66,16.1],[120.66,16.1],[120.65,16.08],[120.65,16.06],[120.64,16.04],[120.64,16.04],[120.63,16.02],[120.63,16],[120.62,15.98],[120.62,15.97],[120.62,15.96],[120.61,15.94],[120.6,15.92],[120.6,15.91],[120.6,15.9],[120.59,15.88],[120.59,15.86],[120.58,15.84],[120.58,15.84],[120.58,15.82],[120.57,15.8],[120.56,15.78],[120.56,15.76],[120.56,15.76],[120.55,15.74],[120.55,15.72],[120.54,15.7],[120.54,15.69],[120.54,15.68],[120.53,15.66],[120.53,15.64],[120.52,15.62],[120.52,15.6],[120.52,15.6],[120.52,15.58],[120.51,15.56],[120.51,15.54],[120.5,15.52],[120.5,15.5],[120.5,15.5],[120.5,15.48],[120.49,15.46],[120.49,15.44],[120.49,15.42],[120.48,15.4],[120.48,15.38],[120.48,15.38],[120.48,15.36],[120.48,15.34],[120.47,15.32],[120.47,15.3],[120.47,15.28],[120.47,15.26],[120.46,15.24],[120.46,15.22],[120.46,15.2],[120.46,15.18],[120.46,15.18],[120.46,15.16],[120.46,15.14],[120.46,15.12],[120.46,15.1],[120.46,15.08],[120.46,15.06],[120.46,15.04],[120.46,15.02],[120.46,15],[120.46,14.98],[120.46,14.96],[120.46,14.94],[120.46,14.92],[120.46,14.9],[120.46,14.9],[120.46,14.88],[120.46,14.86],[120.46,14.84],[120.47,14.82],[120.47,14.8],[120.47,14.78],[120.47,14.76],[120.48,14.74],[120.48,14.72],[120.48,14.71],[120.48,14.7],[120.48,14.68],[120.49,14.66],[120.49,14.64],[120.49,14.62],[120.5,14.6],[120.5,14.59],[120.5,14.58],[120.5,14.56],[120.51,14.54],[120.51,14.52],[120.52,14.5],[120.52,14.48],[120.52,14.48],[120.53,14.46],[120.53,14.44],[120.53,14.42],[120.54,14.4],[120.54,14.39],[120.54,14.38],[120.55,14.36],[120.55,14.34],[120.56,14.32],[120.56,14.31],[120.56,14.3],[120.57,14.28],[120.57,14.26],[120.58,14.24],[120.58,14.23],[120.58,14.22],[120.59,14.2],[120.59,14.18],[120.6,14.16],[120.6,14.16],[120.61,14.14],[120.61,14.12],[120.62,14.1],[120.62,14.09],[120.62,14.08],[120.63,14.06],[120.64,14.04],[120.64,14.03],[120.64,14.02],[120.65,14],[120.66,13.98],[120.66,13.97],[120.66,13.96],[120.67,13.94],[120.68,13.92],[120.68,13.92],[120.69,13.9],[120.69,13.88],[120.7,13.86],[120.7,13.86],[120.71,13.84],[120.72,13.82],[120.72,13.81],[120.72,13.8],[120.73,13.78],[120.74,13.76],[120.74,13.76],[120.75,13.74],[120.75,13.72],[120.76,13.7],[120.76,13.7],[120.77,13.68],[120.77,13.66],[120.78,13.64],[120.78,13.64],[120.79,13.62],[120.79,13.6],[120.8,13.58],[120.8,13.58],[120.81,13.56],[120.81,13.54],[120.82,13.52],[120.82,13.52],[120.82,13.5],[120.83,13.48],[120.84,13.46],[120.84,13.44],[120.84,13.44],[120.85,13.42],[120.85,13.4],[120.85,13.38]]}},{"type":"Feature","properties":{"zone":"man","depth_km":40},"geometry":{"type":"LineString","coordinates":[[121.16,22.92],[121.16,22.92],[121.17,22.9],[121.17,22.88],[121.18,22.86],[121.18,22.86],[121.19,22.84],[121.19,22.82],[121.2,22.8],[121.2,22.79],[121.2,22.78],[121.21,22.76],[121.21,22.74],[121.22,22.72],[121.22,22.71],[121.22,22.7],[121.23,22.68],[121.23,22.66],[121.23,22.64],[121.24,22.62],[121.24,22.6],[121.24,22.6],[121.24,22.58],[121.25,22.56],[121.25,22.54],[121.25,22.52],[121.26,22.5],[121.26,22.48],[121.26,22.48],[121.26,22.46],[121.27,22.44],[121.27,22.42],[121.27,22.4],[121.28,22.38],[121.28,22.36],[121.28,22.36],[121.28,22.34],[121.29,22.32],[121.29,22.3],[121.29,22.28],[121.3,22.26],[121.3,22.25],[121.3,22.24],[121.31,22.22],[121.31,22.2],[121.31,22.18],[121.32,22.16],[121.32,22.15],[121.32,22.14],[121.33,22.12],[121.33,22.1],[121.33,22.08],[121.34,22.06],[121.34,22.06],[121.34,22.04],[121.35,22.02],[121.35,22],[121.36,21.98],[121.36,21.96],[121.36,21.96],[121.36,21.94],[121.37,21.92],[121.37,21.9],[121.38,21.88],[121.38,21.86],[121.38,21.86],[121.38,21.84],[121.39,21.82],[121.39,21.8],[121.39,21.78],[121.4,21.76],[121.4,21.74],[121.4,21.74],[121.4,21.72],[121.41,21.7],[121.41,21.68],[121.41,21.66],[121.41,21.64],[121.41,21.62],[121.42,21.6],[121.42,21.58],[121.42,21.56],[121.42,21.54],[121.42,21.54],[121.42,21.52],[121.42,21.5],[121.42,21.48],[121.42,21.46],[121.42,21.44],[121.42,21.42],[121.42,21.4],[121.42,21.38],[121.42,21.36],[121.42,21.34],[121.42,21.33],[121.42,21.32],[121.42,21.3],[121.42,21.28],[121.42,21.26],[121.42,21.24],[121.42,21.22],[121.41,21.2],[121.41,21.18],[121.41,21.16],[121.41,21.14],[121.41,21.12],[121.41,21.1],[121.41,21.08],[121.41,21.06],[121.41,21.04],[121.41,21.02],[121.41,21],[121.41,20.98],[121.41,20.96],[121.41,20.94],[121.41,20.92],[121.41,20.9],[121.41,20.88],[121.41,20.86],[121.42,20.84],[121.42,20.82],[121.42,20.8],[121.42,20.78],[121.42,20.77],[121.42,20.76],[121.42,20.74],[121.42,20.72],[121.42,20.7],[121.43,20.68],[121.43,20.66],[121.43,20.64],[121.43,20.62],[121.43,20.6],[121.43,20.58],[121.43,20.56],[121.44,20.54],[121.44,20.52],[121.44,20.5],[121.44,20.48],[121.44,20.46],[121.44,20.45],[121.44,20.44],[121.44,20.42],[121.44,20.4],[121.44,20.38],[121.44,20.36],[121.44,20.34],[121.44,20.32],[121.44,20.3],[121.44,20.28],[121.44,20.26],[121.44,20.24],[121.44,20.22],[121.44,20.2],[121.44,20.2],[121.44,20.18],[121.44,20.16],[121.44,20.14],[121.44,20.12],[121.43,20.1],[121.43,20.08],[121.43,20.06],[121.43,20.04],[121.43,20.02],[121.43,20],[121.42,19.98],[121.42,19.96],[121.42,19.95],[121.42,19.94],[121.42,19.92],[121.41,19.9],[121.41,19.88],[121.41,19.86],[121.41,19.84],[121.4,19.82],[121.4,19.8],[121.4,19.8],[121.4,19.78],[121.39,19.76],[121.39,19.74],[121.39,19.72],[121.38,19.7],[121.38,19.68],[121.38,19.68],[121.38,19.66],[121.37,19.64],[121.37,19.62],[121.37,19.6],[121.36,19.58],[121.36,19.56],[121.36,19.56],[121.36,19.54],[121.35,19.52],[121.35,19.5],[121.34,19.48],[121.34,19.46],[121.34,19.46],[121.34,19.44],[121.33,19.42],[121.33,19.4],[121.32,19.38],[121.32,19.36],[121.32,19.36],[121.31,19.34],[121.31,19.32],[121.3,19.3],[121.3,19.28],[121.3,19.28],[121.29,19.26],[121.29,19.24],[121.28,19.22],[121.28,19.21],[121.28,19.2],[121.27,19.18],[121.27,19.16],[121.26,19.14],[121.26,19.14],[121.25,19.12],[121.24,19.1],[121.24,19.09],[121.24,19.08],[121.23,19.06],[121.22,19.04],[121.22,19.04],[121.21,19.02],[121.21,19],[121.2,18.99],[121.2,18.98],[121.19,18.96],[121.18,18.94],[121.18,18.94],[121.17,18.92],[121.16,18.9],[121.16,18.9],[121.15,18.88],[121.14,18.87],[121.14,18.86],[121.13,18.84],[121.12,18.83],[121.11,18.82],[121.1,18.8],[121.1,18.8],[121.09,18.78],[121.08,18.76],[121.08,18.76],[121.07,18.74],[121.06,18.73],[121.05,18.72],[121.04,18.7],[121.04,18.7],[121.03,18.68],[121.02,18.67],[121.01,18.66],[121,18.64],[121,18.64],[120.98,18.62],[120.98,18.62],[120.97,18.6],[120.96,18.59],[120.95,18.58],[120.94,18.56],[120.94,18.56],[120.93,18.54],[120.92,18.53],[120.91,18.52],[120.9,18.51],[120.9,18.5],[120.88,18.48],[120.88,18.48],[120.87,18.46],[120.86,18.45],[120.85,18.44],[120.84,18.42],[120.84,18.42],[120.82,18.4],[120.82,18.4],[120.81,18.38],[120.8,18.37],[120.79,18.36],[120.78,18.34],[120.78,18.34],[120.76,18.32],[120.76,18.31],[120.75,18.3],[120.74,18.29],[120.74,18.28],[120.72,18.26],[120.72,18.26],[120.71,18.24],[120.7,18.23],[120.7,18.22],[120.68,18.2],[120.68,18.2],[120.67,18.18],[120.66,18.16],[120.66,18.16],[120.65,18.14],[120.64,18.13],[120.63,18.12],[120.62,18.1],[120.62,18.1],[120.61,18.08],[120.6,18.06],[120.6,18.06],[120.59,18.04],[120.58,18.03],[120.58,18.02],[120.57,18],[120.56,17.99],[120.55,17.98],[120.54,17.96],[120.54,17.95],[120.53,17.94],[120.52,17.92],[120.52,17.91],[120.51,17.9],[120.5,17.88],[120.5,17.87],[120.5,17.86],[120.49,17.84],[120.48,17.83],[120.48,17.82],[120.47,17.8],[120.46,17.78],[120.46,17.78],[120.45,17.76],[120.44,17.74],[120.44,17.73],[120.44,17.72],[120.43,17.7],[120.42,17.68],[120.42,17.68],[120.41,17.66],[120.4,17.64],[120.4,17.63],[120.4,17.62],[120.39,17.6],[120.38,17.58],[120.38,17.57],[120.38,17.56],[120.37,17.54],[120.36,17.52],[120.36,17.51],[120.36,17.5],[120.35,17.48],[120.34,17.46],[120.34,17.45],[120.34,17.44],[120.33,17.42],[120.33,17.4],[120.32,17.38],[120.32,17.37],[120.32,17.36],[120.31,17.34],[120.31,17.32],[120.3,17.3],[120.3,17.29],[120.3,17.28],[120.29,17.26],[120.29,17.24],[120.29,17.22],[120.28,17.2],[120.28,17.19],[120.28,17.18],[120.27,17.16],[120.27,17.14],[120.27,17.12],[120.26,17.1],[120.26,17.08],[120.26,17.07],[120.26,17.06],[120.26,17.04],[120.25,17.02],[120.25,17],[120.25,16.98],[120.25,16.96],[120.24,16.94],[120.24,16.92],[120.24,16.92],[120.24,16.9],[120.23,16.88],[120.23,16.86],[120.23,16.84],[120.23,16.82],[120.22,16.8],[120.22,16.78],[120.22,16.78],[120.22,16.76],[120.21,16.74],[120.21,16.72],[120.21,16.7],[120.2,16.68],[120.2,16.67],[120.2,16.66],[120.2,16.64],[120.19,16.62],[120.19,16.6],[120.18,16.58],[120.18,16.57],[120.18,16.56],[120.17,16.54],[120.17,16.52],[120.16,16.5],[120.16,16.49],[120.16,16.48],[120.15,16.46],[120.15,16.44],[120.14,16.42],[120.14,16.41],[120.14,16.4],[120.13,16.38],[120.13,16.36],[120.12,16.34],[120.12,16.33],[120.12,16.32],[120.11,16.3],[120.11,16.28],[120.1,16.26],[120.1,16.25],[120.1,16.24],[120.09,16.22],[120.09,16.2],[120.08,16.18],[120.08,16.17],[120.08,16.16],[120.07,16.14],[120.07,16.12],[120.06,16.1],[120.06,16.08],[120.06,16.08],[120.06,16.06],[120.05,16.04],[120.05,16.02],[120.04,16],[120.04,15.98],[120.04,15.98],[120.04,15.96],[120.03,15.94],[120.03,15.92],[120.03,15.9],[120.02,15.88],[120.02,15.86],[120.02,15.86],[120.02,15.84],[120.01,15.82],[120.01,15.8],[120.01,15.78],[120.01,15.76],[120,15.74],[120,15.72],[120,15.72],[120,15.7],[119.99,15.68],[119.99,15.66],[119.99,15.64],[119.99,15.62],[119.98,15.6],[119.98,15.58],[119.98,15.57],[119.98,15.56],[119.98,15.54],[119.97,15.52],[119.97,15.5],[119.97,15.48],[119.97,15.46],[119.97,15.44],[119.96,15.42],[119.96,15.4],[119.96,15.39],[119.96,15.38],[119.96,15.36],[119.96,15.34],[119.95,15.32],[119.95,15.3],[119.95,15.28],[119.95,15.26],[119.95,15.24],[119.95,15.22],[119.94,15.2],[119.94,15.18],[119.94,15.16],[119.94,15.14],[119.94,15.13],[119.94,15.12],[119.94,15.1],[119.94,15.08],[119.94,15.06],[119.94,15.04],[119.94,15.02],[119.94,15],[119.94,14.98],[119.94,14.96],[119.94,14.94],[119.94,14.92],[119.94,14.92],[119.94,14.9],[119.94,14.88],[119.94,14.86],[119.95,14.84],[119.95,14.82],[119.95,14.8],[119.95,14.78],[119.95,14.76],[119.96,14.74],[119.96,14.72],[119.96,14.72],[119.96,14.7],[119.97,14.68],[119.97,14.66],[119.97,14.64],[119.98,14.62],[119.98,14.61],[119.98,14.6],[119.99,14.58],[119.99,14.56],[120,14.54],[120,14.53],[120,14.52],[120.01,14.5],[120.01,14.48],[120.02,14.46],[120.02,14.45],[120.02,14.44],[120.03,14.42],[120.03,14.4],[120.04,14.38],[120.04,14.38],[120.05,14.36],[120.05,14.34],[120.06,14.32],[120.06,14.31],[120.06,14.3],[120.07,14.28],[120.08,14.26],[120.08,14.25],[120.08,14.24],[120.09,14.22],[120.09,14.2],[120.1,14.18],[120.1,14.18],[120.11,14.16],[120.11,14.14],[120.12,14.12],[120.12,14.12],[120.13,14.1],[120.13,14.08],[120.14,14.07],[120.14,14.06],[120.15,14.04],[120.16,14.02],[120.16,14.01],[120.16,14],[120.17,13.98],[120.18,13.96],[120.18,13.96],[120.19,13.94],[120.2,13.92],[120.2,13.91],[120.2,13.9],[120.21,13.88],[120.22,13.86],[120.22,13.86],[120.23,13.84],[120.24,13.82],[120.24,13.82],[120.25,13.8],[120.26,13.78],[120.26,13.77],[120.27,13.76],[120.28,13.74],[120.28,13.73],[120.29,13.72],[120.3,13.7],[120.3,13.69],[120.31,13.68],[120.32,13.66],[120.32,13.65],[120.33,13.64],[120.33,13.62],[120.34,13.61],[120.34,13.6],[120.35,13.58],[120.36,13.56],[120.36,13.56],[120.37,13.54],[120.38,13.52],[120.38,13.52],[120.39,13.5],[120.39,13.48],[120.4,13.47],[120.4,13.46],[120.41,13.44],[120.42,13.42],[120.42,13.4],[120.42,13.4],[120.43,13.38],[120.43,13.36],[120.44,13.34],[120.44,13.33],[120.44,13.32],[120.44,13.3]]}},{"type":"Feature","properties":{"zone":"sco","depth_km":300},"geometry":{"type":"LineString","coordinates":[[331.35,-56.99],[331.36,-57],[331.4,-57.04],[331.41,-57.05],[331.45,-57.09],[331.46,-57.1],[331.5,-57.14],[331.51,-57.15]]}},{"type":"Feature","properties":{"zone":"sco","depth_km":300},"geometry":{"type":"LineString","coordinates":[[331.65,-59.1],[331.65,-59.1],[331.7,-59.05],[331.7,-59.05]]}},{"type":"Feature","properties":{"zone":"sco","depth_km":300},"geometry":{"type":"LineString","coordinates":[[331.45,-59.25],[331.45,-59.25],[331.5,-59.22],[331.53,-59.2]]}},{"type":"Feature","properties":{"zone":"sco","depth_km":200},"geometry":{"type":"LineString","coordinates":[[329.75,-56.2],[329.8,-56.2],[329.85,-56.2],[329.9,-56.2],[329.91,-56.2],[329.95,-56.2],[330,-56.2],[330.05,-56.21],[330.1,-56.21],[330.15,-56.21],[330.2,-56.21],[330.25,-56.21],[330.3,-56.22],[330.35,-56.22],[330.4,-56.22],[330.45,-56.23],[330.5,-56.23],[330.55,-56.24],[330.6,-56.24],[330.65,-56.25],[330.68,-56.25],[330.7,-56.25],[330.75,-56.26],[330.8,-56.27],[330.85,-56.28],[330.9,-56.29],[330.95,-56.3],[330.96,-56.3],[331,-56.31],[331.05,-56.32],[331.1,-56.34],[331.14,-56.35],[331.15,-56.35],[331.2,-56.37],[331.25,-56.39],[331.28,-56.4],[331.3,-56.41],[331.35,-56.43],[331.4,-56.45],[331.4,-56.45],[331.45,-56.48],[331.49,-56.5],[331.5,-56.5],[331.55,-56.53],[331.58,-56.55],[331.6,-56.57],[331.65,-56.6],[331.65,-56.6],[331.7,-56.64],[331.72,-56.65],[331.75,-56.68],[331.77,-56.7],[331.8,-56.72],[331.83,-56.75],[331.85,-56.77],[331.88,-56.8],[331.9,-56.83],[331.92,-56.85],[331.95,-56.88],[331.96,-56.9],[332,-56.95],[332,-56.95],[332.04,-57],[332.05,-57.01],[332.08,-57.05],[332.1,-57.09],[332.11,-57.1],[332.14,-57.15],[332.15,-57.16],[332.17,-57.2],[332.2,-57.24],[332.2,-57.25],[332.23,-57.3],[332.25,-57.33],[332.26,-57.35],[332.29,-57.4],[332.3,-57.42],[332.31,-57.45],[332.34,-57.5],[332.35,-57.52],[332.36,-57.55],[332.39,-57.6],[332.4,-57.62],[332.41,-57.65],[332.44,-57.7],[332.45,-57.73],[332.46,-57.75],[332.48,-57.8],[332.5,-57.85],[332.5,-57.85],[332.52,-57.9],[332.54,-57.95],[332.55,-57.96],[332.57,-58],[332.58,-58.05],[332.6,-58.09],[332.6,-58.1],[332.62,-58.15],[332.64,-58.2],[332.65,-58.24],[332.65,-58.25],[332.66,-58.3],[332.68,-58.35],[332.68,-58.4],[332.69,-58.45],[332.7,-58.5],[332.7,-58.55],[332.7,-58.6],[332.69,-58.65],[332.69,-58.7],[332.68,-58.75],[332.66,-58.8],[332.65,-58.84],[332.65,-58.85],[332.63,-58.9],[332.6,-58.95],[332.6,-58.95],[332.57,-59],[332.55,-59.03],[332.54,-59.05],[332.5,-59.1],[332.5,-59.1],[332.45,-59.15],[332.45,-59.15],[332.4,-59.2],[332.4,-59.2],[332.35,-59.25],[332.35,-59.25],[332.3,-59.29],[332.29,-59.3],[332.25,-59.33],[332.23,-59.35],[332.2,-59.37],[332.16,-59.4],[332.15,-59.41],[332.1,-59.44],[332.08,-59.45],[332.05,-59.47],[332,-59.5],[332,-59.5],[331.95,-59.53],[331.92,-59.55],[331.9,-59.56],[331.85,-59.59],[331.83,-59.6],[331.8,-59.61],[331.75,-59.64],[331.73,-59.65],[331.7,-59.66],[331.65,-59.69],[331.62,-59.7],[331.6,-59.71],[331.55,-59.73],[331.51,-59.75],[331.5,-59.75],[331.45,-59.77],[331.4,-59.8],[331.39,-59.8],[331.35,-59.82],[331.3,-59.84],[331.26,-59.85],[331.25,-59.85],[331.2,-59.87],[331.15,-59.89],[331.13,-59.9],[331.1,-59.91],[331.05,-59.93],[331,-59.95],[331,-59.95],[330.95,-59.97],[330.9,-59.99],[330.86,-60],[330.85,-60.01],[330.8,-60.02],[330.75,-60.04],[330.74,-60.05],[330.7,-60.06],[330.65,-60.09],[330.61,-60.1],[330.6,-60.11],[330.55,-60.13],[330.5,-60.15],[330.5,-60.15],[330.45,-60.17],[330.4,-60.19],[330.38,-60.2],[330.35,-60.22],[330.3,-60.24],[330.27,-60.25],[330.25,-60.26],[330.2,-60.28]]}},{"type":"Feature","properties":{"zone":"sco","depth_km":100},"geometry":{"type":"LineString","coordinates":[[330.4,-55.74],[330.44,-55.75],[330.45,-55.75],[330.5,-55.76],[330.55,-55.77],[330.6,-55.78],[330.65,-55.79],[330.7,-55.79],[330.74,-55.8],[330.75,-55.8],[330.8,-55.81],[330.85,-55.82],[330.9,-55.83],[330.95,-55.84],[331,-55.84],[331.03,-55.85],[331.05,-55.85],[331.1,-55.86],[331.15,-55.87],[331.2,-55.88],[331.25,-55.9],[331.26,-55.9],[331.3,-55.91],[331.35,-55.92],[331.4,-55.93],[331.45,-55.95],[331.46,-55.95],[331.5,-55.96],[331.55,-55.98],[331.6,-55.99],[331.62,-56],[331.65,-56.01],[331.7,-56.03],[331.75,-56.04],[331.77,-56.05],[331.8,-56.06],[331.85,-56.08],[331.89,-56.1],[331.9,-56.1],[331.95,-56.12],[332,-56.15],[332.01,-56.15],[332.05,-56.17],[332.1,-56.2],[332.11,-56.2],[332.15,-56.22],[332.2,-56.25],[332.2,-56.25],[332.25,-56.28],[332.29,-56.3],[332.3,-56.31],[332.35,-56.34],[332.37,-56.35],[332.4,-56.37],[332.44,-56.4],[332.45,-56.4],[332.5,-56.44],[332.51,-56.45],[332.55,-56.48],[332.58,-56.5],[332.6,-56.52],[332.64,-56.55],[332.65,-56.56],[332.7,-56.6],[332.7,-56.6],[332.75,-56.64],[332.76,-56.65],[332.8,-56.69],[332.81,-56.7],[332.85,-56.74],[332.86,-56.75],[332.9,-56.8],[332.9,-56.8],[332.94,-56.85],[332.95,-56.86],[332.98,-56.9],[333,-56.93],[333.01,-56.95],[333.04,-57],[333.05,-57.01],[333.07,-57.05],[333.1,-57.1],[333.1,-57.1],[333.12,-57.15],[333.15,-57.2],[333.15,-57.21],[333.17,-57.25],[333.19,-57.3],[333.2,-57.33],[333.21,-57.35],[333.23,-57.4],[333.25,-57.45],[333.25,-57.46],[333.27,-57.5],[333.28,-57.55],[333.3,-57.6],[333.3,-57.6],[333.32,-57.65],[333.34,-57.7],[333.35,-57.73],[333.36,-57.75],[333.38,-57.8],[333.4,-57.85],[333.4,-57.86],[333.42,-57.9],[333.44,-57.95],[333.45,-57.98],[333.46,-58],[333.48,-58.05],[333.5,-58.1],[333.5,-58.11],[333.52,-58.15],[333.53,-58.2],[333.55,-58.25],[333.55,-58.25],[333.57,-58.3],[333.58,-58.35],[333.59,-58.4],[333.6,-58.43],[333.6,-58.45],[333.61,-58.5],[333.62,-58.55],[333.62,-58.6],[333.62,-58.65],[333.62,-58.7],[333.61,-58.75],[333.6,-58.8],[333.6,-58.82],[333.59,-58.85],[333.58,-58.9],[333.56,-58.95],[333.55,-58.99],[333.54,-59],[333.52,-59.05],[333.5,-59.09],[333.5,-59.1],[333.47,-59.15],[333.45,-59.18],[333.44,-59.2],[333.4,-59.25],[333.4,-59.25],[333.36,-59.3],[333.35,-59.31],[333.32,-59.35],[333.3,-59.37],[333.27,-59.4],[333.25,-59.42],[333.21,-59.45],[333.2,-59.46],[333.16,-59.5],[333.15,-59.5],[333.1,-59.54],[333.09,-59.55],[333.05,-59.58],[333.02,-59.6],[333,-59.62],[332.95,-59.65],[332.95,-59.65],[332.9,-59.69],[332.88,-59.7],[332.85,-59.72],[332.8,-59.75],[332.8,-59.75],[332.75,-59.78],[332.72,-59.8],[332.7,-59.81],[332.65,-59.84],[332.64,-59.85],[332.6,-59.87],[332.55,-59.9],[332.55,-59.9],[332.5,-59.93],[332.47,-59.95],[332.45,-59.96],[332.4,-59.99],[332.38,-60],[332.35,-60.02],[332.3,-60.04],[332.29,-60.05],[332.25,-60.07],[332.2,-60.1],[332.2,-60.1],[332.15,-60.13],[332.11,-60.15],[332.1,-60.15],[332.05,-60.18],[332.01,-60.2],[332,-60.21],[331.95,-60.23],[331.91,-60.25],[331.9,-60.26],[331.85,-60.28],[331.81,-60.3]]}},{"type":"Feature","properties":{"zone":"sco","depth_km":40},"geometry":{"type":"LineString","coordinates":[[330.9,-55.38],[330.95,-55.39],[330.98,-55.4],[331,-55.4],[331.05,-55.42],[331.1,-55.43],[331.15,-55.44],[331.19,-55.45],[331.2,-55.45],[331.25,-55.46],[331.3,-55.47],[331.35,-55.49],[331.4,-55.5],[331.41,-55.5],[331.45,-55.51],[331.5,-55.52],[331.55,-55.53],[331.6,-55.54],[331.63,-55.55],[331.65,-55.55],[331.7,-55.57],[331.75,-55.58],[331.8,-55.59],[331.84,-55.6],[331.85,-55.6],[331.9,-55.62],[331.95,-55.63],[332,-55.64],[332.02,-55.65],[332.05,-55.66],[332.1,-55.67],[332.15,-55.69],[332.18,-55.7],[332.2,-55.71],[332.25,-55.72],[332.3,-55.74],[332.32,-55.75],[332.35,-55.76],[332.4,-55.78],[332.44,-55.8],[332.45,-55.8],[332.5,-55.82],[332.55,-55.85],[332.56,-55.85],[332.6,-55.87],[332.65,-55.89],[332.66,-55.9],[332.7,-55.92],[332.75,-55.94],[332.76,-55.95],[332.8,-55.97],[332.85,-56],[332.85,-56],[332.9,-56.03],[332.94,-56.05],[332.95,-56.06],[333,-56.09],[333.02,-56.1],[333.05,-56.12],[333.09,-56.15],[333.1,-56.16],[333.15,-56.19],[333.16,-56.2],[333.2,-56.23],[333.23,-56.25],[333.25,-56.26],[333.3,-56.3],[333.3,-56.3],[333.35,-56.34],[333.36,-56.35],[333.4,-56.39],[333.42,-56.4],[333.45,-56.43],[333.47,-56.45],[333.5,-56.48],[333.52,-56.5],[333.55,-56.53],[333.57,-56.55],[333.6,-56.58],[333.62,-56.6],[333.65,-56.64],[333.66,-56.65],[333.7,-56.7],[333.7,-56.7],[333.75,-56.75],[333.75,-56.76],[333.79,-56.8],[333.8,-56.82],[333.82,-56.85],[333.85,-56.88],[333.86,-56.9],[333.9,-56.95],[333.9,-56.95],[333.94,-57],[333.95,-57.02],[333.97,-57.05],[334,-57.09],[334.01,-57.1],[334.04,-57.15],[334.05,-57.16],[334.08,-57.2],[334.1,-57.23],[334.11,-57.25],[334.14,-57.3],[334.15,-57.31],[334.17,-57.35],[334.2,-57.39],[334.21,-57.4],[334.24,-57.45],[334.25,-57.48],[334.26,-57.5],[334.29,-57.55],[334.3,-57.57],[334.32,-57.6],[334.34,-57.65],[334.35,-57.67],[334.37,-57.7],[334.39,-57.75],[334.4,-57.78],[334.41,-57.8],[334.43,-57.85],[334.44,-57.9],[334.45,-57.92],[334.46,-57.95],[334.47,-58],[334.48,-58.05],[334.49,-58.1],[334.5,-58.15],[334.5,-58.15],[334.51,-58.2],[334.51,-58.25],[334.51,-58.3],[334.51,-58.35],[334.5,-58.4],[334.5,-58.42],[334.5,-58.45],[334.49,-58.5],[334.48,-58.55],[334.46,-58.6],[334.45,-58.64],[334.45,-58.65],[334.43,-58.7],[334.41,-58.75],[334.4,-58.77],[334.39,-58.8],[334.37,-58.85],[334.35,-58.88],[334.34,-58.9],[334.31,-58.95],[334.3,-58.97],[334.29,-59],[334.26,-59.05],[334.25,-59.06],[334.23,-59.1],[334.2,-59.14],[334.19,-59.15],[334.16,-59.2],[334.15,-59.21],[334.12,-59.25],[334.1,-59.28],[334.09,-59.3],[334.05,-59.35],[334.05,-59.35],[334.01,-59.4],[334,-59.41],[333.96,-59.45],[333.95,-59.46],[333.92,-59.5],[333.9,-59.52],[333.87,-59.55],[333.85,-59.57],[333.82,-59.6],[333.8,-59.62],[333.76,-59.65],[333.75,-59.66],[333.7,-59.7],[333.7,-59.7],[333.65,-59.74],[333.64,-59.75],[333.6,-59.78],[333.57,-59.8],[333.55,-59.82],[333.5,-59.85],[333.5,-59.85],[333.45,-59.89],[333.43,-59.9],[333.4,-59.92],[333.35,-59.95],[333.35,-59.95],[333.3,-59.98],[333.27,-60],[333.25,-60.02],[333.2,-60.05],[333.19,-60.05],[333.15,-60.08],[333.11,-60.1],[333.1,-60.11],[333.05,-60.14],[333.03,-60.15],[333,-60.17],[332.95,-60.2],[332.95,-60.2],[332.9,-60.23],[332.87,-60.25],[332.85,-60.27],[332.8,-60.3],[332.8,-60.3],[332.75,-60.33],[332.72,-60.35]]}},{"type":"Feature","properties":{"zone":"sul","depth_km":200},"geometry":{"type":"LineString","coordinates":[[121.22,-0.4],[121.25,-0.36],[121.26,-0.35],[121.3,-0.3],[121.3,-0.3],[121.35,-0.26],[121.36,-0.25],[121.4,-0.22],[121.43,-0.2],[121.45,-0.18],[121.5,-0.16],[121.52,-0.15],[121.55,-0.13],[121.6,-0.12],[121.65,-0.1],[121.65,-0.1],[121.7,-0.09],[121.75,-0.08],[121.8,-0.07],[121.85,-0.07],[121.9,-0.07],[121.95,-0.07],[122,-0.07],[122.05,-0.08],[122.1,-0.08],[122.15,-0.09],[122.2,-0.1],[122.22,-0.1]]}},{"type":"Feature","properties":{"zone":"sul","depth_km":100},"geometry":{"type":"LineString","coordinates":[[120.45,-0.65],[120.45,-0.64],[120.47,-0.6],[120.49,-0.55],[120.5,-0.53],[120.51,-0.5],[120.53,-0.45],[120.55,-0.41],[120.56,-0.4],[120.58,-0.35],[120.6,-0.3],[120.6,-0.3],[120.62,-0.25],[120.65,-0.2],[120.65,-0.19],[120.67,-0.15],[120.7,-0.1],[120.7,-0.1],[120.73,-0.05],[120.75,-0.02],[120.76,0],[120.8,0.05],[120.8,0.05],[120.84,0.1],[120.85,0.11],[120.89,0.15],[120.9,0.16],[120.95,0.2],[120.95,0.2],[121,0.24],[121.02,0.25],[121.05,0.27],[121.1,0.3],[121.11,0.3],[121.15,0.32],[121.2,0.34],[121.21,0.35],[121.25,0.36],[121.3,0.38],[121.35,0.4],[121.35,0.4],[121.4,0.41],[121.45,0.43],[121.5,0.44],[121.55,0.45],[121.55,0.45],[121.6,0.46],[121.65,0.47],[121.7,0.47],[121.75,0.48],[121.8,0.48],[121.85,0.48],[121.9,0.48],[121.95,0.48],[122,0.48],[122.05,0.48],[122.1,0.48],[122.15,0.47],[122.2,0.47],[122.25,0.46],[122.3,0.46],[122.35,0.45],[122.35,0.45],[122.4,0.44],[122.45,0.44],[122.5,0.43],[122.55,0.43],[122.6,0.42],[122.65,0.41],[122.7,0.41],[122.75,0.4],[122.75,0.4],[122.8,0.39],[122.85,0.39],[122.9,0.38],[122.95,0.37],[123,0.36],[123.05,0.35],[123.07,0.35],[123.1,0.34],[123.15,0.34],[123.2,0.33],[123.25,0.32],[123.3,0.31],[123.35,0.31],[123.4,0.3],[123.45,0.3],[123.5,0.3]]}},{"type":"Feature","properties":{"zone":"sul","depth_km":40},"geometry":{"type":"LineString","coordinates":[[119.8,0.01],[119.82,0.05],[119.85,0.1],[119.85,0.11],[119.87,0.15],[119.9,0.2],[119.9,0.21],[119.92,0.25],[119.95,0.3],[119.95,0.31],[119.97,0.35],[120,0.4],[120,0.41],[120.02,0.45],[120.05,0.5],[120.05,0.5],[120.08,0.55],[120.1,0.58],[120.12,0.6],[120.15,0.65],[120.15,0.65],[120.2,0.7],[120.2,0.7],[120.25,0.75],[120.25,0.75],[120.3,0.79],[120.31,0.8],[120.35,0.83],[120.39,0.85],[120.4,0.86],[120.45,0.88],[120.49,0.9],[120.5,0.91],[120.55,0.93],[120.6,0.94],[120.62,0.95],[120.65,0.96],[120.7,0.98],[120.75,0.99],[120.77,1],[120.8,1.01],[120.85,1.02],[120.9,1.04],[120.93,1.05],[120.95,1.06],[121,1.07],[121.05,1.09],[121.07,1.1],[121.1,1.11],[121.15,1.13],[121.2,1.15],[121.21,1.15],[121.25,1.16],[121.3,1.18],[121.35,1.19],[121.38,1.2],[121.4,1.21],[121.45,1.22],[121.5,1.23],[121.55,1.24],[121.6,1.24],[121.65,1.25],[121.67,1.25],[121.7,1.25],[121.75,1.25],[121.8,1.26],[121.85,1.26],[121.9,1.26],[121.95,1.25],[122,1.25],[122.04,1.25],[122.05,1.25],[122.1,1.25],[122.15,1.24],[122.2,1.24],[122.25,1.23],[122.3,1.23],[122.35,1.22],[122.4,1.22],[122.45,1.21],[122.5,1.2],[122.51,1.2],[122.55,1.19],[122.6,1.18],[122.65,1.18],[122.7,1.17],[122.75,1.16],[122.78,1.15],[122.8,1.15],[122.85,1.14],[122.9,1.13],[122.95,1.12],[123,1.11],[123.05,1.11],[123.1,1.1],[123.1,1.1],[123.15,1.1],[123.2,1.09],[123.25,1.09],[123.3,1.09],[123.35,1.1],[123.39,1.1],[123.4,1.1],[123.45,1.11],[123.5,1.11],[123.55,1.12],[123.6,1.13],[123.65,1.14],[123.7,1.15],[123.7,1.15],[123.75,1.16],[123.8,1.17],[123.85,1.18],[123.9,1.2],[123.92,1.2],[123.95,1.21],[124,1.22],[124.05,1.23],[124.1,1.24],[124.13,1.25],[124.15,1.25],[124.2,1.27],[124.25,1.28],[124.3,1.29],[124.33,1.3],[124.35,1.31],[124.4,1.32],[124.45,1.34],[124.49,1.35],[124.5,1.35],[124.55,1.37]]}},{"type":"Feature","properties":{"zone":"mue","depth_km":100},"geometry":{"type":"LineString","coordinates":[[290.39,18.34],[290.4,18.34],[290.42,18.33],[290.44,18.32],[290.45,18.32],[290.46,18.32],[290.48,18.31],[290.5,18.3],[290.51,18.3],[290.52,18.3],[290.54,18.29],[290.56,18.29],[290.58,18.28],[290.59,18.28],[290.6,18.28],[290.62,18.27],[290.64,18.27],[290.66,18.27],[290.68,18.27],[290.7,18.26],[290.72,18.26],[290.74,18.26],[290.76,18.26],[290.78,18.26],[290.8,18.26],[290.82,18.26],[290.84,18.26],[290.86,18.26],[290.88,18.27],[290.9,18.27],[290.92,18.27],[290.94,18.27],[290.96,18.27],[290.98,18.27],[291,18.27],[291.02,18.27],[291.04,18.27],[291.06,18.27],[291.08,18.27],[291.1,18.27],[291.12,18.27],[291.14,18.27],[291.16,18.27],[291.18,18.26],[291.2,18.26],[291.21,18.26],[291.22,18.26],[291.24,18.25],[291.26,18.25],[291.28,18.25],[291.3,18.24],[291.31,18.24],[291.32,18.24],[291.34,18.23],[291.36,18.23],[291.38,18.23],[291.4,18.22],[291.41,18.22],[291.42,18.22],[291.44,18.22],[291.46,18.21],[291.48,18.21],[291.5,18.21],[291.52,18.21],[291.54,18.21],[291.56,18.2],[291.58,18.2],[291.6,18.2],[291.62,18.2],[291.64,18.2],[291.66,18.2],[291.68,18.2],[291.7,18.2],[291.72,18.2],[291.74,18.2],[291.76,18.2],[291.78,18.2],[291.8,18.21],[291.82,18.21],[291.84,18.21],[291.86,18.21],[291.88,18.21],[291.9,18.21],[291.92,18.21],[291.94,18.21],[291.96,18.21],[291.98,18.21],[292,18.21],[292.02,18.21],[292.04,18.22],[292.06,18.22],[292.08,18.22],[292.1,18.22],[292.12,18.22],[292.12,18.22],[292.14,18.22],[292.16,18.22],[292.18,18.22],[292.2,18.23],[292.22,18.23],[292.24,18.23],[292.26,18.23],[292.28,18.23],[292.3,18.23],[292.32,18.23],[292.34,18.24],[292.36,18.24],[292.38,18.24],[292.4,18.24],[292.4,18.24],[292.42,18.24],[292.44,18.24],[292.46,18.24],[292.48,18.25],[292.5,18.25],[292.52,18.25],[292.54,18.25]]}},{"type":"Feature","properties":{"zone":"mue","depth_km":40},"geometry":{"type":"LineString","coordinates":[[289.36,18.16],[289.37,18.16],[289.38,18.16],[289.4,18.16],[289.42,18.15],[289.44,18.15],[289.46,18.15],[289.48,18.15],[289.5,18.15],[289.52,18.15],[289.54,18.15],[289.56,18.15],[289.58,18.15],[289.6,18.15],[289.62,18.15],[289.64,18.14],[289.66,18.14],[289.68,18.14],[289.7,18.14],[289.72,18.14],[289.73,18.14],[289.74,18.14],[289.76,18.14],[289.78,18.14],[289.8,18.13],[289.82,18.13],[289.84,18.13],[289.86,18.13],[289.88,18.13],[289.9,18.12],[289.92,18.12],[289.92,18.12],[289.94,18.12],[289.96,18.11],[289.98,18.11],[290,18.1],[290.02,18.1],[290.02,18.1],[290.04,18.09],[290.06,18.09],[290.08,18.08],[290.09,18.08],[290.1,18.08],[290.12,18.07],[290.14,18.06],[290.15,18.06],[290.16,18.06],[290.18,18.05],[290.2,18.04],[290.2,18.04],[290.22,18.03],[290.24,18.02],[290.24,18.02],[290.26,18.01],[290.28,18],[290.29,18],[290.3,17.99],[290.32,17.99],[290.33,17.98],[290.34,17.98],[290.36,17.97],[290.38,17.96],[290.38,17.96],[290.4,17.95],[290.42,17.94],[290.43,17.94],[290.44,17.94],[290.46,17.93],[290.48,17.92],[290.48,17.92],[290.5,17.91],[290.52,17.91],[290.54,17.9],[290.55,17.9],[290.56,17.9],[290.58,17.89],[290.6,17.89],[290.62,17.88],[290.62,17.88],[290.64,17.88],[290.66,17.87],[290.68,17.87],[290.7,17.86],[290.71,17.86],[290.72,17.86],[290.74,17.85],[290.76,17.85],[290.78,17.84],[290.8,17.84],[290.8,17.84],[290.82,17.83],[290.84,17.83],[290.86,17.83],[290.88,17.82],[290.89,17.82],[290.9,17.82],[290.92,17.81],[290.94,17.81],[290.96,17.81],[290.98,17.8],[290.99,17.8],[291,17.8],[291.02,17.8],[291.04,17.79],[291.06,17.79],[291.08,17.79],[291.1,17.78],[291.12,17.78],[291.12,17.78],[291.14,17.78],[291.16,17.77],[291.18,17.77],[291.2,17.77],[291.22,17.77],[291.24,17.77],[291.26,17.77],[291.28,17.76],[291.3,17.76],[291.32,17.76],[291.34,17.76],[291.36,17.76],[291.38,17.76],[291.4,17.76],[291.41,17.76],[291.42,17.76],[291.44,17.76],[291.46,17.76],[291.48,17.76],[291.49,17.76],[291.5,17.76],[291.52,17.76],[291.54,17.76],[291.56,17.76],[291.58,17.76],[291.6,17.76],[291.62,17.77],[291.64,17.77],[291.66,17.77],[291.68,17.77],[291.7,17.77],[291.72,17.77],[291.74,17.78],[291.76,17.78],[291.76,17.78],[291.78,17.78],[291.8,17.79],[291.82,17.79],[291.84,17.79],[291.86,17.8],[291.88,17.8],[291.88,17.8],[291.9,17.8],[291.92,17.81],[291.94,17.81],[291.96,17.81],[291.98,17.82],[292,17.82],[292.01,17.82],[292.02,17.82],[292.04,17.82],[292.06,17.83],[292.08,17.83],[292.1,17.83],[292.12,17.83],[292.14,17.83],[292.16,17.83],[292.18,17.84],[292.2,17.84],[292.22,17.84],[292.24,17.84],[292.26,17.84],[292.26,17.84],[292.28,17.84],[292.3,17.84],[292.32,17.84],[292.34,17.84],[292.36,17.85],[292.38,17.85],[292.4,17.85],[292.42,17.85],[292.44,17.86],[292.46,17.86],[292.47,17.86],[292.48,17.86],[292.5,17.87],[292.52,17.87],[292.54,17.87],[292.56,17.88],[292.58,17.88],[292.58,17.88],[292.6,17.88],[292.62,17.89],[292.64,17.89],[292.66,17.89],[292.68,17.9],[292.7,17.9],[292.7,17.9],[292.72,17.9],[292.74,17.91],[292.76,17.91],[292.78,17.91],[292.8,17.91],[292.82,17.91],[292.84,17.91],[292.86,17.92],[292.88,17.92],[292.9,17.92],[292.92,17.92],[292.93,17.92],[292.94,17.92],[292.96,17.92],[292.98,17.92],[293,17.92],[293.02,17.93],[293.04,17.93],[293.06,17.93],[293.08,17.93],[293.1,17.93],[293.12,17.94],[293.13,17.94],[293.14,17.94],[293.16,17.94],[293.18,17.95],[293.2,17.95],[293.22,17.96],[293.24,17.96],[293.24,17.96],[293.26,17.96],[293.28,17.97],[293.3,17.97],[293.32,17.98],[293.33,17.98],[293.34,17.98],[293.36,17.99],[293.38,17.99],[293.4,17.99],[293.42,18],[293.43,18],[293.44,18],[293.46,18],[293.48,18.01],[293.5,18.01],[293.52,18.01],[293.54,18.02],[293.56,18.02],[293.57,18.02],[293.58,18.02],[293.6,18.02],[293.62,18.03],[293.64,18.03],[293.66,18.03],[293.68,18.03],[293.7,18.04],[293.72,18.04],[293.74,18.04],[293.74,18.04],[293.76,18.04],[293.78,18.04],[293.8,18.05],[293.82,18.05],[293.84,18.05],[293.86,18.05],[293.88,18.05],[293.9,18.05],[293.92,18.06],[293.94,18.06],[293.96,18.06],[293.98,18.06],[293.99,18.06],[294,18.06],[294.02,18.06],[294.04,18.06],[294.06,18.06],[294.08,18.06],[294.1,18.06],[294.12,18.06],[294.14,18.06],[294.16,18.06],[294.18,18.06],[294.18,18.06],[294.2,18.06],[294.22,18.06],[294.24,18.06],[294.26,18.06],[294.28,18.06],[294.3,18.05],[294.32,18.05],[294.34,18.05],[294.36,18.05],[294.38,18.05],[294.4,18.05],[294.42,18.05],[294.44,18.05],[294.46,18.05],[294.48,18.04],[294.5,18.04],[294.52,18.04],[294.54,18.04],[294.54,18.04],[294.56,18.04],[294.58,18.04],[294.6,18.04],[294.62,18.03],[294.64,18.03],[294.66,18.03],[294.68,18.03],[294.7,18.03],[294.72,18.03],[294.74,18.03],[294.76,18.03],[294.78,18.03],[294.8,18.03],[294.82,18.03],[294.84,18.03],[294.86,18.03],[294.88,18.03],[294.9,18.03],[294.92,18.03],[294.94,18.03],[294.96,18.03],[294.98,18.03],[295,18.03],[295.02,18.04],[295.04,18.04],[295.06,18.04],[295.08,18.04],[295.1,18.04],[295.1,18.04],[295.12,18.04],[295.14,18.04],[295.16,18.04],[295.18,18.04],[295.2,18.04],[295.22,18.04],[295.24,18.04],[295.26,18.04],[295.28,18.04],[295.3,18.04],[295.32,18.04],[295.32,18.04],[295.34,18.04],[295.36,18.04],[295.38,18.04],[295.4,18.04],[295.42,18.03],[295.44,18.03],[295.46,18.03],[295.48,18.03],[295.5,18.03],[295.52,18.03],[295.54,18.03],[295.56,18.03],[295.58,18.04],[295.6,18.04],[295.62,18.04],[295.64,18.04],[295.64,18.04],[295.66,18.04],[295.68,18.04],[295.7,18.05],[295.72,18.05],[295.74,18.05],[295.76,18.06]]}},{"type":"Feature","properties":{"zone":"phi","depth_km":200},"geometry":{"type":"LineString","coordinates":[[124.25,11.46],[124.26,11.45],[124.3,11.42],[124.32,11.4],[124.35,11.38],[124.38,11.35],[124.4,11.34],[124.44,11.3],[124.45,11.29],[124.5,11.25],[124.5,11.25],[124.55,11.21],[124.56,11.2],[124.6,11.16],[124.61,11.15],[124.65,11.11],[124.66,11.1],[124.7,11.05],[124.7,11.05],[124.74,11],[124.75,10.99],[124.78,10.95],[124.8,10.92],[124.81,10.9],[124.85,10.85],[124.85,10.85],[124.88,10.8],[124.9,10.76],[124.91,10.75],[124.94,10.7],[124.95,10.67],[124.96,10.65],[124.99,10.6],[125,10.58],[125.01,10.55],[125.04,10.5],[125.05,10.47],[125.06,10.45],[125.08,10.4],[125.1,10.35],[125.1,10.35],[125.12,10.3],[125.14,10.25],[125.15,10.22],[125.16,10.2],[125.17,10.15],[125.19,10.1],[125.2,10.06],[125.2,10.05],[125.21,10],[125.22,9.95],[125.23,9.9],[125.24,9.85],[125.24,9.8],[125.25,9.75],[125.25,9.73],[125.25,9.7],[125.26,9.65],[125.26,9.6],[125.27,9.55],[125.27,9.5],[125.28,9.45],[125.29,9.4],[125.3,9.37],[125.31,9.35],[125.32,9.3],[125.34,9.25],[125.35,9.23],[125.37,9.2],[125.39,9.15],[125.4,9.14],[125.42,9.1],[125.45,9.06],[125.46,9.05],[125.49,9],[125.5,8.99],[125.53,8.95],[125.55,8.92],[125.56,8.9],[125.6,8.85],[125.6,8.85],[125.63,8.8],[125.65,8.77],[125.66,8.75],[125.69,8.7],[125.7,8.68],[125.71,8.65],[125.74,8.6],[125.75,8.56],[125.76,8.55],[125.77,8.5]]}},{"type":"Feature","properties":{"zone":"phi","depth_km":100},"geometry":{"type":"LineString","coordinates":[[123.5,13.9],[123.5,13.9],[123.53,13.85],[123.55,13.81],[123.56,13.8],[123.58,13.75],[123.6,13.71],[123.61,13.7],[123.63,13.65],[123.65,13.61],[123.66,13.6],[123.68,13.55],[123.7,13.51],[123.71,13.5],[123.73,13.45],[123.75,13.41],[123.76,13.4],[123.78,13.35],[123.8,13.32],[123.81,13.3],[123.84,13.25],[123.85,13.24],[123.87,13.2],[123.9,13.16],[123.9,13.15],[123.94,13.1],[123.95,13.08],[123.97,13.05],[124,13.02],[124.01,13],[124.05,12.95],[124.05,12.95],[124.09,12.9],[124.1,12.89],[124.13,12.85],[124.15,12.83],[124.17,12.8],[124.2,12.77],[124.21,12.75],[124.25,12.7],[124.25,12.7],[124.29,12.65],[124.3,12.64],[124.33,12.6],[124.35,12.57],[124.36,12.55],[124.4,12.5],[124.4,12.5],[124.43,12.45],[124.45,12.42],[124.47,12.4],[124.5,12.35],[124.5,12.35],[124.53,12.3],[124.55,12.27],[124.56,12.25],[124.6,12.2],[124.6,12.19],[124.63,12.15],[124.65,12.11],[124.66,12.1],[124.69,12.05],[124.7,12.03],[124.72,12],[124.75,11.95],[124.75,11.95],[124.78,11.9],[124.8,11.87],[124.81,11.85],[124.84,11.8],[124.85,11.79],[124.87,11.75],[124.9,11.71],[124.9,11.7],[124.93,11.65],[124.95,11.62],[124.96,11.6],[124.99,11.55],[125,11.54],[125.03,11.5],[125.05,11.46],[125.06,11.45],[125.09,11.4],[125.1,11.38],[125.12,11.35],[125.15,11.3],[125.15,11.3],[125.18,11.25],[125.2,11.21],[125.21,11.2],[125.23,11.15],[125.25,11.12],[125.26,11.1],[125.29,11.05],[125.3,11.02],[125.31,11],[125.33,10.95],[125.35,10.92],[125.36,10.9],[125.38,10.85],[125.4,10.8],[125.4,10.8],[125.42,10.75],[125.44,10.7],[125.45,10.68],[125.46,10.65],[125.48,10.6],[125.5,10.56],[125.5,10.55],[125.53,10.5],[125.55,10.45],[125.55,10.44],[125.57,10.4],[125.59,10.35],[125.6,10.32],[125.61,10.3],[125.63,10.25],[125.65,10.2],[125.65,10.2],[125.67,10.15],[125.69,10.1],[125.7,10.06],[125.71,10.05],[125.72,10],[125.74,9.95],[125.75,9.91],[125.75,9.9],[125.77,9.85],[125.78,9.8],[125.79,9.75],[125.8,9.73],[125.81,9.7],[125.82,9.65],[125.84,9.6],[125.85,9.56],[125.85,9.55],[125.87,9.5],[125.89,9.45],[125.9,9.41],[125.91,9.4],[125.93,9.35],[125.95,9.3],[125.95,9.29],[125.97,9.25],[125.99,9.2],[126,9.18],[126.01,9.15],[126.03,9.1],[126.05,9.06],[126.06,9.05],[126.08,9],[126.1,8.95],[126.1,8.95],[126.12,8.9],[126.14,8.85],[126.15,8.83],[126.16,8.8],[126.18,8.75],[126.2,8.7],[126.2,8.7],[126.22,8.65],[126.23,8.6],[126.25,8.55],[126.25,8.54],[126.26,8.5],[126.28,8.45],[126.29,8.4],[126.3,8.36],[126.3,8.35],[126.32,8.3],[126.33,8.25],[126.34,8.2],[126.35,8.17],[126.36,8.15],[126.37,8.1],[126.38,8.05],[126.4,8],[126.4,7.99],[126.41,7.95],[126.43,7.9],[126.44,7.85],[126.45,7.83],[126.46,7.8],[126.48,7.75],[126.49,7.7],[126.5,7.67],[126.51,7.65],[126.52,7.6],[126.54,7.55],[126.55,7.51],[126.55,7.5],[126.57,7.45],[126.58,7.4],[126.59,7.35],[126.6,7.33],[126.61,7.3],[126.62,7.25],[126.63,7.2],[126.64,7.15],[126.65,7.1],[126.65,7.1],[126.66,7.05],[126.67,7],[126.67,6.95],[126.68,6.9],[126.68,6.85],[126.69,6.8],[126.69,6.75],[126.69,6.7],[126.69,6.65],[126.69,6.6],[126.69,6.55],[126.69,6.5],[126.69,6.45],[126.69,6.4],[126.69,6.35],[126.68,6.3],[126.68,6.25],[126.68,6.2],[126.68,6.15],[126.68,6.1],[126.68,6.05],[126.69,6],[126.69,5.95],[126.7,5.9],[126.7,5.89],[126.71,5.85],[126.72,5.8],[126.73,5.75],[126.74,5.7],[126.75,5.65],[126.75,5.64],[126.76,5.6],[126.77,5.55],[126.79,5.5],[126.8,5.45],[126.8,5.45],[126.82,5.4],[126.83,5.35],[126.84,5.3],[126.85,5.28],[126.86,5.25],[126.87,5.2],[126.89,5.15],[126.9,5.11],[126.9,5.1]]}},{"type":"Feature","properties":{"zone":"phi","depth_km":100},"geometry":{"type":"LineString","coordinates":[[128.2,2.36],[128.21,2.35],[128.23,2.3],[128.25,2.26],[128.25,2.25],[128.27,2.2],[128.29,2.15],[128.3,2.11],[128.3,2.1],[128.32,2.05],[128.33,2],[128.34,1.95],[128.35,1.91],[128.35,1.9],[128.36,1.85],[128.37,1.8],[128.38,1.75],[128.39,1.7],[128.4,1.65],[128.4,1.63],[128.4,1.6],[128.41,1.55],[128.42,1.5],[128.43,1.45],[128.44,1.4],[128.44,1.35],[128.45,1.32]]}},{"type":"Feature","properties":{"zone":"phi","depth_km":40},"geometry":{"type":"LineString","coordinates":[[127.61,4.7],[127.6,4.71],[127.57,4.75],[127.55,4.77],[127.53,4.8],[127.5,4.85],[127.5,4.85],[127.47,4.9],[127.45,4.93],[127.44,4.95],[127.41,5],[127.4,5.03],[127.39,5.05],[127.37,5.1],[127.35,5.13],[127.34,5.15],[127.32,5.2],[127.3,5.25],[127.3,5.26],[127.29,5.3],[127.27,5.35],[127.25,5.4],[127.25,5.41],[127.24,5.45],[127.22,5.5],[127.21,5.55],[127.2,5.58],[127.2,5.6],[127.18,5.65],[127.17,5.7],[127.16,5.75],[127.15,5.78],[127.14,5.8],[127.13,5.85],[127.12,5.9],[127.11,5.95],[127.1,5.99],[127.1,6],[127.09,6.05],[127.08,6.1],[127.07,6.15],[127.07,6.2],[127.06,6.25],[127.06,6.3],[127.06,6.35],[127.06,6.4],[127.05,6.45],[127.05,6.5],[127.05,6.55],[127.05,6.6],[127.05,6.65],[127.05,6.66],[127.05,6.7],[127.05,6.75],[127.04,6.8],[127.04,6.85],[127.04,6.9],[127.03,6.95],[127.03,7],[127.02,7.05],[127.02,7.1],[127.01,7.15],[127.01,7.2],[127,7.24],[127,7.25],[126.99,7.3],[126.98,7.35],[126.98,7.4],[126.97,7.45],[126.96,7.5],[126.95,7.55],[126.95,7.57],[126.94,7.6],[126.94,7.65],[126.93,7.7],[126.92,7.75],[126.91,7.8],[126.9,7.83],[126.9,7.85],[126.89,7.9],[126.88,7.95],[126.87,8],[126.85,8.05],[126.85,8.07],[126.84,8.1],[126.83,8.15],[126.82,8.2],[126.81,8.25],[126.8,8.28],[126.8,8.3],[126.78,8.35],[126.77,8.4],[126.76,8.45],[126.75,8.47],[126.74,8.5],[126.73,8.55],[126.71,8.6],[126.7,8.63],[126.69,8.65],[126.68,8.7],[126.66,8.75],[126.65,8.78],[126.64,8.8],[126.63,8.85],[126.61,8.9],[126.6,8.94],[126.6,8.95],[126.58,9],[126.57,9.05],[126.55,9.1],[126.55,9.1],[126.54,9.15],[126.52,9.2],[126.51,9.25],[126.5,9.3],[126.5,9.3],[126.49,9.35],[126.48,9.4],[126.47,9.45],[126.46,9.5],[126.45,9.54],[126.45,9.55],[126.44,9.6],[126.43,9.65],[126.41,9.7],[126.4,9.75],[126.4,9.75],[126.38,9.8],[126.37,9.85],[126.35,9.9],[126.35,9.9],[126.33,9.95],[126.31,10],[126.3,10.02],[126.29,10.05],[126.26,10.1],[126.25,10.12],[126.24,10.15],[126.21,10.2],[126.2,10.23],[126.19,10.25],[126.16,10.3],[126.15,10.33],[126.14,10.35],[126.12,10.4],[126.1,10.43],[126.09,10.45],[126.07,10.5],[126.05,10.55],[126.05,10.55],[126.03,10.6],[126.01,10.65],[126,10.68],[125.99,10.7],[125.97,10.75],[125.96,10.8],[125.95,10.82],[125.94,10.85],[125.93,10.9],[125.91,10.95],[125.9,10.98],[125.89,11],[125.88,11.05],[125.86,11.1],[125.85,11.13],[125.84,11.15],[125.83,11.2],[125.81,11.25],[125.8,11.28],[125.79,11.3],[125.77,11.35],[125.76,11.4],[125.75,11.41],[125.74,11.45],[125.72,11.5],[125.7,11.55],[125.7,11.55],[125.68,11.6],[125.66,11.65],[125.65,11.68],[125.64,11.7],[125.62,11.75],[125.6,11.8],[125.6,11.8],[125.58,11.85],[125.55,11.9],[125.55,11.91],[125.53,11.95],[125.51,12],[125.5,12.01],[125.48,12.05],[125.45,12.1],[125.45,12.11],[125.43,12.15],[125.4,12.2],[125.4,12.2],[125.37,12.25],[125.35,12.28],[125.34,12.3],[125.31,12.35],[125.3,12.37],[125.28,12.4],[125.25,12.45],[125.25,12.45],[125.22,12.5],[125.2,12.53],[125.18,12.55],[125.15,12.6],[125.15,12.6],[125.12,12.65],[125.1,12.67],[125.08,12.7],[125.05,12.75],[125.05,12.75],[125.01,12.8],[125,12.82],[124.98,12.85],[124.95,12.89],[124.94,12.9],[124.91,12.95],[124.9,12.96],[124.87,13],[124.85,13.03],[124.84,13.05],[124.8,13.1],[124.8,13.11],[124.77,13.15],[124.75,13.18],[124.74,13.2],[124.71,13.25],[124.7,13.27],[124.68,13.3],[124.65,13.35],[124.65,13.36],[124.63,13.4],[124.6,13.45],[124.6,13.45],[124.58,13.5],[124.55,13.55],[124.55,13.55],[124.52,13.6],[124.5,13.65],[124.5,13.65],[124.47,13.7],[124.45,13.74],[124.44,13.75],[124.41,13.8],[124.4,13.82],[124.38,13.85],[124.35,13.9],[124.35,13.9],[124.32,13.95],[124.3,13.97],[124.28,14],[124.25,14.04],[124.24,14.05],[124.2,14.1],[124.2,14.1],[124.16,14.15],[124.15,14.16],[124.12,14.2],[124.1,14.22],[124.07,14.25],[124.05,14.27],[124.02,14.3],[124,14.32],[123.97,14.35],[123.95,14.37],[123.92,14.4],[123.9,14.42],[123.87,14.45],[123.85,14.47],[123.81,14.5],[123.8,14.51],[123.76,14.55],[123.75,14.55],[123.7,14.6],[123.69,14.6],[123.65,14.63],[123.63,14.65],[123.6,14.67],[123.56,14.7],[123.55,14.71],[123.5,14.74],[123.49,14.75],[123.45,14.78],[123.42,14.8],[123.4,14.81],[123.35,14.85],[123.35,14.85],[123.3,14.88],[123.27,14.9],[123.25,14.91],[123.2,14.95],[123.19,14.95],[123.15,14.98],[123.11,15],[123.1,15],[123.05,15.03],[123.02,15.05],[123,15.06],[122.95,15.08],[122.91,15.1],[122.9,15.11],[122.85,15.13],[122.8,15.15],[122.8,15.15],[122.75,15.17],[122.7,15.19],[122.68,15.2],[122.65,15.21],[122.6,15.24],[122.57,15.25],[122.55,15.26],[122.5,15.29],[122.48,15.3],[122.45,15.32],[122.4,15.35],[122.4,15.35],[122.35,15.39],[122.33,15.4],[122.3,15.43],[122.28,15.45],[122.25,15.49],[122.24,15.5],[122.21,15.55],[122.2,15.58],[122.19,15.6],[122.17,15.65],[122.16,15.7],[122.15,15.75],[122.15,15.75],[122.15,15.8],[122.14,15.85],[122.14,15.9],[122.15,15.95],[122.15,15.96],[122.16,16],[122.16,16.05],[122.18,16.1],[122.19,16.15],[122.2,16.19],[122.2,16.2],[122.22,16.25],[122.24,16.3],[122.25,16.34],[122.25,16.35],[122.27,16.4],[122.29,16.45],[122.3,16.47],[122.31,16.5],[122.33,16.55],[122.35,16.6],[122.35,16.61],[122.36,16.65],[122.38,16.7],[122.4,16.75],[122.4,16.77],[122.41,16.8],[122.42,16.85],[122.44,16.9],[122.45,16.94],[122.45,16.95],[122.47,17],[122.48,17.05]]}},{"type":"Feature","properties":{"zone":"phi","depth_km":40},"geometry":{"type":"LineString","coordinates":[[127.85,4.45],[127.85,4.45],[127.9,4.4],[127.9,4.4]]}},{"type":"Feature","properties":{"zone":"phi","depth_km":40},"geometry":{"type":"LineString","coordinates":[[127.95,4.35],[127.99,4.3],[128,4.29],[128.03,4.25],[128.05,4.22],[128.07,4.2],[128.1,4.15],[128.1,4.15],[128.13,4.1],[128.15,4.07],[128.16,4.05],[128.19,4],[128.2,3.97],[128.21,3.95],[128.24,3.9],[128.25,3.87],[128.26,3.85],[128.28,3.8],[128.3,3.76],[128.3,3.75],[128.32,3.7],[128.34,3.65],[128.35,3.63],[128.36,3.6],[128.38,3.55],[128.4,3.5],[128.4,3.49],[128.41,3.45],[128.43,3.4],[128.45,3.35],[128.45,3.33],[128.46,3.3],[128.48,3.25],[128.5,3.2],[128.5,3.19],[128.51,3.15],[128.53,3.1],[128.55,3.05],[128.55,3.04],[128.57,3],[128.58,2.95],[128.6,2.91],[128.6,2.9],[128.62,2.85],[128.64,2.8],[128.65,2.77],[128.66,2.75],[128.67,2.7],[128.69,2.65],[128.7,2.62],[128.71,2.6],[128.72,2.55],[128.74,2.5],[128.75,2.46],[128.75,2.45],[128.77,2.4],[128.78,2.35],[128.79,2.3],[128.8,2.27],[128.8,2.25],[128.82,2.2],[128.83,2.15],[128.84,2.1],[128.85,2.05],[128.85,2.03],[128.86,2],[128.87,1.95],[128.88,1.9],[128.89,1.85],[128.9,1.8],[128.9,1.78],[128.91,1.75],[128.92,1.7],[128.92,1.65],[128.93,1.6],[128.94,1.55],[128.95,1.5],[128.95,1.5],[128.96,1.45],[128.97,1.4]]}},{"type":"Feature","properties":{"zone":"ryu","depth_km":300},"geometry":{"type":"LineString","coordinates":[[122.7,26.3],[122.75,26.26],[122.76,26.25],[122.8,26.23],[122.85,26.2],[122.85,26.2],[122.9,26.18],[122.95,26.16],[122.98,26.15],[123,26.15],[123.05,26.14],[123.1,26.13],[123.15,26.13],[123.2,26.13],[123.25,26.14],[123.3,26.14],[123.33,26.15],[123.35,26.15],[123.4,26.17],[123.45,26.18],[123.5,26.2],[123.5,26.2],[123.55,26.22],[123.6,26.24],[123.62,26.25],[123.65,26.27],[123.7,26.29],[123.72,26.3],[123.75,26.31],[123.8,26.34],[123.82,26.35],[123.85,26.37],[123.9,26.39],[123.92,26.4],[123.95,26.42],[124,26.44],[124.02,26.45],[124.05,26.47],[124.1,26.49],[124.12,26.5],[124.15,26.52],[124.2,26.54],[124.22,26.55],[124.25,26.56],[124.3,26.59],[124.32,26.6],[124.35,26.62],[124.4,26.64],[124.42,26.65],[124.45,26.67],[124.5,26.7],[124.51,26.7],[124.55,26.73],[124.59,26.75],[124.6,26.76],[124.65,26.79],[124.67,26.8],[124.7,26.82],[124.75,26.85],[124.75,26.85],[124.8,26.89],[124.82,26.9],[124.85,26.92],[124.9,26.95],[124.9,26.95],[124.95,26.99],[124.97,27],[125,27.02],[125.04,27.05],[125.05,27.06],[125.1,27.09],[125.12,27.1],[125.15,27.12],[125.19,27.15],[125.2,27.16],[125.25,27.19],[125.26,27.2],[125.3,27.23],[125.34,27.25],[125.35,27.26],[125.4,27.3],[125.4,27.3],[125.45,27.34],[125.47,27.35],[125.5,27.38],[125.53,27.4],[125.55,27.42],[125.59,27.45],[125.6,27.46],[125.64,27.5],[125.65,27.51],[125.7,27.55],[125.7,27.55],[125.75,27.6],[125.75,27.6],[125.8,27.65],[125.8,27.65],[125.85,27.69],[125.86,27.7],[125.9,27.73],[125.92,27.75],[125.95,27.77],[125.98,27.8],[126,27.81],[126.05,27.85],[126.05,27.85],[126.1,27.88],[126.13,27.9],[126.15,27.91],[126.2,27.94],[126.21,27.95],[126.25,27.98],[126.29,28],[126.3,28.01],[126.35,28.04],[126.37,28.05],[126.4,28.07],[126.45,28.1],[126.45,28.1],[126.5,28.13],[126.52,28.15],[126.55,28.17],[126.59,28.2],[126.6,28.2],[126.65,28.24],[126.66,28.25],[126.7,28.28],[126.72,28.3],[126.75,28.33],[126.78,28.35],[126.8,28.37],[126.83,28.4],[126.85,28.42],[126.88,28.45],[126.9,28.47],[126.93,28.5],[126.95,28.52],[126.97,28.55],[127,28.58],[127.02,28.6],[127.05,28.64],[127.06,28.65],[127.1,28.69],[127.1,28.7],[127.15,28.75],[127.15,28.75],[127.19,28.8],[127.2,28.81],[127.24,28.85],[127.25,28.86],[127.29,28.9],[127.3,28.91],[127.34,28.95],[127.35,28.96],[127.39,29],[127.4,29.01],[127.45,29.05],[127.45,29.05],[127.5,29.1],[127.5,29.1],[127.55,29.14],[127.56,29.15],[127.6,29.19],[127.62,29.2],[127.65,29.23],[127.67,29.25],[127.7,29.28],[127.72,29.3],[127.75,29.33],[127.77,29.35],[127.8,29.38],[127.82,29.4],[127.85,29.43],[127.87,29.45],[127.9,29.48],[127.91,29.5],[127.95,29.54],[127.96,29.55],[128,29.6],[128,29.6],[128.04,29.65],[128.05,29.67],[128.07,29.7],[128.1,29.74],[128.11,29.75],[128.14,29.8],[128.15,29.82],[128.17,29.85],[128.2,29.9],[128.2,29.91],[128.22,29.95],[128.25,30],[128.25,30],[128.28,30.05],[128.3,30.1],[128.3,30.1],[128.33,30.15],[128.35,30.19],[128.36,30.2],[128.39,30.25],[128.4,30.27],[128.42,30.3],[128.45,30.34],[128.46,30.35],[128.5,30.4],[128.5,30.4],[128.55,30.45],[128.55,30.45],[128.59,30.5],[128.6,30.51],[128.65,30.55],[128.65,30.55],[128.7,30.6],[128.7,30.6],[128.75,30.64],[128.76,30.65],[128.8,30.69],[128.81,30.7],[128.85,30.73],[128.87,30.75],[128.9,30.78],[128.92,30.8],[128.95,30.83],[128.96,30.85],[129,30.89],[129.01,30.9],[129.04,30.95],[129.05,30.96],[129.08,31],[129.1,31.03],[129.11,31.05],[129.14,31.1],[129.15,31.12],[129.17,31.15],[129.19,31.2],[129.2,31.22],[129.21,31.25],[129.24,31.3],[129.25,31.33],[129.26,31.35],[129.28,31.4],[129.3,31.45],[129.3,31.46],[129.32,31.5],[129.34,31.55],[129.35,31.58],[129.36,31.6],[129.38,31.65],[129.4,31.7],[129.4,31.71],[129.41,31.75],[129.43,31.8],[129.45,31.85],[129.45,31.85],[129.47,31.9],[129.48,31.95],[129.5,32],[129.5,32.02],[129.51,32.05],[129.52,32.1],[129.53,32.15],[129.54,32.2],[129.55,32.25],[129.55,32.26],[129.56,32.3],[129.56,32.35],[129.57,32.4],[129.58,32.45],[129.59,32.5],[129.6,32.55],[129.6,32.57],[129.61,32.6],[129.62,32.65],[129.64,32.7],[129.65,32.71],[129.67,32.75],[129.7,32.8],[129.7,32.81],[129.73,32.85],[129.75,32.88],[129.76,32.9],[129.8,32.94],[129.81,32.95],[129.85,33],[129.85,33],[129.9,33.05],[129.9,33.05],[129.95,33.1],[129.95,33.1],[130,33.14],[130.01,33.15],[130.05,33.18],[130.07,33.2],[130.1,33.22],[130.14,33.25],[130.15,33.26],[130.2,33.29],[130.21,33.3],[130.25,33.32],[130.29,33.35],[130.3,33.36],[130.35,33.39],[130.37,33.4],[130.4,33.42],[130.44,33.45],[130.45,33.45],[130.5,33.49],[130.52,33.5],[130.55,33.52],[130.59,33.55],[130.6,33.55],[130.65,33.59],[130.67,33.6],[130.7,33.63],[130.73,33.65],[130.75,33.66],[130.79,33.7],[130.8,33.71],[130.85,33.75],[130.85,33.75],[130.9,33.8],[130.9,33.8],[130.94,33.85],[130.95,33.86],[130.98,33.9],[131,33.93],[131.02,33.95],[131.05,34],[131.05,34.01],[131.07,34.05],[131.1,34.1],[131.1,34.11],[131.12,34.15],[131.14,34.2],[131.15,34.22],[131.16,34.25],[131.18,34.3],[131.2,34.34],[131.21,34.35],[131.23,34.4],[131.25,34.44],[131.26,34.45],[131.29,34.5],[131.3,34.52],[131.33,34.55],[131.35,34.58],[131.37,34.6],[131.4,34.63],[131.42,34.65],[131.45,34.68],[131.47,34.7],[131.5,34.72],[131.54,34.75],[131.55,34.76],[131.6,34.79],[131.61,34.8]]}},{"type":"Feature","properties":{"zone":"ryu","depth_km":200},"geometry":{"type":"LineString","coordinates":[[136.2,36.65],[136.2,36.65],[136.25,36.69],[136.27,36.7],[136.3,36.73],[136.32,36.75],[136.35,36.78],[136.37,36.8],[136.4,36.83],[136.41,36.85],[136.45,36.9],[136.45,36.9]]}},{"type":"Feature","properties":{"zone":"ryu","depth_km":200},"geometry":{"type":"LineString","coordinates":[[122.35,26],[122.39,25.95],[122.4,25.94],[122.45,25.9],[122.45,25.9],[122.5,25.86],[122.51,25.85],[122.55,25.82],[122.59,25.8],[122.6,25.8],[122.65,25.77],[122.7,25.75],[122.71,25.75],[122.75,25.74],[122.8,25.72],[122.85,25.71],[122.88,25.7],[122.9,25.7],[122.95,25.69],[123,25.68],[123.05,25.68],[123.1,25.67],[123.15,25.67],[123.2,25.67],[123.25,25.68],[123.3,25.68],[123.35,25.69],[123.4,25.7],[123.42,25.7],[123.45,25.71],[123.5,25.72],[123.55,25.73],[123.6,25.75],[123.61,25.75],[123.65,25.76],[123.7,25.78],[123.75,25.8],[123.76,25.8],[123.8,25.82],[123.85,25.83],[123.89,25.85],[123.9,25.85],[123.95,25.87],[124,25.89],[124.02,25.9],[124.05,25.91],[124.1,25.94],[124.14,25.95],[124.15,25.96],[124.2,25.98],[124.25,26],[124.25,26],[124.3,26.02],[124.35,26.04],[124.37,26.05],[124.4,26.07],[124.45,26.09],[124.47,26.1],[124.5,26.11],[124.55,26.14],[124.57,26.15],[124.6,26.16],[124.65,26.19],[124.67,26.2],[124.7,26.22],[124.75,26.25],[124.76,26.25],[124.8,26.28],[124.84,26.3],[124.85,26.31],[124.9,26.34],[124.92,26.35],[124.95,26.37],[124.99,26.4],[125,26.41],[125.05,26.44],[125.06,26.45],[125.1,26.48],[125.13,26.5],[125.15,26.52],[125.19,26.55],[125.2,26.55],[125.25,26.59],[125.26,26.6],[125.3,26.63],[125.33,26.65],[125.35,26.67],[125.39,26.7],[125.4,26.71],[125.45,26.74],[125.46,26.75],[125.5,26.78],[125.52,26.8],[125.55,26.82],[125.59,26.85],[125.6,26.86],[125.65,26.9],[125.66,26.9],[125.7,26.93],[125.72,26.95],[125.75,26.97],[125.78,27],[125.8,27.01],[125.84,27.05],[125.85,27.06],[125.9,27.1],[125.9,27.1],[125.95,27.14],[125.96,27.15],[126,27.18],[126.02,27.2],[126.05,27.23],[126.08,27.25],[126.1,27.27],[126.14,27.3],[126.15,27.31],[126.2,27.35],[126.2,27.35],[126.25,27.39],[126.26,27.4],[126.3,27.43],[126.32,27.45],[126.35,27.47],[126.39,27.5],[126.4,27.5],[126.45,27.54],[126.46,27.55],[126.5,27.57],[126.54,27.6],[126.55,27.61],[126.6,27.64],[126.61,27.65],[126.65,27.68],[126.68,27.7],[126.7,27.71],[126.75,27.75],[126.75,27.75],[126.8,27.78],[126.82,27.8],[126.85,27.82],[126.89,27.85],[126.9,27.86],[126.95,27.9],[126.95,27.9],[127,27.94],[127.01,27.95],[127.05,27.98],[127.07,28],[127.1,28.02],[127.13,28.05],[127.15,28.07],[127.18,28.1],[127.2,28.11],[127.24,28.15],[127.25,28.16],[127.29,28.2],[127.3,28.21],[127.34,28.25],[127.35,28.26],[127.39,28.3],[127.4,28.31],[127.43,28.35],[127.45,28.37],[127.48,28.4],[127.5,28.42],[127.53,28.45],[127.55,28.47],[127.58,28.5],[127.6,28.52],[127.63,28.55],[127.65,28.57],[127.68,28.6],[127.7,28.62],[127.73,28.65],[127.75,28.67],[127.79,28.7],[127.8,28.71],[127.84,28.75],[127.85,28.76],[127.9,28.8],[127.9,28.8],[127.95,28.85],[127.95,28.85],[128,28.89],[128.01,28.9],[128.05,28.94],[128.07,28.95],[128.1,28.98],[128.12,29],[128.15,29.02],[128.18,29.05],[128.2,29.07],[128.23,29.1],[128.25,29.11],[128.29,29.15],[128.3,29.16],[128.34,29.2],[128.35,29.21],[128.39,29.25],[128.4,29.26],[128.45,29.3],[128.45,29.3],[128.5,29.35],[128.5,29.35],[128.54,29.4],[128.55,29.41],[128.59,29.45],[128.6,29.46],[128.63,29.5],[128.65,29.52],[128.68,29.55],[128.7,29.58],[128.72,29.6],[128.75,29.64],[128.76,29.65],[128.8,29.7],[128.8,29.7],[128.84,29.75],[128.85,29.77],[128.87,29.8],[128.9,29.83],[128.91,29.85],[128.95,29.9],[128.95,29.9],[128.99,29.95],[129,29.97],[129.02,30],[129.05,30.04],[129.06,30.05],[129.1,30.1],[129.1,30.1],[129.14,30.15],[129.15,30.17],[129.18,30.2],[129.2,30.23],[129.21,30.25],[129.25,30.29],[129.25,30.3],[129.29,30.35],[129.3,30.36],[129.33,30.4],[129.35,30.42],[129.37,30.45],[129.4,30.49],[129.41,30.5],[129.45,30.55],[129.45,30.56],[129.48,30.6],[129.5,30.63],[129.51,30.65],[129.55,30.7],[129.55,30.71],[129.58,30.75],[129.6,30.79],[129.61,30.8],[129.64,30.85],[129.65,30.87],[129.67,30.9],[129.7,30.95],[129.7,30.96],[129.73,31],[129.75,31.04],[129.76,31.05],[129.79,31.1],[129.8,31.12],[129.82,31.15],[129.85,31.2],[129.85,31.2],[129.88,31.25],[129.9,31.29],[129.91,31.3],[129.94,31.35],[129.95,31.37],[129.97,31.4],[130,31.45],[130,31.45],[130.03,31.5],[130.05,31.53],[130.06,31.55],[130.09,31.6],[130.1,31.62],[130.12,31.65],[130.15,31.7],[130.15,31.71],[130.17,31.75],[130.2,31.8],[130.2,31.81],[130.22,31.85],[130.24,31.9],[130.25,31.91],[130.27,31.95],[130.29,32],[130.3,32.03],[130.31,32.05],[130.33,32.1],[130.35,32.15],[130.35,32.15],[130.37,32.2],[130.39,32.25],[130.4,32.28],[130.41,32.3],[130.43,32.35],[130.45,32.4],[130.45,32.4],[130.47,32.45],[130.5,32.5],[130.5,32.5],[130.52,32.55],[130.55,32.6],[130.55,32.6],[130.58,32.65],[130.6,32.69],[130.61,32.7],[130.64,32.75],[130.65,32.77],[130.67,32.8],[130.7,32.84],[130.7,32.85],[130.74,32.9],[130.75,32.92],[130.77,32.95],[130.8,32.99],[130.81,33],[130.85,33.05],[130.85,33.05],[130.89,33.1],[130.9,33.12],[130.93,33.15],[130.95,33.18],[130.97,33.2],[131,33.24],[131.01,33.25],[131.05,33.3],[131.05,33.3],[131.09,33.35],[131.1,33.36],[131.13,33.4],[131.15,33.43],[131.17,33.45],[131.2,33.49],[131.21,33.5],[131.24,33.55],[131.25,33.56],[131.28,33.6],[131.3,33.63],[131.31,33.65],[131.34,33.7],[131.35,33.72],[131.37,33.75],[131.39,33.8],[131.4,33.82],[131.41,33.85],[131.43,33.9],[131.45,33.94],[131.45,33.95],[131.47,34],[131.49,34.05],[131.5,34.09],[131.5,34.1],[131.52,34.15],[131.54,34.2],[131.55,34.22],[131.56,34.25],[131.59,34.3],[131.6,34.32],[131.62,34.35],[131.65,34.4],[131.65,34.4],[131.69,34.45],[131.7,34.46],[131.74,34.5],[131.75,34.51],[131.8,34.55],[131.8,34.55],[131.85,34.59],[131.86,34.6],[131.9,34.63],[131.92,34.65],[131.95,34.67],[131.99,34.7],[132,34.71],[132.05,34.75],[132.06,34.75],[132.1,34.78],[132.12,34.8]]}},{"type":"Feature","properties":{"zone":"ryu","depth_km":100},"geometry":{"type":"LineString","coordinates":[[121.84,26],[121.85,25.99],[121.87,25.95],[121.9,25.9],[121.9,25.89],[121.92,25.85],[121.95,25.8],[121.95,25.8],[121.98,25.75],[122,25.71],[122.01,25.7],[122.05,25.65],[122.05,25.64],[122.09,25.6],[122.1,25.59],[122.14,25.55],[122.15,25.54],[122.2,25.51],[122.21,25.5],[122.25,25.47],[122.29,25.45],[122.3,25.45],[122.35,25.42],[122.39,25.4],[122.4,25.4],[122.45,25.38],[122.5,25.36],[122.52,25.35],[122.55,25.34],[122.6,25.32],[122.65,25.31],[122.68,25.3],[122.7,25.29],[122.75,25.28],[122.8,25.27],[122.85,25.26],[122.88,25.25],[122.9,25.25],[122.95,25.24],[123,25.23],[123.05,25.22],[123.1,25.22],[123.15,25.22],[123.2,25.21],[123.25,25.21],[123.3,25.22],[123.35,25.22],[123.4,25.23],[123.45,25.23],[123.5,25.24],[123.55,25.25],[123.56,25.25],[123.6,25.26],[123.65,25.26],[123.7,25.27],[123.75,25.28],[123.8,25.29],[123.84,25.3],[123.85,25.3],[123.9,25.31],[123.95,25.32],[124,25.33],[124.05,25.33],[124.1,25.34],[124.15,25.35],[124.15,25.35],[124.2,25.36],[124.25,25.37],[124.3,25.37],[124.35,25.38],[124.4,25.39],[124.43,25.4],[124.45,25.4],[124.5,25.42],[124.55,25.43],[124.6,25.44],[124.62,25.45],[124.65,25.46],[124.7,25.48],[124.75,25.5],[124.76,25.5],[124.8,25.52],[124.85,25.54],[124.87,25.55],[124.9,25.57],[124.95,25.59],[124.96,25.6],[125,25.62],[125.05,25.65],[125.06,25.65],[125.1,25.67],[125.14,25.7],[125.15,25.7],[125.2,25.73],[125.23,25.75],[125.25,25.76],[125.3,25.79],[125.31,25.8],[125.35,25.82],[125.39,25.85],[125.4,25.86],[125.45,25.89],[125.46,25.9],[125.5,25.92],[125.53,25.95],[125.55,25.96],[125.6,26],[125.6,26],[125.65,26.04],[125.66,26.05],[125.7,26.08],[125.73,26.1],[125.75,26.12],[125.79,26.15],[125.8,26.16],[125.85,26.2],[125.85,26.2],[125.9,26.25],[125.91,26.25],[125.95,26.29],[125.97,26.3],[126,26.33],[126.03,26.35],[126.05,26.37],[126.09,26.4],[126.1,26.41],[126.15,26.45],[126.15,26.45],[126.2,26.49],[126.21,26.5],[126.25,26.53],[126.28,26.55],[126.3,26.57],[126.34,26.6],[126.35,26.61],[126.4,26.65],[126.4,26.65],[126.45,26.69],[126.47,26.7],[126.5,26.73],[126.53,26.75],[126.55,26.77],[126.59,26.8],[126.6,26.8],[126.65,26.84],[126.66,26.85],[126.7,26.88],[126.72,26.9],[126.75,26.92],[126.79,26.95],[126.8,26.96],[126.85,27],[126.85,27],[126.9,27.03],[126.92,27.05],[126.95,27.07],[126.99,27.1],[127,27.11],[127.05,27.15],[127.05,27.15],[127.1,27.19],[127.12,27.2],[127.15,27.23],[127.18,27.25],[127.2,27.27],[127.24,27.3],[127.25,27.31],[127.3,27.35],[127.3,27.35],[127.35,27.39],[127.36,27.4],[127.4,27.43],[127.42,27.45],[127.45,27.48],[127.48,27.5],[127.5,27.52],[127.53,27.55],[127.55,27.57],[127.58,27.6],[127.6,27.62],[127.63,27.65],[127.65,27.66],[127.69,27.7],[127.7,27.71],[127.74,27.75],[127.75,27.76],[127.78,27.8],[127.8,27.82],[127.83,27.85],[127.85,27.87],[127.88,27.9],[127.9,27.92],[127.93,27.95],[127.95,27.97],[127.97,28],[128,28.03],[128.02,28.05],[128.05,28.08],[128.06,28.1],[128.1,28.14],[128.11,28.15],[128.15,28.2],[128.15,28.2],[128.2,28.25],[128.2,28.25],[128.24,28.3],[128.25,28.31],[128.28,28.35],[128.3,28.37],[128.33,28.4],[128.35,28.43],[128.37,28.45],[128.4,28.48],[128.42,28.5],[128.45,28.54],[128.46,28.55],[128.5,28.59],[128.51,28.6],[128.55,28.64],[128.56,28.65],[128.6,28.7],[128.6,28.7],[128.65,28.75],[128.65,28.75],[128.7,28.8],[128.7,28.8],[128.75,28.85],[128.75,28.85],[128.79,28.9],[128.8,28.91],[128.84,28.95],[128.85,28.97],[128.88,29],[128.9,29.02],[128.92,29.05],[128.95,29.08],[128.97,29.1],[129,29.14],[129.01,29.15],[129.05,29.2],[129.05,29.2],[129.09,29.25],[129.1,29.26],[129.14,29.3],[129.15,29.31],[129.18,29.35],[129.2,29.37],[129.23,29.4],[129.25,29.43],[129.27,29.45],[129.3,29.48],[129.32,29.5],[129.35,29.54],[129.36,29.55],[129.4,29.6],[129.4,29.6],[129.45,29.65],[129.45,29.65],[129.49,29.7],[129.5,29.71],[129.53,29.75],[129.55,29.77],[129.57,29.8],[129.6,29.84],[129.61,29.85],[129.65,29.9],[129.65,29.9],[129.69,29.95],[129.7,29.97],[129.72,30],[129.75,30.04],[129.76,30.05],[129.79,30.1],[129.8,30.11],[129.83,30.15],[129.85,30.18],[129.86,30.2],[129.89,30.25],[129.9,30.26],[129.93,30.3],[129.95,30.33],[129.96,30.35],[129.99,30.4],[130,30.41],[130.03,30.45],[130.05,30.48],[130.06,30.5],[130.1,30.55],[130.1,30.56],[130.13,30.6],[130.15,30.63],[130.16,30.65],[130.2,30.7],[130.2,30.7],[130.24,30.75],[130.25,30.77],[130.27,30.8],[130.3,30.84],[130.31,30.85],[130.34,30.9],[130.35,30.91],[130.37,30.95],[130.4,30.99],[130.41,31],[130.44,31.05],[130.45,31.06],[130.47,31.1],[130.5,31.14],[130.5,31.15],[130.53,31.2],[130.55,31.23],[130.56,31.25],[130.59,31.3],[130.6,31.31],[130.62,31.35],[130.65,31.4],[130.65,31.4],[130.68,31.45],[130.7,31.5],[130.7,31.5],[130.73,31.55],[130.75,31.59],[130.76,31.6],[130.78,31.65],[130.8,31.69],[130.81,31.7],[130.83,31.75],[130.85,31.79],[130.86,31.8],[130.88,31.85],[130.9,31.89],[130.9,31.9],[130.93,31.95],[130.95,31.99],[130.95,32],[130.98,32.05],[131,32.1],[131,32.1],[131.03,32.15],[131.05,32.2],[131.05,32.2],[131.07,32.25],[131.1,32.3],[131.1,32.3],[131.12,32.35],[131.15,32.4],[131.15,32.4],[131.17,32.45],[131.2,32.5],[131.2,32.51],[131.22,32.55],[131.25,32.6],[131.25,32.61],[131.27,32.65],[131.3,32.7],[131.3,32.71],[131.32,32.75],[131.35,32.8],[131.35,32.81],[131.37,32.85],[131.4,32.9],[131.4,32.9],[131.43,32.95],[131.45,32.99],[131.46,33],[131.49,33.05],[131.5,33.07],[131.52,33.1],[131.55,33.15],[131.55,33.15],[131.58,33.2],[131.6,33.23],[131.61,33.25],[131.65,33.3],[131.65,33.31],[131.68,33.35],[131.7,33.39],[131.71,33.4],[131.74,33.45],[131.75,33.47],[131.77,33.5],[131.79,33.55],[131.8,33.56],[131.82,33.6],[131.84,33.65],[131.85,33.67],[131.86,33.7],[131.89,33.75],[131.9,33.79],[131.9,33.8],[131.92,33.85],[131.94,33.9],[131.95,33.92],[131.96,33.95],[131.98,34],[132,34.03],[132.01,34.05],[132.04,34.1],[132.05,34.12],[132.07,34.15],[132.1,34.19],[132.11,34.2],[132.15,34.24],[132.16,34.25],[132.2,34.29],[132.21,34.3],[132.25,34.33],[132.27,34.35],[132.3,34.37],[132.34,34.4],[132.35,34.41],[132.4,34.45],[132.41,34.45],[132.45,34.48],[132.48,34.5],[132.5,34.51],[132.55,34.55],[132.56,34.55],[132.6,34.58],[132.64,34.6],[132.65,34.61],[132.7,34.64],[132.72,34.65],[132.75,34.67],[132.8,34.7],[132.81,34.7],[132.85,34.72],[132.9,34.75],[132.9,34.75],[132.95,34.78],[133,34.8],[133,34.8],[133.05,34.82],[133.1,34.84],[133.12,34.85],[133.15,34.86],[133.2,34.88],[133.25,34.9],[133.26,34.9],[133.3,34.91],[133.35,34.92],[133.4,34.93],[133.45,34.95],[133.47,34.95],[133.5,34.96],[133.55,34.96],[133.6,34.97],[133.65,34.98],[133.7,34.99],[133.75,35],[133.76,35],[133.8,35.01],[133.85,35.02],[133.9,35.02],[133.95,35.03],[134,35.04],[134.05,35.05],[134.06,35.05],[134.1,35.06],[134.15,35.07],[134.2,35.07],[134.25,35.08],[134.3,35.09],[134.35,35.1],[134.35,35.1],[134.4,35.11],[134.45,35.12],[134.5,35.13],[134.55,35.14],[134.6,35.15],[134.61,35.15],[134.65,35.16],[134.7,35.17],[134.75,35.18],[134.8,35.19],[134.85,35.2],[134.85,35.2],[134.9,35.21],[134.95,35.22],[135,35.23],[135.05,35.24],[135.08,35.25],[135.1,35.26],[135.15,35.27],[135.2,35.28],[135.25,35.29],[135.29,35.3],[135.3,35.3],[135.35,35.31],[135.4,35.33],[135.45,35.34],[135.49,35.35],[135.5,35.35],[135.55,35.36],[135.6,35.37],[135.65,35.39],[135.7,35.4],[135.71,35.4],[135.75,35.41],[135.8,35.42],[135.85,35.43],[135.9,35.45],[135.91,35.45],[135.95,35.46],[136,35.47],[136.05,35.49],[136.08,35.5],[136.1,35.51],[136.15,35.53],[136.19,35.55],[136.2,35.55],[136.25,35.58],[136.28,35.6],[136.3,35.61],[136.35,35.64],[136.36,35.65],[136.4,35.68],[136.42,35.7],[136.45,35.72],[136.48,35.75],[136.5,35.76],[136.54,35.8],[136.55,35.81],[136.6,35.85],[136.6,35.85],[136.65,35.89],[136.67,35.9],[136.7,35.92],[136.75,35.95],[136.75,35.95],[136.8,35.98],[136.85,36],[136.85,36],[136.9,36.02],[136.95,36.03],[137,36.04],[137.05,36.05],[137.06,36.05],[137.1,36.05],[137.15,36.06],[137.2,36.06],[137.25,36.06],[137.3,36.05],[137.35,36.05],[137.37,36.05],[137.4,36.05],[137.45,36.05],[137.5,36.05],[137.55,36.05],[137.57,36.05],[137.6,36.05],[137.65,36.06],[137.7,36.07],[137.75,36.08],[137.8,36.09],[137.83,36.1],[137.85,36.11],[137.9,36.12],[137.95,36.14],[137.97,36.15],[138,36.16],[138.05,36.18],[138.09,36.2],[138.1,36.21],[138.15,36.23],[138.2,36.25],[138.2,36.25],[138.25,36.27],[138.3,36.29],[138.32,36.3],[138.35,36.31],[138.4,36.33],[138.45,36.35],[138.45,36.35],[138.5,36.37],[138.55,36.39],[138.59,36.4],[138.6,36.4],[138.65,36.42],[138.7,36.44],[138.74,36.45],[138.75,36.45],[138.8,36.47],[138.85,36.49],[138.89,36.5],[138.9,36.5],[138.95,36.52],[139,36.54],[139.02,36.55],[139.05,36.56],[139.1,36.58],[139.15,36.6],[139.15,36.6],[139.2,36.62],[139.25,36.64]]}},{"type":"Feature","properties":{"zone":"ryu","depth_km":40},"geometry":{"type":"LineString","coordinates":[[121.36,26],[121.4,25.95],[121.4,25.94],[121.42,25.9],[121.45,25.85],[121.45,25.85],[121.47,25.8],[121.49,25.75],[121.5,25.73],[121.51,25.7],[121.53,25.65],[121.55,25.6],[121.55,25.6],[121.57,25.55],[121.59,25.5],[121.6,25.49],[121.62,25.45],[121.65,25.4],[121.65,25.4],[121.68,25.35],[121.7,25.32],[121.72,25.3],[121.75,25.26],[121.76,25.25],[121.8,25.21],[121.81,25.2],[121.85,25.16],[121.86,25.15],[121.9,25.12],[121.92,25.1],[121.95,25.08],[121.99,25.05],[122,25.04],[122.05,25.01],[122.07,25],[122.1,24.98],[122.15,24.95],[122.16,24.95],[122.2,24.93],[122.25,24.91],[122.27,24.9],[122.3,24.88],[122.35,24.86],[122.39,24.85],[122.4,24.84],[122.45,24.82],[122.5,24.81],[122.52,24.8],[122.55,24.79],[122.6,24.77],[122.65,24.75],[122.65,24.75],[122.7,24.73],[122.75,24.72],[122.8,24.7],[122.81,24.7],[122.85,24.69],[122.9,24.67],[122.95,24.66],[123,24.65],[123,24.65],[123.05,24.64],[123.1,24.63],[123.15,24.63],[123.2,24.62],[123.25,24.62],[123.3,24.62],[123.35,24.62],[123.4,24.62],[123.45,24.62],[123.5,24.62],[123.55,24.62],[123.6,24.62],[123.65,24.63],[123.7,24.63],[123.75,24.63],[123.8,24.63],[123.85,24.63],[123.9,24.64],[123.95,24.64],[124,24.64],[124.05,24.64],[124.1,24.64],[124.15,24.64],[124.2,24.65],[124.25,24.65],[124.3,24.65],[124.33,24.65],[124.35,24.65],[124.4,24.65],[124.45,24.65],[124.5,24.65],[124.55,24.65],[124.6,24.66],[124.65,24.66],[124.7,24.66],[124.75,24.66],[124.8,24.66],[124.85,24.67],[124.9,24.67],[124.95,24.68],[125,24.69],[125.05,24.69],[125.07,24.7],[125.1,24.71],[125.15,24.72],[125.2,24.73],[125.24,24.75],[125.25,24.75],[125.3,24.77],[125.35,24.8],[125.35,24.8],[125.4,24.82],[125.44,24.85],[125.45,24.85],[125.5,24.89],[125.52,24.9],[125.55,24.92],[125.59,24.95],[125.6,24.95],[125.65,24.99],[125.66,25],[125.7,25.03],[125.72,25.05],[125.75,25.07],[125.79,25.1],[125.8,25.11],[125.85,25.15],[125.85,25.15],[125.9,25.19],[125.91,25.2],[125.95,25.23],[125.97,25.25],[126,25.27],[126.03,25.3],[126.05,25.32],[126.09,25.35],[126.1,25.36],[126.15,25.4],[126.15,25.4],[126.2,25.45],[126.2,25.45],[126.25,25.49],[126.26,25.5],[126.3,25.54],[126.31,25.55],[126.35,25.58],[126.37,25.6],[126.4,25.63],[126.42,25.65],[126.45,25.68],[126.47,25.7],[126.5,25.72],[126.53,25.75],[126.55,25.77],[126.59,25.8],[126.6,25.81],[126.65,25.85],[126.65,25.85],[126.7,25.89],[126.71,25.9],[126.75,25.93],[126.78,25.95],[126.8,25.97],[126.85,26],[126.85,26],[126.9,26.04],[126.92,26.05],[126.95,26.07],[126.99,26.1],[127,26.11],[127.05,26.15],[127.05,26.15],[127.1,26.18],[127.12,26.2],[127.15,26.22],[127.19,26.25],[127.2,26.26],[127.25,26.3],[127.25,26.3],[127.3,26.34],[127.31,26.35],[127.35,26.39],[127.37,26.4],[127.4,26.43],[127.42,26.45],[127.45,26.47],[127.48,26.5],[127.5,26.52],[127.54,26.55],[127.55,26.56],[127.59,26.6],[127.6,26.61],[127.65,26.65],[127.65,26.65],[127.7,26.7],[127.7,26.7],[127.75,26.75],[127.76,26.75],[127.8,26.79],[127.81,26.8],[127.85,26.84],[127.86,26.85],[127.9,26.88],[127.92,26.9],[127.95,26.93],[127.97,26.95],[128,26.98],[128.02,27],[128.05,27.03],[128.07,27.05],[128.1,27.08],[128.12,27.1],[128.15,27.13],[128.17,27.15],[128.2,27.18],[128.22,27.2],[128.25,27.24],[128.26,27.25],[128.3,27.29],[128.31,27.3],[128.35,27.34],[128.36,27.35],[128.4,27.4],[128.4,27.4],[128.45,27.45],[128.45,27.46],[128.49,27.5],[128.5,27.51],[128.53,27.55],[128.55,27.57],[128.58,27.6],[128.6,27.63],[128.62,27.65],[128.65,27.68],[128.66,27.7],[128.7,27.75],[128.7,27.75],[128.74,27.8],[128.75,27.81],[128.78,27.85],[128.8,27.88],[128.82,27.9],[128.85,27.94],[128.85,27.95],[128.89,28],[128.9,28.01],[128.93,28.05],[128.95,28.08],[128.96,28.1],[129,28.15],[129,28.15],[129.04,28.2],[129.05,28.22],[129.07,28.25],[129.1,28.29],[129.11,28.3],[129.15,28.35],[129.15,28.35],[129.19,28.4],[129.2,28.42],[129.23,28.45],[129.25,28.48],[129.27,28.5],[129.3,28.55],[129.3,28.55],[129.34,28.6],[129.35,28.61],[129.38,28.65],[129.4,28.68],[129.42,28.7],[129.45,28.74],[129.45,28.75],[129.49,28.8],[129.5,28.81],[129.53,28.85],[129.55,28.87],[129.57,28.9],[129.6,28.93],[129.62,28.95],[129.65,28.99],[129.66,29],[129.7,29.04],[129.71,29.05],[129.75,29.1],[129.75,29.1],[129.8,29.15],[129.8,29.15],[129.85,29.2],[129.85,29.2],[129.89,29.25],[129.9,29.26],[129.94,29.3],[129.95,29.31],[129.99,29.35],[130,29.36],[130.03,29.4],[130.05,29.42],[130.08,29.45],[130.1,29.48],[130.12,29.5],[130.15,29.54],[130.16,29.55],[130.2,29.6],[130.2,29.6],[130.24,29.65],[130.25,29.67],[130.27,29.7],[130.3,29.74],[130.31,29.75],[130.34,29.8],[130.35,29.81],[130.38,29.85],[130.4,29.88],[130.41,29.9],[130.44,29.95],[130.45,29.96],[130.48,30],[130.5,30.03],[130.51,30.05],[130.54,30.1],[130.55,30.11],[130.58,30.15],[130.6,30.19],[130.61,30.2],[130.64,30.25],[130.65,30.26],[130.68,30.3],[130.7,30.33],[130.71,30.35],[130.75,30.4],[130.75,30.4],[130.78,30.45],[130.8,30.48],[130.82,30.5],[130.85,30.55],[130.85,30.55],[130.88,30.6],[130.9,30.63],[130.92,30.65],[130.95,30.7],[130.95,30.7],[130.98,30.75],[131,30.78],[131.01,30.8],[131.04,30.85],[131.05,30.87],[131.07,30.9],[131.1,30.95],[131.1,30.95],[131.13,31],[131.15,31.03],[131.16,31.05],[131.19,31.1],[131.2,31.12],[131.22,31.15],[131.25,31.2],[131.25,31.2],[131.28,31.25],[131.3,31.29],[131.31,31.3],[131.34,31.35],[131.35,31.37],[131.37,31.4],[131.4,31.45],[131.4,31.45],[131.43,31.5],[131.45,31.53],[131.46,31.55],[131.49,31.6],[131.5,31.61],[131.53,31.65],[131.55,31.69],[131.56,31.7],[131.59,31.75],[131.6,31.77],[131.62,31.8],[131.65,31.85],[131.65,31.85],[131.68,31.9],[131.7,31.94],[131.71,31.95],[131.74,32],[131.75,32.02],[131.77,32.05],[131.79,32.1],[131.8,32.11],[131.82,32.15],[131.85,32.2],[131.85,32.2],[131.87,32.25],[131.9,32.3],[131.9,32.3],[131.93,32.35],[131.95,32.39],[131.95,32.4],[131.98,32.45],[132,32.48],[132.01,32.5],[132.04,32.55],[132.05,32.57],[132.07,32.6],[132.1,32.64],[132.1,32.65],[132.14,32.7],[132.15,32.72],[132.18,32.75],[132.2,32.78],[132.22,32.8],[132.25,32.84],[132.26,32.85],[132.3,32.9],[132.3,32.9],[132.35,32.95],[132.35,32.95],[132.4,33],[132.4,33],[132.45,33.05],[132.45,33.05],[132.5,33.1],[132.5,33.1],[132.55,33.14],[132.56,33.15],[132.6,33.19],[132.62,33.2],[132.65,33.23],[132.68,33.25],[132.7,33.27],[132.74,33.3],[132.75,33.31],[132.8,33.35],[132.8,33.35],[132.85,33.39],[132.87,33.4],[132.9,33.42],[132.93,33.45],[132.95,33.46],[133,33.5],[133,33.5],[133.05,33.53],[133.07,33.55],[133.1,33.57],[133.14,33.6],[133.15,33.61],[133.2,33.64],[133.21,33.65],[133.25,33.68],[133.28,33.7],[133.3,33.72],[133.34,33.75],[133.35,33.75],[133.4,33.79],[133.41,33.8],[133.45,33.83],[133.48,33.85],[133.5,33.87],[133.55,33.9],[133.55,33.9],[133.6,33.94],[133.62,33.95],[133.65,33.97],[133.7,34],[133.7,34],[133.75,34.03],[133.78,34.05],[133.8,34.06],[133.85,34.08],[133.89,34.1],[133.9,34.1],[133.95,34.12],[134,34.14],[134.04,34.15],[134.05,34.15],[134.1,34.17],[134.15,34.18],[134.2,34.19],[134.25,34.19],[134.3,34.2],[134.31,34.2],[134.35,34.2],[134.4,34.21],[134.45,34.21],[134.5,34.21],[134.55,34.22],[134.6,34.22],[134.65,34.22],[134.7,34.22],[134.75,34.23],[134.8,34.23],[134.85,34.23],[134.9,34.23],[134.95,34.24],[135,34.24],[135.05,34.24],[135.1,34.24],[135.15,34.24],[135.2,34.23],[135.25,34.23],[135.3,34.23],[135.35,34.22],[135.4,34.22],[135.45,34.21],[135.5,34.2],[135.55,34.2],[135.55,34.2],[135.6,34.2],[135.65,34.19],[135.7,34.19],[135.75,34.19],[135.8,34.19],[135.85,34.2],[135.86,34.2],[135.9,34.21],[135.95,34.21],[136,34.23],[136.05,34.24],[136.08,34.25],[136.1,34.26],[136.15,34.27],[136.2,34.29],[136.22,34.3],[136.25,34.32],[136.3,34.34],[136.32,34.35],[136.35,34.37],[136.4,34.4],[136.41,34.4],[136.45,34.43],[136.48,34.45],[136.5,34.46],[136.55,34.5],[136.55,34.5],[136.6,34.54],[136.61,34.55],[136.65,34.58],[136.67,34.6],[136.7,34.63],[136.72,34.65],[136.75,34.68],[136.77,34.7],[136.8,34.73],[136.82,34.75],[136.85,34.78],[136.86,34.8],[136.9,34.84],[136.91,34.85],[136.95,34.9],[136.95,34.9],[136.99,34.95],[137,34.96],[137.04,35],[137.05,35.01],[137.09,35.05],[137.1,35.06],[137.14,35.1],[137.15,35.11],[137.2,35.15],[137.2,35.15],[137.25,35.19],[137.27,35.2],[137.3,35.22],[137.35,35.25],[137.36,35.25],[137.4,35.27],[137.45,35.29],[137.47,35.3],[137.5,35.31],[137.55,35.33],[137.6,35.35],[137.61,35.35],[137.65,35.36],[137.7,35.38],[137.74,35.4],[137.75,35.4],[137.8,35.42],[137.85,35.44],[137.86,35.45],[137.9,35.47],[137.95,35.49],[137.97,35.5],[138,35.51],[138.05,35.53],[138.08,35.55],[138.1,35.56],[138.15,35.58],[138.19,35.6],[138.2,35.6],[138.25,35.63],[138.3,35.65],[138.31,35.65],[138.35,35.67],[138.4,35.69],[138.44,35.7],[138.45,35.7],[138.5,35.72],[138.55,35.73],[138.6,35.74],[138.63,35.75],[138.65,35.76],[138.7,35.77],[138.75,35.77],[138.8,35.78],[138.85,35.79],[138.9,35.8],[138.93,35.8],[138.95,35.8],[139,35.81],[139.05,35.81],[139.1,35.82],[139.15,35.82],[139.2,35.83],[139.25,35.83],[139.3,35.84],[139.35,35.84],[139.4,35.84],[139.45,35.84],[139.5,35.84],[139.55,35.84],[139.6,35.84],[139.65,35.84],[139.7,35.83],[139.75,35.82],[139.8,35.82],[139.85,35.8],[139.86,35.8],[139.9,35.79]]}},{"type":"Feature","properties":{"zone":"puy","depth_km":100},"geometry":{"type":"LineString","coordinates":[[165,-49.14],[165,-49.14],[165.01,-49.12],[165.01,-49.1],[165.02,-49.09],[165.02,-49.08],[165.03,-49.06],[165.04,-49.05],[165.04,-49.04],[165.05,-49.02],[165.06,-49.01],[165.07,-49],[165.08,-48.98],[165.08,-48.98],[165.09,-48.96],[165.1,-48.94],[165.1,-48.94],[165.11,-48.92],[165.12,-48.91],[165.13,-48.9],[165.14,-48.88],[165.14,-48.88],[165.15,-48.86],[165.16,-48.85],[165.17,-48.84],[165.18,-48.82],[165.18,-48.82],[165.2,-48.8],[165.2,-48.8],[165.21,-48.78],[165.22,-48.77],[165.22,-48.76],[165.24,-48.74],[165.24,-48.74],[165.25,-48.72],[165.26,-48.71],[165.27,-48.7],[165.28,-48.68],[165.28,-48.68],[165.3,-48.66],[165.3,-48.65],[165.31,-48.64],[165.32,-48.63],[165.32,-48.62],[165.34,-48.6],[165.34,-48.6],[165.35,-48.58],[165.36,-48.57],[165.37,-48.56],[165.38,-48.54],[165.38,-48.54],[165.4,-48.52],[165.4,-48.51],[165.41,-48.5],[165.42,-48.49],[165.43,-48.48],[165.44,-48.46],[165.44,-48.46],[165.46,-48.44],[165.46,-48.43],[165.47,-48.42],[165.48,-48.41],[165.49,-48.4],[165.5,-48.38],[165.5,-48.38],[165.52,-48.36],[165.52,-48.36],[165.53,-48.34],[165.54,-48.33],[165.55,-48.32],[165.56,-48.31],[165.57,-48.3],[165.58,-48.29],[165.58,-48.28],[165.6,-48.26],[165.6,-48.26],[165.62,-48.24],[165.62,-48.24],[165.64,-48.22],[165.64,-48.22],[165.66,-48.2],[165.66,-48.19],[165.67,-48.18],[165.68,-48.17],[165.69,-48.16],[165.7,-48.15],[165.71,-48.14],[165.72,-48.13],[165.73,-48.12],[165.74,-48.11],[165.75,-48.1],[165.76,-48.09],[165.77,-48.08],[165.78,-48.06],[165.78,-48.06],[165.8,-48.04],[165.8,-48.04],[165.82,-48.02],[165.82,-48.02],[165.84,-48],[165.84,-48],[165.86,-47.98],[165.86,-47.98],[165.87,-47.96],[165.88,-47.95],[165.89,-47.94],[165.9,-47.93],[165.91,-47.92],[165.92,-47.91],[165.93,-47.9],[165.94,-47.88],[165.94,-47.88],[165.96,-47.86],[165.96,-47.86],[165.98,-47.84],[165.98,-47.83],[165.99,-47.82],[166,-47.81],[166.01,-47.8],[166.02,-47.78],[166.02,-47.78],[166.04,-47.76],[166.04,-47.76],[166.05,-47.74],[166.06,-47.73],[166.07,-47.72],[166.08,-47.7],[166.08,-47.7],[166.1,-47.68],[166.1,-47.68],[166.11,-47.66],[166.12,-47.65],[166.13,-47.64],[166.14,-47.62],[166.14,-47.62],[166.16,-47.6],[166.16,-47.59],[166.17,-47.58],[166.18,-47.57],[166.18,-47.56],[166.2,-47.54],[166.2,-47.54],[166.21,-47.52],[166.22,-47.51],[166.23,-47.5],[166.24,-47.48],[166.24,-47.48],[166.25,-47.46],[166.26,-47.45],[166.27,-47.44],[166.28,-47.42],[166.28,-47.42],[166.29,-47.4],[166.3,-47.39],[166.31,-47.38],[166.32,-47.36],[166.32,-47.36],[166.33,-47.34],[166.34,-47.33],[166.35,-47.32],[166.36,-47.3],[166.36,-47.3],[166.37,-47.28],[166.38,-47.27],[166.38,-47.26],[166.4,-47.24],[166.4,-47.23],[166.41,-47.22],[166.42,-47.2],[166.42,-47.2],[166.43,-47.18],[166.44,-47.17],[166.44,-47.16],[166.45,-47.14],[166.46,-47.13],[166.47,-47.12],[166.48,-47.1],[166.48,-47.09],[166.49,-47.08],[166.5,-47.06],[166.5,-47.06],[166.51,-47.04],[166.52,-47.02],[166.52,-47.02],[166.53,-47],[166.54,-46.98],[166.54,-46.98],[166.55,-46.96],[166.56,-46.95],[166.56,-46.94],[166.57,-46.92],[166.58,-46.91],[166.58,-46.9],[166.6,-46.88],[166.6,-46.87],[166.61,-46.86],[166.62,-46.84],[166.62,-46.83],[166.63,-46.82],[166.64,-46.8],[166.64,-46.8],[166.65,-46.78],[166.66,-46.76],[166.66,-46.76],[166.67,-46.74],[166.68,-46.73],[166.69,-46.72],[166.7,-46.7],[166.7,-46.7],[166.71,-46.68],[166.72,-46.66],[166.72,-46.66],[166.73,-46.64],[166.74,-46.63],[166.75,-46.62],[166.76,-46.6],[166.76,-46.6],[166.77,-46.58],[166.78,-46.56],[166.78,-46.56],[166.79,-46.54],[166.8,-46.53],[166.81,-46.52],[166.82,-46.5],[166.82,-46.5],[166.83,-46.48],[166.84,-46.47],[166.84,-46.46],[166.86,-46.44],[166.86,-46.43],[166.87,-46.42],[166.88,-46.4],[166.88,-46.4],[166.89,-46.38],[166.9,-46.37],[166.91,-46.36],[166.92,-46.34],[166.92,-46.34],[166.93,-46.32],[166.94,-46.3],[166.94,-46.3],[166.95,-46.28],[166.96,-46.27],[166.97,-46.26],[166.98,-46.24],[166.98,-46.24],[166.99,-46.22],[167,-46.2],[167,-46.2],[167.01,-46.18],[167.02,-46.17],[167.02,-46.16],[167.03,-46.14],[167.04,-46.13],[167.04,-46.12],[167.05,-46.1],[167.06,-46.09],[167.06,-46.08],[167.07,-46.06],[167.08,-46.04],[167.08,-46.04],[167.09,-46.02],[167.1,-46],[167.1,-45.99],[167.1,-45.98],[167.11,-45.96],[167.12,-45.94],[167.12,-45.93],[167.12,-45.92],[167.13,-45.9],[167.13,-45.88],[167.14,-45.86],[167.14,-45.86],[167.14,-45.84],[167.15,-45.82],[167.15,-45.8],[167.16,-45.78],[167.16,-45.78],[167.17,-45.76],[167.17,-45.74],[167.18,-45.72],[167.18,-45.71],[167.18,-45.7],[167.19,-45.68],[167.2,-45.66],[167.2,-45.65],[167.2,-45.64],[167.21,-45.62],[167.22,-45.6],[167.22,-45.6],[167.23,-45.58],[167.24,-45.56],[167.24,-45.56],[167.25,-45.54],[167.26,-45.52],[167.26,-45.52],[167.27,-45.5],[167.28,-45.49],[167.29,-45.48],[167.3,-45.46],[167.3,-45.46],[167.31,-45.44],[167.32,-45.43],[167.33,-45.42],[167.34,-45.41],[167.34,-45.4],[167.36,-45.38],[167.36,-45.38],[167.38,-45.36],[167.38,-45.35],[167.39,-45.34],[167.4,-45.33],[167.41,-45.32],[167.42,-45.31],[167.42,-45.3],[167.44,-45.28],[167.44,-45.28],[167.46,-45.26],[167.46,-45.26],[167.48,-45.24],[167.48,-45.24],[167.49,-45.22],[167.5,-45.21],[167.51,-45.2],[167.52,-45.19],[167.53,-45.18],[167.54,-45.17],[167.55,-45.16],[167.56,-45.15],[167.57,-45.14],[167.58,-45.13],[167.59,-45.12],[167.6,-45.11],[167.61,-45.1],[167.62,-45.09],[167.63,-45.08],[167.64,-45.07],[167.65,-45.06],[167.66,-45.05],[167.68,-45.04],[167.68,-45.04],[167.7,-45.02],[167.7,-45.02],[167.72,-45.01],[167.73,-45],[167.74,-44.99],[167.76,-44.98],[167.76,-44.98],[167.78,-44.97],[167.79,-44.96],[167.8,-44.96],[167.82,-44.94],[167.83,-44.94],[167.84,-44.93],[167.86,-44.92],[167.87,-44.92],[167.88,-44.91],[167.9,-44.9],[167.91,-44.9],[167.92,-44.9],[167.94,-44.89],[167.96,-44.88],[167.96,-44.88],[167.98,-44.87],[168,-44.86],[168.01,-44.86],[168.02,-44.86]]}},{"type":"Feature","properties":{"zone":"puy","depth_km":40},"geometry":{"type":"LineString","coordinates":[[164.32,-49.62],[164.33,-49.6],[164.33,-49.58],[164.33,-49.56],[164.33,-49.54],[164.33,-49.52],[164.34,-49.5],[164.34,-49.48],[164.34,-49.48],[164.34,-49.46],[164.35,-49.44],[164.35,-49.42],[164.35,-49.4],[164.36,-49.38],[164.36,-49.37],[164.36,-49.36],[164.37,-49.34],[164.37,-49.32],[164.38,-49.3],[164.38,-49.29],[164.38,-49.28],[164.39,-49.26],[164.4,-49.24],[164.4,-49.23],[164.4,-49.22],[164.41,-49.2],[164.42,-49.18],[164.42,-49.17],[164.42,-49.16],[164.43,-49.14],[164.44,-49.12],[164.44,-49.11],[164.45,-49.1],[164.45,-49.08],[164.46,-49.06],[164.46,-49.06],[164.47,-49.04],[164.48,-49.02],[164.48,-49.02],[164.49,-49],[164.5,-48.98],[164.5,-48.98],[164.51,-48.96],[164.52,-48.94],[164.52,-48.94],[164.53,-48.92],[164.54,-48.9],[164.54,-48.9],[164.55,-48.88],[164.56,-48.86],[164.56,-48.86],[164.57,-48.84],[164.58,-48.83],[164.59,-48.82],[164.6,-48.8],[164.6,-48.8],[164.61,-48.78],[164.62,-48.77],[164.62,-48.76],[164.64,-48.74],[164.64,-48.73],[164.65,-48.72],[164.66,-48.71],[164.66,-48.7],[164.68,-48.68],[164.68,-48.68],[164.69,-48.66],[164.7,-48.65],[164.71,-48.64],[164.72,-48.62],[164.72,-48.62],[164.73,-48.6],[164.74,-48.59],[164.75,-48.58],[164.76,-48.56],[164.76,-48.56],[164.78,-48.54],[164.78,-48.54],[164.79,-48.52],[164.8,-48.51],[164.81,-48.5],[164.82,-48.48],[164.82,-48.48],[164.84,-48.46],[164.84,-48.46],[164.85,-48.44],[164.86,-48.43],[164.87,-48.42],[164.88,-48.4],[164.88,-48.4],[164.9,-48.38],[164.9,-48.37],[164.91,-48.36],[164.92,-48.35],[164.93,-48.34],[164.94,-48.32],[164.94,-48.32],[164.95,-48.3],[164.96,-48.29],[164.97,-48.28],[164.98,-48.27],[164.98,-48.26],[165,-48.24],[165,-48.24],[165.01,-48.22],[165.02,-48.21],[165.03,-48.2],[165.04,-48.18],[165.04,-48.18],[165.06,-48.16],[165.06,-48.16],[165.07,-48.14],[165.08,-48.13],[165.09,-48.12],[165.1,-48.1],[165.1,-48.1],[165.12,-48.08],[165.12,-48.07],[165.13,-48.06],[165.14,-48.05],[165.14,-48.04],[165.16,-48.02],[165.16,-48.02],[165.17,-48],[165.18,-47.99],[165.19,-47.98],[165.2,-47.96],[165.2,-47.96],[165.22,-47.94],[165.22,-47.94],[165.23,-47.92],[165.24,-47.91],[165.25,-47.9],[165.26,-47.88],[165.26,-47.88],[165.28,-47.86],[165.28,-47.85],[165.29,-47.84],[165.3,-47.83],[165.31,-47.82],[165.32,-47.8],[165.32,-47.8],[165.34,-47.78],[165.34,-47.78],[165.35,-47.76],[165.36,-47.75],[165.37,-47.74],[165.38,-47.73],[165.38,-47.72],[165.4,-47.7],[165.4,-47.7],[165.42,-47.68],[165.42,-47.68],[165.44,-47.66],[165.44,-47.66],[165.45,-47.64],[165.46,-47.63],[165.47,-47.62],[165.48,-47.61],[165.49,-47.6],[165.5,-47.59],[165.51,-47.58],[165.52,-47.57],[165.53,-47.56],[165.54,-47.55],[165.55,-47.54],[165.56,-47.53],[165.57,-47.52],[165.58,-47.51],[165.59,-47.5],[165.6,-47.49],[165.61,-47.48],[165.62,-47.47],[165.63,-47.46],[165.64,-47.45],[165.65,-47.44],[165.66,-47.43],[165.67,-47.42],[165.68,-47.41],[165.69,-47.4],[165.7,-47.39],[165.71,-47.38],[165.72,-47.37],[165.73,-47.36],[165.74,-47.35],[165.75,-47.34],[165.76,-47.33],[165.77,-47.32],[165.78,-47.31],[165.79,-47.3],[165.8,-47.29],[165.8,-47.28],[165.82,-47.26],[165.82,-47.26],[165.84,-47.24],[165.84,-47.24],[165.85,-47.22],[165.86,-47.21],[165.87,-47.2],[165.88,-47.18],[165.88,-47.18],[165.9,-47.16],[165.9,-47.16],[165.91,-47.14],[165.92,-47.13],[165.93,-47.12],[165.94,-47.1],[165.94,-47.1],[165.95,-47.08],[165.96,-47.07],[165.96,-47.06],[165.98,-47.04],[165.98,-47.03],[165.99,-47.02],[166,-47],[166,-47],[166.01,-46.98],[166.02,-46.97],[166.02,-46.96],[166.03,-46.94],[166.04,-46.93],[166.05,-46.92],[166.06,-46.9],[166.06,-46.89],[166.07,-46.88],[166.08,-46.86],[166.08,-46.86],[166.09,-46.84],[166.1,-46.82],[166.1,-46.82],[166.11,-46.8],[166.12,-46.78],[166.12,-46.78],[166.13,-46.76],[166.14,-46.75],[166.14,-46.74],[166.15,-46.72],[166.16,-46.71],[166.16,-46.7],[166.18,-46.68],[166.18,-46.67],[166.19,-46.66],[166.2,-46.64],[166.2,-46.63],[166.21,-46.62],[166.22,-46.6],[166.22,-46.6],[166.23,-46.58],[166.24,-46.56],[166.24,-46.56],[166.25,-46.54],[166.26,-46.52],[166.26,-46.52],[166.27,-46.5],[166.28,-46.49],[166.28,-46.48],[166.29,-46.46],[166.3,-46.45],[166.31,-46.44],[166.32,-46.42],[166.32,-46.41],[166.33,-46.4],[166.34,-46.38],[166.34,-46.38],[166.35,-46.36],[166.36,-46.34],[166.36,-46.34],[166.37,-46.32],[166.38,-46.31],[166.39,-46.3],[166.4,-46.28],[166.4,-46.28],[166.41,-46.26],[166.42,-46.25],[166.42,-46.24],[166.44,-46.22],[166.44,-46.22],[166.45,-46.2],[166.46,-46.19],[166.47,-46.18],[166.48,-46.16],[166.48,-46.16],[166.49,-46.14],[166.5,-46.13],[166.51,-46.12],[166.52,-46.11],[166.52,-46.1],[166.54,-46.08],[166.54,-46.08],[166.56,-46.06],[166.56,-46.05],[166.57,-46.04],[166.58,-46.03],[166.59,-46.02],[166.6,-46],[166.6,-46],[166.62,-45.98],[166.62,-45.98],[166.63,-45.96],[166.64,-45.95],[166.65,-45.94],[166.66,-45.93],[166.67,-45.92],[166.68,-45.9],[166.68,-45.9],[166.69,-45.88],[166.7,-45.87],[166.71,-45.86],[166.72,-45.84],[166.72,-45.84],[166.73,-45.82],[166.74,-45.8],[166.74,-45.8],[166.75,-45.78],[166.76,-45.76],[166.76,-45.76],[166.77,-45.74],[166.78,-45.72],[166.78,-45.72],[166.79,-45.7],[166.8,-45.68],[166.8,-45.68],[166.81,-45.66],[166.82,-45.64],[166.82,-45.63],[166.83,-45.62],[166.84,-45.6],[166.84,-45.6],[166.85,-45.58],[166.86,-45.56],[166.86,-45.56],[166.88,-45.54],[166.88,-45.54],[166.89,-45.52],[166.9,-45.51],[166.91,-45.5],[166.92,-45.49],[166.93,-45.48],[166.94,-45.47],[166.95,-45.46],[166.96,-45.45],[166.97,-45.44],[166.98,-45.43],[167,-45.42],[167,-45.42],[167.02,-45.4],[167.03,-45.4],[167.04,-45.39],[167.05,-45.38],[167.06,-45.37],[167.08,-45.36],[167.08,-45.36],[167.1,-45.34],[167.1,-45.34],[167.12,-45.33],[167.13,-45.32],[167.14,-45.31],[167.15,-45.3],[167.16,-45.29],[167.18,-45.28],[167.18,-45.28],[167.2,-45.26],[167.2,-45.26],[167.22,-45.24],[167.22,-45.24],[167.24,-45.22],[167.24,-45.22],[167.26,-45.2],[167.26,-45.2],[167.28,-45.18],[167.28,-45.18],[167.3,-45.16],[167.3,-45.16],[167.32,-45.14],[167.32,-45.14],[167.34,-45.12],[167.34,-45.12],[167.36,-45.1],[167.36,-45.1],[167.38,-45.08],[167.38,-45.08],[167.4,-45.07],[167.41,-45.06],[167.42,-45.05],[167.43,-45.04],[167.44,-45.03],[167.45,-45.02],[167.46,-45.01],[167.47,-45],[167.48,-44.99],[167.49,-44.98],[167.5,-44.97],[167.51,-44.96],[167.52,-44.95],[167.53,-44.94],[167.54,-44.93],[167.55,-44.92],[167.56,-44.91],[167.57,-44.9],[167.58,-44.89],[167.59,-44.88],[167.6,-44.87],[167.61,-44.86],[167.62,-44.85],[167.63,-44.84],[167.64,-44.83],[167.65,-44.82],[167.66,-44.81],[167.67,-44.8],[167.68,-44.79],[167.7,-44.78],[167.7,-44.78],[167.72,-44.76]]}},{"type":"Feature","properties":{"zone":"sol","depth_km":600},"geometry":{"type":"LineString","coordinates":[[146.85,-4.02],[146.9,-4.05],[146.9,-4.05],[146.95,-4.07],[147,-4.09],[147.02,-4.1],[147.05,-4.11],[147.1,-4.13],[147.15,-4.14],[147.19,-4.15],[147.2,-4.15],[147.25,-4.16]]}},{"type":"Feature","properties":{"zone":"sol","depth_km":500},"geometry":{"type":"LineString","coordinates":[[146.85,-4.24],[146.87,-4.25],[146.9,-4.26],[146.95,-4.28],[147,-4.3],[147.01,-4.3],[147.05,-4.31],[147.1,-4.33],[147.15,-4.34],[147.2,-4.35],[147.2,-4.35],[147.25,-4.36],[147.3,-4.37],[147.35,-4.38],[147.4,-4.39],[147.45,-4.39],[147.5,-4.4],[147.5,-4.4],[147.55,-4.41],[147.6,-4.41],[147.65,-4.42],[147.7,-4.42],[147.75,-4.43],[147.8,-4.44],[147.85,-4.44],[147.9,-4.44],[147.95,-4.45],[147.96,-4.45],[148,-4.45],[148.05,-4.46],[148.1,-4.46],[148.15,-4.47],[148.2,-4.47],[148.25,-4.48],[148.3,-4.48],[148.35,-4.48],[148.4,-4.49],[148.45,-4.49],[148.5,-4.5],[148.52,-4.5],[148.55,-4.5],[148.6,-4.51],[148.65,-4.51],[148.7,-4.52],[148.75,-4.52],[148.8,-4.52],[148.85,-4.53],[148.9,-4.53]]}},{"type":"Feature","properties":{"zone":"sol","depth_km":500},"geometry":{"type":"LineString","coordinates":[[149.35,-4.54],[149.4,-4.53],[149.45,-4.52],[149.5,-4.51],[149.53,-4.5],[149.55,-4.5],[149.6,-4.48],[149.65,-4.46],[149.68,-4.45],[149.7,-4.44],[149.75,-4.42],[149.78,-4.4],[149.8,-4.39],[149.85,-4.36],[149.86,-4.35],[149.9,-4.32],[149.93,-4.3],[149.95,-4.28],[149.99,-4.25]]}},{"type":"Feature","properties":{"zone":"sol","depth_km":400},"geometry":{"type":"LineString","coordinates":[[146.79,-4.45],[146.8,-4.45],[146.85,-4.48],[146.9,-4.5],[146.9,-4.5],[146.95,-4.52],[147,-4.54],[147.03,-4.55],[147.05,-4.56],[147.1,-4.57],[147.15,-4.59],[147.2,-4.6],[147.2,-4.6],[147.25,-4.61],[147.3,-4.62],[147.35,-4.63],[147.4,-4.63],[147.45,-4.64],[147.5,-4.64],[147.55,-4.65],[147.57,-4.65],[147.6,-4.65],[147.65,-4.66],[147.7,-4.66],[147.75,-4.67],[147.8,-4.67],[147.85,-4.68],[147.9,-4.68],[147.95,-4.69],[148,-4.69],[148.05,-4.7],[148.09,-4.7],[148.1,-4.7],[148.15,-4.7],[148.2,-4.71],[148.25,-4.71],[148.3,-4.71],[148.35,-4.71],[148.4,-4.71],[148.45,-4.71],[148.5,-4.71],[148.55,-4.71],[148.6,-4.71],[148.65,-4.71],[148.7,-4.71],[148.75,-4.71],[148.8,-4.72],[148.85,-4.72],[148.9,-4.72],[148.95,-4.72],[149,-4.73],[149.05,-4.73],[149.1,-4.73],[149.15,-4.74],[149.2,-4.74],[149.25,-4.74],[149.3,-4.74],[149.35,-4.74],[149.4,-4.74],[149.45,-4.74],[149.5,-4.73],[149.55,-4.73],[149.6,-4.72],[149.65,-4.71],[149.69,-4.7],[149.7,-4.7],[149.75,-4.68],[149.8,-4.67],[149.85,-4.65],[149.85,-4.65],[149.9,-4.63],[149.95,-4.61],[149.96,-4.6],[150,-4.58],[150.05,-4.55],[150.05,-4.55],[150.1,-4.52],[150.12,-4.5],[150.15,-4.48],[150.18,-4.45],[150.2,-4.44],[150.24,-4.4],[150.25,-4.39],[150.29,-4.35],[150.3,-4.34],[150.34,-4.3],[150.35,-4.29],[150.38,-4.25],[150.4,-4.23],[150.43,-4.2],[150.45,-4.18],[150.47,-4.15],[150.5,-4.12],[150.52,-4.1],[150.55,-4.07],[150.57,-4.05],[150.6,-4.02],[150.62,-4],[150.65,-3.96],[150.66,-3.95],[150.7,-3.91],[150.71,-3.9],[150.75,-3.87],[150.77,-3.85],[150.8,-3.82],[150.82,-3.8],[150.85,-3.77],[150.87,-3.75],[150.9,-3.72],[150.93,-3.7],[150.95,-3.68],[150.99,-3.65],[151,-3.64],[151.05,-3.6],[151.05,-3.6],[151.1,-3.57],[151.12,-3.55],[151.15,-3.53],[151.2,-3.5],[151.2,-3.5],[151.25,-3.47],[151.3,-3.45],[151.3,-3.45],[151.35,-3.42],[151.4,-3.4],[151.4,-3.4],[151.45,-3.38],[151.5,-3.36],[151.52,-3.35],[151.55,-3.34],[151.6,-3.32],[151.65,-3.3]]}},{"type":"Feature","properties":{"zone":"sol","depth_km":300},"geometry":{"type":"LineString","coordinates":[[146.7,-4.69],[146.71,-4.7],[146.75,-4.73],[146.78,-4.75],[146.8,-4.77],[146.84,-4.8],[146.85,-4.81],[146.9,-4.84],[146.91,-4.85],[146.95,-4.87],[147,-4.9],[147,-4.9],[147.05,-4.92],[147.1,-4.94],[147.15,-4.95],[147.15,-4.95],[147.2,-4.96],[147.25,-4.96],[147.3,-4.96],[147.35,-4.96],[147.4,-4.96],[147.45,-4.96],[147.5,-4.96],[147.55,-4.96],[147.6,-4.97],[147.65,-4.97],[147.7,-4.97],[147.75,-4.98],[147.8,-4.98],[147.85,-4.99],[147.9,-4.99],[147.95,-5],[147.96,-5],[148,-5],[148.05,-5.01],[148.1,-5.02],[148.15,-5.02],[148.2,-5.02],[148.25,-5.03],[148.3,-5.03],[148.35,-5.03],[148.4,-5.02],[148.45,-5.02],[148.5,-5.02],[148.55,-5.01],[148.6,-5.01],[148.65,-5],[148.65,-5],[148.7,-5],[148.75,-4.99],[148.8,-4.99],[148.85,-4.99],[148.9,-4.99],[148.95,-4.99],[149,-4.99],[149.05,-5],[149.08,-5],[149.1,-5],[149.15,-5.01],[149.2,-5.01],[149.25,-5.01],[149.3,-5.01],[149.35,-5.01],[149.4,-5.01],[149.45,-5],[149.49,-5],[149.5,-5],[149.55,-4.99],[149.6,-4.99],[149.65,-4.98],[149.7,-4.97],[149.75,-4.96],[149.8,-4.95],[149.82,-4.95],[149.85,-4.94],[149.9,-4.93],[149.95,-4.91],[149.99,-4.9],[150,-4.9],[150.05,-4.88],[150.1,-4.86],[150.11,-4.85],[150.15,-4.83],[150.2,-4.81],[150.21,-4.8],[150.25,-4.78],[150.29,-4.75],[150.3,-4.75],[150.35,-4.71],[150.37,-4.7],[150.4,-4.67],[150.43,-4.65],[150.45,-4.63],[150.49,-4.6],[150.5,-4.59],[150.55,-4.55],[150.55,-4.55],[150.6,-4.5],[150.6,-4.5],[150.65,-4.45],[150.65,-4.45],[150.7,-4.4],[150.71,-4.4],[150.75,-4.36],[150.76,-4.35],[150.8,-4.31],[150.82,-4.3],[150.85,-4.27],[150.87,-4.25],[150.9,-4.23],[150.93,-4.2],[150.95,-4.18],[150.99,-4.15],[151,-4.14],[151.05,-4.1],[151.05,-4.1],[151.1,-4.06],[151.11,-4.05],[151.15,-4.02],[151.17,-4],[151.2,-3.98],[151.23,-3.95],[151.25,-3.93],[151.29,-3.9],[151.3,-3.89],[151.35,-3.85],[151.35,-3.85],[151.4,-3.81],[151.41,-3.8],[151.45,-3.77],[151.47,-3.75],[151.5,-3.73],[151.54,-3.7],[151.55,-3.69],[151.6,-3.66],[151.61,-3.65],[151.65,-3.63],[151.69,-3.6],[151.7,-3.59],[151.75,-3.56],[151.77,-3.55],[151.8,-3.53],[151.85,-3.51],[151.86,-3.5],[151.9,-3.48],[151.95,-3.45],[151.95,-3.45],[152,-3.43],[152.05,-3.4],[152.05,-3.4],[152.1,-3.38],[152.15,-3.35],[152.16,-3.35],[152.2,-3.33],[152.25,-3.31],[152.28,-3.3],[152.3,-3.29],[152.35,-3.27],[152.4,-3.26],[152.42,-3.25],[152.45,-3.24],[152.5,-3.23],[152.55,-3.22],[152.6,-3.22],[152.65,-3.21],[152.7,-3.21],[152.75,-3.21],[152.8,-3.21],[152.85,-3.21],[152.9,-3.22],[152.95,-3.22],[153,-3.23],[153.05,-3.24],[153.1,-3.25],[153.11,-3.25],[153.15,-3.26],[153.2,-3.27],[153.25,-3.29],[153.28,-3.3],[153.3,-3.31],[153.35,-3.33],[153.4,-3.35],[153.4,-3.35],[153.45,-3.38],[153.49,-3.4],[153.5,-3.41],[153.55,-3.44],[153.56,-3.45],[153.6,-3.48],[153.63,-3.5],[153.65,-3.52],[153.69,-3.55],[153.7,-3.56],[153.74,-3.6],[153.75,-3.61],[153.8,-3.65],[153.8,-3.65],[153.85,-3.7],[153.85,-3.7]]}},{"type":"Feature","properties":{"zone":"sol","depth_km":200},"geometry":{"type":"LineString","coordinates":[[146.38,-4.85],[146.4,-4.86],[146.45,-4.9],[146.46,-4.9],[146.5,-4.94],[146.52,-4.95],[146.55,-4.98],[146.57,-5],[146.6,-5.03],[146.62,-5.05],[146.65,-5.08],[146.67,-5.1],[146.7,-5.13],[146.72,-5.15],[146.75,-5.17],[146.79,-5.2],[146.8,-5.21],[146.85,-5.24],[146.87,-5.25],[146.9,-5.26],[146.95,-5.28],[147,-5.3],[147.01,-5.3],[147.05,-5.31],[147.1,-5.32],[147.15,-5.32],[147.2,-5.32],[147.25,-5.33],[147.3,-5.33],[147.35,-5.33],[147.4,-5.33],[147.45,-5.33],[147.5,-5.33],[147.55,-5.33],[147.6,-5.33],[147.65,-5.33],[147.7,-5.33],[147.75,-5.33],[147.8,-5.33],[147.85,-5.33],[147.9,-5.33],[147.95,-5.33],[148,-5.33],[148.05,-5.33],[148.1,-5.33],[148.15,-5.34],[148.2,-5.34],[148.25,-5.34],[148.3,-5.34],[148.35,-5.34],[148.4,-5.33],[148.45,-5.33],[148.5,-5.33],[148.55,-5.32],[148.6,-5.32],[148.65,-5.31],[148.7,-5.31],[148.75,-5.31],[148.8,-5.3],[148.85,-5.3],[148.87,-5.3],[148.9,-5.3],[148.95,-5.3],[149,-5.3],[149.05,-5.3],[149.1,-5.3],[149.15,-5.3],[149.2,-5.3],[149.25,-5.29],[149.3,-5.29],[149.35,-5.28],[149.4,-5.27],[149.45,-5.27],[149.5,-5.26],[149.54,-5.25],[149.55,-5.25],[149.6,-5.24],[149.65,-5.23],[149.7,-5.23],[149.75,-5.22],[149.8,-5.21],[149.84,-5.2],[149.85,-5.2],[149.9,-5.19],[149.95,-5.18],[150,-5.16],[150.03,-5.15],[150.05,-5.14],[150.1,-5.13],[150.15,-5.11],[150.17,-5.1],[150.2,-5.08],[150.25,-5.06],[150.27,-5.05],[150.3,-5.04],[150.35,-5.01],[150.37,-5],[150.4,-4.98],[150.45,-4.95],[150.46,-4.95],[150.5,-4.92],[150.54,-4.9],[150.55,-4.89],[150.6,-4.86],[150.62,-4.85],[150.65,-4.83],[150.69,-4.8],[150.7,-4.79],[150.75,-4.76],[150.76,-4.75],[150.8,-4.72],[150.82,-4.7],[150.85,-4.68],[150.88,-4.65],[150.9,-4.64],[150.95,-4.6],[150.95,-4.6],[151,-4.56],[151.01,-4.55],[151.05,-4.52],[151.07,-4.5],[151.1,-4.48],[151.14,-4.45],[151.15,-4.44],[151.2,-4.41],[151.21,-4.4],[151.25,-4.37],[151.29,-4.35],[151.3,-4.34],[151.35,-4.31],[151.36,-4.3],[151.4,-4.28],[151.44,-4.25],[151.45,-4.24],[151.5,-4.21],[151.51,-4.2],[151.55,-4.18],[151.59,-4.15],[151.6,-4.14],[151.65,-4.1],[151.66,-4.1],[151.7,-4.07],[151.73,-4.05],[151.75,-4.03],[151.8,-4],[151.8,-4],[151.85,-3.96],[151.87,-3.95],[151.9,-3.93],[151.95,-3.9],[151.95,-3.9],[152,-3.87],[152.03,-3.85],[152.05,-3.84],[152.1,-3.81],[152.11,-3.8],[152.15,-3.78],[152.2,-3.75],[152.21,-3.75],[152.25,-3.73],[152.3,-3.7],[152.31,-3.7],[152.35,-3.68],[152.4,-3.66],[152.42,-3.65],[152.45,-3.64],[152.5,-3.62],[152.55,-3.61],[152.57,-3.6],[152.6,-3.59],[152.65,-3.58],[152.7,-3.58],[152.75,-3.57],[152.8,-3.57],[152.85,-3.57],[152.9,-3.58],[152.95,-3.59],[153,-3.59],[153.02,-3.6],[153.05,-3.61],[153.1,-3.62],[153.15,-3.64],[153.19,-3.65],[153.2,-3.65],[153.25,-3.67],[153.3,-3.7],[153.31,-3.7],[153.35,-3.72],[153.4,-3.75],[153.4,-3.75],[153.45,-3.78],[153.49,-3.8],[153.5,-3.81],[153.55,-3.84],[153.56,-3.85],[153.6,-3.88],[153.63,-3.9],[153.65,-3.92],[153.69,-3.95],[153.7,-3.96],[153.74,-4],[153.75,-4],[153.8,-4.05],[153.8,-4.05],[153.84,-4.1],[153.85,-4.11],[153.89,-4.15],[153.9,-4.16],[153.93,-4.2],[153.95,-4.22],[153.97,-4.25],[154,-4.29],[154.01,-4.3],[154.05,-4.35],[154.05,-4.35],[154.09,-4.4],[154.1,-4.41],[154.13,-4.45],[154.15,-4.48],[154.17,-4.5],[154.2,-4.54],[154.21,-4.55],[154.25,-4.6],[154.25,-4.61],[154.28,-4.65],[154.3,-4.68],[154.31,-4.7],[154.34,-4.75],[154.35,-4.76],[154.37,-4.8],[154.4,-4.85],[154.4,-4.86],[154.42,-4.9],[154.45,-4.95],[154.45,-4.95],[154.48,-5],[154.5,-5.03],[154.51,-5.05],[154.55,-5.1],[154.55,-5.11],[154.58,-5.15],[154.6,-5.17],[154.63,-5.2],[154.65,-5.23],[154.67,-5.25],[154.7,-5.28],[154.72,-5.3],[154.75,-5.33],[154.78,-5.35],[154.8,-5.37],[154.83,-5.4],[154.85,-5.42],[154.89,-5.45],[154.9,-5.46],[154.95,-5.5],[154.95,-5.5],[155,-5.55],[155,-5.55],[155.05,-5.6],[155.05,-5.6],[155.1,-5.65],[155.1,-5.65],[155.14,-5.7],[155.15,-5.71],[155.18,-5.75],[155.2,-5.77],[155.23,-5.8],[155.25,-5.82],[155.28,-5.85],[155.3,-5.88],[155.32,-5.9],[155.35,-5.93],[155.37,-5.95],[155.4,-5.98],[155.42,-6],[155.45,-6.03],[155.46,-6.05],[155.5,-6.09],[155.51,-6.1],[155.55,-6.14],[155.56,-6.15],[155.6,-6.19],[155.6,-6.2],[155.65,-6.25],[155.65,-6.25],[155.7,-6.3],[155.7,-6.3],[155.75,-6.35],[155.75,-6.35],[155.8,-6.39],[155.81,-6.4],[155.85,-6.44],[155.87,-6.45],[155.9,-6.48],[155.93,-6.5],[155.95,-6.52],[155.99,-6.55],[156,-6.56],[156.05,-6.6],[156.05,-6.6],[156.1,-6.64],[156.12,-6.65],[156.15,-6.68],[156.18,-6.7],[156.2,-6.72],[156.24,-6.75],[156.25,-6.75],[156.3,-6.79],[156.31,-6.8],[156.35,-6.83],[156.38,-6.85],[156.4,-6.87],[156.45,-6.9],[156.45,-6.9]]}},{"type":"Feature","properties":{"zone":"sol","depth_km":200},"geometry":{"type":"LineString","coordinates":[[145.05,-4.3],[145.05,-4.3],[145.1,-4.32],[145.15,-4.35],[145.15,-4.35],[145.2,-4.37],[145.25,-4.4],[145.25,-4.4],[145.3,-4.42],[145.35,-4.44],[145.37,-4.45],[145.4,-4.46],[145.45,-4.48],[145.5,-4.5],[145.5,-4.5],[145.55,-4.52],[145.6,-4.53]]}},{"type":"Feature","properties":{"zone":"sol","depth_km":200},"geometry":{"type":"LineString","coordinates":[[145.66,-4.55],[145.7,-4.56],[145.75,-4.58],[145.8,-4.6],[145.81,-4.6],[145.85,-4.61],[145.9,-4.63]]}},{"type":"Feature","properties":{"zone":"sol","depth_km":200},"geometry":{"type":"LineString","coordinates":[[156.52,-6.95],[156.55,-6.97],[156.59,-7],[156.6,-7.01]]}},{"type":"Feature","properties":{"zone":"sol","depth_km":200},"geometry":{"type":"LineString","coordinates":[[156.73,-7.1],[156.75,-7.11],[156.8,-7.15],[156.8,-7.15]]}},{"type":"Feature","properties":{"zone":"sol","depth_km":200},"geometry":{"type":"LineString","coordinates":[[157.08,-7.4],[157.1,-7.41],[157.14,-7.45],[157.15,-7.46],[157.2,-7.5],[157.2,-7.5]]}},{"type":"Feature","properties":{"zone":"sol","depth_km":200},"geometry":{"type":"LineString","coordinates":[[157.58,-7.75],[157.6,-7.76],[157.65,-7.79],[157.67,-7.8],[157.7,-7.81],[157.75,-7.84],[157.78,-7.85],[157.8,-7.86],[157.85,-7.88],[157.9,-7.9],[157.91,-7.9],[157.95,-7.92],[158,-7.93],[158.05,-7.95],[158.05,-7.95],[158.1,-7.96]]}},{"type":"Feature","properties":{"zone":"sol","depth_km":100},"geometry":{"type":"LineString","coordinates":[[144.22,-5.55],[144.2,-5.54],[144.15,-5.52],[144.11,-5.5],[144.1,-5.5],[144.05,-5.48],[144,-5.46],[143.98,-5.45],[143.95,-5.44],[143.9,-5.42],[143.85,-5.41],[143.82,-5.4],[143.8,-5.39],[143.75,-5.38],[143.7,-5.36],[143.65,-5.35],[143.65,-5.35],[143.6,-5.33],[143.55,-5.32],[143.5,-5.31],[143.48,-5.3],[143.45,-5.29],[143.4,-5.28],[143.35,-5.26],[143.3,-5.25],[143.28,-5.25],[143.25,-5.24],[143.2,-5.24],[143.15,-5.24],[143.1,-5.24],[143.05,-5.24],[143,-5.25],[142.98,-5.25],[142.95,-5.25],[142.9,-5.26],[142.85,-5.26],[142.8,-5.26],[142.75,-5.26],[142.7,-5.25],[142.68,-5.25],[142.65,-5.24],[142.6,-5.23],[142.55,-5.21],[142.51,-5.2],[142.5,-5.2],[142.45,-5.18],[142.4,-5.16],[142.36,-5.15],[142.35,-5.14],[142.3,-5.13],[142.25,-5.11],[142.24,-5.1],[142.2,-5.08],[142.16,-5.05],[142.15,-5.04],[142.12,-5],[142.1,-4.95],[142.1,-4.95],[142.09,-4.9],[142.09,-4.85],[142.09,-4.8],[142.1,-4.76],[142.1,-4.75],[142.11,-4.7],[142.13,-4.65],[142.15,-4.6],[142.15,-4.59],[142.17,-4.55],[142.19,-4.5],[142.2,-4.46],[142.21,-4.45],[142.23,-4.4],[142.25,-4.36],[142.26,-4.35],[142.29,-4.3],[142.3,-4.28],[142.32,-4.25],[142.35,-4.22],[142.37,-4.2],[142.4,-4.18],[142.45,-4.15],[142.46,-4.15],[142.5,-4.14],[142.55,-4.14],[142.6,-4.15],[142.63,-4.15],[142.65,-4.15],[142.7,-4.16],[142.75,-4.17],[142.8,-4.17],[142.85,-4.18],[142.9,-4.18],[142.95,-4.19],[143,-4.19],[143.05,-4.19],[143.1,-4.2],[143.13,-4.2],[143.15,-4.2],[143.2,-4.21],[143.25,-4.22],[143.3,-4.23],[143.35,-4.24],[143.4,-4.25],[143.4,-4.25],[143.45,-4.26],[143.5,-4.28],[143.55,-4.29],[143.58,-4.3],[143.6,-4.31],[143.65,-4.32],[143.7,-4.34],[143.74,-4.35],[143.75,-4.35],[143.8,-4.37],[143.85,-4.39],[143.89,-4.4],[143.9,-4.4],[143.95,-4.42],[144,-4.43],[144.05,-4.45],[144.07,-4.45],[144.1,-4.46],[144.15,-4.47],[144.2,-4.48],[144.25,-4.49],[144.29,-4.5],[144.3,-4.5],[144.35,-4.51],[144.4,-4.52],[144.45,-4.53],[144.5,-4.54],[144.53,-4.55],[144.55,-4.56],[144.6,-4.57],[144.65,-4.58],[144.7,-4.6],[144.71,-4.6],[144.75,-4.61],[144.8,-4.63],[144.85,-4.64],[144.86,-4.65],[144.9,-4.66],[144.95,-4.68],[144.99,-4.7],[145,-4.7],[145.05,-4.72],[145.1,-4.74],[145.11,-4.75],[145.15,-4.77],[145.2,-4.79],[145.23,-4.8],[145.25,-4.81],[145.3,-4.83],[145.35,-4.85],[145.35,-4.85],[145.4,-4.87],[145.45,-4.89],[145.47,-4.9],[145.5,-4.91],[145.55,-4.93],[145.6,-4.95],[145.61,-4.95],[145.65,-4.96],[145.7,-4.98],[145.75,-5],[145.76,-5],[145.8,-5.01],[145.85,-5.03],[145.9,-5.05],[145.9,-5.05],[145.95,-5.07],[146,-5.1],[146.01,-5.1],[146.05,-5.12],[146.1,-5.15],[146.1,-5.15],[146.15,-5.18],[146.18,-5.2],[146.2,-5.21],[146.25,-5.25],[146.25,-5.25],[146.3,-5.28],[146.32,-5.3],[146.35,-5.32],[146.39,-5.35],[146.4,-5.36],[146.45,-5.4],[146.45,-5.4],[146.5,-5.43],[146.52,-5.45],[146.55,-5.47],[146.59,-5.5],[146.6,-5.51],[146.65,-5.54],[146.67,-5.55],[146.7,-5.57],[146.75,-5.59],[146.76,-5.6],[146.8,-5.62],[146.85,-5.64],[146.89,-5.65],[146.9,-5.65],[146.95,-5.67],[147,-5.68],[147.05,-5.69],[147.1,-5.7],[147.1,-5.7],[147.15,-5.71],[147.2,-5.72],[147.25,-5.73],[147.3,-5.74],[147.35,-5.75],[147.35,-5.75],[147.4,-5.76],[147.45,-5.77],[147.5,-5.78],[147.55,-5.78],[147.6,-5.79],[147.65,-5.79],[147.7,-5.79],[147.75,-5.79],[147.8,-5.79],[147.85,-5.79],[147.9,-5.79],[147.95,-5.79],[148,-5.78],[148.05,-5.78],[148.1,-5.78],[148.15,-5.78],[148.2,-5.77],[148.25,-5.77],[148.3,-5.77],[148.35,-5.76],[148.4,-5.76],[148.45,-5.75],[148.48,-5.75],[148.5,-5.75],[148.55,-5.74],[148.6,-5.74],[148.65,-5.73],[148.7,-5.73],[148.75,-5.73],[148.8,-5.72],[148.85,-5.72],[148.9,-5.71],[148.95,-5.71],[149,-5.71],[149.05,-5.7],[149.07,-5.7],[149.1,-5.7],[149.15,-5.69],[149.2,-5.69],[149.25,-5.68],[149.3,-5.67],[149.35,-5.66],[149.4,-5.65],[149.4,-5.65],[149.45,-5.64],[149.5,-5.63],[149.55,-5.62],[149.6,-5.61],[149.64,-5.6],[149.65,-5.6],[149.7,-5.59],[149.75,-5.58],[149.8,-5.57],[149.85,-5.55],[149.87,-5.55],[149.9,-5.54],[149.95,-5.53],[150,-5.52],[150.05,-5.5],[150.06,-5.5],[150.1,-5.49],[150.15,-5.47],[150.2,-5.45],[150.2,-5.45],[150.25,-5.43],[150.3,-5.4],[150.31,-5.4],[150.35,-5.38],[150.4,-5.35],[150.41,-5.35],[150.45,-5.33],[150.5,-5.3],[150.5,-5.3],[150.55,-5.28],[150.6,-5.25],[150.6,-5.25],[150.65,-5.22],[150.69,-5.2],[150.7,-5.2],[150.75,-5.17],[150.79,-5.15],[150.8,-5.15],[150.85,-5.12],[150.88,-5.1],[150.9,-5.09],[150.95,-5.06],[150.97,-5.05],[151,-5.03],[151.05,-5],[151.06,-5],[151.1,-4.97],[151.14,-4.95],[151.15,-4.94],[151.2,-4.91],[151.22,-4.9],[151.25,-4.88],[151.3,-4.85],[151.3,-4.85],[151.35,-4.82],[151.38,-4.8],[151.4,-4.79],[151.45,-4.76],[151.46,-4.75],[151.5,-4.73],[151.55,-4.7],[151.55,-4.7],[151.6,-4.67],[151.64,-4.65],[151.65,-4.64],[151.7,-4.61],[151.72,-4.6],[151.75,-4.59],[151.8,-4.56],[151.81,-4.55],[151.85,-4.53],[151.9,-4.5],[151.9,-4.5],[151.95,-4.47],[151.99,-4.45],[152,-4.44],[152.05,-4.42],[152.08,-4.4],[152.1,-4.39],[152.15,-4.37],[152.18,-4.35],[152.2,-4.34],[152.25,-4.32],[152.28,-4.3],[152.3,-4.29],[152.35,-4.27],[152.39,-4.25],[152.4,-4.24],[152.45,-4.22],[152.5,-4.2],[152.5,-4.2],[152.55,-4.18],[152.6,-4.16],[152.64,-4.15],[152.65,-4.15],[152.7,-4.13],[152.75,-4.13],[152.8,-4.12],[152.85,-4.12],[152.9,-4.12],[152.95,-4.13],[153,-4.14],[153.05,-4.15],[153.07,-4.15],[153.1,-4.16],[153.15,-4.18],[153.2,-4.19],[153.22,-4.2],[153.25,-4.21],[153.3,-4.24],[153.32,-4.25],[153.35,-4.26],[153.4,-4.29],[153.41,-4.3],[153.45,-4.32],[153.49,-4.35],[153.5,-4.36],[153.55,-4.4],[153.55,-4.4],[153.6,-4.44],[153.61,-4.45],[153.65,-4.48],[153.67,-4.5],[153.7,-4.53],[153.72,-4.55],[153.75,-4.59],[153.76,-4.6],[153.8,-4.64],[153.81,-4.65],[153.85,-4.7],[153.85,-4.7],[153.89,-4.75],[153.9,-4.76],[153.93,-4.8],[153.95,-4.82],[153.97,-4.85],[154,-4.89],[154.01,-4.9],[154.04,-4.95],[154.05,-4.96],[154.08,-5],[154.1,-5.03],[154.11,-5.05],[154.15,-5.1],[154.15,-5.1],[154.18,-5.15],[154.2,-5.17],[154.22,-5.2],[154.25,-5.24],[154.26,-5.25],[154.3,-5.3],[154.3,-5.3],[154.34,-5.35],[154.35,-5.36],[154.39,-5.4],[154.4,-5.41],[154.43,-5.45],[154.45,-5.47],[154.48,-5.5],[154.5,-5.52],[154.53,-5.55],[154.55,-5.57],[154.58,-5.6],[154.6,-5.62],[154.64,-5.65],[154.65,-5.66],[154.69,-5.7],[154.7,-5.71],[154.75,-5.75],[154.75,-5.75],[154.8,-5.8],[154.8,-5.8],[154.85,-5.84],[154.86,-5.85],[154.9,-5.89],[154.91,-5.9],[154.95,-5.93],[154.97,-5.95],[155,-5.98],[155.02,-6],[155.05,-6.03],[155.07,-6.05],[155.1,-6.08],[155.12,-6.1],[155.15,-6.13],[155.17,-6.15],[155.2,-6.18],[155.22,-6.2],[155.25,-6.23],[155.27,-6.25],[155.3,-6.28],[155.32,-6.3],[155.35,-6.33],[155.37,-6.35],[155.4,-6.38],[155.42,-6.4],[155.45,-6.43],[155.48,-6.45],[155.5,-6.47],[155.54,-6.5],[155.55,-6.51],[155.6,-6.55],[155.6,-6.55],[155.65,-6.59],[155.66,-6.6],[155.7,-6.63],[155.73,-6.65],[155.75,-6.67],[155.79,-6.7],[155.8,-6.71],[155.85,-6.75],[155.85,-6.75],[155.9,-6.79],[155.91,-6.8],[155.95,-6.84],[155.96,-6.85],[156,-6.89],[156.01,-6.9],[156.05,-6.94],[156.06,-6.95],[156.1,-6.98],[156.12,-7],[156.15,-7.03],[156.17,-7.05],[156.2,-7.08],[156.22,-7.1],[156.25,-7.13],[156.27,-7.15],[156.3,-7.17],[156.33,-7.2],[156.35,-7.22],[156.39,-7.25],[156.4,-7.26],[156.45,-7.3],[156.45,-7.3],[156.5,-7.34],[156.51,-7.35],[156.55,-7.38],[156.57,-7.4],[156.6,-7.42],[156.64,-7.45],[156.65,-7.46],[156.7,-7.5],[156.7,-7.5],[156.75,-7.54],[156.77,-7.55],[156.8,-7.58],[156.83,-7.6],[156.85,-7.61],[156.9,-7.65],[156.9,-7.65],[156.95,-7.69],[156.97,-7.7],[157,-7.72],[157.04,-7.75],[157.05,-7.76],[157.1,-7.79],[157.12,-7.8],[157.15,-7.82],[157.2,-7.85],[157.2,-7.85],[157.25,-7.88],[157.29,-7.9],[157.3,-7.9],[157.35,-7.93],[157.38,-7.95],[157.4,-7.96],[157.45,-7.99],[157.48,-8],[157.5,-8.01],[157.55,-8.04],[157.57,-8.05],[157.6,-8.06],[157.65,-8.09],[157.68,-8.1],[157.7,-8.11],[157.75,-8.13],[157.8,-8.14],[157.82,-8.15],[157.85,-8.16],[157.9,-8.18],[157.95,-8.19],[157.99,-8.2],[158,-8.2],[158.05,-8.22],[158.1,-8.23],[158.15,-8.24],[158.18,-8.25],[158.2,-8.26],[158.25,-8.27],[158.3,-8.29],[158.33,-8.3],[158.35,-8.31],[158.4,-8.33],[158.45,-8.35],[158.46,-8.35],[158.5,-8.37]]}},{"type":"Feature","properties":{"zone":"sol","depth_km":100},"geometry":{"type":"LineString","coordinates":[[144.4,-5.63],[144.45,-5.65],[144.45,-5.65],[144.5,-5.67],[144.55,-5.7],[144.55,-5.7],[144.6,-5.73],[144.64,-5.75],[144.65,-5.76],[144.7,-5.79],[144.72,-5.8],[144.75,-5.83],[144.78,-5.85],[144.8,-5.86],[144.85,-5.9],[144.85,-5.9],[144.9,-5.94],[144.91,-5.95],[144.95,-5.98],[144.97,-6],[145,-6.02],[145.03,-6.05],[145.05,-6.06],[145.09,-6.1],[145.1,-6.1],[145.15,-6.15],[145.15,-6.15],[145.2,-6.19],[145.21,-6.2],[145.25,-6.23],[145.27,-6.25],[145.3,-6.28],[145.32,-6.3],[145.35,-6.32],[145.38,-6.35],[145.4,-6.37],[145.44,-6.4],[145.45,-6.41],[145.5,-6.44],[145.51,-6.45],[145.55,-6.48],[145.59,-6.5],[145.6,-6.51],[145.65,-6.54],[145.67,-6.55],[145.7,-6.56],[145.75,-6.59],[145.77,-6.6],[145.8,-6.62],[145.85,-6.65],[145.86,-6.65],[145.9,-6.67],[145.94,-6.7],[145.95,-6.71],[146,-6.74],[146.01,-6.75],[146.05,-6.78],[146.07,-6.8],[146.1,-6.83],[146.12,-6.85],[146.15,-6.88],[146.16,-6.9],[146.2,-6.94],[146.21,-6.95],[146.25,-7],[146.25,-7],[146.28,-7.05],[146.3,-7.07],[146.32,-7.1],[146.35,-7.13],[146.36,-7.15],[146.4,-7.2],[146.4,-7.2],[146.44,-7.25],[146.45,-7.26],[146.48,-7.3],[146.5,-7.33],[146.52,-7.35],[146.55,-7.4],[146.55,-7.4],[146.59,-7.45],[146.6,-7.46],[146.63,-7.5],[146.65,-7.53],[146.66,-7.55],[146.7,-7.6],[146.7,-7.6],[146.74,-7.65],[146.75,-7.67],[146.77,-7.7],[146.8,-7.75],[146.8,-7.75],[146.83,-7.8],[146.85,-7.84],[146.85,-7.85],[146.87,-7.9],[146.89,-7.95],[146.9,-7.99],[146.9,-8],[146.92,-8.05],[146.93,-8.1],[146.95,-8.15],[146.95,-8.15],[146.98,-8.2],[147,-8.24],[147.01,-8.25],[147.05,-8.3],[147.05,-8.3],[147.09,-8.35],[147.1,-8.36],[147.14,-8.4],[147.15,-8.41],[147.19,-8.45],[147.2,-8.46],[147.23,-8.5],[147.25,-8.53],[147.27,-8.55],[147.3,-8.6],[147.3,-8.6],[147.34,-8.65],[147.35,-8.67],[147.37,-8.7],[147.4,-8.74],[147.41,-8.75],[147.44,-8.8],[147.45,-8.81],[147.48,-8.85],[147.5,-8.88],[147.52,-8.9],[147.55,-8.94],[147.56,-8.95],[147.59,-9],[147.6,-9.01],[147.62,-9.05],[147.65,-9.1],[147.65,-9.11],[147.66,-9.15],[147.67,-9.2],[147.67,-9.25],[147.67,-9.3],[147.66,-9.35],[147.65,-9.4]]}},{"type":"Feature","properties":{"zone":"sol","depth_km":100},"geometry":{"type":"LineString","coordinates":[[159.31,-8.7],[159.35,-8.72],[159.4,-8.75],[159.41,-8.75],[159.45,-8.77],[159.5,-8.8],[159.5,-8.8],[159.55,-8.83],[159.58,-8.85],[159.6,-8.86],[159.65,-8.9],[159.65,-8.9],[159.7,-8.94],[159.72,-8.95],[159.75,-8.98],[159.77,-9],[159.8,-9.03],[159.82,-9.05],[159.85,-9.08],[159.87,-9.1],[159.9,-9.14],[159.91,-9.15],[159.95,-9.2],[159.95,-9.2],[159.99,-9.25],[160,-9.27],[160.03,-9.3],[160.05,-9.32],[160.08,-9.35],[160.1,-9.37],[160.13,-9.4],[160.15,-9.41],[160.2,-9.45],[160.2,-9.45],[160.25,-9.48],[160.28,-9.5],[160.3,-9.51],[160.35,-9.54],[160.38,-9.55],[160.4,-9.56],[160.45,-9.58],[160.5,-9.6],[160.5,-9.6],[160.55,-9.62],[160.6,-9.64],[160.62,-9.65],[160.65,-9.66],[160.7,-9.69],[160.73,-9.7],[160.75,-9.71],[160.8,-9.74],[160.81,-9.75],[160.85,-9.78],[160.88,-9.8],[160.9,-9.81],[160.95,-9.85],[160.95,-9.85],[161,-9.88],[161.03,-9.9],[161.05,-9.92],[161.1,-9.95],[161.1,-9.95],[161.15,-9.98],[161.18,-10],[161.2,-10.01],[161.25,-10.04],[161.27,-10.05],[161.3,-10.06],[161.35,-10.09],[161.37,-10.1],[161.4,-10.11],[161.45,-10.14],[161.48,-10.15],[161.5,-10.16],[161.55,-10.18],[161.59,-10.2],[161.6,-10.2],[161.65,-10.22],[161.7,-10.24],[161.71,-10.25],[161.75,-10.26],[161.8,-10.28],[161.85,-10.3],[161.85,-10.3],[161.9,-10.32],[161.95,-10.33],[162,-10.35],[162,-10.35],[162.05,-10.36],[162.1,-10.38],[162.15,-10.39],[162.17,-10.4],[162.2,-10.41],[162.25,-10.42],[162.3,-10.43],[162.35,-10.45],[162.36,-10.45],[162.4,-10.46],[162.45,-10.47],[162.5,-10.48],[162.55,-10.48],[162.6,-10.49],[162.65,-10.49],[162.7,-10.49],[162.75,-10.49],[162.8,-10.49],[162.85,-10.49],[162.9,-10.49],[162.95,-10.49],[163,-10.49],[163.05,-10.49],[163.1,-10.5]]}},{"type":"Feature","properties":{"zone":"sol","depth_km":40},"geometry":{"type":"LineString","coordinates":[[148.45,-8.3],[148.45,-8.3],[148.4,-8.29],[148.35,-8.27],[148.32,-8.25],[148.3,-8.24],[148.25,-8.2],[148.25,-8.2],[148.2,-8.15],[148.2,-8.15],[148.15,-8.1],[148.15,-8.1],[148.11,-8.05],[148.1,-8.04],[148.06,-8],[148.05,-7.99],[148.01,-7.95],[148,-7.94],[147.96,-7.9],[147.95,-7.89],[147.9,-7.85],[147.9,-7.85],[147.85,-7.81],[147.84,-7.8],[147.8,-7.76],[147.79,-7.75],[147.75,-7.71],[147.74,-7.7],[147.7,-7.65],[147.7,-7.65],[147.66,-7.6],[147.65,-7.58],[147.63,-7.55],[147.6,-7.51],[147.59,-7.5],[147.56,-7.45],[147.55,-7.44],[147.52,-7.4],[147.5,-7.37],[147.49,-7.35],[147.45,-7.3],[147.45,-7.3],[147.41,-7.25],[147.4,-7.24],[147.37,-7.2],[147.35,-7.17],[147.33,-7.15],[147.3,-7.11],[147.29,-7.1],[147.25,-7.05],[147.25,-7.05],[147.21,-7],[147.2,-6.99],[147.16,-6.95],[147.15,-6.94],[147.11,-6.9],[147.1,-6.89],[147.06,-6.85],[147.05,-6.84],[147,-6.8],[147,-6.8],[146.96,-6.75],[146.95,-6.74],[146.92,-6.7],[146.9,-6.68],[146.88,-6.65],[146.85,-6.6],[146.85,-6.6],[146.83,-6.55],[146.81,-6.5],[146.8,-6.48],[146.79,-6.45],[146.78,-6.4],[146.77,-6.35],[146.76,-6.3],[146.78,-6.25],[146.8,-6.23],[146.85,-6.21],[146.9,-6.21],[146.95,-6.22],[147,-6.23],[147.05,-6.24],[147.07,-6.25],[147.1,-6.26],[147.15,-6.28],[147.2,-6.3],[147.2,-6.3],[147.25,-6.32],[147.3,-6.34],[147.34,-6.35],[147.35,-6.35],[147.4,-6.37],[147.45,-6.39],[147.49,-6.4],[147.5,-6.4],[147.55,-6.42],[147.6,-6.43],[147.65,-6.44],[147.68,-6.45],[147.7,-6.45],[147.75,-6.46],[147.8,-6.47],[147.85,-6.48],[147.9,-6.49],[147.95,-6.49],[148,-6.49],[148.05,-6.49],[148.1,-6.49],[148.15,-6.49],[148.2,-6.49],[148.25,-6.49],[148.3,-6.48],[148.35,-6.47],[148.4,-6.47],[148.45,-6.46],[148.49,-6.45],[148.5,-6.45],[148.55,-6.44],[148.6,-6.43],[148.65,-6.41],[148.7,-6.4],[148.7,-6.4],[148.75,-6.39],[148.8,-6.37],[148.85,-6.36],[148.87,-6.35],[148.9,-6.34],[148.95,-6.33],[149,-6.31],[149.04,-6.3],[149.05,-6.3],[149.1,-6.28],[149.15,-6.27],[149.2,-6.25],[149.21,-6.25],[149.25,-6.24],[149.3,-6.22],[149.35,-6.21],[149.39,-6.2],[149.4,-6.2],[149.45,-6.19],[149.5,-6.17],[149.55,-6.16],[149.59,-6.15],[149.6,-6.15],[149.65,-6.14],[149.7,-6.12],[149.75,-6.11],[149.79,-6.1],[149.8,-6.1],[149.85,-6.08],[149.9,-6.07],[149.95,-6.06],[149.97,-6.05],[150,-6.04],[150.05,-6.03],[150.1,-6.02],[150.15,-6],[150.15,-6],[150.2,-5.99],[150.25,-5.97],[150.3,-5.95],[150.3,-5.95],[150.35,-5.93],[150.4,-5.91],[150.43,-5.9],[150.45,-5.89],[150.5,-5.87],[150.54,-5.85],[150.55,-5.84],[150.6,-5.82],[150.64,-5.8],[150.65,-5.79],[150.7,-5.77],[150.73,-5.75],[150.75,-5.74],[150.8,-5.71],[150.83,-5.7],[150.85,-5.69],[150.9,-5.66],[150.92,-5.65],[150.95,-5.64],[151,-5.61],[151.02,-5.6],[151.05,-5.59],[151.1,-5.56],[151.12,-5.55],[151.15,-5.54],[151.2,-5.51],[151.23,-5.5],[151.25,-5.49],[151.3,-5.47],[151.34,-5.45],[151.35,-5.45],[151.4,-5.42],[151.45,-5.4],[151.46,-5.4],[151.5,-5.38],[151.55,-5.36],[151.57,-5.35],[151.6,-5.34],[151.65,-5.32],[151.68,-5.3],[151.7,-5.29],[151.75,-5.27],[151.79,-5.25],[151.8,-5.24],[151.85,-5.22],[151.89,-5.2],[151.9,-5.19],[151.95,-5.17],[151.99,-5.15],[152,-5.15],[152.05,-5.13],[152.1,-5.1],[152.11,-5.1],[152.15,-5.08],[152.2,-5.06],[152.23,-5.05],[152.25,-5.04],[152.3,-5.02],[152.35,-5.01],[152.37,-5],[152.4,-4.99],[152.45,-4.98],[152.5,-4.97],[152.55,-4.96],[152.6,-4.95],[152.65,-4.95],[152.65,-4.95],[152.7,-4.95],[152.75,-4.95],[152.8,-4.95],[152.85,-4.95],[152.87,-4.95],[152.9,-4.95],[152.95,-4.96],[153,-4.96],[153.05,-4.97],[153.1,-4.98],[153.15,-4.99],[153.19,-5],[153.2,-5],[153.25,-5.02],[153.3,-5.03],[153.34,-5.05],[153.35,-5.05],[153.4,-5.08],[153.44,-5.1],[153.45,-5.1],[153.5,-5.13],[153.53,-5.15],[153.55,-5.16],[153.6,-5.19],[153.61,-5.2],[153.65,-5.23],[153.68,-5.25],[153.7,-5.26],[153.75,-5.3],[153.75,-5.3],[153.8,-5.34],[153.81,-5.35],[153.85,-5.38],[153.87,-5.4],[153.9,-5.42],[153.93,-5.45],[153.95,-5.47],[153.99,-5.5],[154,-5.51],[154.04,-5.55],[154.05,-5.56],[154.1,-5.6],[154.1,-5.6],[154.15,-5.64],[154.16,-5.65],[154.2,-5.68],[154.22,-5.7],[154.25,-5.73],[154.27,-5.75],[154.3,-5.77],[154.33,-5.8],[154.35,-5.82],[154.39,-5.85],[154.4,-5.86],[154.45,-5.9],[154.45,-5.9],[154.5,-5.95],[154.5,-5.95],[154.55,-5.99],[154.56,-6],[154.6,-6.03],[154.62,-6.05],[154.65,-6.07],[154.68,-6.1],[154.7,-6.12],[154.74,-6.15],[154.75,-6.16],[154.79,-6.2],[154.8,-6.21],[154.84,-6.25],[154.85,-6.26],[154.89,-6.3],[154.9,-6.31],[154.94,-6.35],[154.95,-6.36],[154.99,-6.4],[155,-6.41],[155.04,-6.45],[155.05,-6.46],[155.09,-6.5],[155.1,-6.51],[155.14,-6.55],[155.15,-6.56],[155.2,-6.6],[155.2,-6.6],[155.25,-6.65],[155.25,-6.65],[155.3,-6.69],[155.31,-6.7],[155.35,-6.73],[155.38,-6.75],[155.4,-6.76],[155.45,-6.8],[155.45,-6.8],[155.5,-6.84],[155.52,-6.85],[155.55,-6.87],[155.59,-6.9],[155.6,-6.91],[155.65,-6.95],[155.65,-6.95],[155.7,-7],[155.7,-7],[155.75,-7.05],[155.75,-7.05],[155.79,-7.1],[155.8,-7.11],[155.84,-7.15],[155.85,-7.16],[155.88,-7.2],[155.9,-7.22],[155.93,-7.25],[155.95,-7.27],[155.98,-7.3],[156,-7.32],[156.04,-7.35],[156.05,-7.36],[156.1,-7.4],[156.1,-7.4],[156.15,-7.44],[156.16,-7.45],[156.2,-7.48],[156.22,-7.5],[156.25,-7.52],[156.28,-7.55],[156.3,-7.56],[156.35,-7.6],[156.35,-7.6],[156.4,-7.64],[156.41,-7.65],[156.45,-7.68],[156.47,-7.7],[156.5,-7.72],[156.54,-7.75],[156.55,-7.76],[156.6,-7.8],[156.61,-7.8],[156.65,-7.83],[156.68,-7.85],[156.7,-7.87],[156.75,-7.9],[156.75,-7.9],[156.8,-7.94],[156.82,-7.95],[156.85,-7.97],[156.89,-8],[156.9,-8],[156.95,-8.03],[156.98,-8.05],[157,-8.06],[157.05,-8.09],[157.07,-8.1],[157.1,-8.11],[157.15,-8.14],[157.17,-8.15],[157.2,-8.16],[157.25,-8.19],[157.27,-8.2],[157.3,-8.21],[157.35,-8.24],[157.37,-8.25],[157.4,-8.26],[157.45,-8.29],[157.47,-8.3],[157.5,-8.31],[157.55,-8.34],[157.59,-8.35],[157.6,-8.36],[157.65,-8.37],[157.7,-8.39],[157.73,-8.4],[157.75,-8.41],[157.8,-8.42],[157.85,-8.44],[157.89,-8.45],[157.9,-8.45],[157.95,-8.47],[158,-8.48],[158.05,-8.5],[158.05,-8.5],[158.1,-8.52],[158.15,-8.54],[158.19,-8.55],[158.2,-8.56],[158.25,-8.58],[158.3,-8.6],[158.3,-8.6],[158.35,-8.63],[158.4,-8.65],[158.4,-8.65],[158.45,-8.68],[158.49,-8.7],[158.5,-8.7],[158.55,-8.73],[158.59,-8.75],[158.6,-8.75],[158.65,-8.78],[158.69,-8.8],[158.7,-8.8],[158.75,-8.83],[158.8,-8.85],[158.8,-8.85],[158.85,-8.87],[158.9,-8.89],[158.92,-8.9],[158.95,-8.91],[159,-8.93],[159.04,-8.95],[159.05,-8.95],[159.1,-8.98],[159.15,-9],[159.15,-9],[159.2,-9.03],[159.25,-9.05],[159.25,-9.05],[159.3,-9.08],[159.33,-9.1],[159.35,-9.11],[159.4,-9.15],[159.4,-9.15],[159.45,-9.18],[159.47,-9.2],[159.5,-9.22],[159.54,-9.25],[159.55,-9.26],[159.6,-9.3],[159.6,-9.3],[159.65,-9.34],[159.66,-9.35],[159.7,-9.39],[159.71,-9.4],[159.75,-9.43],[159.77,-9.45],[159.8,-9.48],[159.83,-9.5],[159.85,-9.52],[159.89,-9.55],[159.9,-9.56],[159.95,-9.59],[159.96,-9.6],[160,-9.63],[160.03,-9.65],[160.05,-9.66],[160.1,-9.69],[160.12,-9.7],[160.15,-9.72],[160.2,-9.74],[160.22,-9.75],[160.25,-9.77],[160.3,-9.79],[160.32,-9.8],[160.35,-9.81],[160.4,-9.84],[160.43,-9.85],[160.45,-9.86],[160.5,-9.89],[160.52,-9.9],[160.55,-9.92],[160.6,-9.94],[160.61,-9.95],[160.65,-9.98],[160.69,-10],[160.7,-10.01],[160.75,-10.04],[160.76,-10.05],[160.8,-10.08],[160.84,-10.1],[160.85,-10.11],[160.9,-10.14],[160.92,-10.15],[160.95,-10.17],[161,-10.2],[161,-10.2],[161.05,-10.23],[161.08,-10.25],[161.1,-10.26],[161.15,-10.3],[161.16,-10.3],[161.2,-10.33],[161.24,-10.35],[161.25,-10.36],[161.3,-10.39],[161.32,-10.4],[161.35,-10.42],[161.4,-10.45],[161.41,-10.45],[161.45,-10.47],[161.5,-10.5],[161.5,-10.5],[161.55,-10.52],[161.6,-10.55],[161.61,-10.55],[161.65,-10.57],[161.7,-10.59],[161.73,-10.6],[161.75,-10.61],[161.8,-10.63],[161.85,-10.64],[161.88,-10.65],[161.9,-10.66],[161.95,-10.67],[162,-10.69],[162.05,-10.7],[162.05,-10.7],[162.1,-10.71],[162.15,-10.73],[162.2,-10.74],[162.25,-10.75],[162.25,-10.75],[162.3,-10.76],[162.35,-10.77],[162.4,-10.78],[162.45,-10.78],[162.5,-10.79],[162.55,-10.79],[162.6,-10.79],[162.65,-10.79],[162.7,-10.79],[162.75,-10.78],[162.8,-10.78],[162.85,-10.78],[162.9,-10.79],[162.95,-10.79],[162.98,-10.8],[163,-10.81],[163.05,-10.83],[163.08,-10.85]]}},{"type":"Feature","properties":{"zone":"cal","depth_km":400},"geometry":{"type":"LineString","coordinates":[[12.9,41.09],[12.94,41.05],[12.95,41.04],[12.99,41],[13,40.99],[13.04,40.95],[13.05,40.94],[13.08,40.9],[13.1,40.87],[13.12,40.85],[13.15,40.81],[13.15,40.8],[13.19,40.75],[13.2,40.73],[13.22,40.7],[13.25,40.65],[13.25,40.65],[13.28,40.6],[13.3,40.57],[13.31,40.55],[13.35,40.5],[13.35,40.49],[13.38,40.45],[13.4,40.41],[13.41,40.4],[13.44,40.35],[13.45,40.33],[13.47,40.3],[13.5,40.25],[13.5,40.25],[13.52,40.2],[13.55,40.15],[13.55,40.15],[13.57,40.1],[13.59,40.05],[13.6,40.02],[13.61,40],[13.62,39.95],[13.63,39.9],[13.64,39.85],[13.65,39.8],[13.65,39.75],[13.65,39.75],[13.65,39.7],[13.66,39.65],[13.66,39.6],[13.65,39.55],[13.65,39.52],[13.65,39.5],[13.64,39.45],[13.62,39.4],[13.6,39.35],[13.6,39.35],[13.57,39.3],[13.55,39.27],[13.53,39.25],[13.5,39.22],[13.48,39.2],[13.45,39.18],[13.4,39.16],[13.38,39.15],[13.35,39.14],[13.3,39.13],[13.25,39.12],[13.2,39.11],[13.15,39.11],[13.1,39.11],[13.05,39.11],[13,39.11],[12.95,39.12],[12.9,39.12],[12.85,39.13],[12.8,39.14]]}},{"type":"Feature","properties":{"zone":"cal","depth_km":300},"geometry":{"type":"LineString","coordinates":[[13.76,41.35],[13.8,41.3],[13.8,41.3],[13.84,41.25],[13.85,41.23],[13.88,41.2],[13.9,41.17],[13.92,41.15],[13.95,41.11],[13.96,41.1],[14,41.06],[14.01,41.05],[14.05,41.01],[14.06,41],[14.1,40.96],[14.11,40.95],[14.15,40.91],[14.16,40.9],[14.2,40.87],[14.22,40.85],[14.25,40.82],[14.28,40.8],[14.3,40.78],[14.34,40.75],[14.35,40.74],[14.4,40.7],[14.4,40.7],[14.45,40.66],[14.46,40.65],[14.5,40.62],[14.52,40.6],[14.55,40.58],[14.58,40.55],[14.6,40.53],[14.64,40.5],[14.65,40.49],[14.69,40.45],[14.7,40.44],[14.74,40.4],[14.75,40.38],[14.78,40.35],[14.8,40.31],[14.81,40.3],[14.84,40.25],[14.85,40.22],[14.86,40.2],[14.88,40.15],[14.89,40.1],[14.9,40.06],[14.9,40.05],[14.91,40],[14.91,39.95],[14.91,39.9],[14.91,39.85],[14.91,39.8],[14.9,39.75],[14.9,39.74],[14.89,39.7],[14.88,39.65],[14.87,39.6],[14.85,39.55],[14.85,39.55],[14.83,39.5],[14.82,39.45],[14.8,39.41],[14.79,39.4],[14.77,39.35],[14.75,39.31],[14.74,39.3],[14.71,39.25],[14.7,39.24],[14.67,39.2],[14.65,39.18],[14.62,39.15],[14.6,39.14],[14.56,39.1],[14.55,39.09],[14.5,39.05],[14.5,39.05],[14.45,39.02],[14.42,39],[14.4,38.99],[14.35,38.95],[14.35,38.95],[14.3,38.92],[14.26,38.9],[14.25,38.9],[14.2,38.87],[14.16,38.85],[14.15,38.85],[14.1,38.82],[14.05,38.8],[14.04,38.8],[14,38.78],[13.95,38.77],[13.91,38.75],[13.9,38.75],[13.85,38.73],[13.8,38.72],[13.75,38.7],[13.74,38.7],[13.7,38.69],[13.65,38.68],[13.6,38.67],[13.55,38.66],[13.51,38.65],[13.5,38.65],[13.45,38.64],[13.4,38.63],[13.35,38.63],[13.3,38.62],[13.25,38.62],[13.2,38.62],[13.15,38.62],[13.1,38.62],[13.05,38.62],[13,38.63]]}},{"type":"Feature","properties":{"zone":"cal","depth_km":200},"geometry":{"type":"LineString","coordinates":[[15.04,40.9],[15.05,40.89],[15.1,40.85],[15.1,40.85],[15.15,40.8],[15.15,40.8],[15.2,40.76],[15.21,40.75],[15.25,40.7],[15.25,40.7],[15.3,40.65],[15.3,40.65],[15.34,40.6],[15.35,40.59],[15.38,40.55],[15.4,40.52],[15.41,40.5],[15.45,40.45],[15.45,40.44],[15.48,40.4],[15.5,40.36],[15.51,40.35],[15.54,40.3],[15.55,40.27],[15.56,40.25],[15.58,40.2],[15.6,40.16],[15.6,40.15],[15.62,40.1],[15.63,40.05],[15.64,40],[15.65,39.95],[15.65,39.9],[15.65,39.85],[15.65,39.8],[15.64,39.75],[15.63,39.7],[15.62,39.65],[15.61,39.6],[15.6,39.55],[15.6,39.55],[15.58,39.5],[15.57,39.45],[15.55,39.4],[15.55,39.4],[15.53,39.35],[15.51,39.3],[15.5,39.29],[15.48,39.25],[15.46,39.2],[15.45,39.19],[15.43,39.15],[15.4,39.1],[15.4,39.1],[15.36,39.05],[15.35,39.03],[15.33,39],[15.3,38.97],[15.28,38.95],[15.25,38.92],[15.23,38.9],[15.2,38.87],[15.18,38.85],[15.15,38.83],[15.11,38.8],[15.1,38.8],[15.05,38.77],[15.02,38.75],[15,38.74],[14.95,38.71],[14.92,38.7],[14.9,38.69],[14.85,38.67],[14.8,38.65],[14.8,38.65],[14.75,38.63],[14.7,38.61],[14.67,38.6],[14.65,38.59],[14.6,38.58],[14.55,38.56],[14.51,38.55],[14.5,38.55],[14.45,38.53],[14.4,38.52],[14.35,38.51],[14.32,38.5],[14.3,38.5],[14.25,38.49],[14.2,38.47],[14.15,38.46],[14.1,38.45],[14.08,38.45],[14.05,38.44],[14,38.43],[13.95,38.42],[13.9,38.41],[13.85,38.4],[13.84,38.4],[13.8,38.39],[13.75,38.38],[13.7,38.37],[13.65,38.35],[13.63,38.35],[13.6,38.34]]}},{"type":"Feature","properties":{"zone":"cal","depth_km":100},"geometry":{"type":"LineString","coordinates":[[15.83,40.55],[15.85,40.51],[15.85,40.5],[15.88,40.45],[15.9,40.41],[15.9,40.4],[15.92,40.35],[15.94,40.3],[15.95,40.27],[15.95,40.25],[15.97,40.2],[15.98,40.15],[15.98,40.1],[15.99,40.05],[15.99,40],[16,39.95],[16,39.9],[16,39.85],[16,39.85],[16,39.8],[16,39.75],[16,39.7],[16,39.65],[16,39.63],[16,39.6],[16,39.55],[16,39.5],[15.99,39.45],[15.99,39.4],[15.98,39.35],[15.97,39.3],[15.96,39.25],[15.95,39.21],[15.95,39.2],[15.93,39.15],[15.91,39.1],[15.9,39.09],[15.88,39.05],[15.85,39],[15.85,39],[15.82,38.95],[15.8,38.92],[15.78,38.9],[15.75,38.85],[15.75,38.85],[15.71,38.8],[15.7,38.79],[15.67,38.75],[15.65,38.73],[15.63,38.7],[15.6,38.67],[15.58,38.65],[15.55,38.62],[15.52,38.6],[15.5,38.58],[15.46,38.55],[15.45,38.54],[15.4,38.51],[15.39,38.5],[15.35,38.48],[15.3,38.45],[15.3,38.45],[15.25,38.43],[15.2,38.4],[15.2,38.4],[15.15,38.38],[15.1,38.36],[15.08,38.35],[15.05,38.34],[15,38.32],[14.95,38.3],[14.95,38.3],[14.9,38.28],[14.85,38.27],[14.8,38.26],[14.78,38.25],[14.75,38.24],[14.7,38.23],[14.65,38.22],[14.6,38.22],[14.55,38.21],[14.5,38.2],[14.49,38.2],[14.45,38.19],[14.4,38.19],[14.35,38.18],[14.3,38.18],[14.25,38.17],[14.2,38.16],[14.15,38.16],[14.1,38.15],[14.1,38.15],[14.05,38.14],[14,38.13],[13.95,38.12],[13.9,38.11],[13.88,38.1],[13.85,38.09],[13.8,38.07],[13.75,38.05],[13.74,38.05],[13.7,38.03],[13.65,38.01]]}},{"type":"Feature","properties":{"zone":"cal","depth_km":40},"geometry":{"type":"LineString","coordinates":[[16.22,40.35],[16.24,40.3],[16.24,40.25],[16.25,40.2],[16.25,40.2],[16.26,40.15],[16.26,40.1],[16.27,40.05],[16.27,40],[16.27,39.95],[16.28,39.9],[16.28,39.85],[16.29,39.8],[16.3,39.75],[16.3,39.73],[16.31,39.7],[16.32,39.65],[16.33,39.6],[16.35,39.55],[16.35,39.54],[16.36,39.5],[16.38,39.45],[16.4,39.41],[16.4,39.4],[16.43,39.35],[16.45,39.3],[16.45,39.3],[16.47,39.25],[16.5,39.2],[16.5,39.19],[16.52,39.15],[16.53,39.1],[16.54,39.05],[16.55,39],[16.54,38.95],[16.54,38.9],[16.53,38.85],[16.52,38.8],[16.5,38.75],[16.5,38.74],[16.49,38.7],[16.47,38.65],[16.45,38.6],[16.45,38.59],[16.44,38.55],[16.42,38.5],[16.4,38.46],[16.39,38.45],[16.36,38.4],[16.35,38.39],[16.32,38.35],[16.3,38.34],[16.25,38.3],[16.24,38.3],[16.2,38.28],[16.15,38.27],[16.1,38.26],[16.05,38.25],[16.05,38.25],[16,38.24],[15.95,38.24],[15.9,38.23],[15.85,38.22],[15.8,38.21],[15.78,38.2],[15.75,38.19],[15.7,38.18],[15.65,38.16],[15.61,38.15],[15.6,38.15],[15.55,38.13],[15.5,38.11],[15.46,38.1],[15.45,38.1],[15.4,38.08],[15.35,38.06],[15.32,38.05],[15.3,38.04],[15.25,38.02],[15.2,38.01],[15.19,38],[15.15,37.99],[15.1,37.97],[15.05,37.95],[15.04,37.95],[15,37.94],[14.95,37.92],[14.9,37.91],[14.85,37.9],[14.84,37.9],[14.8,37.89],[14.75,37.88],[14.7,37.88],[14.65,37.87],[14.6,37.87],[14.55,37.86],[14.5,37.86],[14.45,37.86],[14.4,37.85],[14.35,37.85],[14.3,37.85],[14.25,37.85],[14.2,37.86],[14.15,37.85],[14.1,37.85],[14.08,37.85],[14.05,37.85],[14,37.84],[13.95,37.83],[13.9,37.81],[13.87,37.8],[13.85,37.79],[13.8,37.77],[13.77,37.75],[13.75,37.74],[13.7,37.71],[13.68,37.7],[13.65,37.68],[13.6,37.66],[13.59,37.65],[13.55,37.63],[13.5,37.6],[13.5,37.6]]}},{"type":"Feature","properties":{"zone":"cot","depth_km":100},"geometry":{"type":"LineString","coordinates":[[124.76,7.05],[124.76,7],[124.77,6.95],[124.78,6.9],[124.79,6.85],[124.8,6.81],[124.8,6.8],[124.82,6.75],[124.84,6.7],[124.85,6.67],[124.86,6.65],[124.88,6.6],[124.9,6.56],[124.91,6.55],[124.93,6.5],[124.95,6.47],[124.97,6.45],[125,6.4],[125,6.4],[125.04,6.35],[125.05,6.34],[125.09,6.3],[125.1,6.29],[125.14,6.25],[125.15,6.24],[125.2,6.2],[125.2,6.2],[125.25,6.17],[125.27,6.15],[125.3,6.13],[125.35,6.1],[125.35,6.1],[125.4,6.07],[125.43,6.05],[125.45,6.04],[125.5,6],[125.5,6],[125.55,5.96],[125.56,5.95],[125.6,5.9],[125.6,5.9],[125.64,5.85],[125.65,5.83],[125.67,5.8],[125.69,5.75],[125.7,5.73],[125.71,5.7],[125.73,5.65],[125.75,5.6]]}},{"type":"Feature","properties":{"zone":"cot","depth_km":40},"geometry":{"type":"LineString","coordinates":[[125.17,5.5],[125.15,5.53],[125.13,5.55],[125.1,5.59],[125.09,5.6],[125.05,5.63],[125.03,5.65],[125,5.67],[124.95,5.7],[124.95,5.7],[124.9,5.73],[124.87,5.75],[124.85,5.76],[124.8,5.79],[124.78,5.8],[124.75,5.82],[124.7,5.85],[124.7,5.85],[124.65,5.88],[124.63,5.9],[124.6,5.93],[124.57,5.95],[124.55,5.97],[124.52,6],[124.5,6.03],[124.48,6.05],[124.45,6.1],[124.45,6.1],[124.42,6.15],[124.4,6.18],[124.39,6.2],[124.36,6.25],[124.35,6.27],[124.33,6.3],[124.31,6.35],[124.3,6.36],[124.28,6.4],[124.25,6.45],[124.25,6.46],[124.23,6.5],[124.2,6.55],[124.2,6.55],[124.18,6.6],[124.15,6.65],[124.15,6.65],[124.13,6.7],[124.11,6.75],[124.1,6.76],[124.08,6.8],[124.06,6.85],[124.05,6.89],[124.05,6.9],[124.03,6.95],[124.01,7],[124,7.05],[124,7.05],[123.99,7.1],[123.97,7.15],[123.96,7.2],[123.96,7.25],[123.95,7.3],[123.95,7.3],[123.95,7.35],[123.94,7.4],[123.95,7.45],[123.95,7.49],[123.95,7.5],[123.96,7.55],[123.97,7.6],[123.98,7.65],[123.99,7.7],[124,7.73],[124.01,7.75]]}},{"type":"Feature","properties":{"zone":"kur","depth_km":600},"geometry":{"type":"LineString","coordinates":[[145.15,49.61],[145.2,49.62],[145.25,49.62],[145.3,49.63],[145.35,49.64],[145.4,49.64],[145.45,49.65],[145.49,49.65],[145.5,49.65],[145.55,49.66],[145.6,49.66],[145.65,49.67],[145.7,49.67],[145.75,49.68],[145.8,49.69],[145.85,49.69],[145.9,49.7],[145.92,49.7],[145.95,49.7],[146,49.71],[146.05,49.72],[146.1,49.72],[146.15,49.73],[146.2,49.74],[146.25,49.75],[146.27,49.75],[146.3,49.75],[146.35,49.76],[146.4,49.77],[146.45,49.78],[146.5,49.79],[146.55,49.8],[146.56,49.8],[146.6,49.81],[146.65,49.82],[146.7,49.83],[146.75,49.84],[146.78,49.85],[146.8,49.86],[146.85,49.87],[146.9,49.89],[146.94,49.9],[146.95,49.9],[147,49.92],[147.05,49.94],[147.08,49.95],[147.1,49.96],[147.15,49.98],[147.2,50],[147.21,50],[147.25,50.02],[147.3,50.04],[147.32,50.05],[147.35,50.06],[147.4,50.09],[147.43,50.1],[147.45,50.11],[147.5,50.13],[147.53,50.15],[147.55,50.16],[147.6,50.18],[147.64,50.2],[147.65,50.2],[147.7,50.23],[147.75,50.25],[147.75,50.25],[147.8,50.27],[147.85,50.3],[147.86,50.3],[147.9,50.32],[147.95,50.34],[147.97,50.35],[148,50.36],[148.05,50.39],[148.08,50.4],[148.1,50.41],[148.15,50.43],[148.2,50.45],[148.2,50.45],[148.25,50.47],[148.3,50.5],[148.31,50.5],[148.35,50.52],[148.4,50.54],[148.42,50.55],[148.45,50.56],[148.5,50.59],[148.52,50.6],[148.55,50.61],[148.6,50.64],[148.63,50.65],[148.65,50.66],[148.7,50.69],[148.72,50.7],[148.75,50.71],[148.8,50.74],[148.82,50.75],[148.85,50.77],[148.9,50.79],[148.91,50.8],[148.95,50.82],[149,50.85],[149,50.85],[149.05,50.88],[149.08,50.9],[149.1,50.91],[149.15,50.94],[149.16,50.95],[149.2,50.97],[149.24,51],[149.25,51.01],[149.3,51.04],[149.31,51.05],[149.35,51.07],[149.39,51.1],[149.4,51.11],[149.45,51.14],[149.46,51.15],[149.5,51.18],[149.53,51.2],[149.55,51.21],[149.6,51.25],[149.61,51.25],[149.65,51.28],[149.68,51.3],[149.7,51.32],[149.75,51.35],[149.75,51.35],[149.8,51.38],[149.82,51.4],[149.85,51.42],[149.9,51.45],[149.9,51.45],[149.95,51.49],[149.97,51.5],[150,51.52],[150.04,51.55],[150.05,51.55],[150.1,51.59],[150.12,51.6],[150.15,51.62],[150.19,51.65],[150.2,51.66],[150.25,51.69],[150.27,51.7],[150.3,51.72],[150.34,51.75],[150.35,51.76],[150.4,51.79],[150.41,51.8],[150.45,51.82],[150.49,51.85],[150.5,51.86],[150.55,51.89],[150.56,51.9],[150.6,51.93],[150.63,51.95],[150.65,51.96],[150.7,51.99],[150.71,52],[150.75,52.03],[150.78,52.05],[150.8,52.06],[150.85,52.1],[150.85,52.1],[150.9,52.14],[150.92,52.15],[150.95,52.17],[150.99,52.2],[151,52.21],[151.05,52.25],[151.05,52.25],[151.1,52.29],[151.11,52.3],[151.15,52.33],[151.17,52.35],[151.2,52.37],[151.23,52.4],[151.25,52.42],[151.28,52.45],[151.3,52.46],[151.34,52.5],[151.35,52.51],[151.39,52.55],[151.4,52.56],[151.44,52.6],[151.45,52.61],[151.48,52.65],[151.5,52.67],[151.53,52.7],[151.55,52.72],[151.58,52.75],[151.6,52.78],[151.62,52.8],[151.65,52.83],[151.67,52.85],[151.7,52.89],[151.71,52.9],[151.75,52.95],[151.75,52.95],[151.8,53],[151.8,53],[151.84,53.05],[151.85,53.06],[151.89,53.1],[151.9,53.11],[151.93,53.15],[151.95,53.17],[151.98,53.2],[152,53.22],[152.02,53.25],[152.05,53.28],[152.07,53.3],[152.1,53.34],[152.11,53.35],[152.15,53.39],[152.15,53.4],[152.2,53.45],[152.2,53.45],[152.24,53.5],[152.25,53.51],[152.28,53.55],[152.3,53.58],[152.32,53.6],[152.35,53.64],[152.36,53.65],[152.4,53.7],[152.4,53.71],[152.43,53.75],[152.45,53.77],[152.47,53.8],[152.5,53.84],[152.51,53.85],[152.55,53.9],[152.55,53.91],[152.58,53.95],[152.6,53.97],[152.62,54],[152.65,54.04],[152.66,54.05],[152.7,54.1],[152.7,54.1],[152.74,54.15],[152.75,54.16],[152.79,54.2],[152.8,54.21],[152.83,54.25],[152.85,54.27],[152.88,54.3],[152.9,54.32],[152.93,54.35],[152.95,54.37],[152.98,54.4],[153,54.42],[153.04,54.45],[153.05,54.46],[153.1,54.5],[153.1,54.5],[153.15,54.54],[153.16,54.55],[153.2,54.58],[153.23,54.6],[153.25,54.62],[153.3,54.65],[153.3,54.65],[153.35,54.68],[153.38,54.7],[153.4,54.71],[153.45,54.74],[153.46,54.75],[153.5,54.77],[153.55,54.8],[153.55,54.8],[153.6,54.83],[153.64,54.85],[153.65,54.86],[153.7,54.88],[153.73,54.9],[153.75,54.91],[153.8,54.94],[153.81,54.95],[153.85,54.97],[153.89,55],[153.9,55.01],[153.95,55.04],[153.96,55.05],[154,55.08],[154.03,55.1],[154.05,55.12],[154.09,55.15],[154.1,55.16],[154.14,55.2],[154.15,55.21],[154.19,55.25],[154.2,55.26],[154.23,55.3],[154.25,55.32],[154.28,55.35],[154.3,55.38],[154.32,55.4],[154.35,55.44],[154.36,55.45],[154.4,55.5]]}},{"type":"Feature","properties":{"zone":"kur","depth_km":600},"geometry":{"type":"LineString","coordinates":[[144.95,49.59],[145,49.6],[145.04,49.6]]}},{"type":"Feature","properties":{"zone":"kur","depth_km":500},"geometry":{"type":"LineString","coordinates":[[139.2,47.92],[139.25,47.92],[139.3,47.93],[139.35,47.93],[139.4,47.94],[139.45,47.94],[139.5,47.94],[139.55,47.94],[139.6,47.94],[139.65,47.94],[139.7,47.94],[139.75,47.94],[139.8,47.94],[139.85,47.94],[139.9,47.94],[139.95,47.94],[140,47.94],[140.05,47.93],[140.1,47.93],[140.15,47.93],[140.2,47.93],[140.25,47.93],[140.3,47.92],[140.35,47.92],[140.4,47.92],[140.45,47.92],[140.5,47.92],[140.55,47.92],[140.6,47.92],[140.65,47.93],[140.7,47.93],[140.75,47.93],[140.8,47.93],[140.85,47.94],[140.9,47.94],[140.95,47.95],[140.95,47.95],[141,47.96],[141.05,47.96],[141.1,47.97],[141.15,47.98],[141.2,47.99],[141.24,48],[141.25,48],[141.3,48.01],[141.35,48.02],[141.4,48.04],[141.45,48.05],[141.46,48.05],[141.5,48.06],[141.55,48.07],[141.6,48.09],[141.65,48.1],[141.65,48.1],[141.7,48.11],[141.75,48.13],[141.8,48.14],[141.83,48.15],[141.85,48.15],[141.9,48.17],[141.95,48.18],[142,48.19],[142.03,48.2],[142.05,48.2],[142.1,48.22],[142.15,48.23],[142.2,48.24],[142.25,48.25],[142.26,48.25],[142.3,48.26],[142.35,48.27],[142.4,48.28],[142.45,48.29],[142.5,48.29],[142.55,48.3],[142.55,48.3],[142.6,48.31],[142.65,48.31],[142.7,48.32],[142.75,48.33],[142.8,48.33],[142.85,48.34],[142.9,48.34],[142.95,48.35],[142.99,48.35],[143,48.35],[143.05,48.36],[143.1,48.36],[143.15,48.36],[143.2,48.37],[143.25,48.37],[143.3,48.38],[143.35,48.38],[143.4,48.39],[143.45,48.39],[143.5,48.4],[143.53,48.4],[143.55,48.4],[143.6,48.41],[143.65,48.41],[143.7,48.42],[143.75,48.43],[143.8,48.44],[143.85,48.45],[143.87,48.45],[143.9,48.45],[143.95,48.47],[144,48.48],[144.05,48.49],[144.1,48.5],[144.1,48.5],[144.15,48.52],[144.2,48.53],[144.25,48.54],[144.27,48.55],[144.3,48.56],[144.35,48.58],[144.4,48.59],[144.42,48.6],[144.45,48.61],[144.5,48.63],[144.55,48.64],[144.57,48.65],[144.6,48.66],[144.65,48.68],[144.7,48.69],[144.73,48.7],[144.75,48.7],[144.8,48.72],[144.85,48.73],[144.9,48.74],[144.94,48.75],[144.95,48.75],[145,48.76],[145.05,48.77],[145.1,48.78],[145.15,48.78],[145.2,48.79],[145.25,48.79],[145.3,48.8],[145.32,48.8],[145.35,48.8],[145.4,48.81],[145.45,48.81],[145.5,48.81],[145.55,48.82],[145.6,48.82],[145.65,48.82],[145.7,48.83],[145.75,48.83],[145.8,48.83],[145.85,48.84],[145.9,48.84],[145.95,48.85],[145.98,48.85],[146,48.85],[146.05,48.86],[146.1,48.87],[146.15,48.87],[146.2,48.88],[146.25,48.89],[146.3,48.9],[146.32,48.9],[146.35,48.91],[146.4,48.92],[146.45,48.93],[146.5,48.94],[146.55,48.95],[146.55,48.95],[146.6,48.96],[146.65,48.98],[146.7,48.99],[146.73,49],[146.75,49.01],[146.8,49.02],[146.85,49.04],[146.89,49.05],[146.9,49.05],[146.95,49.07],[147,49.09],[147.02,49.1],[147.05,49.11],[147.1,49.13],[147.14,49.15],[147.15,49.15],[147.2,49.17],[147.25,49.2],[147.26,49.2],[147.3,49.22],[147.35,49.24],[147.36,49.25],[147.4,49.27],[147.45,49.29],[147.46,49.3],[147.5,49.32],[147.55,49.34],[147.56,49.35],[147.6,49.37],[147.65,49.4],[147.65,49.4],[147.7,49.43],[147.75,49.45],[147.75,49.45],[147.8,49.48],[147.83,49.5],[147.85,49.51],[147.9,49.54],[147.92,49.55],[147.95,49.57],[148,49.6],[148.01,49.6],[148.05,49.63],[148.09,49.65],[148.1,49.65],[148.15,49.68],[148.18,49.7],[148.2,49.71],[148.25,49.74],[148.26,49.75],[148.3,49.77],[148.34,49.8],[148.35,49.81],[148.4,49.84],[148.42,49.85],[148.45,49.87],[148.5,49.9],[148.5,49.9],[148.55,49.93],[148.58,49.95],[148.6,49.96],[148.65,50],[148.66,50],[148.7,50.03],[148.73,50.05],[148.75,50.06],[148.8,50.1],[148.81,50.1],[148.85,50.13],[148.88,50.15],[148.9,50.16],[148.95,50.2],[148.95,50.2],[149,50.24],[149.02,50.25],[149.05,50.27],[149.09,50.3],[149.1,50.31],[149.15,50.35],[149.16,50.35],[149.2,50.38],[149.22,50.4],[149.25,50.42],[149.29,50.45],[149.3,50.46],[149.35,50.5],[149.35,50.5],[149.4,50.54],[149.41,50.55],[149.45,50.58],[149.47,50.6],[149.5,50.62],[149.53,50.65],[149.55,50.67],[149.59,50.7],[149.6,50.71],[149.65,50.75],[149.65,50.75],[149.7,50.79],[149.71,50.8],[149.75,50.84],[149.77,50.85],[149.8,50.88],[149.83,50.9],[149.85,50.92],[149.89,50.95],[149.9,50.96],[149.95,51],[149.95,51],[150,51.04],[150.01,51.05],[150.05,51.08],[150.08,51.1],[150.1,51.12],[150.14,51.15],[150.15,51.15],[150.2,51.19],[150.21,51.2],[150.25,51.23],[150.28,51.25],[150.3,51.27],[150.35,51.3],[150.35,51.3],[150.4,51.34],[150.42,51.35],[150.45,51.37],[150.48,51.4],[150.5,51.41],[150.55,51.45],[150.55,51.45],[150.6,51.48],[150.62,51.5],[150.65,51.52],[150.69,51.55],[150.7,51.56],[150.75,51.59],[150.76,51.6],[150.8,51.63],[150.83,51.65],[150.85,51.66],[150.9,51.7],[150.9,51.7],[150.95,51.74],[150.97,51.75],[151,51.77],[151.04,51.8],[151.05,51.81],[151.1,51.84],[151.11,51.85],[151.15,51.88],[151.18,51.9],[151.2,51.92],[151.24,51.95],[151.25,51.95],[151.3,51.99],[151.31,52],[151.35,52.03],[151.38,52.05],[151.4,52.07],[151.44,52.1],[151.45,52.11],[151.5,52.15],[151.5,52.15],[151.55,52.19],[151.57,52.2],[151.6,52.23],[151.63,52.25],[151.65,52.27],[151.69,52.3],[151.7,52.31],[151.75,52.35],[151.75,52.35],[151.8,52.39],[151.81,52.4],[151.85,52.43],[151.88,52.45],[151.9,52.47],[151.94,52.5],[151.95,52.51],[152,52.55],[152,52.55],[152.05,52.59],[152.06,52.6],[152.1,52.63],[152.12,52.65],[152.15,52.68],[152.18,52.7],[152.2,52.72],[152.24,52.75],[152.25,52.76],[152.29,52.8],[152.3,52.8],[152.35,52.85],[152.35,52.85],[152.4,52.9],[152.4,52.9],[152.45,52.94],[152.46,52.95],[152.5,52.99],[152.51,53],[152.55,53.05],[152.55,53.05],[152.6,53.1],[152.6,53.1],[152.64,53.15],[152.65,53.16],[152.69,53.2],[152.7,53.21],[152.73,53.25],[152.75,53.27],[152.77,53.3],[152.8,53.34],[152.81,53.35],[152.85,53.4],[152.85,53.4],[152.89,53.45],[152.9,53.46],[152.93,53.5],[152.95,53.53],[152.97,53.55],[153,53.59],[153.01,53.6],[153.05,53.65],[153.05,53.65],[153.09,53.7],[153.1,53.71],[153.13,53.75],[153.15,53.77],[153.18,53.8],[153.2,53.83],[153.22,53.85],[153.25,53.88],[153.27,53.9],[153.3,53.93],[153.32,53.95],[153.35,53.98],[153.37,54],[153.4,54.02],[153.43,54.05],[153.45,54.07],[153.49,54.1],[153.5,54.11],[153.55,54.15],[153.56,54.15],[153.6,54.18],[153.63,54.2],[153.65,54.22],[153.7,54.25],[153.7,54.25],[153.75,54.28],[153.78,54.3],[153.8,54.31],[153.85,54.34],[153.87,54.35],[153.9,54.37],[153.95,54.39],[153.96,54.4],[154,54.42],[154.05,54.45],[154.05,54.45],[154.1,54.47],[154.15,54.5],[154.15,54.5],[154.2,54.53],[154.24,54.55],[154.25,54.56],[154.3,54.58],[154.33,54.6],[154.35,54.61],[154.4,54.65],[154.41,54.65],[154.45,54.68],[154.48,54.7],[154.5,54.71],[154.55,54.75],[154.55,54.75],[154.6,54.78],[154.62,54.8],[154.65,54.82],[154.68,54.85],[154.7,54.86],[154.75,54.9],[154.75,54.9],[154.8,54.94],[154.81,54.95],[154.85,54.98],[154.87,55],[154.9,55.02],[154.95,55.05],[154.95,55.05],[155,55.08],[155.03,55.1],[155.05,55.11],[155.1,55.13],[155.14,55.15],[155.15,55.15],[155.2,55.17],[155.25,55.18],[155.3,55.19],[155.35,55.2],[155.35,55.2]]}},{"type":"Feature","properties":{"zone":"kur","depth_km":500},"geometry":{"type":"LineString","coordinates":[[130.79,37.05],[130.79,37.1],[130.79,37.15],[130.79,37.2],[130.79,37.25],[130.79,37.3],[130.79,37.35],[130.79,37.4],[130.8,37.45],[130.8,37.48],[130.8,37.5],[130.81,37.55],[130.81,37.6],[130.82,37.65],[130.83,37.7],[130.84,37.75],[130.85,37.8],[130.85,37.81],[130.86,37.85],[130.87,37.9],[130.89,37.95],[130.9,38],[130.9,38],[130.91,38.05],[130.93,38.1],[130.95,38.15],[130.95,38.16],[130.97,38.2],[130.99,38.25],[131,38.29],[131,38.3],[131.02,38.35],[131.05,38.4],[131.05,38.41],[131.07,38.45],[131.09,38.5],[131.1,38.52],[131.11,38.55],[131.13,38.6],[131.15,38.64],[131.16,38.65],[131.18,38.7],[131.2,38.74],[131.2,38.75],[131.23,38.8],[131.25,38.85],[131.25,38.86],[131.27,38.9],[131.29,38.95],[131.3,38.97],[131.31,39],[131.34,39.05],[131.35,39.09],[131.36,39.1],[131.38,39.15],[131.4,39.2],[131.4,39.21],[131.42,39.25],[131.43,39.3],[131.45,39.34],[131.45,39.35],[131.47,39.4],[131.49,39.45],[131.5,39.49],[131.5,39.5],[131.52,39.55],[131.53,39.6],[131.55,39.65],[131.55,39.66],[131.56,39.7],[131.57,39.75],[131.58,39.8],[131.6,39.85],[131.6,39.87],[131.61,39.9],[131.62,39.95],[131.63,40],[131.64,40.05],[131.65,40.1],[131.65,40.13],[131.65,40.15],[131.66,40.2],[131.67,40.25],[131.68,40.3],[131.68,40.35],[131.69,40.4],[131.69,40.45],[131.7,40.5],[131.7,40.52],[131.7,40.55],[131.71,40.6],[131.71,40.65],[131.71,40.7],[131.72,40.75],[131.72,40.8],[131.72,40.85],[131.72,40.9],[131.72,40.95],[131.72,41],[131.72,41.05],[131.72,41.1],[131.72,41.15],[131.72,41.2],[131.72,41.25],[131.72,41.3],[131.71,41.35],[131.71,41.4],[131.71,41.45],[131.7,41.5],[131.7,41.52],[131.7,41.55],[131.69,41.6],[131.69,41.65],[131.68,41.7],[131.67,41.75],[131.67,41.8],[131.66,41.85],[131.65,41.9],[131.65,41.91],[131.64,41.95],[131.63,42],[131.63,42.05],[131.62,42.1],[131.61,42.15],[131.6,42.19],[131.6,42.2],[131.59,42.25],[131.58,42.3],[131.57,42.35],[131.56,42.4],[131.55,42.45],[131.55,42.45],[131.54,42.5],[131.53,42.55],[131.52,42.6],[131.51,42.65],[131.5,42.7],[131.5,42.71],[131.49,42.75],[131.48,42.8],[131.48,42.85],[131.47,42.9],[131.46,42.95],[131.45,43],[131.45,43],[131.44,43.05],[131.44,43.1],[131.43,43.15],[131.42,43.2],[131.42,43.25],[131.41,43.3],[131.41,43.35],[131.4,43.4],[131.4,43.44],[131.4,43.45],[131.4,43.5],[131.39,43.55],[131.39,43.6],[131.39,43.65],[131.39,43.7],[131.39,43.75],[131.39,43.8],[131.39,43.85],[131.39,43.9],[131.39,43.95],[131.39,44],[131.4,44.05],[131.4,44.1],[131.4,44.1],[131.41,44.15],[131.41,44.2],[131.42,44.25],[131.42,44.3],[131.43,44.35],[131.44,44.4],[131.45,44.45],[131.45,44.45],[131.46,44.5],[131.47,44.55],[131.49,44.6],[131.5,44.65],[131.5,44.65],[131.51,44.7],[131.53,44.75],[131.55,44.8],[131.55,44.8],[131.57,44.85],[131.59,44.9],[131.6,44.93],[131.61,44.95],[131.63,45],[131.65,45.04],[131.66,45.05],[131.68,45.1],[131.7,45.14],[131.71,45.15]]}},{"type":"Feature","properties":{"zone":"kur","depth_km":400},"geometry":{"type":"LineString","coordinates":[[133.97,35],[133.95,35.05],[133.95,35.05],[133.93,35.1],[133.91,35.15],[133.9,35.19],[133.9,35.2],[133.88,35.25],[133.86,35.3],[133.85,35.34],[133.85,35.35],[133.83,35.4],[133.82,35.45],[133.8,35.5],[133.8,35.51],[133.79,35.55],[133.78,35.6],[133.76,35.65],[133.75,35.7],[133.75,35.71],[133.74,35.75],[133.73,35.8],[133.72,35.85],[133.71,35.9],[133.7,35.95],[133.7,35.96],[133.69,36],[133.69,36.05],[133.68,36.1],[133.67,36.15],[133.67,36.2],[133.66,36.25],[133.66,36.3],[133.65,36.35],[133.65,36.4],[133.65,36.4],[133.65,36.45],[133.64,36.5],[133.64,36.55],[133.64,36.6],[133.64,36.65],[133.64,36.7],[133.64,36.75],[133.64,36.8],[133.64,36.85],[133.64,36.9],[133.64,36.95],[133.64,37],[133.64,37.05],[133.65,37.1],[133.65,37.15],[133.65,37.17],[133.65,37.2],[133.66,37.25],[133.66,37.3],[133.66,37.35],[133.67,37.4],[133.67,37.45],[133.68,37.5],[133.68,37.55],[133.69,37.6],[133.69,37.65],[133.7,37.7],[133.7,37.7],[133.71,37.75],[133.71,37.8],[133.72,37.85],[133.72,37.9],[133.73,37.95],[133.73,38],[133.74,38.05],[133.74,38.1],[133.75,38.15],[133.75,38.19],[133.75,38.2],[133.76,38.25],[133.76,38.3],[133.76,38.35],[133.77,38.4],[133.77,38.45],[133.77,38.5],[133.78,38.55],[133.78,38.6],[133.78,38.65],[133.78,38.7],[133.79,38.75],[133.79,38.8],[133.79,38.85],[133.79,38.9],[133.79,38.95],[133.8,39],[133.8,39.05],[133.8,39.1],[133.8,39.11],[133.8,39.15],[133.8,39.2],[133.81,39.25],[133.81,39.3],[133.81,39.35],[133.81,39.4],[133.82,39.45],[133.82,39.5],[133.82,39.55],[133.83,39.6],[133.83,39.65],[133.84,39.7],[133.84,39.75],[133.85,39.8],[133.85,39.84],[133.85,39.85],[133.86,39.9],[133.86,39.95],[133.87,40],[133.88,40.05],[133.88,40.1],[133.89,40.15],[133.9,40.2],[133.9,40.23],[133.9,40.25],[133.91,40.3],[133.92,40.35],[133.92,40.4],[133.93,40.45],[133.94,40.5],[133.94,40.55],[133.95,40.59],[133.95,40.6],[133.96,40.65],[133.96,40.7],[133.97,40.75],[133.98,40.8],[133.98,40.85],[133.99,40.9],[133.99,40.95],[134,41],[134,41.04],[134,41.05],[134,41.1],[134.01,41.15],[134.01,41.2],[134.01,41.25],[134.01,41.3],[134.02,41.35],[134.02,41.4],[134.02,41.45],[134.02,41.5],[134.01,41.55],[134.01,41.6],[134.01,41.65],[134.01,41.7],[134.01,41.75],[134,41.8],[134,41.83],[134,41.85],[133.99,41.9],[133.99,41.95],[133.98,42],[133.98,42.05],[133.97,42.1],[133.97,42.15],[133.96,42.2],[133.95,42.25],[133.95,42.27],[133.95,42.3],[133.94,42.35],[133.93,42.4],[133.92,42.45],[133.92,42.5],[133.91,42.55],[133.9,42.6],[133.9,42.62],[133.9,42.65],[133.89,42.7],[133.88,42.75],[133.88,42.8],[133.87,42.85],[133.87,42.9],[133.86,42.95],[133.86,43],[133.86,43.05],[133.85,43.1],[133.85,43.15],[133.85,43.2],[133.85,43.25],[133.85,43.3],[133.85,43.35],[133.85,43.4],[133.86,43.45],[133.86,43.5],[133.86,43.55],[133.87,43.6],[133.87,43.65],[133.88,43.7],[133.89,43.75],[133.9,43.8],[133.9,43.83],[133.9,43.85],[133.91,43.9],[133.92,43.95],[133.93,44],[133.95,44.05],[133.95,44.07],[133.96,44.1],[133.97,44.15],[133.98,44.2],[134,44.25],[134,44.25],[134.01,44.3],[134.03,44.35],[134.05,44.4],[134.05,44.41],[134.06,44.45],[134.08,44.5],[134.1,44.54],[134.1,44.55],[134.12,44.6],[134.14,44.65],[134.15,44.66],[134.17,44.7],[134.19,44.75],[134.2,44.77],[134.21,44.8],[134.24,44.85],[134.25,44.87],[134.27,44.9],[134.3,44.95],[134.3,44.96],[134.33,45],[134.35,45.04],[134.36,45.05],[134.39,45.1],[134.4,45.12],[134.42,45.15],[134.45,45.19],[134.46,45.2],[134.5,45.25],[134.5,45.25],[134.54,45.3],[134.55,45.31],[134.58,45.35],[134.6,45.37],[134.63,45.4],[134.65,45.42],[134.67,45.45],[134.7,45.48],[134.73,45.5],[134.75,45.52],[134.78,45.55]]}},{"type":"Feature","properties":{"zone":"kur","depth_km":400},"geometry":{"type":"LineString","coordinates":[[135.8,46.12],[135.85,46.14],[135.89,46.15],[135.9,46.15],[135.95,46.17],[136,46.18],[136.05,46.19],[136.1,46.2],[136.1,46.2],[136.15,46.21],[136.2,46.22],[136.25,46.23],[136.3,46.23],[136.35,46.24],[136.4,46.25],[136.43,46.25],[136.45,46.25],[136.5,46.26],[136.55,46.26],[136.6,46.27],[136.65,46.27],[136.7,46.27],[136.75,46.28],[136.8,46.28],[136.85,46.28],[136.9,46.28],[136.95,46.28],[137,46.29],[137.05,46.29],[137.1,46.29],[137.15,46.29],[137.2,46.29],[137.25,46.29],[137.3,46.29],[137.35,46.29],[137.4,46.3],[137.45,46.3],[137.5,46.3],[137.51,46.3],[137.55,46.3],[137.6,46.3],[137.65,46.31],[137.7,46.31],[137.75,46.31],[137.8,46.32],[137.85,46.32],[137.9,46.32],[137.95,46.33],[138,46.33],[138.05,46.34],[138.1,46.35],[138.13,46.35],[138.15,46.35],[138.2,46.36],[138.25,46.37],[138.3,46.38],[138.35,46.38],[138.4,46.39],[138.44,46.4],[138.45,46.4],[138.5,46.41],[138.55,46.42],[138.6,46.43],[138.65,46.44],[138.68,46.45],[138.7,46.46],[138.75,46.47],[138.8,46.48],[138.85,46.49],[138.89,46.5],[138.9,46.5],[138.95,46.51],[139,46.53],[139.05,46.54],[139.1,46.55],[139.1,46.55],[139.15,46.56],[139.2,46.57],[139.25,46.58],[139.3,46.6],[139.32,46.6],[139.35,46.61],[139.4,46.62],[139.45,46.63],[139.5,46.64],[139.55,46.64],[139.58,46.65],[139.6,46.65],[139.65,46.66],[139.7,46.67],[139.75,46.68],[139.8,46.69],[139.85,46.69],[139.9,46.7],[139.9,46.7],[139.95,46.71],[140,46.71],[140.05,46.72],[140.1,46.73],[140.15,46.73],[140.2,46.74],[140.25,46.74],[140.3,46.75],[140.32,46.75],[140.35,46.75],[140.4,46.76],[140.45,46.77],[140.5,46.77],[140.55,46.78],[140.6,46.78],[140.65,46.79],[140.7,46.8],[140.72,46.8],[140.75,46.8],[140.8,46.81],[140.85,46.82],[140.9,46.83],[140.95,46.84],[141,46.85],[141.02,46.85],[141.05,46.86],[141.1,46.86],[141.15,46.88],[141.2,46.89],[141.25,46.9],[141.26,46.9],[141.3,46.91],[141.35,46.92],[141.4,46.93],[141.45,46.95],[141.47,46.95],[141.5,46.96],[141.55,46.97],[141.6,46.99],[141.65,47],[141.65,47],[141.7,47.02],[141.75,47.03],[141.8,47.05],[141.82,47.05],[141.85,47.06],[141.9,47.08],[141.95,47.09],[141.98,47.1],[142,47.11],[142.05,47.12],[142.1,47.14],[142.14,47.15],[142.15,47.15],[142.2,47.17],[142.25,47.18],[142.3,47.2],[142.32,47.2],[142.35,47.21],[142.4,47.22],[142.45,47.24],[142.5,47.25],[142.51,47.25],[142.55,47.26],[142.6,47.27],[142.65,47.28],[142.7,47.29],[142.73,47.3],[142.75,47.31],[142.8,47.32],[142.85,47.32],[142.9,47.33],[142.95,47.34],[143,47.35],[143,47.35],[143.05,47.36],[143.1,47.37],[143.15,47.37],[143.2,47.38],[143.25,47.39],[143.3,47.39],[143.35,47.4],[143.37,47.4],[143.4,47.4],[143.45,47.41],[143.5,47.41],[143.55,47.42],[143.6,47.42],[143.65,47.43],[143.7,47.43],[143.75,47.44],[143.8,47.44],[143.85,47.45],[143.89,47.45],[143.9,47.45],[143.95,47.46],[144,47.46],[144.05,47.47],[144.1,47.47],[144.15,47.48],[144.2,47.48],[144.25,47.49],[144.3,47.5],[144.32,47.5],[144.35,47.5],[144.4,47.51],[144.45,47.52],[144.5,47.53],[144.55,47.54],[144.6,47.55],[144.61,47.55],[144.65,47.56],[144.7,47.57],[144.75,47.58],[144.8,47.59],[144.84,47.6],[144.85,47.6],[144.9,47.61],[144.95,47.63],[145,47.64],[145.04,47.65],[145.05,47.65],[145.1,47.67],[145.15,47.68],[145.2,47.7],[145.22,47.7],[145.25,47.71],[145.3,47.72],[145.35,47.74],[145.38,47.75],[145.4,47.75],[145.45,47.77],[145.5,47.78],[145.55,47.8],[145.55,47.8],[145.6,47.81],[145.65,47.83],[145.7,47.84],[145.74,47.85],[145.75,47.85],[145.8,47.87],[145.85,47.88],[145.9,47.89],[145.95,47.9],[145.95,47.9],[146,47.91],[146.05,47.92],[146.1,47.93],[146.15,47.94],[146.2,47.95],[146.2,47.95],[146.25,47.96],[146.3,47.97],[146.35,47.98],[146.4,47.99],[146.45,48],[146.45,48],[146.5,48.01],[146.55,48.02],[146.6,48.03],[146.65,48.05],[146.67,48.05],[146.7,48.06],[146.75,48.07],[146.8,48.09],[146.84,48.1],[146.85,48.1],[146.9,48.12],[146.95,48.13],[146.99,48.15],[147,48.15],[147.05,48.17],[147.1,48.19],[147.12,48.2],[147.15,48.21],[147.2,48.23],[147.23,48.25],[147.25,48.26],[147.3,48.28],[147.34,48.3],[147.35,48.3],[147.4,48.33],[147.44,48.35],[147.45,48.36],[147.5,48.38],[147.53,48.4],[147.55,48.41],[147.6,48.44],[147.63,48.45],[147.65,48.46],[147.7,48.49],[147.72,48.5],[147.75,48.52],[147.8,48.55],[147.81,48.55],[147.85,48.57],[147.9,48.6],[147.9,48.6],[147.95,48.63],[147.99,48.65],[148,48.65],[148.05,48.68],[148.08,48.7],[148.1,48.71],[148.15,48.74],[148.17,48.75],[148.2,48.76],[148.25,48.79],[148.26,48.8],[148.3,48.82],[148.35,48.85],[148.35,48.85],[148.4,48.88],[148.44,48.9],[148.45,48.91],[148.5,48.94],[148.52,48.95],[148.55,48.97],[148.6,49],[148.6,49],[148.65,49.03],[148.68,49.05],[148.7,49.06],[148.75,49.1],[148.75,49.1],[148.8,49.13],[148.82,49.15],[148.85,49.17],[148.89,49.2],[148.9,49.21],[148.95,49.24],[148.96,49.25],[149,49.28],[149.02,49.3],[149.05,49.32],[149.08,49.35],[149.1,49.36],[149.14,49.4],[149.15,49.41],[149.2,49.45],[149.2,49.45],[149.25,49.49],[149.26,49.5],[149.3,49.54],[149.31,49.55],[149.35,49.58],[149.37,49.6],[149.4,49.63],[149.43,49.65],[149.45,49.67],[149.48,49.7],[149.5,49.72],[149.54,49.75],[149.55,49.76],[149.59,49.8],[149.6,49.81],[149.65,49.85],[149.65,49.85],[149.7,49.9],[149.71,49.9],[149.75,49.94],[149.76,49.95],[149.8,49.98],[149.82,50],[149.85,50.03],[149.87,50.05],[149.9,50.07],[149.93,50.1],[149.95,50.12],[149.99,50.15],[150,50.16],[150.04,50.2],[150.05,50.21],[150.1,50.25],[150.1,50.25],[150.15,50.3],[150.15,50.3],[150.2,50.34],[150.21,50.35],[150.25,50.39],[150.27,50.4],[150.3,50.43],[150.32,50.45],[150.35,50.47],[150.38,50.5],[150.4,50.52],[150.44,50.55],[150.45,50.56],[150.5,50.6],[150.5,50.6],[150.55,50.64],[150.56,50.65],[150.6,50.68],[150.62,50.7],[150.65,50.72],[150.69,50.75],[150.7,50.76],[150.75,50.8],[150.75,50.8],[150.8,50.84],[150.81,50.85],[150.85,50.88],[150.88,50.9],[150.9,50.91],[150.95,50.95],[150.95,50.95],[151,50.99],[151.01,51],[151.05,51.03],[151.08,51.05],[151.1,51.07],[151.15,51.1],[151.15,51.1],[151.2,51.14],[151.21,51.15],[151.25,51.18],[151.28,51.2],[151.3,51.22],[151.34,51.25],[151.35,51.26],[151.4,51.3],[151.4,51.3],[151.45,51.33],[151.47,51.35],[151.5,51.37],[151.53,51.4],[151.55,51.41],[151.6,51.45],[151.6,51.45],[151.65,51.49],[151.66,51.5],[151.7,51.53],[151.73,51.55],[151.75,51.57],[151.79,51.6],[151.8,51.6],[151.85,51.64],[151.86,51.65],[151.9,51.68],[151.93,51.7],[151.95,51.71],[152,51.75],[152,51.75],[152.05,51.79],[152.07,51.8],[152.1,51.82],[152.14,51.85],[152.15,51.86],[152.2,51.89],[152.21,51.9],[152.25,51.93],[152.28,51.95],[152.3,51.96],[152.35,52],[152.35,52],[152.4,52.03],[152.42,52.05],[152.45,52.07],[152.49,52.1],[152.5,52.11],[152.55,52.14],[152.56,52.15],[152.6,52.18],[152.63,52.2],[152.65,52.21],[152.7,52.25],[152.7,52.25],[152.75,52.29],[152.76,52.3],[152.8,52.33],[152.83,52.35],[152.85,52.37],[152.89,52.4],[152.9,52.41],[152.95,52.45],[152.95,52.45],[153,52.49],[153.01,52.5],[153.05,52.54],[153.06,52.55],[153.1,52.58],[153.12,52.6],[153.15,52.63],[153.17,52.65],[153.2,52.68],[153.23,52.7],[153.25,52.72],[153.28,52.75],[153.3,52.77],[153.33,52.8],[153.35,52.82],[153.38,52.85],[153.4,52.87],[153.43,52.9],[153.45,52.92],[153.48,52.95],[153.5,52.97],[153.54,53],[153.55,53.01],[153.59,53.05],[153.6,53.06],[153.65,53.1],[153.65,53.1],[153.7,53.14],[153.71,53.15],[153.75,53.18],[153.77,53.2],[153.8,53.22],[153.83,53.25],[153.85,53.26],[153.9,53.3],[153.9,53.3],[153.95,53.34],[153.96,53.35],[154,53.38],[154.03,53.4],[154.05,53.42],[154.09,53.45],[154.1,53.46],[154.15,53.5],[154.15,53.5],[154.2,53.54],[154.21,53.55],[154.25,53.58],[154.28,53.6],[154.3,53.62],[154.34,53.65],[154.35,53.66],[154.4,53.7],[154.4,53.7],[154.45,53.74],[154.46,53.75],[154.5,53.78],[154.52,53.8],[154.55,53.82],[154.58,53.85],[154.6,53.86],[154.65,53.9],[154.65,53.9],[154.7,53.94],[154.71,53.95],[154.75,53.98],[154.78,54],[154.8,54.01],[154.85,54.05],[154.85,54.05],[154.9,54.08],[154.93,54.1],[154.95,54.12],[155,54.15],[155,54.15],[155.05,54.18],[155.07,54.2],[155.1,54.22],[155.15,54.25],[155.15,54.25],[155.2,54.28],[155.23,54.3],[155.25,54.32],[155.3,54.35],[155.3,54.35],[155.35,54.38],[155.38,54.4],[155.4,54.41],[155.45,54.44],[155.47,54.45],[155.5,54.47],[155.55,54.49],[155.56,54.5],[155.6,54.52],[155.65,54.54],[155.67,54.55],[155.7,54.56],[155.75,54.59],[155.79,54.6],[155.8,54.61],[155.85,54.62],[155.9,54.64],[155.92,54.65],[155.95,54.66],[156,54.68],[156.05,54.69],[156.07,54.7],[156.1,54.71],[156.15,54.72],[156.2,54.74],[156.23,54.75],[156.25,54.76],[156.3,54.77],[156.35,54.79],[156.39,54.8],[156.4,54.8],[156.45,54.82],[156.5,54.84],[156.53,54.85],[156.55,54.86],[156.6,54.88],[156.65,54.9],[156.66,54.9],[156.7,54.92]]}},{"type":"Feature","properties":{"zone":"kur","depth_km":300},"geometry":{"type":"LineString","coordinates":[[136.39,35],[136.36,35.05],[136.35,35.06],[136.33,35.1],[136.3,35.14],[136.3,35.15],[136.27,35.2],[136.25,35.23],[136.24,35.25],[136.21,35.3],[136.2,35.32],[136.19,35.35],[136.16,35.4],[136.15,35.42],[136.14,35.45],[136.12,35.5],[136.1,35.53],[136.09,35.55],[136.07,35.6],[136.05,35.65],[136.05,35.66],[136.03,35.7],[136.02,35.75],[136,35.79],[136,35.8],[135.98,35.85],[135.96,35.9],[135.95,35.95],[135.95,35.95],[135.93,36],[135.92,36.05],[135.91,36.1],[135.9,36.12],[135.89,36.15],[135.88,36.2],[135.87,36.25],[135.86,36.3],[135.85,36.35],[135.85,36.35],[135.84,36.4],[135.83,36.45],[135.83,36.5],[135.82,36.55],[135.82,36.6],[135.81,36.65],[135.81,36.7],[135.81,36.75],[135.81,36.8],[135.8,36.85],[135.8,36.9],[135.8,36.95],[135.81,37],[135.81,37.05],[135.81,37.1],[135.81,37.15],[135.82,37.2],[135.82,37.25],[135.83,37.3],[135.83,37.35],[135.84,37.4],[135.84,37.45],[135.85,37.5],[135.85,37.51],[135.86,37.55],[135.86,37.6],[135.87,37.65],[135.88,37.7],[135.88,37.75],[135.89,37.8],[135.9,37.85],[135.9,37.85],[135.91,37.9],[135.92,37.95],[135.92,38],[135.93,38.05],[135.94,38.1],[135.95,38.15],[135.95,38.16],[135.96,38.2],[135.97,38.25],[135.97,38.3],[135.98,38.35],[135.99,38.4],[136,38.45],[136,38.45],[136.01,38.5],[136.02,38.55],[136.03,38.6],[136.04,38.65],[136.04,38.7],[136.05,38.73],[136.05,38.75],[136.06,38.8],[136.07,38.85],[136.08,38.9],[136.09,38.95],[136.1,39],[136.1,39],[136.11,39.05],[136.12,39.1],[136.13,39.15],[136.14,39.2],[136.15,39.25],[136.15,39.27],[136.16,39.3],[136.17,39.35],[136.17,39.4],[136.18,39.45],[136.19,39.5],[136.2,39.54],[136.2,39.55],[136.21,39.6],[136.22,39.65],[136.23,39.7],[136.24,39.75],[136.24,39.8],[136.25,39.83],[136.25,39.85],[136.26,39.9],[136.27,39.95],[136.28,40],[136.28,40.05],[136.29,40.1],[136.3,40.15],[136.3,40.18],[136.3,40.2],[136.31,40.25],[136.32,40.3],[136.32,40.35],[136.33,40.4],[136.33,40.45],[136.34,40.5],[136.34,40.55],[136.34,40.6],[136.35,40.65],[136.35,40.68],[136.35,40.7],[136.35,40.75],[136.36,40.8],[136.36,40.85],[136.36,40.9],[136.36,40.95],[136.36,41],[136.37,41.05],[136.37,41.1],[136.37,41.15],[136.37,41.2],[136.37,41.25],[136.37,41.3],[136.36,41.35],[136.36,41.4],[136.36,41.45],[136.36,41.5],[136.36,41.55],[136.36,41.6],[136.35,41.65],[136.35,41.7],[136.35,41.75],[136.35,41.75],[136.35,41.8],[136.34,41.85],[136.34,41.9],[136.34,41.95],[136.34,42],[136.33,42.05],[136.33,42.1],[136.33,42.15],[136.32,42.2],[136.32,42.25],[136.32,42.3],[136.31,42.35],[136.31,42.4],[136.31,42.45],[136.3,42.5],[136.3,42.55],[136.3,42.56],[136.3,42.6],[136.3,42.65],[136.29,42.7],[136.29,42.75],[136.29,42.8],[136.29,42.85],[136.29,42.9],[136.29,42.95],[136.29,43],[136.29,43.05],[136.29,43.1],[136.29,43.15],[136.29,43.2],[136.29,43.25],[136.3,43.3],[136.3,43.34],[136.3,43.35],[136.31,43.4],[136.31,43.45],[136.32,43.5],[136.32,43.55],[136.33,43.6],[136.34,43.65],[136.35,43.7],[136.35,43.7],[136.36,43.75],[136.37,43.8],[136.39,43.85],[136.4,43.89],[136.4,43.9],[136.42,43.95],[136.44,44],[136.45,44.03],[136.46,44.05],[136.48,44.1],[136.5,44.15],[136.5,44.15],[136.53,44.2],[136.55,44.24],[136.55,44.25],[136.58,44.3],[136.6,44.33],[136.62,44.35],[136.65,44.4],[136.65,44.4],[136.69,44.45],[136.7,44.46],[136.73,44.5],[136.75,44.52],[136.78,44.55],[136.8,44.57],[136.83,44.6],[136.85,44.62],[136.89,44.65],[136.9,44.66],[136.95,44.7],[136.95,44.7],[137,44.74],[137.02,44.75],[137.05,44.77],[137.1,44.8],[137.1,44.8],[137.15,44.83],[137.19,44.85],[137.2,44.86],[137.25,44.88],[137.29,44.9],[137.3,44.9],[137.35,44.92],[137.4,44.94],[137.41,44.95],[137.45,44.96],[137.5,44.98],[137.55,45],[137.56,45],[137.6,45.01],[137.65,45.03],[137.7,45.04],[137.72,45.05],[137.75,45.06],[137.8,45.07],[137.85,45.08],[137.9,45.1],[137.92,45.1],[137.95,45.11],[138,45.12],[138.05,45.13],[138.1,45.14],[138.13,45.15],[138.15,45.15],[138.2,45.16],[138.25,45.18],[138.3,45.19],[138.35,45.2],[138.36,45.2],[138.4,45.21],[138.45,45.22],[138.5,45.23],[138.55,45.24],[138.59,45.25],[138.6,45.25],[138.65,45.26],[138.7,45.28],[138.75,45.29],[138.8,45.3],[138.8,45.3],[138.85,45.31],[138.9,45.32],[138.95,45.33],[139,45.35],[139.02,45.35],[139.05,45.36],[139.1,45.37],[139.15,45.38],[139.2,45.39],[139.23,45.4],[139.25,45.41],[139.3,45.42],[139.35,45.43],[139.4,45.44],[139.44,45.45],[139.45,45.45],[139.5,45.46],[139.55,45.48],[139.6,45.49],[139.65,45.5],[139.65,45.5],[139.7,45.51],[139.75,45.52],[139.8,45.53],[139.85,45.54],[139.88,45.55],[139.9,45.55],[139.95,45.56],[140,45.58],[140.05,45.59],[140.1,45.6],[140.12,45.6],[140.15,45.61],[140.2,45.61],[140.25,45.62],[140.3,45.63],[140.35,45.64],[140.39,45.65],[140.4,45.65],[140.45,45.66],[140.5,45.67],[140.55,45.68],[140.6,45.69],[140.65,45.7],[140.67,45.7],[140.7,45.71],[140.75,45.71],[140.8,45.72],[140.85,45.73],[140.9,45.74],[140.95,45.75],[140.96,45.75],[141,45.76],[141.05,45.77],[141.1,45.78],[141.15,45.78],[141.2,45.79],[141.23,45.8],[141.25,45.8],[141.3,45.81],[141.35,45.82],[141.4,45.83],[141.45,45.84],[141.49,45.85],[141.5,45.85],[141.55,45.86],[141.6,45.87],[141.65,45.88],[141.7,45.9],[141.72,45.9],[141.75,45.91],[141.8,45.92],[141.85,45.93],[141.9,45.94],[141.94,45.95],[141.95,45.95],[142,45.97],[142.05,45.98],[142.1,45.99],[142.15,46],[142.15,46],[142.2,46.01],[142.25,46.03],[142.3,46.04],[142.35,46.05],[142.35,46.05],[142.4,46.06],[142.45,46.07],[142.5,46.08],[142.55,46.1],[142.56,46.1],[142.6,46.11],[142.65,46.12],[142.7,46.13],[142.75,46.14],[142.79,46.15],[142.8,46.15],[142.85,46.16],[142.9,46.17],[142.95,46.18],[143,46.19],[143.03,46.2],[143.05,46.2],[143.1,46.21],[143.15,46.22],[143.2,46.23],[143.25,46.24],[143.29,46.25],[143.3,46.25],[143.35,46.26],[143.4,46.27],[143.45,46.28],[143.5,46.29],[143.55,46.3],[143.56,46.3],[143.6,46.31],[143.65,46.32],[143.7,46.33],[143.75,46.34],[143.8,46.35],[143.82,46.35],[143.85,46.36],[143.9,46.37],[143.95,46.38],[144,46.39],[144.05,46.4],[144.07,46.4],[144.1,46.41],[144.15,46.42],[144.2,46.43],[144.25,46.44],[144.3,46.45],[144.3,46.45],[144.35,46.46],[144.4,46.47],[144.45,46.49],[144.5,46.5],[144.51,46.5],[144.55,46.51],[144.6,46.52],[144.65,46.54],[144.7,46.55],[144.71,46.55],[144.75,46.56],[144.8,46.57],[144.85,46.59],[144.9,46.6],[144.91,46.6],[144.95,46.61],[145,46.62],[145.05,46.63],[145.1,46.64],[145.13,46.65],[145.15,46.66],[145.2,46.67],[145.25,46.68],[145.3,46.69],[145.35,46.7],[145.35,46.7],[145.4,46.71],[145.45,46.72],[145.5,46.73],[145.55,46.74],[145.58,46.75],[145.6,46.76],[145.65,46.77],[145.7,46.78],[145.75,46.79],[145.78,46.8],[145.8,46.8],[145.85,46.82],[145.9,46.83],[145.95,46.84],[145.97,46.85],[146,46.86],[146.05,46.87],[146.1,46.89],[146.15,46.9],[146.15,46.9],[146.2,46.91],[146.25,46.93],[146.3,46.94],[146.33,46.95],[146.35,46.96],[146.4,46.97],[146.45,46.99],[146.5,47],[146.5,47],[146.55,47.01],[146.6,47.03],[146.65,47.04],[146.67,47.05],[146.7,47.06],[146.75,47.08],[146.8,47.09],[146.83,47.1],[146.85,47.11],[146.9,47.12],[146.95,47.14],[146.98,47.15],[147,47.16],[147.05,47.18],[147.1,47.19],[147.12,47.2],[147.15,47.21],[147.2,47.23],[147.25,47.25],[147.25,47.25],[147.3,47.27],[147.35,47.29],[147.37,47.3],[147.4,47.31],[147.45,47.33],[147.49,47.35],[147.5,47.36],[147.55,47.38],[147.6,47.4],[147.6,47.4],[147.65,47.42],[147.7,47.45],[147.7,47.45],[147.75,47.47],[147.8,47.5],[147.81,47.5],[147.85,47.52],[147.9,47.55],[147.91,47.55],[147.95,47.57],[148,47.6],[148.01,47.6],[148.05,47.62],[148.1,47.64],[148.11,47.65],[148.15,47.67],[148.2,47.69],[148.21,47.7],[148.25,47.72],[148.3,47.74],[148.31,47.75],[148.35,47.77],[148.4,47.79],[148.41,47.8],[148.45,47.82],[148.5,47.84],[148.51,47.85],[148.55,47.87],[148.6,47.89],[148.61,47.9],[148.65,47.92],[148.7,47.94],[148.71,47.95],[148.75,47.97],[148.8,47.99],[148.81,48],[148.85,48.02],[148.9,48.05],[148.91,48.05],[148.95,48.07],[149,48.1],[149.01,48.1],[149.05,48.12],[149.1,48.15],[149.1,48.15],[149.15,48.18],[149.19,48.2],[149.2,48.21],[149.25,48.24],[149.27,48.25],[149.3,48.27],[149.35,48.3],[149.35,48.3],[149.4,48.33],[149.43,48.35],[149.45,48.36],[149.5,48.4],[149.5,48.4],[149.55,48.43],[149.57,48.45],[149.6,48.47],[149.64,48.5],[149.65,48.51],[149.7,48.55],[149.7,48.55],[149.75,48.6],[149.75,48.6],[149.8,48.64],[149.81,48.65],[149.85,48.69],[149.86,48.7],[149.9,48.73],[149.92,48.75],[149.95,48.78],[149.97,48.8],[150,48.83],[150.02,48.85],[150.05,48.88],[150.07,48.9],[150.1,48.93],[150.12,48.95],[150.15,48.98],[150.17,49],[150.2,49.03],[150.23,49.05],[150.25,49.07],[150.28,49.1],[150.3,49.12],[150.33,49.15],[150.35,49.17],[150.38,49.2],[150.4,49.21],[150.44,49.25],[150.45,49.26],[150.5,49.3],[150.5,49.3],[150.55,49.35],[150.56,49.35],[150.6,49.39],[150.61,49.4],[150.65,49.43],[150.68,49.45],[150.7,49.47],[150.74,49.5],[150.75,49.51],[150.8,49.55],[150.8,49.55],[150.85,49.59],[150.87,49.6],[150.9,49.63],[150.93,49.65],[150.95,49.66],[151,49.7],[151,49.7],[151.05,49.74],[151.06,49.75],[151.1,49.78],[151.13,49.8],[151.15,49.81],[151.2,49.85],[151.2,49.85],[151.25,49.89],[151.27,49.9],[151.3,49.92],[151.34,49.95],[151.35,49.96],[151.4,49.99],[151.41,50],[151.45,50.03],[151.48,50.05],[151.5,50.07],[151.55,50.1],[151.55,50.1],[151.6,50.14],[151.62,50.15],[151.65,50.17],[151.69,50.2],[151.7,50.21],[151.75,50.24],[151.76,50.25],[151.8,50.28],[151.83,50.3],[151.85,50.31],[151.9,50.35],[151.9,50.35],[151.95,50.38],[151.97,50.4],[152,50.42],[152.04,50.45],[152.05,50.45],[152.1,50.49],[152.11,50.5],[152.15,50.53],[152.18,50.55],[152.2,50.56],[152.25,50.6],[152.25,50.6],[152.3,50.64],[152.31,50.65],[152.35,50.68],[152.38,50.7],[152.4,50.71],[152.45,50.75],[152.45,50.75],[152.5,50.79],[152.51,50.8],[152.55,50.83],[152.58,50.85],[152.6,50.87],[152.64,50.9],[152.65,50.9],[152.7,50.94],[152.71,50.95],[152.75,50.98],[152.77,51],[152.8,51.02],[152.84,51.05],[152.85,51.06],[152.9,51.1],[152.9,51.1],[152.95,51.14],[152.97,51.15],[153,51.17],[153.03,51.2],[153.05,51.21],[153.1,51.25],[153.1,51.25],[153.15,51.29],[153.16,51.3],[153.2,51.33],[153.23,51.35],[153.25,51.36],[153.3,51.4],[153.3,51.4],[153.35,51.44],[153.37,51.45],[153.4,51.47],[153.44,51.5],[153.45,51.51],[153.5,51.54],[153.52,51.55],[153.55,51.57],[153.59,51.6],[153.6,51.61],[153.65,51.64],[153.67,51.65],[153.7,51.67],[153.74,51.7],[153.75,51.71],[153.8,51.74],[153.82,51.75],[153.85,51.77],[153.89,51.8],[153.9,51.81],[153.95,51.84],[153.97,51.85],[154,51.87],[154.04,51.9],[154.05,51.91],[154.1,51.94],[154.11,51.95],[154.15,51.98],[154.17,52],[154.2,52.02],[154.24,52.05],[154.25,52.06],[154.3,52.1],[154.3,52.1],[154.35,52.14],[154.36,52.15],[154.4,52.18],[154.42,52.2],[154.45,52.23],[154.48,52.25],[154.5,52.27],[154.53,52.3],[154.55,52.32],[154.58,52.35],[154.6,52.36],[154.64,52.4],[154.65,52.41],[154.69,52.45],[154.7,52.46],[154.74,52.5],[154.75,52.51],[154.8,52.55],[154.8,52.55],[154.85,52.6],[154.85,52.6],[154.9,52.65],[154.9,52.65],[154.95,52.7],[154.95,52.7],[155,52.74],[155.01,52.75],[155.05,52.79],[155.06,52.8],[155.1,52.83],[155.12,52.85],[155.15,52.88],[155.17,52.9],[155.2,52.93],[155.23,52.95],[155.25,52.97],[155.28,53],[155.3,53.02],[155.33,53.05],[155.35,53.07],[155.39,53.1],[155.4,53.11],[155.44,53.15],[155.45,53.16],[155.49,53.2],[155.5,53.21],[155.54,53.25],[155.55,53.26],[155.59,53.3],[155.6,53.31],[155.64,53.35],[155.65,53.36],[155.69,53.4],[155.7,53.41],[155.74,53.45],[155.75,53.46],[155.8,53.5],[155.8,53.5],[155.85,53.55],[155.85,53.55],[155.9,53.6],[155.9,53.6],[155.95,53.65],[155.95,53.65],[156,53.69],[156.01,53.7],[156.05,53.74],[156.07,53.75],[156.1,53.78],[156.12,53.8],[156.15,53.82],[156.18,53.85],[156.2,53.86],[156.25,53.9],[156.25,53.9],[156.3,53.94],[156.31,53.95],[156.35,53.98],[156.37,54],[156.4,54.02],[156.44,54.05],[156.45,54.06],[156.5,54.1],[156.5,54.1],[156.55,54.13],[156.57,54.15],[156.6,54.17],[156.64,54.2],[156.65,54.21],[156.7,54.25],[156.7,54.25],[156.75,54.28],[156.77,54.3],[156.8,54.32],[156.84,54.35],[156.85,54.36],[156.9,54.4],[156.91,54.4],[156.95,54.43],[156.97,54.45],[157,54.47],[157.04,54.5],[157.05,54.5],[157.1,54.54],[157.11,54.55],[157.15,54.58],[157.18,54.6],[157.2,54.61],[157.25,54.65],[157.26,54.65],[157.3,54.68],[157.33,54.7],[157.35,54.71],[157.4,54.75],[157.41,54.75],[157.45,54.78],[157.48,54.8],[157.5,54.81],[157.55,54.85],[157.56,54.85],[157.6,54.88],[157.63,54.9],[157.65,54.91],[157.7,54.95],[157.7,54.95],[157.75,54.98],[157.78,55],[157.8,55.02],[157.84,55.05],[157.85,55.05],[157.9,55.09],[157.91,55.1],[157.95,55.13],[157.97,55.15],[158,55.17],[158.03,55.2],[158.05,55.21],[158.09,55.25],[158.1,55.26],[158.15,55.3],[158.15,55.3],[158.2,55.35],[158.2,55.35],[158.25,55.39],[158.26,55.4],[158.3,55.44],[158.31,55.45],[158.35,55.49],[158.36,55.5],[158.4,55.54],[158.41,55.55],[158.45,55.59],[158.46,55.6]]}},{"type":"Feature","properties":{"zone":"kur","depth_km":200},"geometry":{"type":"LineString","coordinates":[[138.06,35],[138.05,35.03],[138.04,35.05],[138.02,35.1],[138,35.15],[138,35.15],[137.98,35.2],[137.96,35.25],[137.95,35.28],[137.94,35.3],[137.92,35.35],[137.91,35.4],[137.9,35.42],[137.89,35.45],[137.87,35.5],[137.86,35.55],[137.85,35.58],[137.84,35.6],[137.83,35.65],[137.82,35.7],[137.8,35.75],[137.8,35.76],[137.79,35.8],[137.78,35.85],[137.76,35.9],[137.75,35.95],[137.75,35.97],[137.74,36],[137.73,36.05],[137.72,36.1],[137.71,36.15],[137.71,36.2],[137.7,36.25],[137.7,36.25],[137.69,36.3],[137.69,36.35],[137.68,36.4],[137.68,36.45],[137.68,36.5],[137.67,36.55],[137.67,36.6],[137.67,36.65],[137.67,36.7],[137.67,36.75],[137.67,36.8],[137.68,36.85],[137.68,36.9],[137.68,36.95],[137.69,37],[137.69,37.05],[137.7,37.1],[137.7,37.13],[137.7,37.15],[137.71,37.2],[137.72,37.25],[137.72,37.3],[137.73,37.35],[137.74,37.4],[137.75,37.45],[137.75,37.46],[137.76,37.5],[137.77,37.55],[137.78,37.6],[137.79,37.65],[137.8,37.7],[137.8,37.7],[137.81,37.75],[137.82,37.8],[137.84,37.85],[137.85,37.9],[137.85,37.9],[137.86,37.95],[137.88,38],[137.89,38.05],[137.9,38.07],[137.91,38.1],[137.92,38.15],[137.94,38.2],[137.95,38.24],[137.95,38.25],[137.97,38.3],[137.99,38.35],[138,38.39],[138,38.4],[138.02,38.45],[138.04,38.5],[138.05,38.53],[138.06,38.55],[138.07,38.6],[138.09,38.65],[138.1,38.68],[138.11,38.7],[138.13,38.75],[138.14,38.8],[138.15,38.82],[138.16,38.85],[138.18,38.9],[138.2,38.95],[138.2,38.96],[138.21,39],[138.23,39.05],[138.25,39.1],[138.25,39.11],[138.26,39.15],[138.28,39.2],[138.3,39.25],[138.3,39.26],[138.31,39.3],[138.33,39.35],[138.34,39.4],[138.35,39.43],[138.36,39.45],[138.37,39.5],[138.38,39.55],[138.4,39.6],[138.4,39.61],[138.41,39.65],[138.42,39.7],[138.43,39.75],[138.44,39.8],[138.45,39.83],[138.45,39.85],[138.47,39.9],[138.47,39.95],[138.48,40],[138.49,40.05],[138.5,40.09],[138.5,40.1],[138.51,40.15],[138.52,40.2],[138.52,40.25],[138.53,40.3],[138.54,40.35],[138.54,40.4],[138.55,40.45],[138.55,40.46],[138.55,40.5],[138.56,40.55],[138.56,40.6],[138.57,40.65],[138.57,40.7],[138.58,40.75],[138.58,40.8],[138.58,40.85],[138.59,40.9],[138.59,40.95],[138.59,41],[138.59,41.05],[138.6,41.1],[138.6,41.15],[138.6,41.2],[138.6,41.22],[138.6,41.25],[138.6,41.3],[138.6,41.35],[138.61,41.4],[138.61,41.45],[138.61,41.5],[138.61,41.55],[138.61,41.6],[138.62,41.65],[138.62,41.7],[138.62,41.75],[138.62,41.8],[138.63,41.85],[138.63,41.9],[138.63,41.95],[138.64,42],[138.64,42.05],[138.65,42.1],[138.65,42.12],[138.65,42.15],[138.66,42.2],[138.66,42.25],[138.67,42.3],[138.68,42.35],[138.69,42.4],[138.7,42.45],[138.7,42.47],[138.71,42.5],[138.72,42.55],[138.73,42.6],[138.74,42.65],[138.75,42.69],[138.75,42.7],[138.77,42.75],[138.78,42.8],[138.8,42.85],[138.8,42.85],[138.82,42.9],[138.84,42.95],[138.85,42.98],[138.86,43],[138.88,43.05],[138.9,43.08],[138.91,43.1],[138.94,43.15],[138.95,43.17],[138.97,43.2],[139,43.25],[139,43.25],[139.04,43.3],[139.05,43.32],[139.08,43.35],[139.1,43.38],[139.12,43.4],[139.15,43.43],[139.17,43.45],[139.2,43.48],[139.22,43.5],[139.25,43.53],[139.28,43.55],[139.3,43.57],[139.34,43.6],[139.35,43.61],[139.4,43.64],[139.41,43.65],[139.45,43.67],[139.49,43.7],[139.5,43.7],[139.55,43.73],[139.58,43.75],[139.6,43.76],[139.65,43.79],[139.68,43.8],[139.7,43.81],[139.75,43.83],[139.79,43.85],[139.8,43.85],[139.85,43.88],[139.9,43.89],[139.91,43.9],[139.95,43.91],[140,43.93],[140.05,43.95],[140.05,43.95],[140.1,43.97],[140.15,43.98],[140.2,44],[140.2,44],[140.25,44.02],[140.3,44.03],[140.35,44.05],[140.36,44.05],[140.4,44.06],[140.45,44.07],[140.5,44.09],[140.54,44.1],[140.55,44.1],[140.6,44.12],[140.65,44.13],[140.7,44.14],[140.72,44.15],[140.75,44.16],[140.8,44.17],[140.85,44.18],[140.9,44.2],[140.92,44.2],[140.95,44.21],[141,44.22],[141.05,44.23],[141.1,44.25],[141.12,44.25],[141.15,44.26],[141.2,44.27],[141.25,44.28],[141.3,44.29],[141.32,44.3],[141.35,44.31],[141.4,44.32],[141.45,44.33],[141.5,44.34],[141.53,44.35],[141.55,44.35],[141.6,44.37],[141.65,44.38],[141.7,44.39],[141.74,44.4],[141.75,44.4],[141.8,44.41],[141.85,44.43],[141.9,44.44],[141.95,44.45],[141.96,44.45],[142,44.46],[142.05,44.47],[142.1,44.48],[142.15,44.5],[142.17,44.5],[142.2,44.51],[142.25,44.52],[142.3,44.53],[142.35,44.54],[142.38,44.55],[142.4,44.55],[142.45,44.57],[142.5,44.58],[142.55,44.59],[142.59,44.6],[142.6,44.6],[142.65,44.61],[142.7,44.63],[142.75,44.64],[142.8,44.65],[142.8,44.65],[142.85,44.66],[142.9,44.67],[142.95,44.69],[143,44.7],[143.01,44.7],[143.05,44.71],[143.1,44.72],[143.15,44.74],[143.2,44.75],[143.21,44.75],[143.25,44.76],[143.3,44.77],[143.35,44.78],[143.4,44.79],[143.42,44.8],[143.45,44.81],[143.5,44.82],[143.55,44.83],[143.6,44.84],[143.64,44.85],[143.65,44.85],[143.7,44.86],[143.75,44.87],[143.8,44.89],[143.85,44.9],[143.86,44.9],[143.9,44.91],[143.95,44.92],[144,44.93],[144.05,44.95],[144.07,44.95],[144.1,44.96],[144.15,44.97],[144.2,44.99],[144.24,45],[144.25,45],[144.3,45.02],[144.35,45.04],[144.39,45.05],[144.4,45.05],[144.45,45.07],[144.5,45.09],[144.54,45.1],[144.55,45.11],[144.6,45.12],[144.65,45.14],[144.67,45.15],[144.7,45.16],[144.75,45.18],[144.8,45.2],[144.81,45.2],[144.85,45.22],[144.9,45.24],[144.94,45.25],[144.95,45.26],[145,45.27],[145.05,45.29],[145.06,45.3],[145.1,45.31],[145.15,45.34],[145.19,45.35],[145.2,45.36],[145.25,45.38],[145.3,45.4],[145.3,45.4],[145.35,45.42],[145.4,45.44],[145.42,45.45],[145.45,45.47],[145.5,45.49],[145.52,45.5],[145.55,45.51],[145.6,45.54],[145.63,45.55],[145.65,45.56],[145.7,45.58],[145.73,45.6],[145.75,45.61],[145.8,45.63],[145.83,45.65],[145.85,45.66],[145.9,45.68],[145.94,45.7],[145.95,45.71],[146,45.73],[146.04,45.75],[146.05,45.75],[146.1,45.78],[146.15,45.8],[146.15,45.8],[146.2,45.82],[146.25,45.84],[146.26,45.85],[146.3,45.87],[146.35,45.89],[146.39,45.9],[146.4,45.91],[146.45,45.92],[146.5,45.94],[146.52,45.95],[146.55,45.96],[146.6,45.98],[146.65,46],[146.66,46],[146.7,46.02],[146.75,46.03],[146.8,46.05],[146.8,46.05],[146.85,46.07],[146.9,46.09],[146.93,46.1],[146.95,46.11],[147,46.12],[147.05,46.14],[147.07,46.15],[147.1,46.16],[147.15,46.18],[147.2,46.2],[147.2,46.2],[147.25,46.22],[147.3,46.24],[147.33,46.25],[147.35,46.26],[147.4,46.27],[147.45,46.29],[147.47,46.3],[147.5,46.31],[147.55,46.33],[147.6,46.35],[147.61,46.35],[147.65,46.36],[147.7,46.38],[147.75,46.4],[147.76,46.4],[147.8,46.41],[147.85,46.43],[147.9,46.45],[147.91,46.45],[147.95,46.46],[148,46.48],[148.05,46.5],[148.05,46.5],[148.1,46.52],[148.15,46.54],[148.19,46.55],[148.2,46.55],[148.25,46.57],[148.3,46.59],[148.32,46.6],[148.35,46.61],[148.4,46.63],[148.44,46.65],[148.45,46.66],[148.5,46.68],[148.55,46.7],[148.56,46.7],[148.6,46.72],[148.65,46.74],[148.69,46.75],[148.7,46.75],[148.75,46.77],[148.8,46.79],[148.83,46.8],[148.85,46.81],[148.9,46.83],[148.95,46.84],[148.98,46.85],[149,46.86],[149.05,46.87],[149.1,46.89],[149.14,46.9],[149.15,46.9],[149.2,46.92],[149.25,46.94],[149.3,46.95],[149.3,46.95],[149.35,46.97],[149.4,46.98],[149.45,47],[149.45,47],[149.5,47.02],[149.55,47.04],[149.58,47.05],[149.6,47.06],[149.65,47.08],[149.69,47.1],[149.7,47.1],[149.75,47.13],[149.8,47.15],[149.8,47.15],[149.85,47.18],[149.89,47.2],[149.9,47.21],[149.95,47.24],[149.97,47.25],[150,47.27],[150.05,47.3],[150.05,47.3],[150.1,47.34],[150.12,47.35],[150.15,47.37],[150.18,47.4],[150.2,47.41],[150.24,47.45],[150.25,47.45],[150.3,47.5],[150.3,47.5],[150.35,47.54],[150.36,47.55],[150.4,47.59],[150.41,47.6],[150.45,47.63],[150.47,47.65],[150.5,47.68],[150.52,47.7],[150.55,47.73],[150.57,47.75],[150.6,47.78],[150.62,47.8],[150.65,47.84],[150.66,47.85],[150.7,47.89],[150.71,47.9],[150.75,47.94],[150.76,47.95],[150.8,48],[150.8,48],[150.85,48.05],[150.85,48.05],[150.9,48.1],[150.9,48.1],[150.94,48.15],[150.95,48.16],[150.99,48.2],[151,48.21],[151.04,48.25],[151.05,48.26],[151.1,48.3],[151.1,48.3],[151.15,48.35],[151.15,48.35],[151.2,48.39],[151.21,48.4],[151.25,48.44],[151.26,48.45],[151.3,48.48],[151.32,48.5],[151.35,48.52],[151.38,48.55],[151.4,48.56],[151.45,48.6],[151.45,48.6],[151.5,48.64],[151.51,48.65],[151.55,48.68],[151.57,48.7],[151.6,48.72],[151.63,48.75],[151.65,48.77],[151.69,48.8],[151.7,48.81],[151.75,48.85],[151.75,48.85],[151.8,48.89],[151.81,48.9],[151.85,48.93],[151.87,48.95],[151.9,48.98],[151.93,49],[151.95,49.02],[151.98,49.05],[152,49.07],[152.04,49.1],[152.05,49.11],[152.09,49.15],[152.1,49.16],[152.15,49.2],[152.15,49.2],[152.2,49.25],[152.2,49.25],[152.25,49.3],[152.25,49.3],[152.3,49.34],[152.31,49.35],[152.35,49.39],[152.36,49.4],[152.4,49.44],[152.41,49.45],[152.45,49.48],[152.47,49.5],[152.5,49.53],[152.52,49.55],[152.55,49.58],[152.57,49.6],[152.6,49.62],[152.63,49.65],[152.65,49.67],[152.69,49.7],[152.7,49.71],[152.74,49.75],[152.75,49.76],[152.8,49.8],[152.8,49.8],[152.85,49.84],[152.86,49.85],[152.9,49.89],[152.92,49.9],[152.95,49.93],[152.97,49.95],[153,49.97],[153.04,50],[153.05,50.01],[153.1,50.05],[153.1,50.05],[153.15,50.09],[153.16,50.1],[153.2,50.13],[153.22,50.15],[153.25,50.18],[153.28,50.2],[153.3,50.22],[153.34,50.25],[153.35,50.26],[153.4,50.3],[153.4,50.3],[153.45,50.34],[153.47,50.35],[153.5,50.38],[153.53,50.4],[153.55,50.42],[153.59,50.45],[153.6,50.46],[153.65,50.5],[153.65,50.5],[153.7,50.54],[153.72,50.55],[153.75,50.58],[153.78,50.6],[153.8,50.61],[153.85,50.65],[153.85,50.65],[153.9,50.69],[153.91,50.7],[153.95,50.73],[153.98,50.75],[154,50.76],[154.05,50.8],[154.05,50.8],[154.1,50.83],[154.13,50.85],[154.15,50.87],[154.2,50.9],[154.2,50.9],[154.25,50.93],[154.28,50.95],[154.3,50.96],[154.35,51],[154.35,51],[154.4,51.03],[154.43,51.05],[154.45,51.06],[154.5,51.09],[154.51,51.1],[154.55,51.13],[154.59,51.15],[154.6,51.16],[154.65,51.19],[154.66,51.2],[154.7,51.23],[154.73,51.25],[154.75,51.26],[154.8,51.3],[154.8,51.3],[154.85,51.33],[154.87,51.35],[154.9,51.37],[154.94,51.4],[154.95,51.41],[155,51.45],[155,51.45],[155.05,51.49],[155.06,51.5],[155.1,51.53],[155.12,51.55],[155.15,51.58],[155.18,51.6],[155.2,51.62],[155.24,51.65],[155.25,51.66],[155.29,51.7],[155.3,51.71],[155.35,51.75],[155.35,51.75],[155.4,51.8],[155.4,51.8],[155.45,51.84],[155.46,51.85],[155.5,51.89],[155.51,51.9],[155.55,51.94],[155.56,51.95],[155.6,51.99],[155.61,52],[155.65,52.04],[155.66,52.05],[155.7,52.09],[155.71,52.1],[155.75,52.14],[155.76,52.15],[155.8,52.19],[155.81,52.2],[155.85,52.24],[155.86,52.25],[155.9,52.29],[155.91,52.3],[155.95,52.35],[155.95,52.35],[156,52.4],[156,52.4],[156.04,52.45],[156.05,52.46],[156.09,52.5],[156.1,52.51],[156.13,52.55],[156.15,52.57],[156.18,52.6],[156.2,52.63],[156.22,52.65],[156.25,52.68],[156.27,52.7],[156.3,52.74],[156.31,52.75],[156.35,52.8],[156.35,52.8],[156.4,52.85],[156.4,52.85],[156.44,52.9],[156.45,52.91],[156.49,52.95],[156.5,52.97],[156.53,53],[156.55,53.02],[156.58,53.05],[156.6,53.08],[156.62,53.1],[156.65,53.13],[156.67,53.15],[156.7,53.19],[156.71,53.2],[156.75,53.24],[156.76,53.25],[156.8,53.29],[156.81,53.3],[156.85,53.35],[156.85,53.35],[156.9,53.4],[156.9,53.4],[156.95,53.45],[156.95,53.45],[157,53.5],[157,53.5],[157.05,53.55],[157.05,53.55],[157.1,53.6],[157.1,53.6],[157.15,53.65],[157.15,53.65],[157.2,53.7],[157.2,53.7],[157.25,53.75],[157.25,53.75],[157.3,53.8],[157.3,53.8],[157.35,53.85],[157.35,53.85],[157.4,53.9],[157.4,53.9],[157.45,53.95],[157.45,53.95],[157.5,53.99],[157.51,54],[157.55,54.04],[157.56,54.05],[157.6,54.09],[157.62,54.1],[157.65,54.13],[157.67,54.15],[157.7,54.17],[157.73,54.2],[157.75,54.21],[157.79,54.25],[157.8,54.25],[157.85,54.29],[157.86,54.3],[157.9,54.33],[157.92,54.35],[157.95,54.37],[157.99,54.4],[158,54.41],[158.05,54.45],[158.05,54.45],[158.1,54.49],[158.11,54.5],[158.15,54.53],[158.18,54.55],[158.2,54.57],[158.24,54.6],[158.25,54.61],[158.3,54.65],[158.3,54.65],[158.35,54.69],[158.36,54.7],[158.4,54.74],[158.41,54.75],[158.45,54.78],[158.47,54.8],[158.5,54.83],[158.52,54.85],[158.55,54.87],[158.58,54.9],[158.6,54.92],[158.63,54.95],[158.65,54.97],[158.68,55],[158.7,55.02],[158.74,55.05],[158.75,55.06],[158.79,55.1],[158.8,55.11],[158.84,55.15],[158.85,55.16],[158.89,55.2],[158.9,55.21],[158.94,55.25],[158.95,55.26],[158.99,55.3],[159,55.31],[159.04,55.35],[159.05,55.36],[159.1,55.4],[159.1,55.4],[159.15,55.45],[159.15,55.45],[159.2,55.5],[159.2,55.5],[159.25,55.55],[159.25,55.55],[159.3,55.6],[159.3,55.6],[159.35,55.65],[159.35,55.65],[159.4,55.7],[159.4,55.7],[159.45,55.75],[159.45,55.75],[159.49,55.8],[159.5,55.81],[159.54,55.85],[159.55,55.87],[159.58,55.9],[159.6,55.92],[159.62,55.95],[159.65,55.99],[159.66,56],[159.7,56.05],[159.7,56.05],[159.73,56.1],[159.75,56.13],[159.77,56.15],[159.8,56.2],[159.8,56.2],[159.83,56.25],[159.85,56.28],[159.86,56.3],[159.89,56.35],[159.9,56.36],[159.92,56.4],[159.95,56.45],[159.95,56.45],[159.98,56.5],[160,56.54],[160.01,56.55],[160.04,56.6],[160.05,56.62],[160.07,56.65],[160.1,56.7],[160.1,56.7],[160.13,56.75],[160.15,56.78],[160.16,56.8],[160.2,56.85],[160.2,56.86],[160.23,56.9],[160.25,56.93],[160.27,56.95]]}},{"type":"Feature","properties":{"zone":"kur","depth_km":100},"geometry":{"type":"LineString","coordinates":[[139.32,35],[139.31,35.05],[139.3,35.07],[139.29,35.1],[139.27,35.15],[139.26,35.2],[139.25,35.24],[139.25,35.25],[139.23,35.3],[139.22,35.35],[139.21,35.4],[139.2,35.45],[139.2,35.45],[139.19,35.5],[139.19,35.55],[139.18,35.6],[139.18,35.65],[139.18,35.7],[139.19,35.75],[139.19,35.8],[139.2,35.84],[139.2,35.85],[139.21,35.9],[139.23,35.95],[139.24,36],[139.25,36.02],[139.26,36.05],[139.28,36.1],[139.3,36.15],[139.3,36.16],[139.32,36.2],[139.34,36.25],[139.35,36.28],[139.36,36.3],[139.38,36.35],[139.4,36.4],[139.4,36.4],[139.42,36.45],[139.44,36.5],[139.45,36.53],[139.46,36.55],[139.48,36.6],[139.49,36.65],[139.5,36.67],[139.51,36.7],[139.53,36.75],[139.55,36.8],[139.55,36.81],[139.56,36.85],[139.58,36.9],[139.6,36.95],[139.6,36.95],[139.62,37],[139.64,37.05],[139.65,37.08],[139.66,37.1],[139.68,37.15],[139.7,37.2],[139.7,37.21],[139.72,37.25],[139.74,37.3],[139.75,37.33],[139.76,37.35],[139.78,37.4],[139.8,37.45],[139.8,37.45],[139.82,37.5],[139.84,37.55],[139.85,37.57],[139.86,37.6],[139.89,37.65],[139.9,37.68],[139.91,37.7],[139.93,37.75],[139.95,37.8],[139.95,37.8],[139.97,37.85],[139.99,37.9],[140,37.91],[140.02,37.95],[140.04,38],[140.05,38.03],[140.06,38.05],[140.08,38.1],[140.1,38.15],[140.1,38.15],[140.12,38.2],[140.14,38.25],[140.15,38.27],[140.16,38.3],[140.18,38.35],[140.2,38.4],[140.2,38.4],[140.22,38.45],[140.24,38.5],[140.25,38.54],[140.25,38.55],[140.27,38.6],[140.29,38.65],[140.3,38.68],[140.31,38.7],[140.32,38.75],[140.34,38.8],[140.35,38.83],[140.36,38.85],[140.37,38.9],[140.39,38.95],[140.4,39],[140.4,39],[140.41,39.05],[140.43,39.1],[140.44,39.15],[140.45,39.18],[140.45,39.2],[140.47,39.25],[140.48,39.3],[140.49,39.35],[140.5,39.39],[140.5,39.4],[140.51,39.45],[140.53,39.5],[140.54,39.55],[140.55,39.6],[140.55,39.62],[140.56,39.65],[140.57,39.7],[140.57,39.75],[140.58,39.8],[140.59,39.85],[140.6,39.9],[140.6,39.9],[140.61,39.95],[140.62,40],[140.62,40.05],[140.63,40.1],[140.64,40.15],[140.64,40.2],[140.65,40.24],[140.65,40.25],[140.66,40.3],[140.66,40.35],[140.67,40.4],[140.68,40.45],[140.68,40.5],[140.69,40.55],[140.7,40.6],[140.7,40.61],[140.71,40.65],[140.71,40.7],[140.72,40.75],[140.73,40.8],[140.74,40.85],[140.74,40.9],[140.75,40.93],[140.75,40.95],[140.76,41],[140.77,41.05],[140.78,41.1],[140.79,41.15],[140.8,41.17],[140.81,41.2],[140.82,41.25],[140.83,41.3],[140.85,41.35],[140.85,41.36],[140.86,41.4],[140.88,41.45],[140.9,41.5],[140.9,41.5],[140.92,41.55],[140.94,41.6],[140.95,41.62],[140.96,41.65],[140.99,41.7],[141,41.72],[141.02,41.75],[141.04,41.8],[141.05,41.81],[141.07,41.85],[141.1,41.89],[141.11,41.9],[141.14,41.95],[141.15,41.96],[141.18,42],[141.2,42.02],[141.22,42.05],[141.25,42.08],[141.27,42.1],[141.3,42.14],[141.31,42.15],[141.35,42.19],[141.36,42.2],[141.4,42.23],[141.42,42.25],[141.45,42.28],[141.47,42.3],[141.5,42.32],[141.53,42.35],[141.55,42.36],[141.6,42.4],[141.6,42.4],[141.65,42.44],[141.67,42.45],[141.7,42.47],[141.74,42.5],[141.75,42.51],[141.8,42.54],[141.82,42.55],[141.85,42.57],[141.9,42.6],[141.9,42.6],[141.95,42.63],[141.99,42.65],[142,42.66],[142.05,42.68],[142.08,42.7],[142.1,42.71],[142.15,42.73],[142.18,42.75],[142.2,42.76],[142.25,42.78],[142.28,42.8],[142.3,42.81],[142.35,42.83],[142.39,42.85],[142.4,42.85],[142.45,42.88],[142.5,42.9],[142.51,42.9],[142.55,42.92],[142.6,42.94],[142.63,42.95],[142.65,42.96],[142.7,42.98],[142.75,43],[142.75,43],[142.8,43.02],[142.85,43.04],[142.88,43.05],[142.9,43.06],[142.95,43.08],[143,43.09],[143.02,43.1],[143.05,43.11],[143.1,43.13],[143.15,43.15],[143.15,43.15],[143.2,43.17],[143.25,43.19],[143.29,43.2],[143.3,43.2],[143.35,43.22],[143.4,43.24],[143.42,43.25],[143.45,43.26],[143.5,43.28],[143.55,43.3],[143.55,43.3],[143.6,43.32],[143.65,43.34],[143.67,43.35],[143.7,43.36],[143.75,43.38],[143.79,43.4],[143.8,43.4],[143.85,43.42],[143.9,43.44],[143.91,43.45],[143.95,43.46],[144,43.49],[144.04,43.5],[144.05,43.51],[144.1,43.53],[144.15,43.54],[144.16,43.55],[144.2,43.56],[144.25,43.58],[144.3,43.6],[144.3,43.6],[144.35,43.62],[144.4,43.64],[144.44,43.65],[144.45,43.65],[144.5,43.67],[144.55,43.69],[144.59,43.7],[144.6,43.7],[144.65,43.72],[144.7,43.74],[144.74,43.75],[144.75,43.75],[144.8,43.77],[144.85,43.79],[144.89,43.8],[144.9,43.81],[144.95,43.82],[145,43.84],[145.03,43.85],[145.05,43.86],[145.1,43.87],[145.15,43.89],[145.18,43.9],[145.2,43.91],[145.25,43.92],[145.3,43.94],[145.34,43.95],[145.35,43.95],[145.4,43.97],[145.45,43.99],[145.49,44],[145.5,44],[145.55,44.02],[145.6,44.04],[145.64,44.05],[145.65,44.05],[145.7,44.07],[145.75,44.09],[145.79,44.1],[145.8,44.1],[145.85,44.12],[145.9,44.14],[145.92,44.15],[145.95,44.16],[146,44.18],[146.04,44.2],[146.05,44.2],[146.1,44.22],[146.15,44.25],[146.15,44.25],[146.2,44.27],[146.25,44.3],[146.26,44.3],[146.3,44.32],[146.35,44.35],[146.35,44.35],[146.4,44.38],[146.44,44.4],[146.45,44.41],[146.5,44.44],[146.52,44.45],[146.55,44.46],[146.6,44.49],[146.61,44.5],[146.65,44.52],[146.7,44.55],[146.7,44.55],[146.75,44.58],[146.79,44.6],[146.8,44.61],[146.85,44.63],[146.88,44.65],[146.9,44.66],[146.95,44.69],[146.98,44.7],[147,44.71],[147.05,44.74],[147.08,44.75],[147.1,44.76],[147.15,44.79],[147.18,44.8],[147.2,44.81],[147.25,44.83],[147.29,44.85],[147.3,44.86],[147.35,44.88],[147.39,44.9],[147.4,44.9],[147.45,44.93],[147.5,44.95],[147.5,44.95],[147.55,44.97],[147.6,45],[147.61,45],[147.65,45.02],[147.7,45.04],[147.72,45.05],[147.75,45.07],[147.8,45.09],[147.83,45.1],[147.85,45.11],[147.9,45.13],[147.94,45.15],[147.95,45.15],[148,45.18],[148.05,45.2],[148.06,45.2],[148.1,45.22],[148.15,45.24],[148.18,45.25],[148.2,45.26],[148.25,45.28],[148.3,45.3],[148.3,45.3],[148.35,45.32],[148.4,45.34],[148.43,45.35],[148.45,45.36],[148.5,45.38],[148.55,45.4],[148.55,45.4],[148.6,45.42],[148.65,45.44],[148.67,45.45],[148.7,45.46],[148.75,45.48],[148.79,45.5],[148.8,45.5],[148.85,45.52],[148.9,45.55],[148.91,45.55],[148.95,45.57],[149,45.59],[149.02,45.6],[149.05,45.61],[149.1,45.63],[149.14,45.65],[149.15,45.66],[149.2,45.68],[149.24,45.7],[149.25,45.7],[149.3,45.73],[149.35,45.75],[149.35,45.75],[149.4,45.77],[149.45,45.8],[149.45,45.8],[149.5,45.82],[149.55,45.85],[149.55,45.85],[149.6,45.87],[149.65,45.9],[149.65,45.9],[149.7,45.93],[149.74,45.95],[149.75,45.95],[149.8,45.98],[149.84,46],[149.85,46.01],[149.9,46.04],[149.92,46.05],[149.95,46.07],[150,46.1],[150.01,46.1],[150.05,46.13],[150.09,46.15],[150.1,46.16],[150.15,46.19],[150.17,46.2],[150.2,46.22],[150.24,46.25],[150.25,46.26],[150.3,46.29],[150.31,46.3],[150.35,46.32],[150.39,46.35],[150.4,46.36],[150.45,46.39],[150.46,46.4],[150.5,46.43],[150.53,46.45],[150.55,46.46],[150.6,46.5],[150.6,46.5],[150.65,46.53],[150.67,46.55],[150.7,46.57],[150.75,46.6],[150.75,46.6],[150.8,46.64],[150.82,46.65],[150.85,46.67],[150.89,46.7],[150.9,46.71],[150.95,46.74],[150.97,46.75],[151,46.77],[151.04,46.8],[151.05,46.81],[151.1,46.84],[151.12,46.85],[151.15,46.87],[151.19,46.9],[151.2,46.91],[151.25,46.94],[151.27,46.95],[151.3,46.97],[151.34,47],[151.35,47.01],[151.4,47.04],[151.41,47.05],[151.45,47.08],[151.48,47.1],[151.5,47.11],[151.55,47.15],[151.55,47.15],[151.6,47.18],[151.62,47.2],[151.65,47.22],[151.69,47.25],[151.7,47.26],[151.75,47.29],[151.76,47.3],[151.8,47.33],[151.82,47.35],[151.85,47.37],[151.89,47.4],[151.9,47.41],[151.95,47.45],[151.96,47.45],[152,47.48],[152.02,47.5],[152.05,47.52],[152.09,47.55],[152.1,47.56],[152.15,47.59],[152.16,47.6],[152.2,47.63],[152.23,47.65],[152.25,47.67],[152.29,47.7],[152.3,47.7],[152.35,47.74],[152.36,47.75],[152.4,47.78],[152.43,47.8],[152.45,47.82],[152.49,47.85],[152.5,47.86],[152.55,47.89],[152.56,47.9],[152.6,47.94],[152.62,47.95],[152.65,47.98],[152.68,48],[152.7,48.02],[152.74,48.05],[152.75,48.06],[152.79,48.1],[152.8,48.11],[152.85,48.15],[152.85,48.15],[152.9,48.2],[152.9,48.2],[152.95,48.25],[152.95,48.25],[153,48.3],[153,48.3],[153.05,48.35],[153.05,48.35],[153.1,48.4],[153.1,48.4],[153.15,48.45],[153.15,48.45],[153.2,48.5],[153.2,48.5],[153.25,48.55],[153.25,48.55],[153.3,48.6],[153.3,48.6],[153.35,48.65],[153.35,48.65],[153.4,48.7],[153.4,48.7],[153.45,48.75],[153.45,48.75],[153.5,48.8],[153.5,48.8],[153.55,48.85],[153.55,48.85],[153.6,48.9],[153.6,48.9],[153.65,48.95],[153.65,48.95],[153.7,49],[153.7,49],[153.75,49.05],[153.75,49.05],[153.8,49.1],[153.8,49.1],[153.85,49.14],[153.86,49.15],[153.9,49.19],[153.91,49.2],[153.95,49.24],[153.97,49.25],[154,49.28],[154.02,49.3],[154.05,49.33],[154.08,49.35],[154.1,49.37],[154.14,49.4],[154.15,49.41],[154.19,49.45],[154.2,49.46],[154.25,49.5],[154.25,49.5],[154.3,49.54],[154.31,49.55],[154.35,49.58],[154.37,49.6],[154.4,49.62],[154.43,49.65],[154.45,49.66],[154.5,49.7],[154.5,49.7],[154.55,49.74],[154.56,49.75],[154.6,49.78],[154.62,49.8],[154.65,49.82],[154.68,49.85],[154.7,49.86],[154.74,49.9],[154.75,49.9],[154.8,49.95],[154.81,49.95],[154.85,49.99],[154.87,50],[154.9,50.03],[154.93,50.05],[154.95,50.07],[154.99,50.1],[155,50.11],[155.05,50.15],[155.05,50.15],[155.1,50.19],[155.11,50.2],[155.15,50.23],[155.18,50.25],[155.2,50.27],[155.24,50.3],[155.25,50.31],[155.3,50.35],[155.3,50.35],[155.35,50.39],[155.36,50.4],[155.4,50.44],[155.42,50.45],[155.45,50.48],[155.48,50.5],[155.5,50.52],[155.54,50.55],[155.55,50.56],[155.6,50.6],[155.6,50.6],[155.65,50.64],[155.66,50.65],[155.7,50.69],[155.72,50.7],[155.75,50.73],[155.78,50.75],[155.8,50.77],[155.84,50.8],[155.85,50.81],[155.9,50.85],[155.9,50.85],[155.95,50.89],[155.96,50.9],[156,50.93],[156.02,50.95],[156.05,50.97],[156.08,51],[156.1,51.02],[156.14,51.05],[156.15,51.06],[156.2,51.1],[156.2,51.1],[156.25,51.15],[156.26,51.15],[156.3,51.19],[156.31,51.2],[156.35,51.23],[156.37,51.25],[156.4,51.28],[156.42,51.3],[156.45,51.33],[156.47,51.35],[156.5,51.38],[156.53,51.4],[156.55,51.42],[156.58,51.45],[156.6,51.47],[156.63,51.5],[156.65,51.52],[156.68,51.55],[156.7,51.57],[156.73,51.6],[156.75,51.62],[156.78,51.65],[156.8,51.67],[156.84,51.7],[156.85,51.71],[156.89,51.75],[156.9,51.76],[156.94,51.8],[156.95,51.81],[156.99,51.85],[157,51.86],[157.05,51.9],[157.05,51.9],[157.1,51.95],[157.1,51.95],[157.15,52],[157.15,52],[157.2,52.05],[157.2,52.05],[157.25,52.1],[157.26,52.1],[157.3,52.14],[157.31,52.15],[157.35,52.19],[157.36,52.2],[157.4,52.24],[157.41,52.25],[157.45,52.29],[157.46,52.3],[157.5,52.34],[157.51,52.35],[157.55,52.4],[157.55,52.4],[157.6,52.45],[157.6,52.45],[157.65,52.5],[157.65,52.5],[157.7,52.55],[157.7,52.55],[157.75,52.6],[157.75,52.6],[157.8,52.65],[157.8,52.65],[157.84,52.7],[157.85,52.71],[157.89,52.75],[157.9,52.76],[157.94,52.8],[157.95,52.81],[157.99,52.85],[158,52.86],[158.04,52.9],[158.05,52.91],[158.09,52.95],[158.1,52.96],[158.14,53],[158.15,53.01],[158.2,53.05],[158.2,53.05],[158.25,53.1],[158.25,53.1],[158.3,53.15],[158.3,53.15],[158.35,53.2],[158.36,53.2],[158.4,53.24],[158.41,53.25],[158.45,53.29],[158.47,53.3],[158.5,53.33],[158.52,53.35],[158.55,53.38],[158.58,53.4],[158.6,53.42],[158.63,53.45],[158.65,53.46],[158.69,53.5],[158.7,53.51],[158.75,53.55],[158.75,53.55],[158.8,53.6],[158.8,53.6],[158.85,53.64],[158.86,53.65],[158.9,53.69],[158.91,53.7],[158.95,53.74],[158.96,53.75],[159,53.78],[159.02,53.8],[159.05,53.83],[159.07,53.85],[159.1,53.88],[159.12,53.9],[159.15,53.93],[159.17,53.95],[159.2,53.99],[159.21,54],[159.25,54.04],[159.26,54.05],[159.3,54.09],[159.31,54.1],[159.35,54.15],[159.35,54.15],[159.4,54.2],[159.4,54.2],[159.44,54.25],[159.45,54.26],[159.49,54.3],[159.5,54.31],[159.53,54.35],[159.55,54.37],[159.58,54.4],[159.6,54.42],[159.62,54.45],[159.65,54.48],[159.67,54.5],[159.7,54.54],[159.71,54.55],[159.75,54.59],[159.76,54.6],[159.8,54.65],[159.8,54.65],[159.85,54.7],[159.85,54.7],[159.89,54.75],[159.9,54.76],[159.94,54.8],[159.95,54.81],[159.99,54.85],[160,54.87],[160.03,54.9],[160.05,54.92],[160.08,54.95],[160.1,54.97],[160.13,55],[160.15,55.02],[160.18,55.05],[160.2,55.07],[160.23,55.1],[160.25,55.12],[160.29,55.15],[160.3,55.16],[160.34,55.2],[160.35,55.21],[160.39,55.25],[160.4,55.26],[160.44,55.3],[160.45,55.3],[160.5,55.35],[160.5,55.35],[160.55,55.4],[160.55,55.4],[160.6,55.45],[160.6,55.46],[160.64,55.5],[160.65,55.51],[160.68,55.55],[160.7,55.57],[160.72,55.6],[160.75,55.63],[160.76,55.65],[160.8,55.7],[160.8,55.71],[160.83,55.75],[160.85,55.79],[160.86,55.8],[160.88,55.85],[160.9,55.89],[160.91,55.9],[160.93,55.95],[160.95,56],[160.95,56],[160.97,56.05],[160.99,56.1],[161,56.14],[161.01,56.15],[161.02,56.2],[161.04,56.25],[161.05,56.26],[161.07,56.3],[161.09,56.35],[161.1,56.37],[161.12,56.4],[161.15,56.45],[161.15,56.45],[161.19,56.5],[161.2,56.52],[161.23,56.55],[161.25,56.57],[161.28,56.6],[161.3,56.62],[161.34,56.65],[161.35,56.66],[161.4,56.7],[161.41,56.7],[161.45,56.73],[161.48,56.75],[161.5,56.76],[161.55,56.79],[161.58,56.8],[161.6,56.81],[161.65,56.84],[161.68,56.85],[161.7,56.86],[161.75,56.88]]}},{"type":"Feature","properties":{"zone":"kur","depth_km":40},"geometry":{"type":"LineString","coordinates":[[140.54,35],[140.54,35.05],[140.54,35.1],[140.55,35.15],[140.55,35.17],[140.55,35.2],[140.56,35.25],[140.57,35.3],[140.58,35.35],[140.6,35.4],[140.6,35.41],[140.62,35.45],[140.64,35.5],[140.65,35.53],[140.66,35.55],[140.69,35.6],[140.7,35.62],[140.72,35.65],[140.75,35.7],[140.75,35.71],[140.78,35.75],[140.8,35.78],[140.81,35.8],[140.85,35.85],[140.85,35.85],[140.88,35.9],[140.9,35.93],[140.91,35.95],[140.95,36],[140.95,36],[140.98,36.05],[141,36.08],[141.01,36.1],[141.05,36.15],[141.05,36.16],[141.08,36.2],[141.1,36.24],[141.11,36.25],[141.14,36.3],[141.15,36.32],[141.17,36.35],[141.2,36.4],[141.2,36.4],[141.23,36.45],[141.25,36.49],[141.26,36.5],[141.29,36.55],[141.3,36.58],[141.31,36.6],[141.34,36.65],[141.35,36.67],[141.37,36.7],[141.4,36.75],[141.4,36.76],[141.42,36.8],[141.45,36.85],[141.45,36.85],[141.48,36.9],[141.5,36.95],[141.5,36.95],[141.53,37],[141.55,37.05],[141.55,37.05],[141.58,37.1],[141.6,37.15],[141.6,37.15],[141.62,37.2],[141.65,37.25],[141.65,37.26],[141.67,37.3],[141.69,37.35],[141.7,37.37],[141.71,37.4],[141.73,37.45],[141.75,37.49],[141.75,37.5],[141.78,37.55],[141.79,37.6],[141.8,37.61],[141.81,37.65],[141.83,37.7],[141.85,37.75],[141.85,37.75],[141.87,37.8],[141.89,37.85],[141.9,37.89],[141.9,37.9],[141.92,37.95],[141.94,38],[141.95,38.04],[141.95,38.05],[141.97,38.1],[141.98,38.15],[142,38.2],[142,38.21],[142.01,38.25],[142.03,38.3],[142.04,38.35],[142.05,38.38],[142.05,38.4],[142.07,38.45],[142.08,38.5],[142.09,38.55],[142.1,38.58],[142.11,38.6],[142.12,38.65],[142.13,38.7],[142.14,38.75],[142.15,38.78],[142.15,38.8],[142.17,38.85],[142.18,38.9],[142.19,38.95],[142.2,38.99],[142.2,39],[142.21,39.05],[142.22,39.1],[142.24,39.15],[142.25,39.2],[142.25,39.21],[142.26,39.25],[142.27,39.3],[142.28,39.35],[142.29,39.4],[142.3,39.43],[142.31,39.45],[142.32,39.5],[142.33,39.55],[142.34,39.6],[142.35,39.64],[142.35,39.65],[142.37,39.7],[142.38,39.75],[142.39,39.8],[142.4,39.83],[142.4,39.85],[142.42,39.9],[142.43,39.95],[142.45,40],[142.45,40.02],[142.46,40.05],[142.47,40.1],[142.49,40.15],[142.5,40.19],[142.5,40.2],[142.52,40.25],[142.54,40.3],[142.55,40.34],[142.55,40.35],[142.57,40.4],[142.59,40.45],[142.6,40.48],[142.61,40.5],[142.63,40.55],[142.65,40.6],[142.65,40.61],[142.67,40.65],[142.69,40.7],[142.7,40.73],[142.71,40.75],[142.73,40.8],[142.75,40.84],[142.76,40.85],[142.78,40.9],[142.8,40.94],[142.81,40.95],[142.83,41],[142.85,41.03],[142.86,41.05],[142.89,41.1],[142.9,41.12],[142.92,41.15],[142.95,41.2],[142.95,41.2],[142.99,41.25],[143,41.27],[143.02,41.3],[143.05,41.34],[143.06,41.35],[143.1,41.4],[143.1,41.4],[143.14,41.45],[143.15,41.46],[143.18,41.5],[143.2,41.52],[143.22,41.55],[143.25,41.58],[143.27,41.6],[143.3,41.63],[143.32,41.65],[143.35,41.68],[143.37,41.7],[143.4,41.73],[143.42,41.75],[143.45,41.78],[143.47,41.8],[143.5,41.83],[143.52,41.85],[143.55,41.88],[143.57,41.9],[143.6,41.93],[143.62,41.95],[143.65,41.98],[143.67,42],[143.7,42.03],[143.72,42.05],[143.75,42.07],[143.78,42.1],[143.8,42.12],[143.83,42.15],[143.85,42.16],[143.89,42.2],[143.9,42.21],[143.95,42.25],[143.95,42.25],[144,42.29],[144.01,42.3],[144.05,42.33],[144.08,42.35],[144.1,42.37],[144.15,42.4],[144.15,42.4],[144.2,42.44],[144.22,42.45],[144.25,42.47],[144.3,42.5],[144.3,42.5],[144.35,42.53],[144.39,42.55],[144.4,42.55],[144.45,42.58],[144.49,42.6],[144.5,42.6],[144.55,42.63],[144.6,42.65],[144.6,42.65],[144.65,42.67],[144.7,42.7],[144.71,42.7],[144.75,42.72],[144.8,42.74],[144.83,42.75],[144.85,42.76],[144.9,42.78],[144.95,42.8],[144.96,42.8],[145,42.81],[145.05,42.83],[145.1,42.85],[145.1,42.85],[145.15,42.87],[145.2,42.89],[145.23,42.9],[145.25,42.91],[145.3,42.92],[145.35,42.94],[145.37,42.95],[145.4,42.96],[145.45,42.98],[145.5,43],[145.51,43],[145.55,43.01],[145.6,43.03],[145.65,43.05],[145.65,43.05],[145.7,43.07],[145.75,43.08],[145.8,43.1],[145.8,43.1],[145.85,43.12],[145.9,43.13],[145.95,43.15],[145.95,43.15],[146,43.17],[146.05,43.18],[146.1,43.2],[146.1,43.2],[146.15,43.22],[146.2,43.23],[146.24,43.25],[146.25,43.25],[146.3,43.27],[146.35,43.29],[146.37,43.3],[146.4,43.31],[146.45,43.33],[146.49,43.35],[146.5,43.36],[146.55,43.38],[146.59,43.4],[146.6,43.4],[146.65,43.43],[146.68,43.45],[146.7,43.46],[146.75,43.49],[146.77,43.5],[146.8,43.52],[146.85,43.55],[146.86,43.55],[146.9,43.58],[146.94,43.6],[146.95,43.61],[147,43.64],[147.02,43.65],[147.05,43.67],[147.1,43.7],[147.1,43.7],[147.15,43.73],[147.18,43.75],[147.2,43.76],[147.25,43.8],[147.26,43.8],[147.3,43.83],[147.34,43.85],[147.35,43.86],[147.4,43.89],[147.42,43.9],[147.45,43.92],[147.5,43.95],[147.5,43.95],[147.55,43.98],[147.58,44],[147.6,44.01],[147.65,44.04],[147.66,44.05],[147.7,44.07],[147.74,44.1],[147.75,44.11],[147.8,44.14],[147.82,44.15],[147.85,44.17],[147.9,44.2],[147.9,44.2],[147.95,44.23],[147.99,44.25],[148,44.26],[148.05,44.29],[148.07,44.3],[148.1,44.32],[148.15,44.35],[148.15,44.35],[148.2,44.38],[148.24,44.4],[148.25,44.4],[148.3,44.43],[148.33,44.45],[148.35,44.46],[148.4,44.49],[148.43,44.5],[148.45,44.51],[148.5,44.54],[148.52,44.55],[148.55,44.56],[148.6,44.59],[148.62,44.6],[148.65,44.61],[148.7,44.64],[148.73,44.65],[148.75,44.66],[148.8,44.68],[148.84,44.7],[148.85,44.71],[148.9,44.73],[148.94,44.75],[148.95,44.75],[149,44.77],[149.05,44.8],[149.06,44.8],[149.1,44.82],[149.15,44.84],[149.17,44.85],[149.2,44.86],[149.25,44.89],[149.28,44.9],[149.3,44.91],[149.35,44.93],[149.39,44.95],[149.4,44.95],[149.45,44.98],[149.5,45],[149.5,45],[149.55,45.02],[149.6,45.05],[149.61,45.05],[149.65,45.07],[149.7,45.09],[149.71,45.1],[149.75,45.12],[149.8,45.14],[149.81,45.15],[149.85,45.17],[149.9,45.19],[149.91,45.2],[149.95,45.22],[150,45.24],[150.01,45.25],[150.05,45.27],[150.1,45.29],[150.11,45.3],[150.15,45.32],[150.2,45.35],[150.21,45.35],[150.25,45.37],[150.3,45.4],[150.3,45.4],[150.35,45.42],[150.4,45.45],[150.4,45.45],[150.45,45.48],[150.49,45.5],[150.5,45.51],[150.55,45.54],[150.57,45.55],[150.6,45.56],[150.65,45.59],[150.66,45.6],[150.7,45.62],[150.75,45.65],[150.75,45.65],[150.8,45.68],[150.83,45.7],[150.85,45.71],[150.9,45.74],[150.92,45.75],[150.95,45.77],[151,45.8],[151.01,45.8],[151.05,45.82],[151.1,45.85],[151.1,45.85],[151.15,45.88],[151.18,45.9],[151.2,45.91],[151.25,45.94],[151.27,45.95],[151.3,45.97],[151.35,45.99],[151.36,46],[151.4,46.02],[151.45,46.05],[151.45,46.05],[151.5,46.08],[151.53,46.1],[151.55,46.11],[151.6,46.14],[151.61,46.15],[151.65,46.17],[151.69,46.2],[151.7,46.21],[151.75,46.24],[151.77,46.25],[151.8,46.27],[151.84,46.3],[151.85,46.31],[151.9,46.34],[151.91,46.35],[151.95,46.38],[151.98,46.4],[152,46.41],[152.05,46.45],[152.05,46.45],[152.1,46.49],[152.11,46.5],[152.15,46.53],[152.18,46.55],[152.2,46.57],[152.24,46.6],[152.25,46.61],[152.3,46.65],[152.3,46.65],[152.35,46.69],[152.36,46.7],[152.4,46.73],[152.42,46.75],[152.45,46.77],[152.48,46.8],[152.5,46.82],[152.54,46.85],[152.55,46.86],[152.6,46.9],[152.6,46.9],[152.65,46.94],[152.67,46.95],[152.7,46.97],[152.73,47],[152.75,47.01],[152.8,47.05],[152.8,47.05],[152.85,47.09],[152.87,47.1],[152.9,47.12],[152.94,47.15],[152.95,47.16],[153,47.19],[153.01,47.2],[153.05,47.23],[153.08,47.25],[153.1,47.26],[153.15,47.3],[153.15,47.3],[153.2,47.34],[153.22,47.35],[153.25,47.38],[153.28,47.4],[153.3,47.41],[153.34,47.45],[153.35,47.45],[153.4,47.5],[153.4,47.5],[153.45,47.54],[153.46,47.55],[153.5,47.58],[153.52,47.6],[153.55,47.63],[153.57,47.65],[153.6,47.67],[153.63,47.7],[153.65,47.72],[153.68,47.75],[153.7,47.77],[153.74,47.8],[153.75,47.81],[153.79,47.85],[153.8,47.86],[153.84,47.9],[153.85,47.91],[153.89,47.95],[153.9,47.96],[153.95,48],[153.95,48],[154,48.05],[154,48.05],[154.05,48.1],[154.05,48.1],[154.1,48.14],[154.11,48.15],[154.15,48.19],[154.16,48.2],[154.2,48.23],[154.22,48.25],[154.25,48.28],[154.28,48.3],[154.3,48.32],[154.33,48.35],[154.35,48.36],[154.39,48.4],[154.4,48.41],[154.45,48.45],[154.45,48.45],[154.5,48.49],[154.51,48.5],[154.55,48.53],[154.57,48.55],[154.6,48.57],[154.64,48.6],[154.65,48.61],[154.7,48.65],[154.7,48.65],[154.75,48.69],[154.77,48.7],[154.8,48.73],[154.83,48.75],[154.85,48.76],[154.9,48.8],[154.9,48.8],[154.95,48.84],[154.97,48.85],[155,48.87],[155.04,48.9],[155.05,48.91],[155.1,48.95],[155.11,48.95],[155.15,48.98],[155.18,49],[155.2,49.02],[155.25,49.05],[155.25,49.05],[155.3,49.09],[155.32,49.1],[155.35,49.12],[155.39,49.15],[155.4,49.16],[155.45,49.19],[155.46,49.2],[155.5,49.23],[155.53,49.25],[155.55,49.27],[155.59,49.3],[155.6,49.31],[155.65,49.34],[155.66,49.35],[155.7,49.38],[155.72,49.4],[155.75,49.42],[155.78,49.45],[155.8,49.46],[155.85,49.5],[155.85,49.5],[155.9,49.54],[155.91,49.55],[155.95,49.59],[155.97,49.6],[156,49.63],[156.03,49.65],[156.05,49.67],[156.09,49.7],[156.1,49.71],[156.14,49.75],[156.15,49.75],[156.2,49.8],[156.2,49.8],[156.25,49.84],[156.26,49.85],[156.3,49.88],[156.32,49.9],[156.35,49.92],[156.38,49.95],[156.4,49.96],[156.45,50],[156.45,50],[156.5,50.04],[156.51,50.05],[156.55,50.08],[156.57,50.1],[156.6,50.12],[156.63,50.15],[156.65,50.16],[156.7,50.2],[156.7,50.2],[156.75,50.24],[156.76,50.25],[156.8,50.28],[156.82,50.3],[156.85,50.32],[156.88,50.35],[156.9,50.37],[156.94,50.4],[156.95,50.41],[157,50.45],[157,50.45],[157.05,50.49],[157.06,50.5],[157.1,50.53],[157.12,50.55],[157.15,50.58],[157.18,50.6],[157.2,50.62],[157.24,50.65],[157.25,50.66],[157.3,50.7],[157.3,50.7],[157.35,50.75],[157.36,50.75],[157.4,50.79],[157.42,50.8],[157.45,50.83],[157.48,50.85],[157.5,50.87],[157.54,50.9],[157.55,50.91],[157.6,50.95],[157.6,50.95],[157.65,50.98],[157.67,51],[157.7,51.02],[157.74,51.05],[157.75,51.06],[157.8,51.1],[157.8,51.1],[157.85,51.13],[157.87,51.15],[157.9,51.17],[157.94,51.2],[157.95,51.2],[158,51.24],[158.02,51.25],[158.05,51.27],[158.09,51.3],[158.1,51.31],[158.15,51.34],[158.16,51.35],[158.2,51.38],[158.24,51.4],[158.25,51.41],[158.3,51.44],[158.31,51.45],[158.35,51.48],[158.38,51.5],[158.4,51.51],[158.45,51.55],[158.45,51.55],[158.5,51.59],[158.52,51.6],[158.55,51.62],[158.58,51.65],[158.6,51.66],[158.65,51.7],[158.65,51.7],[158.7,51.74],[158.71,51.75],[158.75,51.79],[158.77,51.8],[158.8,51.83],[158.82,51.85],[158.85,51.88],[158.88,51.9],[158.9,51.92],[158.93,51.95],[158.95,51.97],[158.98,52],[159,52.02],[159.03,52.05],[159.05,52.07],[159.08,52.1],[159.1,52.12],[159.13,52.15],[159.15,52.17],[159.18,52.2],[159.2,52.22],[159.22,52.25],[159.25,52.28],[159.27,52.3],[159.3,52.33],[159.32,52.35],[159.35,52.38],[159.37,52.4],[159.4,52.43],[159.42,52.45],[159.45,52.48],[159.47,52.5],[159.5,52.53],[159.52,52.55],[159.55,52.59],[159.56,52.6],[159.6,52.64],[159.61,52.65],[159.65,52.69],[159.66,52.7],[159.7,52.74],[159.71,52.75],[159.75,52.79],[159.76,52.8],[159.8,52.84],[159.81,52.85],[159.85,52.89],[159.86,52.9],[159.9,52.94],[159.91,52.95],[159.95,53],[159.95,53],[160,53.05],[160,53.05],[160.05,53.1],[160.05,53.1],[160.1,53.15],[160.1,53.15],[160.15,53.2],[160.15,53.2],[160.2,53.25],[160.2,53.25],[160.24,53.3],[160.25,53.31],[160.29,53.35],[160.3,53.36],[160.34,53.4],[160.35,53.41],[160.39,53.45],[160.4,53.46],[160.44,53.5],[160.45,53.52],[160.48,53.55],[160.5,53.57],[160.53,53.6],[160.55,53.62],[160.57,53.65],[160.6,53.68],[160.62,53.7],[160.65,53.74],[160.66,53.75],[160.7,53.79],[160.71,53.8],[160.75,53.85],[160.75,53.85],[160.79,53.9],[160.8,53.91],[160.83,53.95],[160.85,53.97],[160.87,54],[160.9,54.03],[160.92,54.05],[160.95,54.09],[160.96,54.1],[161,54.15],[161,54.15],[161.04,54.2],[161.05,54.21],[161.08,54.25],[161.1,54.27],[161.13,54.3],[161.15,54.33],[161.17,54.35],[161.2,54.39],[161.21,54.4],[161.25,54.45],[161.25,54.45],[161.29,54.5],[161.3,54.51],[161.34,54.55],[161.35,54.57],[161.38,54.6],[161.4,54.62],[161.42,54.65],[161.45,54.68],[161.47,54.7],[161.5,54.74],[161.51,54.75],[161.55,54.8],[161.55,54.8],[161.6,54.85],[161.6,54.85],[161.64,54.9],[161.65,54.91],[161.69,54.95],[161.7,54.96],[161.73,55],[161.75,55.02],[161.78,55.05],[161.8,55.07],[161.82,55.1],[161.85,55.13],[161.87,55.15],[161.9,55.18],[161.92,55.2],[161.95,55.24],[161.96,55.25],[162,55.29],[162.01,55.3],[162.05,55.34],[162.06,55.35],[162.1,55.39],[162.11,55.4],[162.15,55.44],[162.16,55.45],[162.2,55.49],[162.21,55.5],[162.25,55.54],[162.26,55.55],[162.3,55.58],[162.32,55.6],[162.35,55.62],[162.38,55.65],[162.4,55.67],[162.44,55.7],[162.45,55.7],[162.5,55.74],[162.51,55.75],[162.55,55.78],[162.58,55.8],[162.6,55.81],[162.65,55.84],[162.66,55.85],[162.7,55.87],[162.74,55.9],[162.75,55.91],[162.8,55.94],[162.82,55.95],[162.85,55.97],[162.9,56],[162.9,56]]}},{"type":"Feature","properties":{"zone":"van","depth_km":300},"geometry":{"type":"LineString","coordinates":[[166.64,-9.85],[166.65,-9.87],[166.67,-9.9],[166.7,-9.95],[166.7,-9.96],[166.72,-10],[166.75,-10.05]]}},{"type":"Feature","properties":{"zone":"van","depth_km":300},"geometry":{"type":"LineString","coordinates":[[166.89,-10.3],[166.9,-10.33],[166.91,-10.35],[166.94,-10.4],[166.95,-10.41],[166.97,-10.45],[167,-10.49],[167.01,-10.5],[167.04,-10.55],[167.05,-10.56],[167.08,-10.6],[167.1,-10.63],[167.12,-10.65],[167.15,-10.69],[167.16,-10.7],[167.2,-10.75],[167.2,-10.75],[167.25,-10.8],[167.25,-10.81],[167.29,-10.85],[167.3,-10.86],[167.33,-10.9],[167.35,-10.92],[167.38,-10.95],[167.4,-10.98],[167.41,-11],[167.44,-11.05],[167.45,-11.06],[167.47,-11.1],[167.49,-11.15],[167.5,-11.19],[167.5,-11.2],[167.52,-11.25],[167.53,-11.3],[167.54,-11.35],[167.54,-11.4],[167.55,-11.43],[167.55,-11.45],[167.56,-11.5],[167.57,-11.55],[167.58,-11.6],[167.6,-11.65],[167.6,-11.67],[167.61,-11.7],[167.62,-11.75],[167.64,-11.8],[167.65,-11.83],[167.66,-11.85],[167.67,-11.9],[167.69,-11.95],[167.7,-11.97],[167.71,-12],[167.73,-12.05],[167.75,-12.1],[167.75,-12.1],[167.77,-12.15],[167.79,-12.2],[167.8,-12.22],[167.81,-12.25],[167.83,-12.3],[167.85,-12.34],[167.85,-12.35],[167.87,-12.4],[167.88,-12.45],[167.89,-12.5],[167.89,-12.55]]}},{"type":"Feature","properties":{"zone":"van","depth_km":300},"geometry":{"type":"LineString","coordinates":[[167.82,-13.25],[167.82,-13.3],[167.83,-13.35],[167.83,-13.4],[167.84,-13.45],[167.85,-13.47],[167.86,-13.5],[167.87,-13.55],[167.89,-13.6],[167.9,-13.62],[167.91,-13.65],[167.94,-13.7],[167.95,-13.72],[167.97,-13.75],[168,-13.8],[168,-13.8],[168.03,-13.85],[168.05,-13.88],[168.07,-13.9],[168.1,-13.95],[168.1,-13.95],[168.13,-14],[168.15,-14.04],[168.16,-14.05],[168.18,-14.1],[168.2,-14.14],[168.2,-14.15],[168.22,-14.2],[168.24,-14.25],[168.25,-14.28],[168.26,-14.3],[168.27,-14.35],[168.28,-14.4],[168.3,-14.45]]}},{"type":"Feature","properties":{"zone":"van","depth_km":300},"geometry":{"type":"LineString","coordinates":[[169.43,-17.3],[169.44,-17.35],[169.45,-17.37],[169.46,-17.4],[169.48,-17.45],[169.49,-17.5],[169.5,-17.52],[169.51,-17.55],[169.53,-17.6],[169.55,-17.65],[169.55,-17.65],[169.57,-17.7],[169.59,-17.75],[169.6,-17.76],[169.62,-17.8],[169.64,-17.85],[169.65,-17.87],[169.67,-17.9],[169.69,-17.95],[169.7,-17.96],[169.72,-18],[169.75,-18.05],[169.75,-18.05],[169.78,-18.1],[169.8,-18.13],[169.82,-18.15],[169.85,-18.2],[169.85,-18.2],[169.88,-18.25],[169.9,-18.28],[169.91,-18.3],[169.94,-18.35],[169.95,-18.36],[169.97,-18.4],[170,-18.45],[170,-18.46],[170.02,-18.5],[170.03,-18.55],[170.05,-18.6],[170.05,-18.6],[170.06,-18.65],[170.07,-18.7],[170.09,-18.75],[170.1,-18.8],[170.1,-18.82],[170.11,-18.85],[170.12,-18.9],[170.13,-18.95],[170.14,-19],[170.15,-19.03],[170.15,-19.05],[170.17,-19.1],[170.19,-19.15],[170.2,-19.19],[170.2,-19.2],[170.22,-19.25],[170.24,-19.3],[170.25,-19.32],[170.26,-19.35],[170.28,-19.4],[170.3,-19.45],[170.3,-19.45],[170.32,-19.5],[170.33,-19.55],[170.34,-19.6],[170.35,-19.63],[170.36,-19.65],[170.37,-19.7],[170.38,-19.75],[170.39,-19.8],[170.4,-19.84],[170.4,-19.85],[170.42,-19.9],[170.44,-19.95],[170.45,-19.98],[170.46,-20],[170.48,-20.05],[170.5,-20.08],[170.51,-20.1],[170.55,-20.15],[170.55,-20.15],[170.59,-20.2],[170.6,-20.21],[170.64,-20.25],[170.65,-20.26],[170.69,-20.3],[170.7,-20.31],[170.75,-20.35],[170.75,-20.35],[170.8,-20.38],[170.82,-20.4],[170.85,-20.42],[170.9,-20.45],[170.9,-20.45],[170.95,-20.48],[170.99,-20.5],[171,-20.5],[171.05,-20.53],[171.1,-20.55],[171.1,-20.55],[171.15,-20.58]]}},{"type":"Feature","properties":{"zone":"van","depth_km":200},"geometry":{"type":"LineString","coordinates":[[166.15,-9.73],[166.17,-9.75],[166.2,-9.78],[166.22,-9.8],[166.25,-9.83],[166.27,-9.85],[166.3,-9.89],[166.31,-9.9],[166.35,-9.95],[166.35,-9.95],[166.39,-10],[166.4,-10.02],[166.42,-10.05],[166.45,-10.09],[166.46,-10.1],[166.49,-10.15],[166.5,-10.17],[166.52,-10.2],[166.55,-10.24],[166.55,-10.25],[166.58,-10.3],[166.6,-10.33],[166.61,-10.35],[166.64,-10.4],[166.65,-10.42],[166.67,-10.45],[166.69,-10.5],[166.7,-10.51],[166.72,-10.55],[166.75,-10.6],[166.75,-10.61],[166.77,-10.65],[166.8,-10.7],[166.8,-10.7],[166.83,-10.75],[166.85,-10.79],[166.85,-10.8],[166.88,-10.85],[166.9,-10.89],[166.91,-10.9],[166.93,-10.95],[166.95,-10.98],[166.96,-11],[166.98,-11.05],[167,-11.09],[167.01,-11.1],[167.03,-11.15],[167.05,-11.2],[167.05,-11.21],[167.06,-11.25],[167.08,-11.3],[167.1,-11.35],[167.1,-11.36],[167.11,-11.4],[167.12,-11.45],[167.14,-11.5],[167.15,-11.55],[167.15,-11.55],[167.16,-11.6],[167.18,-11.65],[167.19,-11.7],[167.2,-11.75],[167.2,-11.75],[167.21,-11.8],[167.23,-11.85],[167.24,-11.9],[167.25,-11.93],[167.25,-11.95],[167.27,-12],[167.28,-12.05],[167.3,-12.1],[167.3,-12.11],[167.31,-12.15],[167.32,-12.2],[167.34,-12.25],[167.35,-12.3],[167.35,-12.3],[167.36,-12.35],[167.38,-12.4],[167.39,-12.45],[167.4,-12.5],[167.4,-12.5],[167.41,-12.55],[167.43,-12.6],[167.44,-12.65],[167.45,-12.7],[167.45,-12.7],[167.46,-12.75],[167.47,-12.8],[167.48,-12.85],[167.49,-12.9],[167.5,-12.95],[167.5,-12.97],[167.5,-13],[167.51,-13.05],[167.52,-13.1],[167.52,-13.15],[167.53,-13.2],[167.53,-13.25],[167.54,-13.3],[167.55,-13.35],[167.55,-13.36],[167.56,-13.4],[167.56,-13.45],[167.58,-13.5],[167.59,-13.55],[167.6,-13.59],[167.6,-13.6],[167.62,-13.65],[167.64,-13.7],[167.65,-13.74],[167.65,-13.75],[167.68,-13.8],[167.7,-13.85],[167.7,-13.85],[167.72,-13.9],[167.75,-13.95],[167.75,-13.96],[167.77,-14],[167.8,-14.05],[167.8,-14.06],[167.82,-14.1],[167.84,-14.15],[167.85,-14.17],[167.86,-14.2],[167.88,-14.25],[167.9,-14.3],[167.9,-14.3],[167.91,-14.35],[167.93,-14.4],[167.94,-14.45],[167.95,-14.48],[167.95,-14.5],[167.97,-14.55],[167.98,-14.6],[167.99,-14.65],[168,-14.68],[168,-14.7],[168.02,-14.75],[168.03,-14.8],[168.05,-14.84],[168.05,-14.85],[168.07,-14.9],[168.1,-14.95],[168.1,-14.96],[168.12,-15],[168.15,-15.04],[168.16,-15.05],[168.19,-15.1],[168.2,-15.11],[168.23,-15.15],[168.25,-15.17],[168.27,-15.2],[168.3,-15.23],[168.31,-15.25],[168.35,-15.29],[168.36,-15.3],[168.39,-15.35],[168.4,-15.36],[168.43,-15.4],[168.45,-15.43],[168.46,-15.45],[168.48,-15.5],[168.5,-15.53],[168.51,-15.55],[168.52,-15.6],[168.54,-15.65],[168.55,-15.69],[168.55,-15.7],[168.57,-15.75],[168.58,-15.8],[168.59,-15.85],[168.6,-15.9],[168.6,-15.91],[168.61,-15.95],[168.62,-16],[168.63,-16.05],[168.64,-16.1],[168.65,-16.13],[168.65,-16.15],[168.67,-16.2],[168.68,-16.25],[168.69,-16.3],[168.7,-16.35],[168.7,-16.35],[168.71,-16.4],[168.72,-16.45],[168.73,-16.5],[168.75,-16.55],[168.75,-16.57],[168.76,-16.6],[168.77,-16.65],[168.78,-16.7],[168.79,-16.75],[168.8,-16.78],[168.8,-16.8],[168.82,-16.85],[168.83,-16.9],[168.84,-16.95],[168.85,-16.97],[168.86,-17],[168.87,-17.05],[168.89,-17.1],[168.9,-17.15],[168.9,-17.15],[168.92,-17.2],[168.93,-17.25],[168.94,-17.3],[168.95,-17.32],[168.96,-17.35],[168.97,-17.4],[168.99,-17.45],[169,-17.48],[169.01,-17.5],[169.02,-17.55],[169.04,-17.6],[169.05,-17.62],[169.06,-17.65],[169.08,-17.7],[169.1,-17.73],[169.11,-17.75],[169.13,-17.8],[169.15,-17.83],[169.16,-17.85],[169.19,-17.9],[169.2,-17.93],[169.21,-17.95],[169.24,-18],[169.25,-18.02],[169.27,-18.05],[169.29,-18.1],[169.3,-18.12],[169.32,-18.15],[169.34,-18.2],[169.35,-18.22],[169.36,-18.25],[169.39,-18.3],[169.4,-18.33],[169.41,-18.35],[169.43,-18.4],[169.45,-18.44],[169.46,-18.45],[169.48,-18.5],[169.5,-18.55],[169.5,-18.55],[169.52,-18.6],[169.54,-18.65],[169.55,-18.67],[169.56,-18.7],[169.58,-18.75],[169.6,-18.79],[169.61,-18.8],[169.63,-18.85],[169.65,-18.9],[169.65,-18.91],[169.67,-18.95],[169.69,-19],[169.7,-19.02],[169.71,-19.05],[169.73,-19.1],[169.75,-19.14],[169.76,-19.15],[169.78,-19.2],[169.8,-19.24],[169.8,-19.25],[169.83,-19.3],[169.85,-19.35],[169.85,-19.35],[169.87,-19.4],[169.9,-19.45],[169.9,-19.46],[169.92,-19.5],[169.94,-19.55],[169.95,-19.59],[169.95,-19.6],[169.97,-19.65],[169.98,-19.7],[169.99,-19.75],[170,-19.79],[170,-19.8],[170.01,-19.85],[170.03,-19.9],[170.04,-19.95],[170.05,-19.99],[170.05,-20],[170.07,-20.05],[170.08,-20.1],[170.1,-20.14],[170.1,-20.15],[170.13,-20.2],[170.15,-20.25],[170.15,-20.25],[170.18,-20.3],[170.2,-20.33],[170.21,-20.35],[170.25,-20.4],[170.25,-20.4],[170.29,-20.45],[170.3,-20.46],[170.33,-20.5],[170.35,-20.52],[170.38,-20.55],[170.4,-20.57],[170.43,-20.6],[170.45,-20.62],[170.48,-20.65],[170.5,-20.67],[170.53,-20.7],[170.55,-20.72],[170.58,-20.75],[170.6,-20.76],[170.65,-20.8],[170.65,-20.8],[170.7,-20.84],[170.72,-20.85],[170.75,-20.87],[170.8,-20.89],[170.83,-20.9],[170.85,-20.91],[170.9,-20.92],[170.95,-20.93],[171,-20.94],[171.02,-20.95],[171.05,-20.96],[171.1,-20.97],[171.15,-20.99],[171.17,-21],[171.2,-21.01],[171.25,-21.04],[171.26,-21.05],[171.3,-21.07],[171.34,-21.1],[171.35,-21.11],[171.4,-21.15],[171.4,-21.15],[171.45,-21.18],[171.47,-21.2],[171.5,-21.22],[171.55,-21.25],[171.55,-21.25],[171.6,-21.28],[171.65,-21.3],[171.65,-21.3],[171.7,-21.32]]}},{"type":"Feature","properties":{"zone":"van","depth_km":100},"geometry":{"type":"LineString","coordinates":[[165.45,-9.91],[165.5,-9.93],[165.55,-9.94],[165.57,-9.95],[165.6,-9.96],[165.65,-9.98],[165.7,-9.99],[165.72,-10],[165.75,-10.01],[165.8,-10.04],[165.83,-10.05],[165.85,-10.06],[165.9,-10.09],[165.91,-10.1],[165.95,-10.13],[165.98,-10.15],[166,-10.17],[166.03,-10.2],[166.05,-10.22],[166.07,-10.25],[166.1,-10.28],[166.11,-10.3],[166.15,-10.35],[166.15,-10.35],[166.19,-10.4],[166.2,-10.42],[166.22,-10.45],[166.25,-10.49],[166.26,-10.5],[166.29,-10.55],[166.3,-10.57],[166.32,-10.6],[166.35,-10.65],[166.35,-10.66],[166.37,-10.7],[166.4,-10.75],[166.4,-10.75],[166.43,-10.8],[166.45,-10.84],[166.45,-10.85],[166.48,-10.9],[166.5,-10.94],[166.5,-10.95],[166.53,-11],[166.55,-11.04],[166.55,-11.05],[166.57,-11.1],[166.6,-11.15],[166.6,-11.16],[166.62,-11.2],[166.63,-11.25],[166.65,-11.3],[166.65,-11.3],[166.67,-11.35],[166.68,-11.4],[166.69,-11.45],[166.7,-11.47],[166.71,-11.5],[166.72,-11.55],[166.73,-11.6],[166.75,-11.65],[166.75,-11.65],[166.76,-11.7],[166.78,-11.75],[166.79,-11.8],[166.8,-11.83],[166.81,-11.85],[166.82,-11.9],[166.83,-11.95],[166.85,-12],[166.85,-12.01],[166.86,-12.05],[166.87,-12.1],[166.89,-12.15],[166.9,-12.2],[166.9,-12.21],[166.91,-12.25],[166.92,-12.3],[166.93,-12.35],[166.94,-12.4],[166.95,-12.44],[166.95,-12.45],[166.96,-12.5],[166.97,-12.55],[166.98,-12.6],[166.99,-12.65],[167,-12.7],[167,-12.71],[167.01,-12.75],[167.02,-12.8],[167.03,-12.85],[167.04,-12.9],[167.05,-12.95],[167.05,-12.97],[167.06,-13],[167.07,-13.05],[167.08,-13.1],[167.09,-13.15],[167.1,-13.19],[167.1,-13.2],[167.11,-13.25],[167.13,-13.3],[167.14,-13.35],[167.15,-13.4],[167.15,-13.4],[167.16,-13.45],[167.18,-13.5],[167.19,-13.55],[167.2,-13.59],[167.2,-13.6],[167.21,-13.65],[167.23,-13.7],[167.24,-13.75],[167.25,-13.78],[167.25,-13.8],[167.27,-13.85],[167.28,-13.9],[167.29,-13.95],[167.3,-13.98],[167.3,-14],[167.32,-14.05],[167.33,-14.1],[167.35,-14.15],[167.35,-14.15],[167.37,-14.2],[167.38,-14.25],[167.4,-14.29],[167.4,-14.3],[167.43,-14.35],[167.45,-14.4],[167.45,-14.4],[167.47,-14.45],[167.49,-14.5],[167.5,-14.51],[167.52,-14.55],[167.54,-14.6],[167.55,-14.63],[167.56,-14.65],[167.58,-14.7],[167.59,-14.75],[167.6,-14.77],[167.61,-14.8],[167.62,-14.85],[167.64,-14.9],[167.65,-14.93],[167.66,-14.95],[167.67,-15],[167.69,-15.05],[167.7,-15.06],[167.72,-15.1],[167.74,-15.15],[167.75,-15.16],[167.77,-15.2],[167.8,-15.24],[167.8,-15.25],[167.84,-15.3],[167.85,-15.31],[167.88,-15.35],[167.9,-15.38],[167.91,-15.4],[167.95,-15.45],[167.95,-15.45],[167.98,-15.5],[168,-15.53],[168.01,-15.55],[168.04,-15.6],[168.05,-15.63],[168.06,-15.65],[168.08,-15.7],[168.1,-15.75],[168.1,-15.76],[168.11,-15.8],[168.13,-15.85],[168.14,-15.9],[168.15,-15.94],[168.15,-15.95],[168.17,-16],[168.18,-16.05],[168.2,-16.1],[168.2,-16.11],[168.21,-16.15],[168.23,-16.2],[168.24,-16.25],[168.25,-16.27],[168.26,-16.3],[168.27,-16.35],[168.29,-16.4],[168.3,-16.45],[168.3,-16.46],[168.31,-16.5],[168.32,-16.55],[168.33,-16.6],[168.33,-16.65],[168.34,-16.7],[168.35,-16.75],[168.35,-16.76],[168.36,-16.8],[168.36,-16.85],[168.37,-16.9],[168.38,-16.95],[168.39,-17],[168.4,-17.05],[168.4,-17.06],[168.41,-17.1],[168.42,-17.15],[168.43,-17.2],[168.44,-17.25],[168.45,-17.27],[168.46,-17.3],[168.47,-17.35],[168.48,-17.4],[168.49,-17.45],[168.5,-17.48],[168.51,-17.5],[168.52,-17.55],[168.53,-17.6],[168.54,-17.65],[168.55,-17.67],[168.56,-17.7],[168.58,-17.75],[168.59,-17.8],[168.6,-17.81],[168.61,-17.85],[168.64,-17.9],[168.65,-17.93],[168.66,-17.95],[168.69,-18],[168.7,-18.03],[168.71,-18.05],[168.74,-18.1],[168.75,-18.11],[168.77,-18.15],[168.8,-18.2],[168.8,-18.2],[168.83,-18.25],[168.85,-18.29],[168.86,-18.3],[168.88,-18.35],[168.9,-18.38],[168.91,-18.4],[168.93,-18.45],[168.95,-18.49],[168.96,-18.5],[168.98,-18.55],[169,-18.6],[169,-18.61],[169.02,-18.65],[169.04,-18.7],[169.05,-18.74],[169.05,-18.75],[169.07,-18.8],[169.09,-18.85],[169.1,-18.88],[169.11,-18.9],[169.13,-18.95],[169.15,-19],[169.15,-19.01],[169.17,-19.05],[169.19,-19.1],[169.2,-19.12],[169.21,-19.15],[169.23,-19.2],[169.25,-19.23],[169.26,-19.25],[169.28,-19.3],[169.3,-19.34],[169.31,-19.35],[169.33,-19.4],[169.35,-19.43],[169.36,-19.45],[169.39,-19.5],[169.4,-19.53],[169.41,-19.55],[169.44,-19.6],[169.45,-19.62],[169.46,-19.65],[169.49,-19.7],[169.5,-19.72],[169.52,-19.75],[169.54,-19.8],[169.55,-19.82],[169.56,-19.85],[169.58,-19.9],[169.6,-19.94],[169.61,-19.95],[169.63,-20],[169.65,-20.05],[169.65,-20.06],[169.67,-20.1],[169.69,-20.15],[169.7,-20.18],[169.71,-20.2],[169.73,-20.25],[169.75,-20.29],[169.75,-20.3],[169.78,-20.35],[169.8,-20.4],[169.8,-20.4],[169.83,-20.45],[169.85,-20.49],[169.85,-20.5],[169.88,-20.55],[169.9,-20.58],[169.91,-20.6],[169.94,-20.65],[169.95,-20.67],[169.97,-20.7],[170,-20.74],[170,-20.75],[170.04,-20.8],[170.05,-20.82],[170.07,-20.85],[170.1,-20.89],[170.11,-20.9],[170.14,-20.95],[170.15,-20.96],[170.18,-21],[170.2,-21.03],[170.21,-21.05],[170.25,-21.1],[170.25,-21.1],[170.29,-21.15],[170.3,-21.16],[170.34,-21.2],[170.35,-21.22],[170.38,-21.25],[170.4,-21.27],[170.43,-21.3],[170.45,-21.32],[170.49,-21.35],[170.5,-21.36],[170.55,-21.4],[170.55,-21.4],[170.6,-21.44],[170.62,-21.45],[170.65,-21.47],[170.7,-21.5],[170.7,-21.5],[170.75,-21.53],[170.79,-21.55],[170.8,-21.56],[170.85,-21.58],[170.89,-21.6],[170.9,-21.61],[170.95,-21.63],[170.99,-21.65],[171,-21.65],[171.05,-21.68],[171.1,-21.7],[171.1,-21.7],[171.15,-21.72],[171.2,-21.74],[171.22,-21.75],[171.25,-21.76],[171.3,-21.78],[171.35,-21.8],[171.35,-21.8],[171.4,-21.82],[171.45,-21.83],[171.5,-21.84],[171.54,-21.85],[171.55,-21.85],[171.6,-21.86],[171.65,-21.87],[171.7,-21.87],[171.75,-21.88],[171.8,-21.88],[171.85,-21.88],[171.9,-21.88],[171.95,-21.88],[172,-21.88],[172.05,-21.88],[172.1,-21.88],[172.15,-21.88],[172.2,-21.87],[172.25,-21.87],[172.3,-21.87],[172.35,-21.87],[172.4,-21.87],[172.45,-21.87],[172.5,-21.86],[172.55,-21.86],[172.6,-21.85],[172.63,-21.85],[172.65,-21.85],[172.7,-21.84],[172.75,-21.83],[172.8,-21.82],[172.85,-21.81],[172.87,-21.8],[172.9,-21.79],[172.95,-21.78],[173,-21.76],[173.03,-21.75],[173.05,-21.74],[173.1,-21.73],[173.15,-21.71],[173.17,-21.7],[173.2,-21.69],[173.25,-21.67],[173.29,-21.65],[173.3,-21.64],[173.35,-21.62],[173.4,-21.6],[173.4,-21.6],[173.45,-21.58],[173.5,-21.56],[173.53,-21.55]]}},{"type":"Feature","properties":{"zone":"van","depth_km":40},"geometry":{"type":"LineString","coordinates":[[165.25,-10.37],[165.3,-10.38],[165.34,-10.4],[165.35,-10.4],[165.4,-10.43],[165.44,-10.45],[165.45,-10.46],[165.5,-10.49],[165.52,-10.5],[165.55,-10.53],[165.58,-10.55],[165.6,-10.57],[165.64,-10.6],[165.65,-10.61],[165.69,-10.65],[165.7,-10.66],[165.74,-10.7],[165.75,-10.71],[165.79,-10.75],[165.8,-10.76],[165.84,-10.8],[165.85,-10.81],[165.89,-10.85],[165.9,-10.86],[165.94,-10.9],[165.95,-10.91],[165.99,-10.95],[166,-10.97],[166.03,-11],[166.05,-11.02],[166.07,-11.05],[166.1,-11.09],[166.11,-11.1],[166.14,-11.15],[166.15,-11.17],[166.17,-11.2],[166.19,-11.25],[166.2,-11.27],[166.21,-11.3],[166.23,-11.35],[166.25,-11.4],[166.25,-11.4],[166.27,-11.45],[166.28,-11.5],[166.29,-11.55],[166.3,-11.57],[166.31,-11.6],[166.32,-11.65],[166.33,-11.7],[166.35,-11.75],[166.35,-11.75],[166.36,-11.8],[166.38,-11.85],[166.4,-11.9],[166.4,-11.9],[166.42,-11.95],[166.43,-12],[166.45,-12.04],[166.45,-12.05],[166.47,-12.1],[166.49,-12.15],[166.5,-12.18],[166.51,-12.2],[166.52,-12.25],[166.53,-12.3],[166.55,-12.35],[166.55,-12.36],[166.56,-12.4],[166.57,-12.45],[166.58,-12.5],[166.58,-12.55],[166.59,-12.6],[166.6,-12.65],[166.6,-12.66],[166.6,-12.7],[166.61,-12.75],[166.62,-12.8],[166.62,-12.85],[166.63,-12.9],[166.64,-12.95],[166.65,-13],[166.65,-13.01],[166.66,-13.05],[166.67,-13.1],[166.68,-13.15],[166.69,-13.2],[166.7,-13.25],[166.7,-13.27],[166.71,-13.3],[166.72,-13.35],[166.73,-13.4],[166.74,-13.45],[166.75,-13.5],[166.75,-13.5],[166.76,-13.55],[166.77,-13.6],[166.79,-13.65],[166.8,-13.7],[166.8,-13.71],[166.81,-13.75],[166.82,-13.8],[166.83,-13.85],[166.85,-13.9],[166.85,-13.91],[166.86,-13.95],[166.87,-14],[166.88,-14.05],[166.9,-14.1],[166.9,-14.11],[166.91,-14.15],[166.92,-14.2],[166.94,-14.25],[166.95,-14.27],[166.96,-14.3],[166.98,-14.35],[167,-14.4],[167,-14.41],[167.02,-14.45],[167.04,-14.5],[167.05,-14.53],[167.06,-14.55],[167.08,-14.6],[167.09,-14.65],[167.1,-14.68],[167.11,-14.7],[167.12,-14.75],[167.13,-14.8],[167.13,-14.85],[167.14,-14.9],[167.14,-14.95],[167.15,-15],[167.15,-15.04],[167.15,-15.05],[167.16,-15.1],[167.16,-15.15],[167.17,-15.2],[167.18,-15.25],[167.19,-15.3],[167.2,-15.35],[167.2,-15.35],[167.21,-15.4],[167.23,-15.45],[167.25,-15.5],[167.25,-15.5],[167.28,-15.55],[167.3,-15.6],[167.3,-15.6],[167.33,-15.65],[167.35,-15.68],[167.36,-15.7],[167.39,-15.75],[167.4,-15.77],[167.42,-15.8],[167.45,-15.85],[167.45,-15.85],[167.48,-15.9],[167.5,-15.95],[167.5,-15.95],[167.52,-16],[167.55,-16.05],[167.55,-16.06],[167.57,-16.1],[167.58,-16.15],[167.6,-16.2],[167.6,-16.2],[167.62,-16.25],[167.63,-16.3],[167.65,-16.35],[167.65,-16.36],[167.66,-16.4],[167.68,-16.45],[167.7,-16.49],[167.7,-16.5],[167.72,-16.55],[167.75,-16.6],[167.75,-16.61],[167.77,-16.65],[167.79,-16.7],[167.8,-16.72],[167.81,-16.75],[167.83,-16.8],[167.85,-16.85],[167.85,-16.85],[167.87,-16.9],[167.88,-16.95],[167.9,-17],[167.9,-17.01],[167.91,-17.05],[167.92,-17.1],[167.94,-17.15],[167.95,-17.19],[167.95,-17.2],[167.97,-17.25],[167.98,-17.3],[168,-17.35],[168,-17.35],[168.02,-17.4],[168.03,-17.45],[168.05,-17.5],[168.05,-17.51],[168.06,-17.55],[168.08,-17.6],[168.09,-17.65],[168.1,-17.67],[168.11,-17.7],[168.12,-17.75],[168.14,-17.8],[168.15,-17.84],[168.15,-17.85],[168.17,-17.9],[168.18,-17.95],[168.2,-17.99],[168.2,-18],[168.22,-18.05],[168.24,-18.1],[168.25,-18.13],[168.26,-18.15],[168.27,-18.2],[168.29,-18.25],[168.3,-18.26],[168.31,-18.3],[168.33,-18.35],[168.35,-18.39],[168.35,-18.4],[168.37,-18.45],[168.4,-18.5],[168.4,-18.51],[168.42,-18.55],[168.44,-18.6],[168.45,-18.63],[168.46,-18.65],[168.48,-18.7],[168.5,-18.74],[168.5,-18.75],[168.52,-18.8],[168.54,-18.85],[168.55,-18.86],[168.57,-18.9],[168.59,-18.95],[168.6,-18.98],[168.61,-19],[168.63,-19.05],[168.65,-19.1],[168.65,-19.1],[168.67,-19.15],[168.69,-19.2],[168.7,-19.22],[168.72,-19.25],[168.74,-19.3],[168.75,-19.32],[168.76,-19.35],[168.79,-19.4],[168.8,-19.43],[168.81,-19.45],[168.84,-19.5],[168.85,-19.53],[168.86,-19.55],[168.88,-19.6],[168.9,-19.63],[168.91,-19.65],[168.94,-19.7],[168.95,-19.73],[168.96,-19.75],[168.99,-19.8],[169,-19.82],[169.01,-19.85],[169.04,-19.9],[169.05,-19.92],[169.07,-19.95],[169.1,-20],[169.1,-20.01],[169.12,-20.05],[169.15,-20.1],[169.15,-20.1],[169.18,-20.15],[169.2,-20.19],[169.21,-20.2],[169.23,-20.25],[169.25,-20.28],[169.26,-20.3],[169.29,-20.35],[169.3,-20.37],[169.31,-20.4],[169.34,-20.45],[169.35,-20.46],[169.37,-20.5],[169.4,-20.55],[169.4,-20.55],[169.43,-20.6],[169.45,-20.63],[169.46,-20.65],[169.5,-20.7],[169.5,-20.71],[169.53,-20.75],[169.55,-20.78],[169.56,-20.8],[169.59,-20.85],[169.6,-20.86],[169.62,-20.9],[169.65,-20.94],[169.65,-20.95],[169.68,-21],[169.7,-21.03],[169.71,-21.05],[169.74,-21.1],[169.75,-21.11],[169.77,-21.15],[169.8,-21.19],[169.81,-21.2],[169.84,-21.25],[169.85,-21.26],[169.88,-21.3],[169.9,-21.33],[169.92,-21.35],[169.95,-21.39],[169.96,-21.4],[170,-21.44],[170.01,-21.45],[170.05,-21.5],[170.05,-21.5],[170.1,-21.55],[170.1,-21.55],[170.15,-21.6],[170.15,-21.6],[170.2,-21.64],[170.21,-21.65],[170.25,-21.69],[170.26,-21.7],[170.3,-21.73],[170.32,-21.75],[170.35,-21.78],[170.38,-21.8],[170.4,-21.82],[170.44,-21.85],[170.45,-21.85],[170.5,-21.89],[170.52,-21.9],[170.55,-21.92],[170.6,-21.95],[170.6,-21.95],[170.65,-21.98],[170.68,-22],[170.7,-22.01],[170.75,-22.04],[170.78,-22.05],[170.8,-22.06],[170.85,-22.09],[170.88,-22.1],[170.9,-22.11],[170.95,-22.13],[170.99,-22.15],[171,-22.15],[171.05,-22.18],[171.1,-22.19],[171.11,-22.2],[171.15,-22.21],[171.2,-22.23],[171.25,-22.25],[171.26,-22.25],[171.3,-22.26],[171.35,-22.28],[171.4,-22.29],[171.43,-22.3],[171.45,-22.31],[171.5,-22.32],[171.55,-22.33],[171.6,-22.34],[171.62,-22.35],[171.65,-22.36],[171.7,-22.37],[171.75,-22.38],[171.8,-22.39],[171.85,-22.4],[171.88,-22.4],[171.9,-22.4],[171.95,-22.41],[172,-22.41],[172.05,-22.41],[172.1,-22.41],[172.15,-22.4],[172.17,-22.4],[172.2,-22.4],[172.25,-22.39],[172.3,-22.38],[172.35,-22.37],[172.4,-22.36],[172.43,-22.35],[172.45,-22.34],[172.5,-22.33],[172.55,-22.32],[172.6,-22.31],[172.63,-22.3],[172.65,-22.3],[172.7,-22.28],[172.75,-22.27],[172.8,-22.26],[172.85,-22.25],[172.85,-22.25],[172.9,-22.24],[172.95,-22.23],[173,-22.22],[173.05,-22.2],[173.06,-22.2],[173.1,-22.19],[173.15,-22.18],[173.2,-22.16],[173.25,-22.15],[173.25,-22.15],[173.3,-22.14],[173.35,-22.12],[173.4,-22.1],[173.42,-22.1],[173.45,-22.09],[173.5,-22.08],[173.55,-22.06],[173.6,-22.05],[173.61,-22.05],[173.65,-22.04],[173.7,-22.04],[173.75,-22.04],[173.8,-22.04],[173.85,-22.04],[173.89,-22.05],[173.9,-22.05],[173.95,-22.07]]}}]}