{"type":"FeatureCollection","features":[{"type":"Feature","properties":{"id":"210010","name":"West Eifel Volcanic Field","type":"Maar(s)","country":"Germany","region":"Mediterranean and Western Asia","subregion":"Western Europe","elevation_m":600,"last_eruption":-8300},"geometry":{"type":"Point","coordinates":[6.85,50.17]}},{"type":"Feature","properties":{"id":"210020","name":"Chaine des Puys","type":"Lava dome(s)","country":"France","region":"Mediterranean and Western Asia","subregion":"Western Europe","elevation_m":1464,"last_eruption":-4040},"geometry":{"type":"Point","coordinates":[2.97,45.78]}},{"type":"Feature","properties":{"id":"210030","name":"Olot Volcanic Field","type":"Pyroclastic cone(s)","country":"Spain","region":"Mediterranean and Western Asia","subregion":"Western Europe","elevation_m":893,"last_eruption":null},"geometry":{"type":"Point","coordinates":[2.53,42.17]}},{"type":"Feature","properties":{"id":"210040","name":"Calatrava Volcanic Field","type":"Pyroclastic cone(s)","country":"Spain","region":"Mediterranean and Western Asia","subregion":"Western Europe","elevation_m":1117,"last_eruption":-3600},"geometry":{"type":"Point","coordinates":[-4.02,38.87]}},{"type":"Feature","properties":{"id":"211001","name":"Larderello","type":"Explosion crater(s)","country":"Italy","region":"Mediterranean and Western Asia","subregion":"Italy","elevation_m":500,"last_eruption":1282},"geometry":{"type":"Point","coordinates":[10.87,43.25]}},{"type":"Feature","properties":{"id":"211003","name":"Vulsini","type":"Caldera","country":"Italy","region":"Mediterranean and Western Asia","subregion":"Italy","elevation_m":800,"last_eruption":-104},"geometry":{"type":"Point","coordinates":[11.93,42.6]}},{"type":"Feature","properties":{"id":"211004","name":"Colli Albani","type":"Caldera","country":"Italy","region":"Mediterranean and Western Asia","subregion":"Italy","elevation_m":949,"last_eruption":null},"geometry":{"type":"Point","coordinates":[12.7,41.73]}},{"type":"Feature","properties":{"id":"211010","name":"Campi Flegrei","type":"Caldera","country":"Italy","region":"Mediterranean and Western Asia","subregion":"Italy","elevation_m":458,"last_eruption":1538},"geometry":{"type":"Point","coordinates":[14.14,40.83]}},{"type":"Feature","properties":{"id":"211020","name":"Vesuvius","type":"Stratovolcano","country":"Italy","region":"Mediterranean and Western Asia","subregion":"Italy","elevation_m":1281,"last_eruption":1944},"geometry":{"type":"Point","coordinates":[14.43,40.82]}},{"type":"Feature","properties":{"id":"211031","name":"Palinuro","type":"Submarine","country":"Italy","region":"Mediterranean and Western Asia","subregion":"Italy","elevation_m":-70,"last_eruption":-8040},"geometry":{"type":"Point","coordinates":[14.83,39.48]}},{"type":"Feature","properties":{"id":"211030","name":"Ischia","type":"Complex","country":"Italy","region":"Mediterranean and Western Asia","subregion":"Italy","elevation_m":789,"last_eruption":1302},"geometry":{"type":"Point","coordinates":[13.9,40.73]}},{"type":"Feature","properties":{"id":"211041","name":"Panarea","type":"Stratovolcano","country":"Italy","region":"Mediterranean and Western Asia","subregion":"Italy","elevation_m":399,"last_eruption":null},"geometry":{"type":"Point","coordinates":[15.06,38.64]}},{"type":"Feature","properties":{"id":"211042","name":"Lipari","type":"Stratovolcano(es)","country":"Italy","region":"Mediterranean and Western Asia","subregion":"Italy","elevation_m":590,"last_eruption":1230},"geometry":{"type":"Point","coordinates":[14.93,38.49]}},{"type":"Feature","properties":{"id":"211040","name":"Stromboli","type":"Stratovolcano","country":"Italy","region":"Mediterranean and Western Asia","subregion":"Italy","elevation_m":924,"last_eruption":2018},"geometry":{"type":"Point","coordinates":[15.21,38.79]}},{"type":"Feature","properties":{"id":"211050","name":"Vulcano","type":"Stratovolcano(es)","country":"Italy","region":"Mediterranean and Western Asia","subregion":"Italy","elevation_m":500,"last_eruption":1890},"geometry":{"type":"Point","coordinates":[14.96,38.4]}},{"type":"Feature","properties":{"id":"211060","name":"Etna","type":"Stratovolcano(es)","country":"Italy","region":"Mediterranean and Western Asia","subregion":"Italy","elevation_m":3295,"last_eruption":2018},"geometry":{"type":"Point","coordinates":[15,37.75]}},{"type":"Feature","properties":{"id":"211071","name":"Pantelleria","type":"Shield","country":"Italy","region":"Mediterranean and Western Asia","subregion":"Italy","elevation_m":836,"last_eruption":1891},"geometry":{"type":"Point","coordinates":[12.02,36.77]}},{"type":"Feature","properties":{"id":"211070","name":"Campi Flegrei Mar Sicilia","type":"Submarine","country":"Italy","region":"Mediterranean and Western Asia","subregion":"Italy","elevation_m":-8,"last_eruption":1867},"geometry":{"type":"Point","coordinates":[12.7,37.1]}},{"type":"Feature","properties":{"id":"212020","name":"Methana","type":"Lava dome(s)","country":"Greece","region":"Mediterranean and Western Asia","subregion":"Greece","elevation_m":760,"last_eruption":-258},"geometry":{"type":"Point","coordinates":[23.34,37.62]}},{"type":"Feature","properties":{"id":"212030","name":"Milos","type":"Stratovolcano(es)","country":"Greece","region":"Mediterranean and Western Asia","subregion":"Greece","elevation_m":751,"last_eruption":140},"geometry":{"type":"Point","coordinates":[24.44,36.7]}},{"type":"Feature","properties":{"id":"212040","name":"Santorini","type":"Shield(s)","country":"Greece","region":"Mediterranean and Western Asia","subregion":"Greece","elevation_m":367,"last_eruption":1950},"geometry":{"type":"Point","coordinates":[25.4,36.4]}},{"type":"Feature","properties":{"id":"212051","name":"Yali","type":"Lava dome(s)","country":"Greece","region":"Mediterranean and Western Asia","subregion":"Greece","elevation_m":180,"last_eruption":null},"geometry":{"type":"Point","coordinates":[27.14,36.67]}},{"type":"Feature","properties":{"id":"212050","name":"Nisyros","type":"Stratovolcano","country":"Greece","region":"Mediterranean and Western Asia","subregion":"Greece","elevation_m":698,"last_eruption":1888},"geometry":{"type":"Point","coordinates":[27.16,36.59]}},{"type":"Feature","properties":{"id":"213000","name":"Kula","type":"Pyroclastic cone(s)","country":"Turkey","region":"Mediterranean and Western Asia","subregion":"Turkey","elevation_m":750,"last_eruption":null},"geometry":{"type":"Point","coordinates":[28.52,38.58]}},{"type":"Feature","properties":{"id":"213001","name":"Karapinar Field","type":"Pyroclastic cone(s)","country":"Turkey","region":"Mediterranean and Western Asia","subregion":"Turkey","elevation_m":1302,"last_eruption":null},"geometry":{"type":"Point","coordinates":[33.6,37.67]}},{"type":"Feature","properties":{"id":"213002","name":"Hasan Dagi","type":"Stratovolcano","country":"Turkey","region":"Mediterranean and Western Asia","subregion":"Turkey","elevation_m":3253,"last_eruption":null},"geometry":{"type":"Point","coordinates":[34.17,38.13]}},{"type":"Feature","properties":{"id":"213003","name":"Gollu Dag","type":"Lava dome","country":"Turkey","region":"Mediterranean and Western Asia","subregion":"Turkey","elevation_m":2143,"last_eruption":null},"geometry":{"type":"Point","coordinates":[34.57,38.25]}},{"type":"Feature","properties":{"id":"213004","name":"Acigol-Nevsehir","type":"Caldera","country":"Turkey","region":"Mediterranean and Western Asia","subregion":"Turkey","elevation_m":1683,"last_eruption":-2080},"geometry":{"type":"Point","coordinates":[34.62,38.54]}},{"type":"Feature","properties":{"id":"213011","name":"Karaca Dag","type":"Shield","country":"Turkey","region":"Mediterranean and Western Asia","subregion":"Turkey","elevation_m":1957,"last_eruption":null},"geometry":{"type":"Point","coordinates":[39.83,37.67]}},{"type":"Feature","properties":{"id":"213010","name":"Erciyes Dagi","type":"Stratovolcano","country":"Turkey","region":"Mediterranean and Western Asia","subregion":"Turkey","elevation_m":3864,"last_eruption":-6880},"geometry":{"type":"Point","coordinates":[35.45,38.53]}},{"type":"Feature","properties":{"id":"213020","name":"Nemrut Dagi","type":"Stratovolcano","country":"Turkey","region":"Mediterranean and Western Asia","subregion":"Turkey","elevation_m":2948,"last_eruption":1650},"geometry":{"type":"Point","coordinates":[42.23,38.65]}},{"type":"Feature","properties":{"id":"213030","name":"Tenduruk Dagi","type":"Shield","country":"Turkey","region":"Mediterranean and Western Asia","subregion":"Turkey","elevation_m":3514,"last_eruption":1855},"geometry":{"type":"Point","coordinates":[43.87,39.36]}},{"type":"Feature","properties":{"id":"213040","name":"Ararat","type":"Stratovolcano","country":"Turkey","region":"Mediterranean and Western Asia","subregion":"Turkey","elevation_m":5165,"last_eruption":1840},"geometry":{"type":"Point","coordinates":[44.3,39.7]}},{"type":"Feature","properties":{"id":"214010","name":"Elbrus","type":"Stratovolcano","country":"Russia","region":"Mediterranean and Western Asia","subregion":"Western Asia","elevation_m":5642,"last_eruption":50},"geometry":{"type":"Point","coordinates":[42.44,43.35]}},{"type":"Feature","properties":{"id":"214020","name":"Kazbek","type":"Stratovolcano","country":"Georgia","region":"Mediterranean and Western Asia","subregion":"Western Asia","elevation_m":5050,"last_eruption":-750},"geometry":{"type":"Point","coordinates":[44.5,42.7]}},{"type":"Feature","properties":{"id":"214050","name":"Samsari Volcanic Center","type":"Lava cone(s)","country":"Georgia","region":"Mediterranean and Western Asia","subregion":"Western Asia","elevation_m":3290,"last_eruption":null},"geometry":{"type":"Point","coordinates":[43.7,41.54]}},{"type":"Feature","properties":{"id":"214060","name":"Aragats","type":"Stratovolcano","country":"Armenia","region":"Mediterranean and Western Asia","subregion":"Western Asia","elevation_m":4095,"last_eruption":null},"geometry":{"type":"Point","coordinates":[44.2,40.53]}},{"type":"Feature","properties":{"id":"214070","name":"Ghegam Ridge","type":"Volcanic field","country":"Armenia","region":"Mediterranean and Western Asia","subregion":"Western Asia","elevation_m":3597,"last_eruption":-1900},"geometry":{"type":"Point","coordinates":[44.75,40.28]}},{"type":"Feature","properties":{"id":"214080","name":"Dar-Alages","type":"Volcanic field(s)","country":"Armenia","region":"Mediterranean and Western Asia","subregion":"Western Asia","elevation_m":1637,"last_eruption":-2000},"geometry":{"type":"Point","coordinates":[45.55,39.7]}},{"type":"Feature","properties":{"id":"214090","name":"Porak","type":"Stratovolcano","country":"Armenia-Azerbaijan","region":"Mediterranean and Western Asia","subregion":"Western Asia","elevation_m":3029,"last_eruption":-778},"geometry":{"type":"Point","coordinates":[45.74,40.03]}},{"type":"Feature","properties":{"id":"214100","name":"Tskhouk-Karckar","type":"Pyroclastic cone(s)","country":"Armenia-Azerbaijan","region":"Mediterranean and Western Asia","subregion":"Western Asia","elevation_m":3000,"last_eruption":-3000},"geometry":{"type":"Point","coordinates":[46.02,39.73]}},{"type":"Feature","properties":{"id":"221010","name":"Tair, Jebel at","type":"Stratovolcano","country":"Yemen","region":"Africa and Red Sea","subregion":"Africa (northeastern) and Red Sea","elevation_m":244,"last_eruption":2008},"geometry":{"type":"Point","coordinates":[41.83,15.55]}},{"type":"Feature","properties":{"id":"221021","name":"Zukur","type":"Shield","country":"Yemen","region":"Africa and Red Sea","subregion":"Africa (northeastern) and Red Sea","elevation_m":624,"last_eruption":null},"geometry":{"type":"Point","coordinates":[42.75,14.02]}},{"type":"Feature","properties":{"id":"221022","name":"Hanish","type":"Shield","country":"Yemen","region":"Africa and Red Sea","subregion":"Africa (northeastern) and Red Sea","elevation_m":422,"last_eruption":null},"geometry":{"type":"Point","coordinates":[42.73,13.72]}},{"type":"Feature","properties":{"id":"221020","name":"Zubair Group","type":"Shield","country":"Yemen","region":"Africa and Red Sea","subregion":"Africa (northeastern) and Red Sea","elevation_m":191,"last_eruption":2013},"geometry":{"type":"Point","coordinates":[42.18,15.05]}},{"type":"Feature","properties":{"id":"221030","name":"Jalua","type":"Stratovolcano","country":"Eritrea","region":"Africa and Red Sea","subregion":"Africa (northeastern) and Red Sea","elevation_m":713,"last_eruption":null},"geometry":{"type":"Point","coordinates":[39.82,15.04]}},{"type":"Feature","properties":{"id":"221041","name":"Dallol","type":"Explosion crater(s)","country":"Ethiopia","region":"Africa and Red Sea","subregion":"Africa (northeastern) and Red Sea","elevation_m":-48,"last_eruption":2011},"geometry":{"type":"Point","coordinates":[40.3,14.24]}},{"type":"Feature","properties":{"id":"221040","name":"Alid","type":"Stratovolcano","country":"Eritrea","region":"Africa and Red Sea","subregion":"Africa (northeastern) and Red Sea","elevation_m":904,"last_eruption":null},"geometry":{"type":"Point","coordinates":[39.92,14.88]}},{"type":"Feature","properties":{"id":"221050","name":"Gada Ale","type":"Stratovolcano","country":"Ethiopia","region":"Africa and Red Sea","subregion":"Africa (northeastern) and Red Sea","elevation_m":287,"last_eruption":null},"geometry":{"type":"Point","coordinates":[40.41,13.98]}},{"type":"Feature","properties":{"id":"221060","name":"Alu-Dalafilla","type":"Fissure vent(s)","country":"Ethiopia","region":"Africa and Red Sea","subregion":"Africa (northeastern) and Red Sea","elevation_m":578,"last_eruption":2008},"geometry":{"type":"Point","coordinates":[40.55,13.79]}},{"type":"Feature","properties":{"id":"221071","name":"Bora Ale","type":"Stratovolcano","country":"Ethiopia","region":"Africa and Red Sea","subregion":"Africa (northeastern) and Red Sea","elevation_m":668,"last_eruption":null},"geometry":{"type":"Point","coordinates":[40.6,13.73]}},{"type":"Feature","properties":{"id":"221080","name":"Erta Ale","type":"Shield","country":"Ethiopia","region":"Africa and Red Sea","subregion":"Africa (northeastern) and Red Sea","elevation_m":613,"last_eruption":2018},"geometry":{"type":"Point","coordinates":[40.67,13.6]}},{"type":"Feature","properties":{"id":"221091","name":"Hayli Gubbi","type":"Shield","country":"Ethiopia","region":"Africa and Red Sea","subregion":"Africa (northeastern) and Red Sea","elevation_m":493,"last_eruption":null},"geometry":{"type":"Point","coordinates":[40.72,13.51]}},{"type":"Feature","properties":{"id":"221090","name":"Ale Bagu","type":"Stratovolcano","country":"Ethiopia","region":"Africa and Red Sea","subregion":"Africa (northeastern) and Red Sea","elevation_m":988,"last_eruption":null},"geometry":{"type":"Point","coordinates":[40.63,13.51]}},{"type":"Feature","properties":{"id":"221101","name":"Nabro","type":"Stratovolcano","country":"Eritrea","region":"Africa and Red Sea","subregion":"Africa (northeastern) and Red Sea","elevation_m":2218,"last_eruption":2012},"geometry":{"type":"Point","coordinates":[41.7,13.37]}},{"type":"Feature","properties":{"id":"221102","name":"Mallahle","type":"Stratovolcano","country":"Ethiopia-Eritrea","region":"Africa and Red Sea","subregion":"Africa (northeastern) and Red Sea","elevation_m":1875,"last_eruption":null},"geometry":{"type":"Point","coordinates":[41.65,13.27]}},{"type":"Feature","properties":{"id":"221103","name":"Sork Ale","type":"Stratovolcano","country":"Ethiopia-Eritrea","region":"Africa and Red Sea","subregion":"Africa (northeastern) and Red Sea","elevation_m":1611,"last_eruption":null},"geometry":{"type":"Point","coordinates":[41.73,13.18]}},{"type":"Feature","properties":{"id":"221104","name":"Asavyo","type":"Shield","country":"Ethiopia","region":"Africa and Red Sea","subregion":"Africa (northeastern) and Red Sea","elevation_m":1338,"last_eruption":null},"geometry":{"type":"Point","coordinates":[41.6,13.1]}},{"type":"Feature","properties":{"id":"221105","name":"Mat Ala","type":"Shield","country":"Ethiopia","region":"Africa and Red Sea","subregion":"Africa (northeastern) and Red Sea","elevation_m":493,"last_eruption":null},"geometry":{"type":"Point","coordinates":[41.16,13.11]}},{"type":"Feature","properties":{"id":"221106","name":"Tat Ali","type":"Shield","country":"Ethiopia","region":"Africa and Red Sea","subregion":"Africa (northeastern) and Red Sea","elevation_m":655,"last_eruption":null},"geometry":{"type":"Point","coordinates":[41.06,13.28]}},{"type":"Feature","properties":{"id":"221107","name":"Borawli","type":"Stratovolcano","country":"Ethiopia","region":"Africa and Red Sea","subregion":"Africa (northeastern) and Red Sea","elevation_m":784,"last_eruption":null},"geometry":{"type":"Point","coordinates":[40.99,13.3]}},{"type":"Feature","properties":{"id":"221100","name":"Dubbi","type":"Stratovolcano","country":"Eritrea","region":"Africa and Red Sea","subregion":"Africa (northeastern) and Red Sea","elevation_m":1625,"last_eruption":1861},"geometry":{"type":"Point","coordinates":[41.81,13.58]}},{"type":"Feature","properties":{"id":"221111","name":"Ma Alalta","type":"Stratovolcano","country":"Ethiopia","region":"Africa and Red Sea","subregion":"Africa (northeastern) and Red Sea","elevation_m":1745,"last_eruption":null},"geometry":{"type":"Point","coordinates":[40.19,13.01]}},{"type":"Feature","properties":{"id":"221112","name":"Alayta","type":"Shield","country":"Ethiopia","region":"Africa and Red Sea","subregion":"Africa (northeastern) and Red Sea","elevation_m":1496,"last_eruption":1915},"geometry":{"type":"Point","coordinates":[40.57,12.89]}},{"type":"Feature","properties":{"id":"221113","name":"Dabbahu","type":"Stratovolcano","country":"Ethiopia","region":"Africa and Red Sea","subregion":"Africa (northeastern) and Red Sea","elevation_m":1401,"last_eruption":2005},"geometry":{"type":"Point","coordinates":[40.48,12.6]}},{"type":"Feature","properties":{"id":"221114","name":"Dabbayra","type":"Shield","country":"Ethiopia","region":"Africa and Red Sea","subregion":"Africa (northeastern) and Red Sea","elevation_m":1302,"last_eruption":null},"geometry":{"type":"Point","coordinates":[40.07,12.38]}},{"type":"Feature","properties":{"id":"221115","name":"Manda Hararo","type":"Shield(s)","country":"Ethiopia","region":"Africa and Red Sea","subregion":"Africa (northeastern) and Red Sea","elevation_m":600,"last_eruption":2009},"geometry":{"type":"Point","coordinates":[40.82,12.17]}},{"type":"Feature","properties":{"id":"221116","name":"Groppo","type":"Stratovolcano","country":"Ethiopia","region":"Africa and Red Sea","subregion":"Africa (northeastern) and Red Sea","elevation_m":852,"last_eruption":null},"geometry":{"type":"Point","coordinates":[40.24,11.82]}},{"type":"Feature","properties":{"id":"221110","name":"Afdera","type":"Stratovolcano","country":"Ethiopia","region":"Africa and Red Sea","subregion":"Africa (northeastern) and Red Sea","elevation_m":1250,"last_eruption":null},"geometry":{"type":"Point","coordinates":[40.85,13.09]}},{"type":"Feature","properties":{"id":"221127","name":"Manda Gargori","type":"Fissure vent(s)","country":"Ethiopia","region":"Africa and Red Sea","subregion":"Africa (northeastern) and Red Sea","elevation_m":700,"last_eruption":null},"geometry":{"type":"Point","coordinates":[41.48,11.75]}},{"type":"Feature","properties":{"id":"221121","name":"Borawli","type":"Lava dome(s)","country":"Ethiopia","region":"Africa and Red Sea","subregion":"Africa (northeastern) and Red Sea","elevation_m":875,"last_eruption":null},"geometry":{"type":"Point","coordinates":[41.45,11.63]}},{"type":"Feature","properties":{"id":"221122","name":"Manda-Inakir","type":"Fissure vent(s)","country":"Ethiopia-Djibouti","region":"Africa and Red Sea","subregion":"Africa (northeastern) and Red Sea","elevation_m":600,"last_eruption":1928},"geometry":{"type":"Point","coordinates":[42.2,12.38]}},{"type":"Feature","properties":{"id":"221123","name":"Mousa Alli","type":"Stratovolcano","country":"Ethiopia-Eritrea-Djibouti","region":"Africa and Red Sea","subregion":"Africa (northeastern) and Red Sea","elevation_m":1993,"last_eruption":null},"geometry":{"type":"Point","coordinates":[42.4,12.47]}},{"type":"Feature","properties":{"id":"221124","name":"Gufa","type":"Volcanic field","country":"Eritrea-Djibouti","region":"Africa and Red Sea","subregion":"Africa (northeastern) and Red Sea","elevation_m":600,"last_eruption":null},"geometry":{"type":"Point","coordinates":[42.53,12.55]}},{"type":"Feature","properties":{"id":"221125","name":"Assab Volcanic Field","type":"Volcanic field","country":"Eritrea","region":"Africa and Red Sea","subregion":"Africa (northeastern) and Red Sea","elevation_m":987,"last_eruption":null},"geometry":{"type":"Point","coordinates":[42.43,12.95]}},{"type":"Feature","properties":{"id":"221126","name":"Ardoukoba","type":"Fissure vent(s)","country":"Djibouti","region":"Africa and Red Sea","subregion":"Africa (northeastern) and Red Sea","elevation_m":298,"last_eruption":1978},"geometry":{"type":"Point","coordinates":[42.47,11.58]}},{"type":"Feature","properties":{"id":"221120","name":"Kurub","type":"Shield","country":"Ethiopia","region":"Africa and Red Sea","subregion":"Africa (northeastern) and Red Sea","elevation_m":625,"last_eruption":null},"geometry":{"type":"Point","coordinates":[41.21,11.88]}},{"type":"Feature","properties":{"id":"221141","name":"Dama Ali","type":"Shield","country":"Ethiopia","region":"Africa and Red Sea","subregion":"Africa (northeastern) and Red Sea","elevation_m":1068,"last_eruption":1631},"geometry":{"type":"Point","coordinates":[41.63,11.28]}},{"type":"Feature","properties":{"id":"221151","name":"Yangudi","type":"Complex","country":"Ethiopia","region":"Africa and Red Sea","subregion":"Africa (northeastern) and Red Sea","elevation_m":1383,"last_eruption":null},"geometry":{"type":"Point","coordinates":[41.04,10.58]}},{"type":"Feature","properties":{"id":"221150","name":"Gabillema","type":"Stratovolcano","country":"Ethiopia","region":"Africa and Red Sea","subregion":"Africa (northeastern) and Red Sea","elevation_m":1459,"last_eruption":null},"geometry":{"type":"Point","coordinates":[41.27,11.08]}},{"type":"Feature","properties":{"id":"221160","name":"Ayelu","type":"Stratovolcano","country":"Ethiopia","region":"Africa and Red Sea","subregion":"Africa (northeastern) and Red Sea","elevation_m":2145,"last_eruption":null},"geometry":{"type":"Point","coordinates":[40.7,10.08]}},{"type":"Feature","properties":{"id":"221171","name":"Hertali","type":"Fissure vent","country":"Ethiopia","region":"Africa and Red Sea","subregion":"Africa (northeastern) and Red Sea","elevation_m":900,"last_eruption":null},"geometry":{"type":"Point","coordinates":[40.33,9.78]}},{"type":"Feature","properties":{"id":"221172","name":"Liado Hayk","type":"Maar(s)","country":"Ethiopia","region":"Africa and Red Sea","subregion":"Africa (northeastern) and Red Sea","elevation_m":878,"last_eruption":null},"geometry":{"type":"Point","coordinates":[40.28,9.57]}},{"type":"Feature","properties":{"id":"221170","name":"Adwa","type":"Stratovolcano","country":"Ethiopia","region":"Africa and Red Sea","subregion":"Africa (northeastern) and Red Sea","elevation_m":1733,"last_eruption":null},"geometry":{"type":"Point","coordinates":[40.84,10.07]}},{"type":"Feature","properties":{"id":"221180","name":"Dofan","type":"Stratovolcano","country":"Ethiopia","region":"Africa and Red Sea","subregion":"Africa (northeastern) and Red Sea","elevation_m":1151,"last_eruption":null},"geometry":{"type":"Point","coordinates":[40.13,9.35]}},{"type":"Feature","properties":{"id":"221191","name":"Beru","type":"Volcanic field","country":"Ethiopia","region":"Africa and Red Sea","subregion":"Africa (northeastern) and Red Sea","elevation_m":1100,"last_eruption":null},"geometry":{"type":"Point","coordinates":[39.75,8.95]}},{"type":"Feature","properties":{"id":"221190","name":"Fentale","type":"Stratovolcano","country":"Ethiopia","region":"Africa and Red Sea","subregion":"Africa (northeastern) and Red Sea","elevation_m":2007,"last_eruption":1820},"geometry":{"type":"Point","coordinates":[39.93,8.98]}},{"type":"Feature","properties":{"id":"221200","name":"Kone","type":"Caldera(s)","country":"Ethiopia","region":"Africa and Red Sea","subregion":"Africa (northeastern) and Red Sea","elevation_m":1619,"last_eruption":1820},"geometry":{"type":"Point","coordinates":[39.69,8.8]}},{"type":"Feature","properties":{"id":"221201","name":"Unnamed","type":"Pyroclastic cone(s)","country":"Ethiopia","region":"Africa and Red Sea","subregion":"Africa (northeastern) and Red Sea","elevation_m":1413,"last_eruption":null},"geometry":{"type":"Point","coordinates":[39.64,8.7]}},{"type":"Feature","properties":{"id":"221210","name":"Boset-Bericha","type":"Stratovolcano(es)","country":"Ethiopia","region":"Africa and Red Sea","subregion":"Africa (northeastern) and Red Sea","elevation_m":2447,"last_eruption":null},"geometry":{"type":"Point","coordinates":[39.48,8.56]}},{"type":"Feature","properties":{"id":"221220","name":"Bishoftu Volcanic Field","type":"Fissure vent(s)","country":"Ethiopia","region":"Africa and Red Sea","subregion":"Africa (northeastern) and Red Sea","elevation_m":1850,"last_eruption":null},"geometry":{"type":"Point","coordinates":[38.98,8.78]}},{"type":"Feature","properties":{"id":"221222","name":"Sodore","type":"Pyroclastic cone(s)","country":"Ethiopia","region":"Africa and Red Sea","subregion":"Africa (northeastern) and Red Sea","elevation_m":1765,"last_eruption":null},"geometry":{"type":"Point","coordinates":[39.35,8.43]}},{"type":"Feature","properties":{"id":"221230","name":"Gedamsa","type":"Caldera","country":"Ethiopia","region":"Africa and Red Sea","subregion":"Africa (northeastern) and Red Sea","elevation_m":1873,"last_eruption":null},"geometry":{"type":"Point","coordinates":[39.19,8.36]}},{"type":"Feature","properties":{"id":"221240","name":"Bora-Bericcio","type":"Pyroclastic cone(s)","country":"Ethiopia","region":"Africa and Red Sea","subregion":"Africa (northeastern) and Red Sea","elevation_m":2267,"last_eruption":null},"geometry":{"type":"Point","coordinates":[39.05,8.22]}},{"type":"Feature","properties":{"id":"221250","name":"Tullu Moje","type":"Pyroclastic cone","country":"Ethiopia","region":"Africa and Red Sea","subregion":"Africa (northeastern) and Red Sea","elevation_m":2343,"last_eruption":1900},"geometry":{"type":"Point","coordinates":[39.14,8.16]}},{"type":"Feature","properties":{"id":"221251","name":"Unnamed","type":"Fissure vent(s)","country":"Ethiopia","region":"Africa and Red Sea","subregion":"Africa (northeastern) and Red Sea","elevation_m":1886,"last_eruption":null},"geometry":{"type":"Point","coordinates":[39.06,8.01]}},{"type":"Feature","properties":{"id":"221252","name":"East Zway","type":"Fissure vent(s)","country":"Ethiopia","region":"Africa and Red Sea","subregion":"Africa (northeastern) and Red Sea","elevation_m":1889,"last_eruption":null},"geometry":{"type":"Point","coordinates":[38.9,7.87]}},{"type":"Feature","properties":{"id":"221260","name":"Butajiri-Silti Field","type":"Fissure vent(s)","country":"Ethiopia","region":"Africa and Red Sea","subregion":"Africa (northeastern) and Red Sea","elevation_m":2281,"last_eruption":null},"geometry":{"type":"Point","coordinates":[38.35,8.05]}},{"type":"Feature","properties":{"id":"221270","name":"Alutu","type":"Stratovolcano","country":"Ethiopia","region":"Africa and Red Sea","subregion":"Africa (northeastern) and Red Sea","elevation_m":2335,"last_eruption":-50},"geometry":{"type":"Point","coordinates":[38.78,7.77]}},{"type":"Feature","properties":{"id":"221280","name":"O'a Caldera","type":"Caldera","country":"Ethiopia","region":"Africa and Red Sea","subregion":"Africa (northeastern) and Red Sea","elevation_m":2075,"last_eruption":null},"geometry":{"type":"Point","coordinates":[38.58,7.47]}},{"type":"Feature","properties":{"id":"221290","name":"Corbetti Caldera","type":"Caldera","country":"Ethiopia","region":"Africa and Red Sea","subregion":"Africa (northeastern) and Red Sea","elevation_m":2320,"last_eruption":null},"geometry":{"type":"Point","coordinates":[38.43,7.18]}},{"type":"Feature","properties":{"id":"221291","name":"Bilate River Field","type":"Maar(s)","country":"Ethiopia","region":"Africa and Red Sea","subregion":"Africa (northeastern) and Red Sea","elevation_m":1700,"last_eruption":null},"geometry":{"type":"Point","coordinates":[38.1,7.07]}},{"type":"Feature","properties":{"id":"221292","name":"Tepi","type":"Shield","country":"Ethiopia","region":"Africa and Red Sea","subregion":"Africa (northeastern) and Red Sea","elevation_m":2728,"last_eruption":null},"geometry":{"type":"Point","coordinates":[35.43,7.42]}},{"type":"Feature","properties":{"id":"221293","name":"Hobicha Caldera","type":"Caldera","country":"Ethiopia","region":"Africa and Red Sea","subregion":"Africa (northeastern) and Red Sea","elevation_m":1800,"last_eruption":null},"geometry":{"type":"Point","coordinates":[37.83,6.78]}},{"type":"Feature","properties":{"id":"221300","name":"Chiracha","type":"Stratovolcano","country":"Ethiopia","region":"Africa and Red Sea","subregion":"Africa (northeastern) and Red Sea","elevation_m":1636,"last_eruption":null},"geometry":{"type":"Point","coordinates":[38.09,6.71]}},{"type":"Feature","properties":{"id":"221310","name":"Tosa Sucha","type":"Pyroclastic cone(s)","country":"Ethiopia","region":"Africa and Red Sea","subregion":"Africa (northeastern) and Red Sea","elevation_m":1650,"last_eruption":null},"geometry":{"type":"Point","coordinates":[37.57,5.93]}},{"type":"Feature","properties":{"id":"221311","name":"Unnamed","type":"Pyroclastic cone(s)","country":"Ethiopia","region":"Africa and Red Sea","subregion":"Africa (northeastern) and Red Sea","elevation_m":1200,"last_eruption":null},"geometry":{"type":"Point","coordinates":[37.67,5.65]}},{"type":"Feature","properties":{"id":"221320","name":"Korath Range","type":"Tuff cone(s)","country":"Ethiopia","region":"Africa and Red Sea","subregion":"Africa (northeastern) and Red Sea","elevation_m":912,"last_eruption":null},"geometry":{"type":"Point","coordinates":[35.88,5.1]}},{"type":"Feature","properties":{"id":"221330","name":"Mega Basalt Field","type":"Pyroclastic cone(s)","country":"Ethiopia-Kenya","region":"Africa and Red Sea","subregion":"Africa (northeastern) and Red Sea","elevation_m":1067,"last_eruption":null},"geometry":{"type":"Point","coordinates":[37.42,4.08]}},{"type":"Feature","properties":{"id":"222001","name":"North Island","type":"Tuff cone(s)","country":"Kenya","region":"Africa and Red Sea","subregion":"Africa (eastern)","elevation_m":490,"last_eruption":null},"geometry":{"type":"Point","coordinates":[36.05,4.06]}},{"type":"Feature","properties":{"id":"222010","name":"Central Island","type":"Tuff cone(s)","country":"Kenya","region":"Africa and Red Sea","subregion":"Africa (eastern)","elevation_m":518,"last_eruption":null},"geometry":{"type":"Point","coordinates":[36.04,3.5]}},{"type":"Feature","properties":{"id":"222021","name":"Marsabit","type":"Shield","country":"Kenya","region":"Africa and Red Sea","subregion":"Africa (eastern)","elevation_m":1707,"last_eruption":null},"geometry":{"type":"Point","coordinates":[37.97,2.32]}},{"type":"Feature","properties":{"id":"222020","name":"South Island","type":"Stratovolcano","country":"Kenya","region":"Africa and Red Sea","subregion":"Africa (eastern)","elevation_m":800,"last_eruption":1888},"geometry":{"type":"Point","coordinates":[36.6,2.63]}},{"type":"Feature","properties":{"id":"222030","name":"Barrier, The","type":"Shield","country":"Kenya","region":"Africa and Red Sea","subregion":"Africa (eastern)","elevation_m":1032,"last_eruption":1921},"geometry":{"type":"Point","coordinates":[36.57,2.32]}},{"type":"Feature","properties":{"id":"222040","name":"Namarunu","type":"Shield","country":"Kenya","region":"Africa and Red Sea","subregion":"Africa (eastern)","elevation_m":817,"last_eruption":-6550},"geometry":{"type":"Point","coordinates":[36.43,1.98]}},{"type":"Feature","properties":{"id":"222050","name":"Segererua Plateau","type":"Pyroclastic cone(s)","country":"Kenya","region":"Africa and Red Sea","subregion":"Africa (eastern)","elevation_m":699,"last_eruption":null},"geometry":{"type":"Point","coordinates":[37.9,1.57]}},{"type":"Feature","properties":{"id":"222051","name":"Emuruangogolak","type":"Shield","country":"Kenya","region":"Africa and Red Sea","subregion":"Africa (eastern)","elevation_m":1285,"last_eruption":1910},"geometry":{"type":"Point","coordinates":[36.33,1.5]}},{"type":"Feature","properties":{"id":"222052","name":"Silali","type":"Shield","country":"Kenya","region":"Africa and Red Sea","subregion":"Africa (eastern)","elevation_m":1528,"last_eruption":-5050},"geometry":{"type":"Point","coordinates":[36.23,1.15]}},{"type":"Feature","properties":{"id":"222053","name":"Paka","type":"Shield","country":"Kenya","region":"Africa and Red Sea","subregion":"Africa (eastern)","elevation_m":1697,"last_eruption":-7550},"geometry":{"type":"Point","coordinates":[36.18,0.92]}},{"type":"Feature","properties":{"id":"222054","name":"Korosi","type":"Shield","country":"Kenya","region":"Africa and Red Sea","subregion":"Africa (eastern)","elevation_m":1446,"last_eruption":null},"geometry":{"type":"Point","coordinates":[36.12,0.77]}},{"type":"Feature","properties":{"id":"222055","name":"Ol Kokwe","type":"Shield","country":"Kenya","region":"Africa and Red Sea","subregion":"Africa (eastern)","elevation_m":1130,"last_eruption":null},"geometry":{"type":"Point","coordinates":[36.08,0.62]}},{"type":"Feature","properties":{"id":"222056","name":"Nyambeni Hills","type":"Shield","country":"Kenya","region":"Africa and Red Sea","subregion":"Africa (eastern)","elevation_m":750,"last_eruption":null},"geometry":{"type":"Point","coordinates":[37.87,0.23]}},{"type":"Feature","properties":{"id":"222060","name":"Menengai","type":"Shield","country":"Kenya","region":"Africa and Red Sea","subregion":"Africa (eastern)","elevation_m":2278,"last_eruption":-6050},"geometry":{"type":"Point","coordinates":[36.07,-0.2]}},{"type":"Feature","properties":{"id":"222071","name":"Elmenteita Badlands","type":"Pyroclastic cone(s)","country":"Kenya","region":"Africa and Red Sea","subregion":"Africa (eastern)","elevation_m":2126,"last_eruption":null},"geometry":{"type":"Point","coordinates":[36.27,-0.52]}},{"type":"Feature","properties":{"id":"222070","name":"Homa Mountain","type":"Complex","country":"Kenya","region":"Africa and Red Sea","subregion":"Africa (eastern)","elevation_m":1751,"last_eruption":null},"geometry":{"type":"Point","coordinates":[34.5,-0.38]}},{"type":"Feature","properties":{"id":"222080","name":"Eburru, Ol Doinyo","type":"Complex","country":"Kenya","region":"Africa and Red Sea","subregion":"Africa (eastern)","elevation_m":2856,"last_eruption":null},"geometry":{"type":"Point","coordinates":[36.22,-0.65]}},{"type":"Feature","properties":{"id":"222090","name":"Olkaria","type":"Pyroclastic cone(s)","country":"Kenya","region":"Africa and Red Sea","subregion":"Africa (eastern)","elevation_m":2434,"last_eruption":1770},"geometry":{"type":"Point","coordinates":[36.29,-0.9]}},{"type":"Feature","properties":{"id":"222100","name":"Longonot","type":"Stratovolcano","country":"Kenya","region":"Africa and Red Sea","subregion":"Africa (eastern)","elevation_m":2776,"last_eruption":1863},"geometry":{"type":"Point","coordinates":[36.45,-0.91]}},{"type":"Feature","properties":{"id":"222110","name":"Suswa","type":"Shield","country":"Kenya","region":"Africa and Red Sea","subregion":"Africa (eastern)","elevation_m":2356,"last_eruption":null},"geometry":{"type":"Point","coordinates":[36.36,-1.15]}},{"type":"Feature","properties":{"id":"222120","name":"Lengai, Ol Doinyo","type":"Stratovolcano","country":"Tanzania","region":"Africa and Red Sea","subregion":"Africa (eastern)","elevation_m":2962,"last_eruption":2014},"geometry":{"type":"Point","coordinates":[35.91,-2.76]}},{"type":"Feature","properties":{"id":"222130","name":"Chyulu Hills","type":"Volcanic field","country":"Kenya","region":"Africa and Red Sea","subregion":"Africa (eastern)","elevation_m":2188,"last_eruption":1855},"geometry":{"type":"Point","coordinates":[37.88,-2.68]}},{"type":"Feature","properties":{"id":"222161","name":"Igwisi Hills","type":"Pyroclastic cone(s)","country":"Tanzania","region":"Africa and Red Sea","subregion":"Africa (eastern)","elevation_m":1146,"last_eruption":-10450},"geometry":{"type":"Point","coordinates":[31.93,-4.89]}},{"type":"Feature","properties":{"id":"222164","name":"Ngozi","type":"Caldera","country":"Tanzania","region":"Africa and Red Sea","subregion":"Africa (eastern)","elevation_m":2614,"last_eruption":1450},"geometry":{"type":"Point","coordinates":[33.55,-8.99]}},{"type":"Feature","properties":{"id":"222166","name":"Rungwe","type":"Stratovolcano","country":"Tanzania","region":"Africa and Red Sea","subregion":"Africa (eastern)","elevation_m":2953,"last_eruption":1250},"geometry":{"type":"Point","coordinates":[33.67,-9.13]}},{"type":"Feature","properties":{"id":"222160","name":"Meru","type":"Stratovolcano","country":"Tanzania","region":"Africa and Red Sea","subregion":"Africa (eastern)","elevation_m":4565,"last_eruption":1910},"geometry":{"type":"Point","coordinates":[36.75,-3.25]}},{"type":"Feature","properties":{"id":"222170","name":"Kyejo","type":"Stratovolcano","country":"Tanzania","region":"Africa and Red Sea","subregion":"Africa (eastern)","elevation_m":2176,"last_eruption":1800},"geometry":{"type":"Point","coordinates":[33.79,-9.23]}},{"type":"Feature","properties":{"id":"223001","name":"Fort Portal","type":"Tuff cone(s)","country":"Uganda","region":"Africa and Red Sea","subregion":"Africa (central)","elevation_m":1615,"last_eruption":-2120},"geometry":{"type":"Point","coordinates":[30.25,0.7]}},{"type":"Feature","properties":{"id":"223002","name":"Kyatwa","type":"Tuff cone(s)","country":"Uganda","region":"Africa and Red Sea","subregion":"Africa (central)","elevation_m":1430,"last_eruption":null},"geometry":{"type":"Point","coordinates":[30.25,0.45]}},{"type":"Feature","properties":{"id":"223003","name":"Katwe-Kikorongo","type":"Tuff cone(s)","country":"Uganda","region":"Africa and Red Sea","subregion":"Africa (central)","elevation_m":1067,"last_eruption":null},"geometry":{"type":"Point","coordinates":[29.92,-0.08]}},{"type":"Feature","properties":{"id":"223004","name":"Bunyaruguru","type":"Maar(s)","country":"Uganda","region":"Africa and Red Sea","subregion":"Africa (central)","elevation_m":1554,"last_eruption":null},"geometry":{"type":"Point","coordinates":[30.08,-0.2]}},{"type":"Feature","properties":{"id":"223005","name":"Katunga","type":"Tuff cone","country":"Uganda","region":"Africa and Red Sea","subregion":"Africa (central)","elevation_m":1707,"last_eruption":null},"geometry":{"type":"Point","coordinates":[30.19,-0.47]}},{"type":"Feature","properties":{"id":"223020","name":"Nyamuragira","type":"Shield","country":"DR Congo","region":"Africa and Red Sea","subregion":"Africa (central)","elevation_m":3058,"last_eruption":2017},"geometry":{"type":"Point","coordinates":[29.2,-1.41]}},{"type":"Feature","properties":{"id":"223030","name":"Nyiragongo","type":"Stratovolcano","country":"DR Congo","region":"Africa and Red Sea","subregion":"Africa (central)","elevation_m":3470,"last_eruption":2018},"geometry":{"type":"Point","coordinates":[29.25,-1.52]}},{"type":"Feature","properties":{"id":"223040","name":"Karisimbi","type":"Stratovolcano","country":"DR Congo-Rwanda","region":"Africa and Red Sea","subregion":"Africa (central)","elevation_m":4490,"last_eruption":-8050},"geometry":{"type":"Point","coordinates":[29.45,-1.51]}},{"type":"Feature","properties":{"id":"223050","name":"Visoke","type":"Stratovolcano","country":"DR Congo-Rwanda","region":"Africa and Red Sea","subregion":"Africa (central)","elevation_m":3696,"last_eruption":1957},"geometry":{"type":"Point","coordinates":[29.49,-1.46]}},{"type":"Feature","properties":{"id":"223060","name":"Muhavura","type":"Stratovolcano","country":"Uganda-Rwanda","region":"Africa and Red Sea","subregion":"Africa (central)","elevation_m":4103,"last_eruption":null},"geometry":{"type":"Point","coordinates":[29.68,-1.38]}},{"type":"Feature","properties":{"id":"223070","name":"Bufumbira","type":"Pyroclastic cone(s)","country":"Uganda","region":"Africa and Red Sea","subregion":"Africa (central)","elevation_m":2440,"last_eruption":null},"geometry":{"type":"Point","coordinates":[29.72,-1.23]}},{"type":"Feature","properties":{"id":"223080","name":"Tshibinda","type":"Pyroclastic cone(s)","country":"DR Congo","region":"Africa and Red Sea","subregion":"Africa (central)","elevation_m":1460,"last_eruption":null},"geometry":{"type":"Point","coordinates":[28.75,-2.32]}},{"type":"Feature","properties":{"id":"224002","name":"San Carlos","type":"Shield","country":"Equatorial Guinea","region":"Africa and Red Sea","subregion":"Africa (western)","elevation_m":2260,"last_eruption":null},"geometry":{"type":"Point","coordinates":[8.52,3.35]}},{"type":"Feature","properties":{"id":"224003","name":"San Joaquin","type":"Shield","country":"Equatorial Guinea","region":"Africa and Red Sea","subregion":"Africa (western)","elevation_m":2009,"last_eruption":null},"geometry":{"type":"Point","coordinates":[8.63,3.35]}},{"type":"Feature","properties":{"id":"224004","name":"Santa Isabel","type":"Shield","country":"Equatorial Guinea","region":"Africa and Red Sea","subregion":"Africa (western)","elevation_m":3007,"last_eruption":1923},"geometry":{"type":"Point","coordinates":[8.75,3.58]}},{"type":"Feature","properties":{"id":"224011","name":"Tombel Graben","type":"Pyroclastic cone(s)","country":"Cameroon","region":"Africa and Red Sea","subregion":"Africa (western)","elevation_m":500,"last_eruption":null},"geometry":{"type":"Point","coordinates":[9.72,4.76]}},{"type":"Feature","properties":{"id":"224010","name":"Cameroon","type":"Stratovolcano","country":"Cameroon","region":"Africa and Red Sea","subregion":"Africa (western)","elevation_m":4095,"last_eruption":2000},"geometry":{"type":"Point","coordinates":[9.17,4.2]}},{"type":"Feature","properties":{"id":"224030","name":"Oku Volcanic Field","type":"Stratovolcano","country":"Cameroon","region":"Africa and Red Sea","subregion":"Africa (western)","elevation_m":3011,"last_eruption":null},"geometry":{"type":"Point","coordinates":[10.5,6.25]}},{"type":"Feature","properties":{"id":"225001","name":"Todra Volcanic Field","type":"Pyroclastic cone(s)","country":"Niger","region":"Africa and Red Sea","subregion":"Africa (northern)","elevation_m":1780,"last_eruption":null},"geometry":{"type":"Point","coordinates":[8.5,17.68]}},{"type":"Feature","properties":{"id":"225002","name":"Tin Zaouatene Volcanic Field","type":"Volcanic field","country":"Mali","region":"Africa and Red Sea","subregion":"Africa (northern)","elevation_m":700,"last_eruption":null},"geometry":{"type":"Point","coordinates":[2.83,19.83]}},{"type":"Feature","properties":{"id":"225004","name":"Tahalra Volcanic Field","type":"Pyroclastic cone(s)","country":"Algeria","region":"Africa and Red Sea","subregion":"Africa (northern)","elevation_m":1467,"last_eruption":null},"geometry":{"type":"Point","coordinates":[5,22.67]}},{"type":"Feature","properties":{"id":"225005","name":"Atakor Volcanic Field","type":"Pyroclastic cone(s)","country":"Algeria","region":"Africa and Red Sea","subregion":"Africa (northern)","elevation_m":2918,"last_eruption":null},"geometry":{"type":"Point","coordinates":[5.83,23.33]}},{"type":"Feature","properties":{"id":"225006","name":"Manzaz Volcanic Field","type":"Pyroclastic cone(s)","country":"Algeria","region":"Africa and Red Sea","subregion":"Africa (northern)","elevation_m":1672,"last_eruption":null},"geometry":{"type":"Point","coordinates":[5.83,23.92]}},{"type":"Feature","properties":{"id":"225009","name":"Toh, Tarso","type":"Volcanic field","country":"Chad","region":"Africa and Red Sea","subregion":"Africa (northern)","elevation_m":2000,"last_eruption":null},"geometry":{"type":"Point","coordinates":[16.33,21.33]}},{"type":"Feature","properties":{"id":"225010","name":"Tousside, Tarso","type":"Stratovolcano","country":"Chad","region":"Africa and Red Sea","subregion":"Africa (northern)","elevation_m":3265,"last_eruption":null},"geometry":{"type":"Point","coordinates":[16.45,21.03]}},{"type":"Feature","properties":{"id":"225021","name":"Koussi, Emi","type":"Pyroclastic shield","country":"Chad","region":"Africa and Red Sea","subregion":"Africa (northern)","elevation_m":3415,"last_eruption":null},"geometry":{"type":"Point","coordinates":[18.53,19.8]}},{"type":"Feature","properties":{"id":"225020","name":"Voon, Tarso","type":"Stratovolcano","country":"Chad","region":"Africa and Red Sea","subregion":"Africa (northern)","elevation_m":3100,"last_eruption":null},"geometry":{"type":"Point","coordinates":[17.28,20.92]}},{"type":"Feature","properties":{"id":"225030","name":"Marra, Jebel","type":"Volcanic field","country":"Sudan","region":"Africa and Red Sea","subregion":"Africa (northern)","elevation_m":3042,"last_eruption":-2000},"geometry":{"type":"Point","coordinates":[24.27,12.95]}},{"type":"Feature","properties":{"id":"225040","name":"Kutum Volcanic Field","type":"Pyroclastic cone(s)","country":"Sudan","region":"Africa and Red Sea","subregion":"Africa (northern)","elevation_m":1779,"last_eruption":null},"geometry":{"type":"Point","coordinates":[25.85,14.57]}},{"type":"Feature","properties":{"id":"225050","name":"Meidob Volcanic Field","type":"Pyroclastic cone(s)","country":"Sudan","region":"Africa and Red Sea","subregion":"Africa (northern)","elevation_m":2000,"last_eruption":-2950},"geometry":{"type":"Point","coordinates":[26.47,15.32]}},{"type":"Feature","properties":{"id":"225060","name":"Bayuda Volcanic Field","type":"Pyroclastic cone(s)","country":"Sudan","region":"Africa and Red Sea","subregion":"Africa (northern)","elevation_m":670,"last_eruption":850},"geometry":{"type":"Point","coordinates":[32.75,18.33]}},{"type":"Feature","properties":{"id":"230010","name":"Sharat Kovakab","type":"Volcanic field","country":"Syria","region":"Middle East and Indian Ocean","subregion":"Middle East (western)","elevation_m":534,"last_eruption":null},"geometry":{"type":"Point","coordinates":[40.85,36.53]}},{"type":"Feature","properties":{"id":"231001","name":"Harrat Ash Shamah","type":"Volcanic field","country":"Syria-Jordan-Saudi Arabia","region":"Middle East and Indian Ocean","subregion":"Middle East (western)","elevation_m":1100,"last_eruption":1850},"geometry":{"type":"Point","coordinates":[37.58,32.33]}},{"type":"Feature","properties":{"id":"231010","name":"Rahah, Harrat ar","type":"Volcanic field","country":"Saudi Arabia","region":"Middle East and Indian Ocean","subregion":"Middle East (southern)","elevation_m":1950,"last_eruption":null},"geometry":{"type":"Point","coordinates":[36.17,27.8]}},{"type":"Feature","properties":{"id":"231020","name":"Uwayrid, Harrat","type":"Volcanic field","country":"Saudi Arabia","region":"Middle East and Indian Ocean","subregion":"Middle East (southern)","elevation_m":1920,"last_eruption":640},"geometry":{"type":"Point","coordinates":[37.25,27.08]}},{"type":"Feature","properties":{"id":"231040","name":"Lunayyir, Harrat","type":"Volcanic field","country":"Saudi Arabia","region":"Middle East and Indian Ocean","subregion":"Middle East (southern)","elevation_m":1370,"last_eruption":1000},"geometry":{"type":"Point","coordinates":[37.75,25.17]}},{"type":"Feature","properties":{"id":"231050","name":"Ithnayn, Harrat","type":"Volcanic field","country":"Saudi Arabia","region":"Middle East and Indian Ocean","subregion":"Middle East (southern)","elevation_m":1625,"last_eruption":null},"geometry":{"type":"Point","coordinates":[40.2,26.58]}},{"type":"Feature","properties":{"id":"231060","name":"Khaybar, Harrat","type":"Volcanic field","country":"Saudi Arabia","region":"Middle East and Indian Ocean","subregion":"Middle East (southern)","elevation_m":2093,"last_eruption":650},"geometry":{"type":"Point","coordinates":[39.92,25]}},{"type":"Feature","properties":{"id":"231071","name":"Kishb, Harrat","type":"Volcanic field","country":"Saudi Arabia","region":"Middle East and Indian Ocean","subregion":"Middle East (southern)","elevation_m":1475,"last_eruption":null},"geometry":{"type":"Point","coordinates":[41.38,22.8]}},{"type":"Feature","properties":{"id":"231072","name":"Birk, Harrat al","type":"Volcanic field","country":"Saudi Arabia","region":"Middle East and Indian Ocean","subregion":"Middle East (southern)","elevation_m":587,"last_eruption":null},"geometry":{"type":"Point","coordinates":[41.63,18.37]}},{"type":"Feature","properties":{"id":"231070","name":"Rahat, Harrat","type":"Volcanic field","country":"Saudi Arabia","region":"Middle East and Indian Ocean","subregion":"Middle East (southern)","elevation_m":1744,"last_eruption":1256},"geometry":{"type":"Point","coordinates":[39.78,23.08]}},{"type":"Feature","properties":{"id":"231080","name":"Yar, Jabal","type":"Volcanic field","country":"Saudi Arabia","region":"Middle East and Indian Ocean","subregion":"Middle East (southern)","elevation_m":305,"last_eruption":1810},"geometry":{"type":"Point","coordinates":[42.83,17.05]}},{"type":"Feature","properties":{"id":"231090","name":"Arhab, Harra of","type":"Volcanic field","country":"Yemen","region":"Middle East and Indian Ocean","subregion":"Middle East (southern)","elevation_m":3100,"last_eruption":500},"geometry":{"type":"Point","coordinates":[44.08,15.63]}},{"type":"Feature","properties":{"id":"231100","name":"Marha, Jabal el-","type":"Tuff cone","country":"Yemen","region":"Middle East and Indian Ocean","subregion":"Middle East (southern)","elevation_m":2506,"last_eruption":null},"geometry":{"type":"Point","coordinates":[44.24,15.25]}},{"type":"Feature","properties":{"id":"231110","name":"Haylan, Jabal","type":"Volcanic field","country":"Yemen","region":"Middle East and Indian Ocean","subregion":"Middle East (southern)","elevation_m":1550,"last_eruption":-1200},"geometry":{"type":"Point","coordinates":[45.1,15.4]}},{"type":"Feature","properties":{"id":"231120","name":"Dhamar, Harras of","type":"Volcanic field","country":"Yemen","region":"Middle East and Indian Ocean","subregion":"Middle East (southern)","elevation_m":3500,"last_eruption":1937},"geometry":{"type":"Point","coordinates":[44.67,14.57]}},{"type":"Feature","properties":{"id":"231160","name":"Sawad, Harra Es-","type":"Volcanic field","country":"Yemen","region":"Middle East and Indian Ocean","subregion":"Middle East (southern)","elevation_m":1737,"last_eruption":1253},"geometry":{"type":"Point","coordinates":[46.12,13.58]}},{"type":"Feature","properties":{"id":"231170","name":"Bal Haf, Harra of","type":"Volcanic field","country":"Yemen","region":"Middle East and Indian Ocean","subregion":"Middle East (southern)","elevation_m":604,"last_eruption":null},"geometry":{"type":"Point","coordinates":[48.3,14.07]}},{"type":"Feature","properties":{"id":"231180","name":"Bir Borhut","type":"Volcanic field","country":"Yemen","region":"Middle East and Indian Ocean","subregion":"Middle East (southern)","elevation_m":464,"last_eruption":null},"geometry":{"type":"Point","coordinates":[50.94,15.52]}},{"type":"Feature","properties":{"id":"232001","name":"Sahand","type":"Stratovolcano","country":"Iran","region":"Middle East and Indian Ocean","subregion":"Middle East (western)","elevation_m":3707,"last_eruption":null},"geometry":{"type":"Point","coordinates":[46.43,37.75]}},{"type":"Feature","properties":{"id":"232002","name":"Sabalan","type":"Stratovolcano","country":"Iran","region":"Middle East and Indian Ocean","subregion":"Middle East (western)","elevation_m":4784,"last_eruption":null},"geometry":{"type":"Point","coordinates":[47.84,38.27]}},{"type":"Feature","properties":{"id":"232010","name":"Damavand","type":"Stratovolcano","country":"Iran","region":"Middle East and Indian Ocean","subregion":"Middle East (western)","elevation_m":5670,"last_eruption":-5350},"geometry":{"type":"Point","coordinates":[52.11,35.95]}},{"type":"Feature","properties":{"id":"232030","name":"Bazman","type":"Stratovolcano","country":"Iran","region":"Middle East and Indian Ocean","subregion":"Middle East (eastern)","elevation_m":3490,"last_eruption":null},"geometry":{"type":"Point","coordinates":[60,28.07]}},{"type":"Feature","properties":{"id":"232040","name":"Kuh-e Nader","type":"Volcanic field","country":"Iran","region":"Middle East and Indian Ocean","subregion":"Middle East (eastern)","elevation_m":1500,"last_eruption":null},"geometry":{"type":"Point","coordinates":[60.67,28.17]}},{"type":"Feature","properties":{"id":"232050","name":"Taftan","type":"Stratovolcano","country":"Iran","region":"Middle East and Indian Ocean","subregion":"Middle East (eastern)","elevation_m":3940,"last_eruption":null},"geometry":{"type":"Point","coordinates":[61.13,28.6]}},{"type":"Feature","properties":{"id":"233001","name":"Grille, La","type":"Shield","country":"Comoros","region":"Middle East and Indian Ocean","subregion":"Indian Ocean (western)","elevation_m":1087,"last_eruption":null},"geometry":{"type":"Point","coordinates":[43.33,-11.47]}},{"type":"Feature","properties":{"id":"233005","name":"Mayotte Island","type":"Shield","country":"France","region":"Middle East and Indian Ocean","subregion":"Indian Ocean (western)","elevation_m":660,"last_eruption":-2050},"geometry":{"type":"Point","coordinates":[45.17,-12.83]}},{"type":"Feature","properties":{"id":"233011","name":"Ambre-Bobaomby","type":"Volcanic field","country":"Madagascar","region":"Middle East and Indian Ocean","subregion":"Indian Ocean (western)","elevation_m":1475,"last_eruption":null},"geometry":{"type":"Point","coordinates":[49.15,-12.6]}},{"type":"Feature","properties":{"id":"233012","name":"Nosy-Be","type":"Pyroclastic cone(s)","country":"Madagascar","region":"Middle East and Indian Ocean","subregion":"Indian Ocean (western)","elevation_m":214,"last_eruption":null},"geometry":{"type":"Point","coordinates":[48.48,-13.32]}},{"type":"Feature","properties":{"id":"233013","name":"Ankaizina Field","type":"Pyroclastic cone(s)","country":"Madagascar","region":"Middle East and Indian Ocean","subregion":"Indian Ocean (western)","elevation_m":2878,"last_eruption":null},"geometry":{"type":"Point","coordinates":[48.67,-14.3]}},{"type":"Feature","properties":{"id":"233014","name":"Itasy Volcanic Field","type":"Pyroclastic cone(s)","country":"Madagascar","region":"Middle East and Indian Ocean","subregion":"Indian Ocean (western)","elevation_m":1800,"last_eruption":-6050},"geometry":{"type":"Point","coordinates":[46.7,-19.03]}},{"type":"Feature","properties":{"id":"233015","name":"Vakinankaratra","type":"Pyroclastic cone(s)","country":"Madagascar","region":"Middle East and Indian Ocean","subregion":"Indian Ocean (western)","elevation_m":2644,"last_eruption":null},"geometry":{"type":"Point","coordinates":[46.94,-19.85]}},{"type":"Feature","properties":{"id":"233010","name":"Karthala","type":"Shield","country":"Comoros","region":"Middle East and Indian Ocean","subregion":"Indian Ocean (western)","elevation_m":2361,"last_eruption":2007},"geometry":{"type":"Point","coordinates":[43.38,-11.75]}},{"type":"Feature","properties":{"id":"233020","name":"Fournaise, Piton de la","type":"Shield","country":"France","region":"Middle East and Indian Ocean","subregion":"Indian Ocean (western)","elevation_m":2632,"last_eruption":2017},"geometry":{"type":"Point","coordinates":[55.71,-21.24]}},{"type":"Feature","properties":{"id":"234000","name":"Boomerang Seamount","type":"Submarine","country":"France","region":"Middle East and Indian Ocean","subregion":"Indian Ocean (southern)","elevation_m":-650,"last_eruption":1995},"geometry":{"type":"Point","coordinates":[77.83,-37.72]}},{"type":"Feature","properties":{"id":"234001","name":"Amsterdam Island","type":"Stratovolcano","country":"France","region":"Middle East and Indian Ocean","subregion":"Indian Ocean (southern)","elevation_m":881,"last_eruption":null},"geometry":{"type":"Point","coordinates":[77.52,-37.83]}},{"type":"Feature","properties":{"id":"234002","name":"St. Paul","type":"Stratovolcano","country":"France","region":"Middle East and Indian Ocean","subregion":"Indian Ocean (southern)","elevation_m":268,"last_eruption":1793},"geometry":{"type":"Point","coordinates":[77.53,-38.72]}},{"type":"Feature","properties":{"id":"234011","name":"McDonald Islands","type":"Complex","country":"Australia","region":"Middle East and Indian Ocean","subregion":"Indian Ocean (southern)","elevation_m":230,"last_eruption":2005},"geometry":{"type":"Point","coordinates":[72.6,-53.03]}},{"type":"Feature","properties":{"id":"234010","name":"Heard","type":"Stratovolcano","country":"Australia","region":"Middle East and Indian Ocean","subregion":"Indian Ocean (southern)","elevation_m":2745,"last_eruption":2017},"geometry":{"type":"Point","coordinates":[73.51,-53.11]}},{"type":"Feature","properties":{"id":"234020","name":"Kerguelen Islands","type":"Stratovolcano(es)","country":"France","region":"Middle East and Indian Ocean","subregion":"Indian Ocean (southern)","elevation_m":1840,"last_eruption":null},"geometry":{"type":"Point","coordinates":[69.5,-49.58]}},{"type":"Feature","properties":{"id":"234030","name":"Est, Ile de l'","type":"Stratovolcano","country":"France","region":"Middle East and Indian Ocean","subregion":"Indian Ocean (southern)","elevation_m":1090,"last_eruption":null},"geometry":{"type":"Point","coordinates":[52.2,-46.43]}},{"type":"Feature","properties":{"id":"234040","name":"Possession, Ile de la","type":"Stratovolcano","country":"France","region":"Middle East and Indian Ocean","subregion":"Indian Ocean (southern)","elevation_m":934,"last_eruption":null},"geometry":{"type":"Point","coordinates":[51.75,-46.42]}},{"type":"Feature","properties":{"id":"234050","name":"Cochons, Ile aux","type":"Stratovolcano","country":"France","region":"Middle East and Indian Ocean","subregion":"Indian Ocean (southern)","elevation_m":775,"last_eruption":null},"geometry":{"type":"Point","coordinates":[50.23,-46.1]}},{"type":"Feature","properties":{"id":"234060","name":"Prince Edward Island","type":"Shield","country":"South Africa","region":"Middle East and Indian Ocean","subregion":"Indian Ocean (southern)","elevation_m":672,"last_eruption":null},"geometry":{"type":"Point","coordinates":[37.95,-46.63]}},{"type":"Feature","properties":{"id":"234070","name":"Marion Island","type":"Shield(s)","country":"South Africa","region":"Middle East and Indian Ocean","subregion":"Indian Ocean (southern)","elevation_m":1230,"last_eruption":2004},"geometry":{"type":"Point","coordinates":[37.75,-46.9]}},{"type":"Feature","properties":{"id":"241011","name":"Whangarei","type":"Pyroclastic cone(s)","country":"New Zealand","region":"New Zealand to Fiji","subregion":"New Zealand","elevation_m":397,"last_eruption":null},"geometry":{"type":"Point","coordinates":[174.27,-35.75]}},{"type":"Feature","properties":{"id":"241010","name":"Kaikohe-Bay of Islands","type":"Volcanic field","country":"New Zealand","region":"New Zealand to Fiji","subregion":"New Zealand","elevation_m":388,"last_eruption":400},"geometry":{"type":"Point","coordinates":[173.9,-35.3]}},{"type":"Feature","properties":{"id":"241021","name":"Mayor Island","type":"Shield","country":"New Zealand","region":"New Zealand to Fiji","subregion":"New Zealand","elevation_m":355,"last_eruption":-5060},"geometry":{"type":"Point","coordinates":[176.25,-37.28]}},{"type":"Feature","properties":{"id":"241020","name":"Auckland Field","type":"Volcanic field","country":"New Zealand","region":"New Zealand to Fiji","subregion":"New Zealand","elevation_m":260,"last_eruption":1350},"geometry":{"type":"Point","coordinates":[174.87,-36.9]}},{"type":"Feature","properties":{"id":"241030","name":"Taranaki [Egmont]","type":"Stratovolcano","country":"New Zealand","region":"New Zealand to Fiji","subregion":"New Zealand","elevation_m":2518,"last_eruption":1854},"geometry":{"type":"Point","coordinates":[174.07,-39.3]}},{"type":"Feature","properties":{"id":"241040","name":"White Island","type":"Stratovolcano(es)","country":"New Zealand","region":"New Zealand to Fiji","subregion":"New Zealand","elevation_m":321,"last_eruption":2016},"geometry":{"type":"Point","coordinates":[177.18,-37.52]}},{"type":"Feature","properties":{"id":"241050","name":"Okataina","type":"Lava dome(s)","country":"New Zealand","region":"New Zealand to Fiji","subregion":"New Zealand","elevation_m":1111,"last_eruption":1981},"geometry":{"type":"Point","coordinates":[176.5,-38.12]}},{"type":"Feature","properties":{"id":"241060","name":"Reporoa","type":"Caldera","country":"New Zealand","region":"New Zealand to Fiji","subregion":"New Zealand","elevation_m":592,"last_eruption":1180},"geometry":{"type":"Point","coordinates":[176.33,-38.42]}},{"type":"Feature","properties":{"id":"241061","name":"Maroa","type":"Caldera(s)","country":"New Zealand","region":"New Zealand to Fiji","subregion":"New Zealand","elevation_m":897,"last_eruption":180},"geometry":{"type":"Point","coordinates":[176.08,-38.42]}},{"type":"Feature","properties":{"id":"241070","name":"Taupo","type":"Caldera","country":"New Zealand","region":"New Zealand to Fiji","subregion":"New Zealand","elevation_m":760,"last_eruption":260},"geometry":{"type":"Point","coordinates":[176,-38.82]}},{"type":"Feature","properties":{"id":"241080","name":"Tongariro","type":"Stratovolcano(es)","country":"New Zealand","region":"New Zealand to Fiji","subregion":"New Zealand","elevation_m":1978,"last_eruption":2012},"geometry":{"type":"Point","coordinates":[175.63,-39.16]}},{"type":"Feature","properties":{"id":"241101","name":"Clark","type":"Submarine","country":"New Zealand","region":"New Zealand to Fiji","subregion":"New Zealand","elevation_m":-860,"last_eruption":null},"geometry":{"type":"Point","coordinates":[177.84,-36.45]}},{"type":"Feature","properties":{"id":"241102","name":"Tangaroa","type":"Submarine","country":"New Zealand","region":"New Zealand to Fiji","subregion":"New Zealand","elevation_m":-600,"last_eruption":null},"geometry":{"type":"Point","coordinates":[178.03,-36.32]}},{"type":"Feature","properties":{"id":"241100","name":"Ruapehu","type":"Stratovolcano","country":"New Zealand","region":"New Zealand to Fiji","subregion":"New Zealand","elevation_m":2797,"last_eruption":2007},"geometry":{"type":"Point","coordinates":[175.57,-39.28]}},{"type":"Feature","properties":{"id":"241110","name":"Rumble V","type":"Submarine","country":"New Zealand","region":"New Zealand to Fiji","subregion":"New Zealand","elevation_m":-400,"last_eruption":null},"geometry":{"type":"Point","coordinates":[178.2,-36.14]}},{"type":"Feature","properties":{"id":"241120","name":"Rumble IV","type":"Submarine","country":"New Zealand","region":"New Zealand to Fiji","subregion":"New Zealand","elevation_m":-500,"last_eruption":null},"geometry":{"type":"Point","coordinates":[178.05,-36.13]}},{"type":"Feature","properties":{"id":"241130","name":"Rumble III","type":"Submarine","country":"New Zealand","region":"New Zealand to Fiji","subregion":"New Zealand","elevation_m":-220,"last_eruption":2008},"geometry":{"type":"Point","coordinates":[178.48,-35.74]}},{"type":"Feature","properties":{"id":"241131","name":"Rumble II West","type":"Submarine","country":"New Zealand","region":"New Zealand to Fiji","subregion":"New Zealand","elevation_m":-1200,"last_eruption":null},"geometry":{"type":"Point","coordinates":[178.53,-35.35]}},{"type":"Feature","properties":{"id":"241140","name":"Healy","type":"Submarine","country":"New Zealand","region":"New Zealand to Fiji","subregion":"New Zealand","elevation_m":-980,"last_eruption":1360},"geometry":{"type":"Point","coordinates":[178.97,-35]}},{"type":"Feature","properties":{"id":"241150","name":"Brothers","type":"Submarine","country":"New Zealand","region":"New Zealand to Fiji","subregion":"New Zealand","elevation_m":-1350,"last_eruption":null},"geometry":{"type":"Point","coordinates":[179.08,-34.87]}},{"type":"Feature","properties":{"id":"242001","name":"Wright","type":"Submarine(es)","country":"New Zealand","region":"New Zealand to Fiji","subregion":"Kermadec Islands","elevation_m":-900,"last_eruption":null},"geometry":{"type":"Point","coordinates":[-179.18,-31.85]}},{"type":"Feature","properties":{"id":"242010","name":"Curtis Island","type":"Submarine","country":"New Zealand","region":"New Zealand to Fiji","subregion":"Kermadec Islands","elevation_m":47,"last_eruption":null},"geometry":{"type":"Point","coordinates":[-178.56,-30.54]}},{"type":"Feature","properties":{"id":"242021","name":"Macauley","type":"Caldera","country":"New Zealand","region":"New Zealand to Fiji","subregion":"Kermadec Islands","elevation_m":238,"last_eruption":-4360},"geometry":{"type":"Point","coordinates":[-178.47,-30.21]}},{"type":"Feature","properties":{"id":"242022","name":"Giggenbach","type":"Submarine","country":"New Zealand","region":"New Zealand to Fiji","subregion":"Kermadec Islands","elevation_m":-65,"last_eruption":null},"geometry":{"type":"Point","coordinates":[-178.71,-30.04]}},{"type":"Feature","properties":{"id":"242030","name":"Raoul Island","type":"Stratovolcano","country":"New Zealand","region":"New Zealand to Fiji","subregion":"Kermadec Islands","elevation_m":516,"last_eruption":2006},"geometry":{"type":"Point","coordinates":[-177.92,-29.27]}},{"type":"Feature","properties":{"id":"242050","name":"Monowai","type":"Submarine","country":"New Zealand","region":"New Zealand to Fiji","subregion":"Tonga Islands","elevation_m":-132,"last_eruption":2012},"geometry":{"type":"Point","coordinates":[-177.19,-25.89]}},{"type":"Feature","properties":{"id":"243001","name":"Unnamed","type":"Submarine","country":"Undersea Features","region":"New Zealand to Fiji","subregion":"Tonga Islands","elevation_m":-385,"last_eruption":null},"geometry":{"type":"Point","coordinates":[-177.02,-24.8]}},{"type":"Feature","properties":{"id":"243011","name":"Unnamed","type":"Submarine","country":"Tonga","region":"New Zealand to Fiji","subregion":"Tonga Islands","elevation_m":-65,"last_eruption":null},"geometry":{"type":"Point","coordinates":[-175.75,-21.15]}},{"type":"Feature","properties":{"id":"243010","name":"Unnamed","type":"Submarine","country":"Tonga","region":"New Zealand to Fiji","subregion":"Tonga Islands","elevation_m":-68,"last_eruption":1932},"geometry":{"type":"Point","coordinates":[-175.65,-21.34]}},{"type":"Feature","properties":{"id":"243030","name":"Unnamed","type":"Submarine","country":"Tonga","region":"New Zealand to Fiji","subregion":"Tonga Islands","elevation_m":-296,"last_eruption":2017},"geometry":{"type":"Point","coordinates":[-175.55,-20.85]}},{"type":"Feature","properties":{"id":"243040","name":"Hunga Tonga-Hunga Ha'apai","type":"Submarine","country":"Tonga","region":"New Zealand to Fiji","subregion":"Tonga Islands","elevation_m":114,"last_eruption":2015},"geometry":{"type":"Point","coordinates":[-175.38,-20.54]}},{"type":"Feature","properties":{"id":"243050","name":"Fonuafo'ou","type":"Submarine","country":"Tonga","region":"New Zealand to Fiji","subregion":"Tonga Islands","elevation_m":-17,"last_eruption":1936},"geometry":{"type":"Point","coordinates":[-175.42,-20.32]}},{"type":"Feature","properties":{"id":"243061","name":"Kao","type":"Stratovolcano","country":"Tonga","region":"New Zealand to Fiji","subregion":"Tonga Islands","elevation_m":1009,"last_eruption":1847},"geometry":{"type":"Point","coordinates":[-175.02,-19.67]}},{"type":"Feature","properties":{"id":"243060","name":"Tofua","type":"Caldera","country":"Tonga","region":"New Zealand to Fiji","subregion":"Tonga Islands","elevation_m":515,"last_eruption":2014},"geometry":{"type":"Point","coordinates":[-175.07,-19.75]}},{"type":"Feature","properties":{"id":"243070","name":"Metis Shoal","type":"Submarine","country":"Tonga","region":"New Zealand to Fiji","subregion":"Tonga Islands","elevation_m":43,"last_eruption":1995},"geometry":{"type":"Point","coordinates":[-174.87,-19.18]}},{"type":"Feature","properties":{"id":"243080","name":"Home Reef","type":"Submarine","country":"Tonga","region":"New Zealand to Fiji","subregion":"Tonga Islands","elevation_m":-10,"last_eruption":2006},"geometry":{"type":"Point","coordinates":[-174.77,-18.99]}},{"type":"Feature","properties":{"id":"243091","name":"Unnamed","type":"Submarine","country":"Tonga","region":"New Zealand to Fiji","subregion":"Tonga Islands","elevation_m":-40,"last_eruption":2001},"geometry":{"type":"Point","coordinates":[-174.36,-18.32]}},{"type":"Feature","properties":{"id":"243090","name":"Late","type":"Stratovolcano","country":"Tonga","region":"New Zealand to Fiji","subregion":"Tonga Islands","elevation_m":540,"last_eruption":1854},"geometry":{"type":"Point","coordinates":[-174.65,-18.81]}},{"type":"Feature","properties":{"id":"243101","name":"Tafahi","type":"Stratovolcano","country":"Tonga","region":"New Zealand to Fiji","subregion":"Tonga Islands","elevation_m":560,"last_eruption":null},"geometry":{"type":"Point","coordinates":[-173.72,-15.85]}},{"type":"Feature","properties":{"id":"243102","name":"Curacoa","type":"Submarine","country":"Tonga","region":"New Zealand to Fiji","subregion":"Tonga Islands","elevation_m":-33,"last_eruption":1979},"geometry":{"type":"Point","coordinates":[-173.67,-15.62]}},{"type":"Feature","properties":{"id":"243100","name":"Fonualei","type":"Stratovolcano","country":"Tonga","region":"New Zealand to Fiji","subregion":"Tonga Islands","elevation_m":188,"last_eruption":1957},"geometry":{"type":"Point","coordinates":[-174.32,-18.02]}},{"type":"Feature","properties":{"id":"243110","name":"Niuafo'ou","type":"Shield","country":"Tonga","region":"New Zealand to Fiji","subregion":"Tonga Islands","elevation_m":260,"last_eruption":1985},"geometry":{"type":"Point","coordinates":[-175.63,-15.6]}},{"type":"Feature","properties":{"id":"243120","name":"Tafu-Maka","type":"Submarine","country":"Tonga","region":"New Zealand to Fiji","subregion":"Tonga Islands","elevation_m":-1400,"last_eruption":2008},"geometry":{"type":"Point","coordinates":[-174.23,-15.37]}},{"type":"Feature","properties":{"id":"243130","name":"West Mata","type":"Submarine","country":"Tonga","region":"New Zealand to Fiji","subregion":"Tonga Islands","elevation_m":-1174,"last_eruption":2009},"geometry":{"type":"Point","coordinates":[-173.75,-15.1]}},{"type":"Feature","properties":{"id":"244000","name":"Vailulu'u","type":"Submarine","country":"United States","region":"New Zealand to Fiji","subregion":"Samoan and Wallis Islands","elevation_m":-592,"last_eruption":2003},"geometry":{"type":"Point","coordinates":[-169.06,-14.21]}},{"type":"Feature","properties":{"id":"244001","name":"Ta'u","type":"Shield","country":"United States","region":"New Zealand to Fiji","subregion":"Samoan and Wallis Islands","elevation_m":931,"last_eruption":null},"geometry":{"type":"Point","coordinates":[-169.45,-14.23]}},{"type":"Feature","properties":{"id":"244010","name":"Ofu-Olosega","type":"Shield(s)","country":"United States","region":"New Zealand to Fiji","subregion":"Samoan and Wallis Islands","elevation_m":639,"last_eruption":1866},"geometry":{"type":"Point","coordinates":[-169.62,-14.17]}},{"type":"Feature","properties":{"id":"244020","name":"Tutuila","type":"Tuff cone(s)","country":"United States","region":"New Zealand to Fiji","subregion":"Samoan and Wallis Islands","elevation_m":653,"last_eruption":440},"geometry":{"type":"Point","coordinates":[-170.7,-14.29]}},{"type":"Feature","properties":{"id":"244030","name":"Upolu","type":"Shield","country":"Samoa","region":"New Zealand to Fiji","subregion":"Samoan and Wallis Islands","elevation_m":1100,"last_eruption":null},"geometry":{"type":"Point","coordinates":[-171.72,-13.93]}},{"type":"Feature","properties":{"id":"244040","name":"Savai'i","type":"Shield","country":"Samoa","region":"New Zealand to Fiji","subregion":"Samoan and Wallis Islands","elevation_m":1858,"last_eruption":1911},"geometry":{"type":"Point","coordinates":[-172.52,-13.61]}},{"type":"Feature","properties":{"id":"244050","name":"Wallis Islands","type":"Shield(s)","country":"France","region":"New Zealand to Fiji","subregion":"Samoan and Wallis Islands","elevation_m":143,"last_eruption":null},"geometry":{"type":"Point","coordinates":[-176.17,-13.3]}},{"type":"Feature","properties":{"id":"245010","name":"Taveuni","type":"Shield","country":"Fiji","region":"New Zealand to Fiji","subregion":"Fiji Islands","elevation_m":1241,"last_eruption":1550},"geometry":{"type":"Point","coordinates":[-179.97,-16.82]}},{"type":"Feature","properties":{"id":"245020","name":"Koro","type":"Pyroclastic cone(s)","country":"Fiji","region":"New Zealand to Fiji","subregion":"Fiji Islands","elevation_m":522,"last_eruption":null},"geometry":{"type":"Point","coordinates":[179.4,-17.32]}},{"type":"Feature","properties":{"id":"245030","name":"Nabukelevu","type":"Lava dome(s)","country":"Fiji","region":"New Zealand to Fiji","subregion":"Fiji Islands","elevation_m":805,"last_eruption":1660},"geometry":{"type":"Point","coordinates":[177.98,-19.12]}},{"type":"Feature","properties":{"id":"250010","name":"St. Andrew Strait","type":"Complex","country":"Papua New Guinea","region":"Melanesia and Australia","subregion":"Admiralty Islands","elevation_m":270,"last_eruption":1957},"geometry":{"type":"Point","coordinates":[147.35,-2.38]}},{"type":"Feature","properties":{"id":"250020","name":"Baluan","type":"Stratovolcano","country":"Papua New Guinea","region":"Melanesia and Australia","subregion":"Admiralty Islands","elevation_m":254,"last_eruption":null},"geometry":{"type":"Point","coordinates":[147.28,-2.57]}},{"type":"Feature","properties":{"id":"250030","name":"Central Bismarck Sea","type":"Submarine","country":"Papua New Guinea","region":"Melanesia and Australia","subregion":"Admiralty Islands","elevation_m":-1300,"last_eruption":1972},"geometry":{"type":"Point","coordinates":[147.78,-3.03]}},{"type":"Feature","properties":{"id":"251001","name":"Blup Blup","type":"Stratovolcano","country":"Papua New Guinea","region":"Melanesia and Australia","subregion":"Northeast of New Guinea","elevation_m":402,"last_eruption":null},"geometry":{"type":"Point","coordinates":[144.6,-3.51]}},{"type":"Feature","properties":{"id":"251002","name":"Kadovar","type":"Stratovolcano","country":"Papua New Guinea","region":"Melanesia and Australia","subregion":"Northeast of New Guinea","elevation_m":365,"last_eruption":2018},"geometry":{"type":"Point","coordinates":[144.59,-3.61]}},{"type":"Feature","properties":{"id":"251011","name":"Boisa","type":"Stratovolcano","country":"Papua New Guinea","region":"Melanesia and Australia","subregion":"Northeast of New Guinea","elevation_m":240,"last_eruption":null},"geometry":{"type":"Point","coordinates":[144.96,-3.99]}},{"type":"Feature","properties":{"id":"251010","name":"Bam","type":"Stratovolcano","country":"Papua New Guinea","region":"Melanesia and Australia","subregion":"Northeast of New Guinea","elevation_m":685,"last_eruption":1960},"geometry":{"type":"Point","coordinates":[144.82,-3.61]}},{"type":"Feature","properties":{"id":"251020","name":"Manam","type":"Stratovolcano","country":"Papua New Guinea","region":"Melanesia and Australia","subregion":"Northeast of New Guinea","elevation_m":1807,"last_eruption":2018},"geometry":{"type":"Point","coordinates":[145.04,-4.08]}},{"type":"Feature","properties":{"id":"251030","name":"Karkar","type":"Stratovolcano","country":"Papua New Guinea","region":"Melanesia and Australia","subregion":"Northeast of New Guinea","elevation_m":1839,"last_eruption":2014},"geometry":{"type":"Point","coordinates":[145.96,-4.65]}},{"type":"Feature","properties":{"id":"251041","name":"Hankow Reef","type":"Submarine","country":"Papua New Guinea","region":"Melanesia and Australia","subregion":"Northeast of New Guinea","elevation_m":-5,"last_eruption":null},"geometry":{"type":"Point","coordinates":[146.72,-4.88]}},{"type":"Feature","properties":{"id":"251050","name":"Long Island","type":"Complex","country":"Papua New Guinea","region":"Melanesia and Australia","subregion":"Northeast of New Guinea","elevation_m":1280,"last_eruption":1993},"geometry":{"type":"Point","coordinates":[147.12,-5.36]}},{"type":"Feature","properties":{"id":"251060","name":"Umboi","type":"Complex","country":"Papua New Guinea","region":"Melanesia and Australia","subregion":"Northeast of New Guinea","elevation_m":1548,"last_eruption":null},"geometry":{"type":"Point","coordinates":[147.88,-5.59]}},{"type":"Feature","properties":{"id":"251070","name":"Ritter Island","type":"Stratovolcano","country":"Papua New Guinea","region":"Melanesia and Australia","subregion":"Northeast of New Guinea","elevation_m":75,"last_eruption":2007},"geometry":{"type":"Point","coordinates":[148.12,-5.52]}},{"type":"Feature","properties":{"id":"251080","name":"Sakar","type":"Stratovolcano","country":"Papua New Guinea","region":"Melanesia and Australia","subregion":"Northeast of New Guinea","elevation_m":992,"last_eruption":null},"geometry":{"type":"Point","coordinates":[148.09,-5.41]}},{"type":"Feature","properties":{"id":"252010","name":"Langila","type":"Complex","country":"Papua New Guinea","region":"Melanesia and Australia","subregion":"New Britain","elevation_m":1330,"last_eruption":2018},"geometry":{"type":"Point","coordinates":[148.42,-5.52]}},{"type":"Feature","properties":{"id":"252021","name":"Mundua","type":"Complex","country":"Papua New Guinea","region":"Melanesia and Australia","subregion":"New Britain","elevation_m":179,"last_eruption":null},"geometry":{"type":"Point","coordinates":[149.35,-4.63]}},{"type":"Feature","properties":{"id":"252030","name":"Garove","type":"Stratovolcano","country":"Papua New Guinea","region":"Melanesia and Australia","subregion":"New Britain","elevation_m":368,"last_eruption":null},"geometry":{"type":"Point","coordinates":[149.5,-4.69]}},{"type":"Feature","properties":{"id":"252040","name":"Dakataua","type":"Caldera","country":"Papua New Guinea","region":"Melanesia and Australia","subregion":"New Britain","elevation_m":408,"last_eruption":1895},"geometry":{"type":"Point","coordinates":[150.09,-5.09]}},{"type":"Feature","properties":{"id":"252050","name":"Bola","type":"Stratovolcano","country":"Papua New Guinea","region":"Melanesia and Australia","subregion":"New Britain","elevation_m":1116,"last_eruption":null},"geometry":{"type":"Point","coordinates":[150.04,-5.14]}},{"type":"Feature","properties":{"id":"252060","name":"Garua Harbour","type":"Volcanic field","country":"Papua New Guinea","region":"Melanesia and Australia","subregion":"New Britain","elevation_m":565,"last_eruption":null},"geometry":{"type":"Point","coordinates":[150.07,-5.3]}},{"type":"Feature","properties":{"id":"252071","name":"Lolo","type":"Stratovolcano","country":"Papua New Guinea","region":"Melanesia and Australia","subregion":"New Britain","elevation_m":796,"last_eruption":null},"geometry":{"type":"Point","coordinates":[150.51,-5.47]}},{"type":"Feature","properties":{"id":"252070","name":"Krummel-Garbuna-Welcker","type":"Stratovolcano(es)","country":"Papua New Guinea","region":"Melanesia and Australia","subregion":"New Britain","elevation_m":564,"last_eruption":2008},"geometry":{"type":"Point","coordinates":[150.03,-5.42]}},{"type":"Feature","properties":{"id":"252080","name":"Witori","type":"Caldera","country":"Papua New Guinea","region":"Melanesia and Australia","subregion":"New Britain","elevation_m":724,"last_eruption":2012},"geometry":{"type":"Point","coordinates":[150.52,-5.58]}},{"type":"Feature","properties":{"id":"252090","name":"Sulu Range","type":"Stratovolcano(es)","country":"Papua New Guinea","region":"Melanesia and Australia","subregion":"New Britain","elevation_m":610,"last_eruption":null},"geometry":{"type":"Point","coordinates":[150.94,-5.5]}},{"type":"Feature","properties":{"id":"252100","name":"Hargy","type":"Stratovolcano","country":"Papua New Guinea","region":"Melanesia and Australia","subregion":"New Britain","elevation_m":1148,"last_eruption":950},"geometry":{"type":"Point","coordinates":[151.1,-5.33]}},{"type":"Feature","properties":{"id":"252110","name":"Bamus","type":"Stratovolcano","country":"Papua New Guinea","region":"Melanesia and Australia","subregion":"New Britain","elevation_m":2248,"last_eruption":1886},"geometry":{"type":"Point","coordinates":[151.23,-5.2]}},{"type":"Feature","properties":{"id":"252120","name":"Ulawun","type":"Stratovolcano","country":"Papua New Guinea","region":"Melanesia and Australia","subregion":"New Britain","elevation_m":2334,"last_eruption":2017},"geometry":{"type":"Point","coordinates":[151.33,-5.05]}},{"type":"Feature","properties":{"id":"252130","name":"Lolobau","type":"Caldera","country":"Papua New Guinea","region":"Melanesia and Australia","subregion":"New Britain","elevation_m":858,"last_eruption":1912},"geometry":{"type":"Point","coordinates":[151.16,-4.92]}},{"type":"Feature","properties":{"id":"252140","name":"Rabaul","type":"Pyroclastic shield","country":"Papua New Guinea","region":"Melanesia and Australia","subregion":"New Britain","elevation_m":688,"last_eruption":2014},"geometry":{"type":"Point","coordinates":[152.2,-4.27]}},{"type":"Feature","properties":{"id":"252150","name":"Tavui","type":"Caldera","country":"Papua New Guinea","region":"Melanesia and Australia","subregion":"New Britain","elevation_m":200,"last_eruption":-4946},"geometry":{"type":"Point","coordinates":[152.2,-4.12]}},{"type":"Feature","properties":{"id":"253003","name":"Koranga","type":"Maar","country":"Papua New Guinea","region":"Melanesia and Australia","subregion":"New Guinea and D'Entrecasteaux Islands","elevation_m":1500,"last_eruption":null},"geometry":{"type":"Point","coordinates":[146.71,-7.33]}},{"type":"Feature","properties":{"id":"253004","name":"Madilogo","type":"Pyroclastic cone","country":"Papua New Guinea","region":"Melanesia and Australia","subregion":"New Guinea and D'Entrecasteaux Islands","elevation_m":850,"last_eruption":null},"geometry":{"type":"Point","coordinates":[147.57,-9.2]}},{"type":"Feature","properties":{"id":"253011","name":"Hydrographers Range","type":"Stratovolcano","country":"Papua New Guinea","region":"Melanesia and Australia","subregion":"New Guinea and D'Entrecasteaux Islands","elevation_m":1915,"last_eruption":null},"geometry":{"type":"Point","coordinates":[148.37,-9]}},{"type":"Feature","properties":{"id":"253010","name":"Lamington","type":"Stratovolcano","country":"Papua New Guinea","region":"Melanesia and Australia","subregion":"New Guinea and D'Entrecasteaux Islands","elevation_m":1680,"last_eruption":1956},"geometry":{"type":"Point","coordinates":[148.15,-8.95]}},{"type":"Feature","properties":{"id":"253021","name":"Managlase Plateau","type":"Volcanic field","country":"Papua New Guinea","region":"Melanesia and Australia","subregion":"New Guinea and D'Entrecasteaux Islands","elevation_m":1342,"last_eruption":null},"geometry":{"type":"Point","coordinates":[148.33,-9.08]}},{"type":"Feature","properties":{"id":"253031","name":"Sessagara","type":"Pyroclastic cone(s)","country":"Papua New Guinea","region":"Melanesia and Australia","subregion":"New Guinea and D'Entrecasteaux Islands","elevation_m":370,"last_eruption":null},"geometry":{"type":"Point","coordinates":[149.13,-9.48]}},{"type":"Feature","properties":{"id":"253030","name":"Victory","type":"Stratovolcano","country":"Papua New Guinea","region":"Melanesia and Australia","subregion":"New Guinea and D'Entrecasteaux Islands","elevation_m":1925,"last_eruption":1935},"geometry":{"type":"Point","coordinates":[149.07,-9.2]}},{"type":"Feature","properties":{"id":"253041","name":"Goodenough","type":"Volcanic field","country":"Papua New Guinea","region":"Melanesia and Australia","subregion":"New Guinea and D'Entrecasteaux Islands","elevation_m":220,"last_eruption":null},"geometry":{"type":"Point","coordinates":[150.35,-9.48]}},{"type":"Feature","properties":{"id":"253040","name":"Waiowa","type":"Pyroclastic cone","country":"Papua New Guinea","region":"Melanesia and Australia","subregion":"New Guinea and D'Entrecasteaux Islands","elevation_m":640,"last_eruption":1944},"geometry":{"type":"Point","coordinates":[149.07,-9.57]}},{"type":"Feature","properties":{"id":"253050","name":"Iamalele","type":"Lava dome(s)","country":"Papua New Guinea","region":"Melanesia and Australia","subregion":"New Guinea and D'Entrecasteaux Islands","elevation_m":200,"last_eruption":null},"geometry":{"type":"Point","coordinates":[150.53,-9.52]}},{"type":"Feature","properties":{"id":"253060","name":"Dawson Strait Group","type":"Volcanic field","country":"Papua New Guinea","region":"Melanesia and Australia","subregion":"New Guinea and D'Entrecasteaux Islands","elevation_m":500,"last_eruption":1350},"geometry":{"type":"Point","coordinates":[150.88,-9.62]}},{"type":"Feature","properties":{"id":"254010","name":"Lihir","type":"Compound","country":"Papua New Guinea","region":"Melanesia and Australia","subregion":"New Ireland","elevation_m":700,"last_eruption":null},"geometry":{"type":"Point","coordinates":[152.64,-3.12]}},{"type":"Feature","properties":{"id":"254020","name":"Ambitle","type":"Stratovolcano","country":"Papua New Guinea","region":"Melanesia and Australia","subregion":"New Ireland","elevation_m":450,"last_eruption":-350},"geometry":{"type":"Point","coordinates":[153.65,-4.08]}},{"type":"Feature","properties":{"id":"255000","name":"Tore","type":"Lava cone","country":"Papua New Guinea","region":"Melanesia and Australia","subregion":"Bougainville and Solomon Islands","elevation_m":2200,"last_eruption":null},"geometry":{"type":"Point","coordinates":[154.93,-5.83]}},{"type":"Feature","properties":{"id":"255011","name":"Billy Mitchell","type":"Pyroclastic shield","country":"Papua New Guinea","region":"Melanesia and Australia","subregion":"Bougainville and Solomon Islands","elevation_m":1544,"last_eruption":1580},"geometry":{"type":"Point","coordinates":[155.23,-6.09]}},{"type":"Feature","properties":{"id":"255010","name":"Balbi","type":"Stratovolcano","country":"Papua New Guinea","region":"Melanesia and Australia","subregion":"Bougainville and Solomon Islands","elevation_m":2715,"last_eruption":null},"geometry":{"type":"Point","coordinates":[154.98,-5.92]}},{"type":"Feature","properties":{"id":"255021","name":"Takuan Group","type":"Compound","country":"Papua New Guinea","region":"Melanesia and Australia","subregion":"Bougainville and Solomon Islands","elevation_m":2210,"last_eruption":null},"geometry":{"type":"Point","coordinates":[155.61,-6.44]}},{"type":"Feature","properties":{"id":"255020","name":"Bagana","type":"Lava cone","country":"Papua New Guinea","region":"Melanesia and Australia","subregion":"Bougainville and Solomon Islands","elevation_m":1855,"last_eruption":2018},"geometry":{"type":"Point","coordinates":[155.2,-6.14]}},{"type":"Feature","properties":{"id":"255030","name":"Loloru","type":"Pyroclastic shield","country":"Papua New Guinea","region":"Melanesia and Australia","subregion":"Bougainville and Solomon Islands","elevation_m":1887,"last_eruption":-1050},"geometry":{"type":"Point","coordinates":[155.62,-6.52]}},{"type":"Feature","properties":{"id":"255052","name":"Kana Keoki","type":"Submarine","country":"Solomon Islands","region":"Melanesia and Australia","subregion":"Bougainville and Solomon Islands","elevation_m":-700,"last_eruption":null},"geometry":{"type":"Point","coordinates":[157.03,-8.75]}},{"type":"Feature","properties":{"id":"255053","name":"Coleman Seamount","type":"Submarine","country":"Solomon Islands","region":"Melanesia and Australia","subregion":"Bougainville and Solomon Islands","elevation_m":-717,"last_eruption":null},"geometry":{"type":"Point","coordinates":[157.16,-8.84]}},{"type":"Feature","properties":{"id":"255050","name":"Simbo","type":"Stratovolcano(es)","country":"Solomon Islands","region":"Melanesia and Australia","subregion":"Bougainville and Solomon Islands","elevation_m":335,"last_eruption":1910},"geometry":{"type":"Point","coordinates":[156.52,-8.29]}},{"type":"Feature","properties":{"id":"255061","name":"Unnamed","type":"Submarine(es)","country":"Solomon Islands","region":"Melanesia and Australia","subregion":"Bougainville and Solomon Islands","elevation_m":-240,"last_eruption":null},"geometry":{"type":"Point","coordinates":[158.03,-8.92]}},{"type":"Feature","properties":{"id":"255062","name":"Gallego","type":"Volcanic field","country":"Solomon Islands","region":"Melanesia and Australia","subregion":"Bougainville and Solomon Islands","elevation_m":1000,"last_eruption":null},"geometry":{"type":"Point","coordinates":[159.73,-9.35]}},{"type":"Feature","properties":{"id":"255060","name":"Kavachi","type":"Submarine","country":"Solomon Islands","region":"Melanesia and Australia","subregion":"Bougainville and Solomon Islands","elevation_m":-20,"last_eruption":2007},"geometry":{"type":"Point","coordinates":[157.98,-8.99]}},{"type":"Feature","properties":{"id":"255070","name":"Savo","type":"Stratovolcano","country":"Solomon Islands","region":"Melanesia and Australia","subregion":"Bougainville and Solomon Islands","elevation_m":485,"last_eruption":1847},"geometry":{"type":"Point","coordinates":[159.82,-9.13]}},{"type":"Feature","properties":{"id":"256010","name":"Tinakula","type":"Stratovolcano","country":"Solomon Islands","region":"Melanesia and Australia","subregion":"Santa Cruz Islands","elevation_m":796,"last_eruption":2017},"geometry":{"type":"Point","coordinates":[165.8,-10.39]}},{"type":"Feature","properties":{"id":"257001","name":"Motlav","type":"Stratovolcano","country":"Vanuatu","region":"Melanesia and Australia","subregion":"Vanuatu","elevation_m":411,"last_eruption":null},"geometry":{"type":"Point","coordinates":[167.67,-13.67]}},{"type":"Feature","properties":{"id":"257010","name":"Suretamatai","type":"Complex","country":"Vanuatu","region":"Melanesia and Australia","subregion":"Vanuatu","elevation_m":921,"last_eruption":1966},"geometry":{"type":"Point","coordinates":[167.47,-13.8]}},{"type":"Feature","properties":{"id":"257021","name":"Mere Lava","type":"Stratovolcano","country":"Vanuatu","region":"Melanesia and Australia","subregion":"Vanuatu","elevation_m":1028,"last_eruption":null},"geometry":{"type":"Point","coordinates":[168.05,-14.45]}},{"type":"Feature","properties":{"id":"257020","name":"Gaua","type":"Stratovolcano","country":"Vanuatu","region":"Melanesia and Australia","subregion":"Vanuatu","elevation_m":797,"last_eruption":2011},"geometry":{"type":"Point","coordinates":[167.5,-14.27]}},{"type":"Feature","properties":{"id":"257030","name":"Ambae","type":"Shield","country":"Vanuatu","region":"Melanesia and Australia","subregion":"Vanuatu","elevation_m":1496,"last_eruption":2018},"geometry":{"type":"Point","coordinates":[167.83,-15.4]}},{"type":"Feature","properties":{"id":"257040","name":"Ambrym","type":"Pyroclastic shield","country":"Vanuatu","region":"Melanesia and Australia","subregion":"Vanuatu","elevation_m":1334,"last_eruption":2018},"geometry":{"type":"Point","coordinates":[168.12,-16.25]}},{"type":"Feature","properties":{"id":"257050","name":"Lopevi","type":"Stratovolcano","country":"Vanuatu","region":"Melanesia and Australia","subregion":"Vanuatu","elevation_m":1413,"last_eruption":2007},"geometry":{"type":"Point","coordinates":[168.35,-16.51]}},{"type":"Feature","properties":{"id":"257060","name":"Epi","type":"Stratovolcano(es)","country":"Vanuatu","region":"Melanesia and Australia","subregion":"Vanuatu","elevation_m":833,"last_eruption":2004},"geometry":{"type":"Point","coordinates":[168.37,-16.68]}},{"type":"Feature","properties":{"id":"257070","name":"Kuwae","type":"Caldera","country":"Vanuatu","region":"Melanesia and Australia","subregion":"Vanuatu","elevation_m":-2,"last_eruption":1974},"geometry":{"type":"Point","coordinates":[168.54,-16.83]}},{"type":"Feature","properties":{"id":"257080","name":"NE Shepherd Islands","type":"Stratovolcano(es)","country":"Vanuatu","region":"Melanesia and Australia","subregion":"Vanuatu","elevation_m":216,"last_eruption":null},"geometry":{"type":"Point","coordinates":[168.59,-16.99]}},{"type":"Feature","properties":{"id":"257081","name":"North Vate","type":"Stratovolcano(es)","country":"Vanuatu","region":"Melanesia and Australia","subregion":"Vanuatu","elevation_m":594,"last_eruption":null},"geometry":{"type":"Point","coordinates":[168.35,-17.47]}},{"type":"Feature","properties":{"id":"257090","name":"Traitor's Head","type":"Stratovolcano","country":"Vanuatu","region":"Melanesia and Australia","subregion":"Vanuatu","elevation_m":817,"last_eruption":1881},"geometry":{"type":"Point","coordinates":[169.24,-18.75]}},{"type":"Feature","properties":{"id":"257100","name":"Yasur","type":"Stratovolcano","country":"Vanuatu","region":"Melanesia and Australia","subregion":"Vanuatu","elevation_m":361,"last_eruption":2018},"geometry":{"type":"Point","coordinates":[169.45,-19.53]}},{"type":"Feature","properties":{"id":"257110","name":"Aneityum","type":"Stratovolcano(es)","country":"Vanuatu","region":"Melanesia and Australia","subregion":"Vanuatu","elevation_m":852,"last_eruption":null},"geometry":{"type":"Point","coordinates":[169.78,-20.2]}},{"type":"Feature","properties":{"id":"258001","name":"Eastern Gemini Seamount","type":"Submarine","country":"France","region":"Melanesia and Australia","subregion":"Pacific Ocean (southwestern)","elevation_m":-80,"last_eruption":1996},"geometry":{"type":"Point","coordinates":[170.28,-20.98]}},{"type":"Feature","properties":{"id":"258010","name":"Matthew Island","type":"Stratovolcano","country":"France","region":"Melanesia and Australia","subregion":"Pacific Ocean (southwestern)","elevation_m":177,"last_eruption":1956},"geometry":{"type":"Point","coordinates":[171.32,-22.33]}},{"type":"Feature","properties":{"id":"258020","name":"Hunter Island","type":"Stratovolcano","country":"France","region":"Melanesia and Australia","subregion":"Pacific Ocean (southwestern)","elevation_m":297,"last_eruption":1903},"geometry":{"type":"Point","coordinates":[172.05,-22.4]}},{"type":"Feature","properties":{"id":"259010","name":"Newer Volcanics Province","type":"Shield(s)","country":"Australia","region":"Melanesia and Australia","subregion":"Australia","elevation_m":1011,"last_eruption":-2900},"geometry":{"type":"Point","coordinates":[142.5,-37.77]}},{"type":"Feature","properties":{"id":"260001","name":"Narcondum","type":"Stratovolcano","country":"India","region":"Indonesia","subregion":"Andaman Islands","elevation_m":710,"last_eruption":null},"geometry":{"type":"Point","coordinates":[94.28,13.43]}},{"type":"Feature","properties":{"id":"260010","name":"Barren Island","type":"Stratovolcano","country":"India","region":"Indonesia","subregion":"Andaman Islands","elevation_m":354,"last_eruption":2017},"geometry":{"type":"Point","coordinates":[93.86,12.28]}},{"type":"Feature","properties":{"id":"261020","name":"Seulawah Agam","type":"Stratovolcano","country":"Indonesia","region":"Indonesia","subregion":"Sumatra","elevation_m":1810,"last_eruption":1839},"geometry":{"type":"Point","coordinates":[95.66,5.45]}},{"type":"Feature","properties":{"id":"261030","name":"Peuet Sague","type":"Complex","country":"Indonesia","region":"Indonesia","subregion":"Sumatra","elevation_m":2801,"last_eruption":2000},"geometry":{"type":"Point","coordinates":[96.33,4.91]}},{"type":"Feature","properties":{"id":"261050","name":"Telong, Bur ni","type":"Stratovolcano","country":"Indonesia","region":"Indonesia","subregion":"Sumatra","elevation_m":2617,"last_eruption":1937},"geometry":{"type":"Point","coordinates":[96.82,4.77]}},{"type":"Feature","properties":{"id":"261070","name":"Singkut","type":"Caldera(s)","country":"Indonesia","region":"Indonesia","subregion":"Sumatra","elevation_m":2181,"last_eruption":1881},"geometry":{"type":"Point","coordinates":[98.5,3.25]}},{"type":"Feature","properties":{"id":"261080","name":"Sinabung","type":"Stratovolcano","country":"Indonesia","region":"Indonesia","subregion":"Sumatra","elevation_m":2460,"last_eruption":2018},"geometry":{"type":"Point","coordinates":[98.39,3.17]}},{"type":"Feature","properties":{"id":"261090","name":"Toba","type":"Caldera","country":"Indonesia","region":"Indonesia","subregion":"Sumatra","elevation_m":2157,"last_eruption":null},"geometry":{"type":"Point","coordinates":[98.83,2.58]}},{"type":"Feature","properties":{"id":"261111","name":"Lubukraya","type":"Stratovolcano","country":"Indonesia","region":"Indonesia","subregion":"Sumatra","elevation_m":1862,"last_eruption":null},"geometry":{"type":"Point","coordinates":[99.21,1.48]}},{"type":"Feature","properties":{"id":"261110","name":"Sibualbuali","type":"Stratovolcano","country":"Indonesia","region":"Indonesia","subregion":"Sumatra","elevation_m":1819,"last_eruption":null},"geometry":{"type":"Point","coordinates":[99.26,1.56]}},{"type":"Feature","properties":{"id":"261121","name":"Malintang","type":"Stratovolcano","country":"Indonesia","region":"Indonesia","subregion":"Sumatra","elevation_m":1983,"last_eruption":null},"geometry":{"type":"Point","coordinates":[99.67,0.47]}},{"type":"Feature","properties":{"id":"261120","name":"Sorikmarapi","type":"Stratovolcano","country":"Indonesia","region":"Indonesia","subregion":"Sumatra","elevation_m":2145,"last_eruption":1986},"geometry":{"type":"Point","coordinates":[99.54,0.69]}},{"type":"Feature","properties":{"id":"261131","name":"Sarik-Gajah","type":"Pyroclastic cone(s)","country":"Indonesia","region":"Indonesia","subregion":"Sumatra","elevation_m":737,"last_eruption":null},"geometry":{"type":"Point","coordinates":[100.19,0.07]}},{"type":"Feature","properties":{"id":"261130","name":"Talakmau","type":"Complex","country":"Indonesia","region":"Indonesia","subregion":"Sumatra","elevation_m":2919,"last_eruption":null},"geometry":{"type":"Point","coordinates":[99.98,0.08]}},{"type":"Feature","properties":{"id":"261140","name":"Marapi","type":"Complex","country":"Indonesia","region":"Indonesia","subregion":"Sumatra","elevation_m":2885,"last_eruption":2017},"geometry":{"type":"Point","coordinates":[100.47,-0.38]}},{"type":"Feature","properties":{"id":"261150","name":"Tandikat-Singgalang","type":"Stratovolcano(es)","country":"Indonesia","region":"Indonesia","subregion":"Sumatra","elevation_m":2854,"last_eruption":1924},"geometry":{"type":"Point","coordinates":[100.33,-0.39]}},{"type":"Feature","properties":{"id":"261160","name":"Talang","type":"Stratovolcano","country":"Indonesia","region":"Indonesia","subregion":"Sumatra","elevation_m":2575,"last_eruption":2007},"geometry":{"type":"Point","coordinates":[100.68,-0.98]}},{"type":"Feature","properties":{"id":"261170","name":"Kerinci","type":"Stratovolcano","country":"Indonesia","region":"Indonesia","subregion":"Sumatra","elevation_m":3800,"last_eruption":2016},"geometry":{"type":"Point","coordinates":[101.26,-1.7]}},{"type":"Feature","properties":{"id":"261180","name":"Sumbing","type":"Stratovolcano","country":"Indonesia","region":"Indonesia","subregion":"Sumatra","elevation_m":2507,"last_eruption":1921},"geometry":{"type":"Point","coordinates":[101.73,-2.41]}},{"type":"Feature","properties":{"id":"261200","name":"Hululais","type":"Compound","country":"Indonesia","region":"Indonesia","subregion":"Sumatra","elevation_m":2122,"last_eruption":null},"geometry":{"type":"Point","coordinates":[102.24,-3.25]}},{"type":"Feature","properties":{"id":"261210","name":"Daun, Bukit","type":"Stratovolcano(es)","country":"Indonesia","region":"Indonesia","subregion":"Sumatra","elevation_m":2467,"last_eruption":null},"geometry":{"type":"Point","coordinates":[102.37,-3.38]}},{"type":"Feature","properties":{"id":"261220","name":"Kaba","type":"Stratovolcano","country":"Indonesia","region":"Indonesia","subregion":"Sumatra","elevation_m":1940,"last_eruption":2000},"geometry":{"type":"Point","coordinates":[102.62,-3.52]}},{"type":"Feature","properties":{"id":"261231","name":"Patah","type":"Stratovolcano?","country":"Indonesia","region":"Indonesia","subregion":"Sumatra","elevation_m":2836,"last_eruption":null},"geometry":{"type":"Point","coordinates":[103.31,-4.26]}},{"type":"Feature","properties":{"id":"261230","name":"Dempo","type":"Stratovolcano(es)","country":"Indonesia","region":"Indonesia","subregion":"Sumatra","elevation_m":3142,"last_eruption":2017},"geometry":{"type":"Point","coordinates":[103.12,-4.02]}},{"type":"Feature","properties":{"id":"261251","name":"Ranau","type":"Caldera","country":"Indonesia","region":"Indonesia","subregion":"Sumatra","elevation_m":1881,"last_eruption":null},"geometry":{"type":"Point","coordinates":[103.92,-4.83]}},{"type":"Feature","properties":{"id":"261260","name":"Sekincau Belirang","type":"Caldera(s)","country":"Indonesia","region":"Indonesia","subregion":"Sumatra","elevation_m":1717,"last_eruption":null},"geometry":{"type":"Point","coordinates":[104.32,-5.11]}},{"type":"Feature","properties":{"id":"261270","name":"Suoh","type":"Caldera(s)","country":"Indonesia","region":"Indonesia","subregion":"Sumatra","elevation_m":1000,"last_eruption":1933},"geometry":{"type":"Point","coordinates":[104.27,-5.25]}},{"type":"Feature","properties":{"id":"261280","name":"Hulubelu","type":"Caldera","country":"Indonesia","region":"Indonesia","subregion":"Sumatra","elevation_m":849,"last_eruption":null},"geometry":{"type":"Point","coordinates":[104.59,-5.33]}},{"type":"Feature","properties":{"id":"261290","name":"Rajabasa","type":"Stratovolcano","country":"Indonesia","region":"Indonesia","subregion":"Sumatra","elevation_m":1281,"last_eruption":null},"geometry":{"type":"Point","coordinates":[105.63,-5.78]}},{"type":"Feature","properties":{"id":"262000","name":"Krakatau","type":"Caldera","country":"Indonesia","region":"Indonesia","subregion":"Krakatau","elevation_m":813,"last_eruption":2017},"geometry":{"type":"Point","coordinates":[105.42,-6.1]}},{"type":"Feature","properties":{"id":"263010","name":"Pulosari","type":"Stratovolcano","country":"Indonesia","region":"Indonesia","subregion":"Java","elevation_m":1324,"last_eruption":null},"geometry":{"type":"Point","coordinates":[105.98,-6.34]}},{"type":"Feature","properties":{"id":"263020","name":"Karang","type":"Stratovolcano","country":"Indonesia","region":"Indonesia","subregion":"Java","elevation_m":1768,"last_eruption":null},"geometry":{"type":"Point","coordinates":[106.05,-6.27]}},{"type":"Feature","properties":{"id":"263040","name":"Perbakti-Gagak","type":"Stratovolcano(es)","country":"Indonesia","region":"Indonesia","subregion":"Java","elevation_m":1699,"last_eruption":1939},"geometry":{"type":"Point","coordinates":[106.7,-6.75]}},{"type":"Feature","properties":{"id":"263050","name":"Salak","type":"Stratovolcano","country":"Indonesia","region":"Indonesia","subregion":"Java","elevation_m":2211,"last_eruption":1938},"geometry":{"type":"Point","coordinates":[106.73,-6.72]}},{"type":"Feature","properties":{"id":"263060","name":"Gede-Pangrango","type":"Stratovolcano(es)","country":"Indonesia","region":"Indonesia","subregion":"Java","elevation_m":3008,"last_eruption":1957},"geometry":{"type":"Point","coordinates":[106.97,-6.77]}},{"type":"Feature","properties":{"id":"263070","name":"Patuha","type":"Stratovolcano","country":"Indonesia","region":"Indonesia","subregion":"Java","elevation_m":2422,"last_eruption":null},"geometry":{"type":"Point","coordinates":[107.4,-7.16]}},{"type":"Feature","properties":{"id":"263090","name":"Tangkubanparahu","type":"Stratovolcano","country":"Indonesia","region":"Indonesia","subregion":"Java","elevation_m":2084,"last_eruption":2013},"geometry":{"type":"Point","coordinates":[107.6,-6.77]}},{"type":"Feature","properties":{"id":"263100","name":"Papandayan","type":"Stratovolcano(es)","country":"Indonesia","region":"Indonesia","subregion":"Java","elevation_m":2665,"last_eruption":2002},"geometry":{"type":"Point","coordinates":[107.73,-7.32]}},{"type":"Feature","properties":{"id":"263110","name":"Kendang","type":"Stratovolcano","country":"Indonesia","region":"Indonesia","subregion":"Java","elevation_m":2594,"last_eruption":null},"geometry":{"type":"Point","coordinates":[107.71,-7.24]}},{"type":"Feature","properties":{"id":"263131","name":"Tampomas","type":"Stratovolcano","country":"Indonesia","region":"Indonesia","subregion":"Java","elevation_m":1684,"last_eruption":null},"geometry":{"type":"Point","coordinates":[107.95,-6.77]}},{"type":"Feature","properties":{"id":"263130","name":"Guntur","type":"Complex","country":"Indonesia","region":"Indonesia","subregion":"Java","elevation_m":2249,"last_eruption":1847},"geometry":{"type":"Point","coordinates":[107.84,-7.14]}},{"type":"Feature","properties":{"id":"263140","name":"Galunggung","type":"Stratovolcano","country":"Indonesia","region":"Indonesia","subregion":"Java","elevation_m":2168,"last_eruption":1984},"geometry":{"type":"Point","coordinates":[108.06,-7.25]}},{"type":"Feature","properties":{"id":"263150","name":"Talagabodas","type":"Stratovolcano","country":"Indonesia","region":"Indonesia","subregion":"Java","elevation_m":2201,"last_eruption":null},"geometry":{"type":"Point","coordinates":[108.07,-7.21]}},{"type":"Feature","properties":{"id":"263170","name":"Cereme","type":"Stratovolcano","country":"Indonesia","region":"Indonesia","subregion":"Java","elevation_m":3078,"last_eruption":1951},"geometry":{"type":"Point","coordinates":[108.4,-6.89]}},{"type":"Feature","properties":{"id":"263180","name":"Slamet","type":"Stratovolcano","country":"Indonesia","region":"Indonesia","subregion":"Java","elevation_m":3428,"last_eruption":2014},"geometry":{"type":"Point","coordinates":[109.21,-7.24]}},{"type":"Feature","properties":{"id":"263200","name":"Dieng Volcanic Complex","type":"Complex","country":"Indonesia","region":"Indonesia","subregion":"Java","elevation_m":2565,"last_eruption":2017},"geometry":{"type":"Point","coordinates":[109.88,-7.2]}},{"type":"Feature","properties":{"id":"263210","name":"Sundoro","type":"Stratovolcano","country":"Indonesia","region":"Indonesia","subregion":"Java","elevation_m":3136,"last_eruption":1971},"geometry":{"type":"Point","coordinates":[109.99,-7.3]}},{"type":"Feature","properties":{"id":"263220","name":"Sumbing","type":"Stratovolcano","country":"Indonesia","region":"Indonesia","subregion":"Java","elevation_m":3371,"last_eruption":1730},"geometry":{"type":"Point","coordinates":[110.07,-7.38]}},{"type":"Feature","properties":{"id":"263231","name":"Telomoyo","type":"Stratovolcano","country":"Indonesia","region":"Indonesia","subregion":"Java","elevation_m":1864,"last_eruption":null},"geometry":{"type":"Point","coordinates":[110.4,-7.36]}},{"type":"Feature","properties":{"id":"263230","name":"Ungaran","type":"Stratovolcano","country":"Indonesia","region":"Indonesia","subregion":"Java","elevation_m":2050,"last_eruption":null},"geometry":{"type":"Point","coordinates":[110.33,-7.18]}},{"type":"Feature","properties":{"id":"263240","name":"Merbabu","type":"Stratovolcano","country":"Indonesia","region":"Indonesia","subregion":"Java","elevation_m":3118,"last_eruption":1797},"geometry":{"type":"Point","coordinates":[110.44,-7.45]}},{"type":"Feature","properties":{"id":"263251","name":"Muria","type":"Stratovolcano","country":"Indonesia","region":"Indonesia","subregion":"Java","elevation_m":1625,"last_eruption":-160},"geometry":{"type":"Point","coordinates":[110.88,-6.62]}},{"type":"Feature","properties":{"id":"263250","name":"Merapi","type":"Stratovolcano","country":"Indonesia","region":"Indonesia","subregion":"Java","elevation_m":2910,"last_eruption":2014},"geometry":{"type":"Point","coordinates":[110.45,-7.54]}},{"type":"Feature","properties":{"id":"263260","name":"Lawu","type":"Stratovolcano","country":"Indonesia","region":"Indonesia","subregion":"Java","elevation_m":3265,"last_eruption":1885},"geometry":{"type":"Point","coordinates":[111.19,-7.62]}},{"type":"Feature","properties":{"id":"263270","name":"Wilis","type":"Stratovolcano","country":"Indonesia","region":"Indonesia","subregion":"Java","elevation_m":2563,"last_eruption":null},"geometry":{"type":"Point","coordinates":[111.76,-7.81]}},{"type":"Feature","properties":{"id":"263281","name":"Kawi-Butak","type":"Stratovolcano(es)","country":"Indonesia","region":"Indonesia","subregion":"Java","elevation_m":2651,"last_eruption":null},"geometry":{"type":"Point","coordinates":[112.45,-7.92]}},{"type":"Feature","properties":{"id":"263280","name":"Kelut","type":"Stratovolcano","country":"Indonesia","region":"Indonesia","subregion":"Java","elevation_m":1731,"last_eruption":2014},"geometry":{"type":"Point","coordinates":[112.31,-7.93]}},{"type":"Feature","properties":{"id":"263291","name":"Penanggungan","type":"Stratovolcano","country":"Indonesia","region":"Indonesia","subregion":"Java","elevation_m":1631,"last_eruption":null},"geometry":{"type":"Point","coordinates":[112.62,-7.62]}},{"type":"Feature","properties":{"id":"263292","name":"Malang Plain","type":"Maar(s)","country":"Indonesia","region":"Indonesia","subregion":"Java","elevation_m":680,"last_eruption":null},"geometry":{"type":"Point","coordinates":[112.68,-8.02]}},{"type":"Feature","properties":{"id":"263290","name":"Arjuno-Welirang","type":"Stratovolcano","country":"Indonesia","region":"Indonesia","subregion":"Java","elevation_m":3339,"last_eruption":1952},"geometry":{"type":"Point","coordinates":[112.58,-7.73]}},{"type":"Feature","properties":{"id":"263300","name":"Semeru","type":"Stratovolcano","country":"Indonesia","region":"Indonesia","subregion":"Java","elevation_m":3657,"last_eruption":2018},"geometry":{"type":"Point","coordinates":[112.92,-8.11]}},{"type":"Feature","properties":{"id":"263310","name":"Tengger Caldera","type":"Stratovolcano(es)","country":"Indonesia","region":"Indonesia","subregion":"Java","elevation_m":2329,"last_eruption":2016},"geometry":{"type":"Point","coordinates":[112.95,-7.94]}},{"type":"Feature","properties":{"id":"263320","name":"Lamongan","type":"Stratovolcano","country":"Indonesia","region":"Indonesia","subregion":"Java","elevation_m":1651,"last_eruption":1898},"geometry":{"type":"Point","coordinates":[113.34,-7.98]}},{"type":"Feature","properties":{"id":"263330","name":"Iyang-Argapura","type":"Complex","country":"Indonesia","region":"Indonesia","subregion":"Java","elevation_m":3088,"last_eruption":null},"geometry":{"type":"Point","coordinates":[113.57,-7.97]}},{"type":"Feature","properties":{"id":"263340","name":"Raung","type":"Stratovolcano","country":"Indonesia","region":"Indonesia","subregion":"Java","elevation_m":3260,"last_eruption":2015},"geometry":{"type":"Point","coordinates":[114.06,-8.12]}},{"type":"Feature","properties":{"id":"263351","name":"Baluran","type":"Stratovolcano","country":"Indonesia","region":"Indonesia","subregion":"Java","elevation_m":1247,"last_eruption":null},"geometry":{"type":"Point","coordinates":[114.37,-7.85]}},{"type":"Feature","properties":{"id":"263350","name":"Ijen","type":"Stratovolcano(es)","country":"Indonesia","region":"Indonesia","subregion":"Java","elevation_m":2769,"last_eruption":1999},"geometry":{"type":"Point","coordinates":[114.24,-8.06]}},{"type":"Feature","properties":{"id":"264001","name":"Buyan-Bratan","type":"Caldera","country":"Indonesia","region":"Indonesia","subregion":"Lesser Sunda Islands","elevation_m":2244,"last_eruption":null},"geometry":{"type":"Point","coordinates":[115.13,-8.28]}},{"type":"Feature","properties":{"id":"264010","name":"Batur","type":"Caldera","country":"Indonesia","region":"Indonesia","subregion":"Lesser Sunda Islands","elevation_m":1717,"last_eruption":2000},"geometry":{"type":"Point","coordinates":[115.38,-8.24]}},{"type":"Feature","properties":{"id":"264020","name":"Agung","type":"Stratovolcano","country":"Indonesia","region":"Indonesia","subregion":"Lesser Sunda Islands","elevation_m":2997,"last_eruption":2018},"geometry":{"type":"Point","coordinates":[115.51,-8.34]}},{"type":"Feature","properties":{"id":"264030","name":"Rinjani","type":"Stratovolcano","country":"Indonesia","region":"Indonesia","subregion":"Lesser Sunda Islands","elevation_m":3726,"last_eruption":2016},"geometry":{"type":"Point","coordinates":[116.47,-8.42]}},{"type":"Feature","properties":{"id":"264040","name":"Tambora","type":"Stratovolcano","country":"Indonesia","region":"Indonesia","subregion":"Lesser Sunda Islands","elevation_m":2850,"last_eruption":1967},"geometry":{"type":"Point","coordinates":[118,-8.25]}},{"type":"Feature","properties":{"id":"264050","name":"Sangeang Api","type":"Complex","country":"Indonesia","region":"Indonesia","subregion":"Lesser Sunda Islands","elevation_m":1949,"last_eruption":2017},"geometry":{"type":"Point","coordinates":[119.07,-8.2]}},{"type":"Feature","properties":{"id":"264060","name":"Sano, Wai","type":"Caldera","country":"Indonesia","region":"Indonesia","subregion":"Lesser Sunda Islands","elevation_m":903,"last_eruption":null},"geometry":{"type":"Point","coordinates":[120.02,-8.72]}},{"type":"Feature","properties":{"id":"264071","name":"Ranakah","type":"Lava dome(s)","country":"Indonesia","region":"Indonesia","subregion":"Lesser Sunda Islands","elevation_m":2350,"last_eruption":1991},"geometry":{"type":"Point","coordinates":[120.52,-8.62]}},{"type":"Feature","properties":{"id":"264070","name":"Poco Leok","type":"Stratovolcano","country":"Indonesia","region":"Indonesia","subregion":"Lesser Sunda Islands","elevation_m":1675,"last_eruption":null},"geometry":{"type":"Point","coordinates":[120.48,-8.68]}},{"type":"Feature","properties":{"id":"264080","name":"Inierie","type":"Stratovolcano","country":"Indonesia","region":"Indonesia","subregion":"Lesser Sunda Islands","elevation_m":2245,"last_eruption":-8050},"geometry":{"type":"Point","coordinates":[120.95,-8.87]}},{"type":"Feature","properties":{"id":"264090","name":"Inielika","type":"Complex","country":"Indonesia","region":"Indonesia","subregion":"Lesser Sunda Islands","elevation_m":1559,"last_eruption":2001},"geometry":{"type":"Point","coordinates":[120.98,-8.73]}},{"type":"Feature","properties":{"id":"264100","name":"Ebulobo","type":"Stratovolcano","country":"Indonesia","region":"Indonesia","subregion":"Lesser Sunda Islands","elevation_m":2124,"last_eruption":1969},"geometry":{"type":"Point","coordinates":[121.18,-8.82]}},{"type":"Feature","properties":{"id":"264110","name":"Iya","type":"Stratovolcano","country":"Indonesia","region":"Indonesia","subregion":"Lesser Sunda Islands","elevation_m":637,"last_eruption":1969},"geometry":{"type":"Point","coordinates":[121.65,-8.9]}},{"type":"Feature","properties":{"id":"264120","name":"Sukaria Caldera","type":"Caldera","country":"Indonesia","region":"Indonesia","subregion":"Lesser Sunda Islands","elevation_m":1500,"last_eruption":null},"geometry":{"type":"Point","coordinates":[121.77,-8.79]}},{"type":"Feature","properties":{"id":"264140","name":"Kelimutu","type":"Complex","country":"Indonesia","region":"Indonesia","subregion":"Lesser Sunda Islands","elevation_m":1639,"last_eruption":1968},"geometry":{"type":"Point","coordinates":[121.82,-8.77]}},{"type":"Feature","properties":{"id":"264150","name":"Paluweh","type":"Stratovolcano","country":"Indonesia","region":"Indonesia","subregion":"Lesser Sunda Islands","elevation_m":875,"last_eruption":2013},"geometry":{"type":"Point","coordinates":[121.71,-8.32]}},{"type":"Feature","properties":{"id":"264160","name":"Egon","type":"Stratovolcano","country":"Indonesia","region":"Indonesia","subregion":"Lesser Sunda Islands","elevation_m":1661,"last_eruption":2008},"geometry":{"type":"Point","coordinates":[122.46,-8.68]}},{"type":"Feature","properties":{"id":"264170","name":"Ilimuda","type":"Stratovolcano","country":"Indonesia","region":"Indonesia","subregion":"Lesser Sunda Islands","elevation_m":881,"last_eruption":null},"geometry":{"type":"Point","coordinates":[122.76,-8.48]}},{"type":"Feature","properties":{"id":"264180","name":"Lewotobi","type":"Stratovolcano(es)","country":"Indonesia","region":"Indonesia","subregion":"Lesser Sunda Islands","elevation_m":1703,"last_eruption":2003},"geometry":{"type":"Point","coordinates":[122.78,-8.54]}},{"type":"Feature","properties":{"id":"264200","name":"Leroboleng","type":"Complex","country":"Indonesia","region":"Indonesia","subregion":"Lesser Sunda Islands","elevation_m":1095,"last_eruption":2003},"geometry":{"type":"Point","coordinates":[122.83,-8.36]}},{"type":"Feature","properties":{"id":"264220","name":"Iliboleng","type":"Stratovolcano","country":"Indonesia","region":"Indonesia","subregion":"Lesser Sunda Islands","elevation_m":1659,"last_eruption":1993},"geometry":{"type":"Point","coordinates":[123.26,-8.34]}},{"type":"Feature","properties":{"id":"264230","name":"Lewotolo","type":"Stratovolcano","country":"Indonesia","region":"Indonesia","subregion":"Lesser Sunda Islands","elevation_m":1423,"last_eruption":2012},"geometry":{"type":"Point","coordinates":[123.51,-8.27]}},{"type":"Feature","properties":{"id":"264240","name":"Ililabalekan","type":"Stratovolcano","country":"Indonesia","region":"Indonesia","subregion":"Lesser Sunda Islands","elevation_m":1018,"last_eruption":null},"geometry":{"type":"Point","coordinates":[123.38,-8.55]}},{"type":"Feature","properties":{"id":"264250","name":"Iliwerung","type":"Complex","country":"Indonesia","region":"Indonesia","subregion":"Lesser Sunda Islands","elevation_m":1018,"last_eruption":2013},"geometry":{"type":"Point","coordinates":[123.57,-8.53]}},{"type":"Feature","properties":{"id":"264260","name":"Tara, Batu","type":"Stratovolcano","country":"Indonesia","region":"Indonesia","subregion":"Lesser Sunda Islands","elevation_m":633,"last_eruption":2015},"geometry":{"type":"Point","coordinates":[123.59,-7.79]}},{"type":"Feature","properties":{"id":"264270","name":"Sirung","type":"Complex","country":"Indonesia","region":"Indonesia","subregion":"Lesser Sunda Islands","elevation_m":862,"last_eruption":2015},"geometry":{"type":"Point","coordinates":[124.13,-8.51]}},{"type":"Feature","properties":{"id":"265030","name":"Gunungapi Wetar","type":"Stratovolcano","country":"Indonesia","region":"Indonesia","subregion":"Banda Sea","elevation_m":282,"last_eruption":1699},"geometry":{"type":"Point","coordinates":[126.65,-6.64]}},{"type":"Feature","properties":{"id":"265040","name":"Wurlali","type":"Stratovolcano","country":"Indonesia","region":"Indonesia","subregion":"Banda Sea","elevation_m":868,"last_eruption":1892},"geometry":{"type":"Point","coordinates":[128.68,-7.12]}},{"type":"Feature","properties":{"id":"265050","name":"Teon","type":"Stratovolcano","country":"Indonesia","region":"Indonesia","subregion":"Banda Sea","elevation_m":728,"last_eruption":1904},"geometry":{"type":"Point","coordinates":[129.14,-6.98]}},{"type":"Feature","properties":{"id":"265060","name":"Nila","type":"Stratovolcano","country":"Indonesia","region":"Indonesia","subregion":"Banda Sea","elevation_m":781,"last_eruption":1968},"geometry":{"type":"Point","coordinates":[129.5,-6.73]}},{"type":"Feature","properties":{"id":"265070","name":"Serua","type":"Stratovolcano","country":"Indonesia","region":"Indonesia","subregion":"Banda Sea","elevation_m":608,"last_eruption":1921},"geometry":{"type":"Point","coordinates":[130.02,-6.31]}},{"type":"Feature","properties":{"id":"265080","name":"Manuk","type":"Stratovolcano","country":"Indonesia","region":"Indonesia","subregion":"Banda Sea","elevation_m":257,"last_eruption":null},"geometry":{"type":"Point","coordinates":[130.3,-5.54]}},{"type":"Feature","properties":{"id":"265090","name":"Banda Api","type":"Caldera","country":"Indonesia","region":"Indonesia","subregion":"Banda Sea","elevation_m":596,"last_eruption":1988},"geometry":{"type":"Point","coordinates":[129.88,-4.52]}},{"type":"Feature","properties":{"id":"266010","name":"Colo","type":"Stratovolcano","country":"Indonesia","region":"Indonesia","subregion":"Sulawesi","elevation_m":404,"last_eruption":1983},"geometry":{"type":"Point","coordinates":[121.6,-0.16]}},{"type":"Feature","properties":{"id":"266020","name":"Ambang","type":"Complex","country":"Indonesia","region":"Indonesia","subregion":"Sulawesi","elevation_m":1795,"last_eruption":2005},"geometry":{"type":"Point","coordinates":[124.42,0.75]}},{"type":"Feature","properties":{"id":"266030","name":"Soputan","type":"Stratovolcano","country":"Indonesia","region":"Indonesia","subregion":"Sulawesi","elevation_m":1785,"last_eruption":2016},"geometry":{"type":"Point","coordinates":[124.74,1.11]}},{"type":"Feature","properties":{"id":"266040","name":"Riendengan-Sempu","type":"Caldera","country":"Indonesia","region":"Indonesia","subregion":"Sulawesi","elevation_m":1549,"last_eruption":null},"geometry":{"type":"Point","coordinates":[124.76,1.13]}},{"type":"Feature","properties":{"id":"266070","name":"Tondano Caldera","type":"Caldera","country":"Indonesia","region":"Indonesia","subregion":"Sulawesi","elevation_m":1202,"last_eruption":null},"geometry":{"type":"Point","coordinates":[124.83,1.23]}},{"type":"Feature","properties":{"id":"266100","name":"Lokon-Empung","type":"Stratovolcano(es)","country":"Indonesia","region":"Indonesia","subregion":"Sulawesi","elevation_m":1580,"last_eruption":2015},"geometry":{"type":"Point","coordinates":[124.79,1.36]}},{"type":"Feature","properties":{"id":"266110","name":"Mahawu","type":"Stratovolcano","country":"Indonesia","region":"Indonesia","subregion":"Sulawesi","elevation_m":1299,"last_eruption":1977},"geometry":{"type":"Point","coordinates":[124.87,1.35]}},{"type":"Feature","properties":{"id":"266120","name":"Klabat","type":"Stratovolcano","country":"Indonesia","region":"Indonesia","subregion":"Sulawesi","elevation_m":1968,"last_eruption":null},"geometry":{"type":"Point","coordinates":[125.03,1.45]}},{"type":"Feature","properties":{"id":"266130","name":"Tangkoko-Duasudara","type":"Stratovolcano","country":"Indonesia","region":"Indonesia","subregion":"Sulawesi","elevation_m":1334,"last_eruption":1880},"geometry":{"type":"Point","coordinates":[125.19,1.52]}},{"type":"Feature","properties":{"id":"267010","name":"Ruang","type":"Stratovolcano","country":"Indonesia","region":"Indonesia","subregion":"Sangihe Islands","elevation_m":725,"last_eruption":2002},"geometry":{"type":"Point","coordinates":[125.37,2.3]}},{"type":"Feature","properties":{"id":"267020","name":"Karangetang","type":"Stratovolcano","country":"Indonesia","region":"Indonesia","subregion":"Sangihe Islands","elevation_m":1797,"last_eruption":2018},"geometry":{"type":"Point","coordinates":[125.41,2.78]}},{"type":"Feature","properties":{"id":"267030","name":"Banua Wuhu","type":"Submarine","country":"Indonesia","region":"Indonesia","subregion":"Sangihe Islands","elevation_m":-5,"last_eruption":1919},"geometry":{"type":"Point","coordinates":[125.49,3.14]}},{"type":"Feature","properties":{"id":"267040","name":"Awu","type":"Stratovolcano","country":"Indonesia","region":"Indonesia","subregion":"Sangihe Islands","elevation_m":1318,"last_eruption":2004},"geometry":{"type":"Point","coordinates":[125.45,3.69]}},{"type":"Feature","properties":{"id":"268001","name":"Tarakan","type":"Pyroclastic cone(s)","country":"Indonesia","region":"Indonesia","subregion":"Halmahera","elevation_m":318,"last_eruption":null},"geometry":{"type":"Point","coordinates":[127.83,1.83]}},{"type":"Feature","properties":{"id":"268010","name":"Dukono","type":"Complex","country":"Indonesia","region":"Indonesia","subregion":"Halmahera","elevation_m":1229,"last_eruption":2018},"geometry":{"type":"Point","coordinates":[127.89,1.69]}},{"type":"Feature","properties":{"id":"268020","name":"Tobaru","type":"Unknown","country":"Indonesia","region":"Indonesia","subregion":"Halmahera","elevation_m":1035,"last_eruption":null},"geometry":{"type":"Point","coordinates":[127.67,1.63]}},{"type":"Feature","properties":{"id":"268030","name":"Ibu","type":"Stratovolcano","country":"Indonesia","region":"Indonesia","subregion":"Halmahera","elevation_m":1325,"last_eruption":2018},"geometry":{"type":"Point","coordinates":[127.63,1.49]}},{"type":"Feature","properties":{"id":"268040","name":"Gamkonora","type":"Stratovolcano","country":"Indonesia","region":"Indonesia","subregion":"Halmahera","elevation_m":1635,"last_eruption":2007},"geometry":{"type":"Point","coordinates":[127.53,1.38]}},{"type":"Feature","properties":{"id":"268051","name":"Jailolo","type":"Stratovolcano","country":"Indonesia","region":"Indonesia","subregion":"Halmahera","elevation_m":993,"last_eruption":null},"geometry":{"type":"Point","coordinates":[127.44,1.08]}},{"type":"Feature","properties":{"id":"268052","name":"Hiri","type":"Stratovolcano","country":"Indonesia","region":"Indonesia","subregion":"Halmahera","elevation_m":630,"last_eruption":null},"geometry":{"type":"Point","coordinates":[127.32,0.9]}},{"type":"Feature","properties":{"id":"268050","name":"Todoko-Ranu","type":"Caldera(s)","country":"Indonesia","region":"Indonesia","subregion":"Halmahera","elevation_m":979,"last_eruption":null},"geometry":{"type":"Point","coordinates":[127.47,1.25]}},{"type":"Feature","properties":{"id":"268061","name":"Tidore","type":"Stratovolcano","country":"Indonesia","region":"Indonesia","subregion":"Halmahera","elevation_m":1730,"last_eruption":null},"geometry":{"type":"Point","coordinates":[127.4,0.66]}},{"type":"Feature","properties":{"id":"268062","name":"Mare","type":"Stratovolcano","country":"Indonesia","region":"Indonesia","subregion":"Halmahera","elevation_m":308,"last_eruption":null},"geometry":{"type":"Point","coordinates":[127.4,0.57]}},{"type":"Feature","properties":{"id":"268063","name":"Moti","type":"Stratovolcano","country":"Indonesia","region":"Indonesia","subregion":"Halmahera","elevation_m":927,"last_eruption":null},"geometry":{"type":"Point","coordinates":[127.41,0.45]}},{"type":"Feature","properties":{"id":"268060","name":"Gamalama","type":"Stratovolcano(es)","country":"Indonesia","region":"Indonesia","subregion":"Halmahera","elevation_m":1715,"last_eruption":2016},"geometry":{"type":"Point","coordinates":[127.33,0.8]}},{"type":"Feature","properties":{"id":"268071","name":"Tigalalu","type":"Stratovolcano","country":"Indonesia","region":"Indonesia","subregion":"Halmahera","elevation_m":422,"last_eruption":null},"geometry":{"type":"Point","coordinates":[127.42,0.07]}},{"type":"Feature","properties":{"id":"268072","name":"Amasing","type":"Stratovolcano(es)","country":"Indonesia","region":"Indonesia","subregion":"Halmahera","elevation_m":1030,"last_eruption":null},"geometry":{"type":"Point","coordinates":[127.48,-0.53]}},{"type":"Feature","properties":{"id":"268073","name":"Bibinoi","type":"Stratovolcano(es)","country":"Indonesia","region":"Indonesia","subregion":"Halmahera","elevation_m":932,"last_eruption":null},"geometry":{"type":"Point","coordinates":[127.73,-0.76]}},{"type":"Feature","properties":{"id":"268070","name":"Makian","type":"Stratovolcano","country":"Indonesia","region":"Indonesia","subregion":"Halmahera","elevation_m":1357,"last_eruption":1988},"geometry":{"type":"Point","coordinates":[127.4,0.32]}},{"type":"Feature","properties":{"id":"271011","name":"Parker","type":"Stratovolcano","country":"Philippines","region":"Philippines and SE Asia","subregion":"Mindanao","elevation_m":1824,"last_eruption":1641},"geometry":{"type":"Point","coordinates":[124.89,6.11]}},{"type":"Feature","properties":{"id":"271010","name":"Balut","type":"Stratovolcano","country":"Philippines","region":"Philippines and SE Asia","subregion":"Mindanao","elevation_m":862,"last_eruption":null},"geometry":{"type":"Point","coordinates":[125.38,5.4]}},{"type":"Feature","properties":{"id":"271020","name":"Matutum","type":"Stratovolcano","country":"Philippines","region":"Philippines and SE Asia","subregion":"Mindanao","elevation_m":2286,"last_eruption":1290},"geometry":{"type":"Point","coordinates":[125.07,6.37]}},{"type":"Feature","properties":{"id":"271031","name":"Leonard Range","type":"Stratovolcano","country":"Philippines","region":"Philippines and SE Asia","subregion":"Mindanao","elevation_m":1080,"last_eruption":120},"geometry":{"type":"Point","coordinates":[126.05,7.38]}},{"type":"Feature","properties":{"id":"271030","name":"Apo","type":"Stratovolcano","country":"Philippines","region":"Philippines and SE Asia","subregion":"Mindanao","elevation_m":2938,"last_eruption":null},"geometry":{"type":"Point","coordinates":[125.27,6.99]}},{"type":"Feature","properties":{"id":"271040","name":"Makaturing","type":"Stratovolcano","country":"Philippines","region":"Philippines and SE Asia","subregion":"Mindanao","elevation_m":1940,"last_eruption":1882},"geometry":{"type":"Point","coordinates":[124.32,7.65]}},{"type":"Feature","properties":{"id":"271050","name":"Latukan","type":"Stratovolcano","country":"Philippines","region":"Philippines and SE Asia","subregion":"Mindanao","elevation_m":2338,"last_eruption":null},"geometry":{"type":"Point","coordinates":[124.45,7.65]}},{"type":"Feature","properties":{"id":"271061","name":"Kalatungan","type":"Stratovolcano","country":"Philippines","region":"Philippines and SE Asia","subregion":"Mindanao","elevation_m":2824,"last_eruption":null},"geometry":{"type":"Point","coordinates":[124.8,7.95]}},{"type":"Feature","properties":{"id":"271060","name":"Ragang","type":"Stratovolcano","country":"Philippines","region":"Philippines and SE Asia","subregion":"Mindanao","elevation_m":2815,"last_eruption":1873},"geometry":{"type":"Point","coordinates":[124.5,7.7]}},{"type":"Feature","properties":{"id":"271071","name":"Malindang","type":"Stratovolcano","country":"Philippines","region":"Philippines and SE Asia","subregion":"Mindanao","elevation_m":2404,"last_eruption":null},"geometry":{"type":"Point","coordinates":[123.63,8.22]}},{"type":"Feature","properties":{"id":"271070","name":"Musuan","type":"Lava dome","country":"Philippines","region":"Philippines and SE Asia","subregion":"Mindanao","elevation_m":646,"last_eruption":1886},"geometry":{"type":"Point","coordinates":[125.07,7.88]}},{"type":"Feature","properties":{"id":"271080","name":"Camiguin","type":"Stratovolcano(es)","country":"Philippines","region":"Philippines and SE Asia","subregion":"Mindanao","elevation_m":1552,"last_eruption":1953},"geometry":{"type":"Point","coordinates":[124.67,9.2]}},{"type":"Feature","properties":{"id":"272010","name":"Cuernos de Negros","type":"Complex","country":"Philippines","region":"Philippines and SE Asia","subregion":"Central Philippines","elevation_m":1862,"last_eruption":null},"geometry":{"type":"Point","coordinates":[123.17,9.25]}},{"type":"Feature","properties":{"id":"272020","name":"Kanlaon","type":"Stratovolcano","country":"Philippines","region":"Philippines and SE Asia","subregion":"Central Philippines","elevation_m":2435,"last_eruption":2017},"geometry":{"type":"Point","coordinates":[123.13,10.41]}},{"type":"Feature","properties":{"id":"272030","name":"Mandalagan","type":"Complex","country":"Philippines","region":"Philippines and SE Asia","subregion":"Central Philippines","elevation_m":1885,"last_eruption":null},"geometry":{"type":"Point","coordinates":[123.25,10.65]}},{"type":"Feature","properties":{"id":"272040","name":"Silay","type":"Stratovolcano","country":"Philippines","region":"Philippines and SE Asia","subregion":"Central Philippines","elevation_m":1510,"last_eruption":null},"geometry":{"type":"Point","coordinates":[123.23,10.77]}},{"type":"Feature","properties":{"id":"272050","name":"Cabalían","type":"Stratovolcano","country":"Philippines","region":"Philippines and SE Asia","subregion":"Central Philippines","elevation_m":912,"last_eruption":1820},"geometry":{"type":"Point","coordinates":[125.22,10.29]}},{"type":"Feature","properties":{"id":"272070","name":"Mahagnao","type":"Stratovolcano","country":"Philippines","region":"Philippines and SE Asia","subregion":"Central Philippines","elevation_m":860,"last_eruption":null},"geometry":{"type":"Point","coordinates":[124.89,10.88]}},{"type":"Feature","properties":{"id":"272080","name":"Biliran","type":"Compound","country":"Philippines","region":"Philippines and SE Asia","subregion":"Central Philippines","elevation_m":1301,"last_eruption":1939},"geometry":{"type":"Point","coordinates":[124.54,11.52]}},{"type":"Feature","properties":{"id":"273010","name":"Bulusan","type":"Stratovolcano(es)","country":"Philippines","region":"Philippines and SE Asia","subregion":"Luzon","elevation_m":1535,"last_eruption":2017},"geometry":{"type":"Point","coordinates":[124.06,12.77]}},{"type":"Feature","properties":{"id":"273020","name":"Pocdol Mountains","type":"Compound","country":"Philippines","region":"Philippines and SE Asia","subregion":"Luzon","elevation_m":1102,"last_eruption":null},"geometry":{"type":"Point","coordinates":[123.96,13.05]}},{"type":"Feature","properties":{"id":"273031","name":"Masaraga","type":"Stratovolcano","country":"Philippines","region":"Philippines and SE Asia","subregion":"Luzon","elevation_m":1328,"last_eruption":null},"geometry":{"type":"Point","coordinates":[123.6,13.32]}},{"type":"Feature","properties":{"id":"273030","name":"Mayon","type":"Stratovolcano","country":"Philippines","region":"Philippines and SE Asia","subregion":"Luzon","elevation_m":2462,"last_eruption":2018},"geometry":{"type":"Point","coordinates":[123.69,13.26]}},{"type":"Feature","properties":{"id":"273041","name":"Iriga","type":"Stratovolcano","country":"Philippines","region":"Philippines and SE Asia","subregion":"Luzon","elevation_m":1138,"last_eruption":null},"geometry":{"type":"Point","coordinates":[123.45,13.46]}},{"type":"Feature","properties":{"id":"273042","name":"Isarog","type":"Stratovolcano","country":"Philippines","region":"Philippines and SE Asia","subregion":"Luzon","elevation_m":1966,"last_eruption":-3500},"geometry":{"type":"Point","coordinates":[123.38,13.66]}},{"type":"Feature","properties":{"id":"273044","name":"Malindig","type":"Stratovolcano","country":"Philippines","region":"Philippines and SE Asia","subregion":"Luzon","elevation_m":1157,"last_eruption":null},"geometry":{"type":"Point","coordinates":[122.02,13.24]}},{"type":"Feature","properties":{"id":"273050","name":"Banahaw","type":"Complex","country":"Philippines","region":"Philippines and SE Asia","subregion":"Luzon","elevation_m":2158,"last_eruption":null},"geometry":{"type":"Point","coordinates":[121.48,14.07]}},{"type":"Feature","properties":{"id":"273060","name":"San Pablo Volcanic Field","type":"Stratovolcano","country":"Philippines","region":"Philippines and SE Asia","subregion":"Luzon","elevation_m":1090,"last_eruption":1350},"geometry":{"type":"Point","coordinates":[121.3,14.12]}},{"type":"Feature","properties":{"id":"273070","name":"Taal","type":"Caldera","country":"Philippines","region":"Philippines and SE Asia","subregion":"Luzon","elevation_m":311,"last_eruption":1977},"geometry":{"type":"Point","coordinates":[120.99,14]}},{"type":"Feature","properties":{"id":"273081","name":"Mariveles","type":"Stratovolcano","country":"Philippines","region":"Philippines and SE Asia","subregion":"Luzon","elevation_m":1388,"last_eruption":-2050},"geometry":{"type":"Point","coordinates":[120.47,14.52]}},{"type":"Feature","properties":{"id":"273082","name":"Natib","type":"Stratovolcano","country":"Philippines","region":"Philippines and SE Asia","subregion":"Luzon","elevation_m":1253,"last_eruption":null},"geometry":{"type":"Point","coordinates":[120.4,14.72]}},{"type":"Feature","properties":{"id":"273083","name":"Pinatubo","type":"Stratovolcano","country":"Philippines","region":"Philippines and SE Asia","subregion":"Luzon","elevation_m":1486,"last_eruption":1993},"geometry":{"type":"Point","coordinates":[120.35,15.13]}},{"type":"Feature","properties":{"id":"273084","name":"Arayat","type":"Stratovolcano","country":"Philippines","region":"Philippines and SE Asia","subregion":"Luzon","elevation_m":1026,"last_eruption":null},"geometry":{"type":"Point","coordinates":[120.74,15.2]}},{"type":"Feature","properties":{"id":"273085","name":"Amorong","type":"Lava dome(s)","country":"Philippines","region":"Philippines and SE Asia","subregion":"Luzon","elevation_m":376,"last_eruption":null},"geometry":{"type":"Point","coordinates":[120.81,15.83]}},{"type":"Feature","properties":{"id":"273087","name":"Patoc","type":"Stratovolcano","country":"Philippines","region":"Philippines and SE Asia","subregion":"Luzon","elevation_m":1865,"last_eruption":null},"geometry":{"type":"Point","coordinates":[120.98,17.15]}},{"type":"Feature","properties":{"id":"273088","name":"Ambalatungan Group","type":"Compound","country":"Philippines","region":"Philippines and SE Asia","subregion":"Luzon","elevation_m":2329,"last_eruption":null},"geometry":{"type":"Point","coordinates":[121.1,17.32]}},{"type":"Feature","properties":{"id":"273080","name":"Laguna Caldera","type":"Caldera","country":"Philippines","region":"Philippines and SE Asia","subregion":"Luzon","elevation_m":743,"last_eruption":null},"geometry":{"type":"Point","coordinates":[121.27,14.42]}},{"type":"Feature","properties":{"id":"273090","name":"Cagua","type":"Stratovolcano","country":"Philippines","region":"Philippines and SE Asia","subregion":"Luzon","elevation_m":1133,"last_eruption":1860},"geometry":{"type":"Point","coordinates":[122.12,18.22]}},{"type":"Feature","properties":{"id":"274010","name":"Camiguin de Babuyanes","type":"Stratovolcano","country":"Philippines","region":"Philippines and SE Asia","subregion":"North of Luzon","elevation_m":712,"last_eruption":1857},"geometry":{"type":"Point","coordinates":[121.86,18.83]}},{"type":"Feature","properties":{"id":"274020","name":"Didicas","type":"Compound","country":"Philippines","region":"Philippines and SE Asia","subregion":"North of Luzon","elevation_m":228,"last_eruption":1978},"geometry":{"type":"Point","coordinates":[122.2,19.08]}},{"type":"Feature","properties":{"id":"274030","name":"Babuyan Claro","type":"Stratovolcano(es)","country":"Philippines","region":"Philippines and SE Asia","subregion":"North of Luzon","elevation_m":1080,"last_eruption":1924},"geometry":{"type":"Point","coordinates":[121.94,19.52]}},{"type":"Feature","properties":{"id":"274050","name":"Unnamed","type":"Submarine","country":"Philippines","region":"Philippines and SE Asia","subregion":"North of Luzon","elevation_m":-24,"last_eruption":1854},"geometry":{"type":"Point","coordinates":[121.75,20.33]}},{"type":"Feature","properties":{"id":"274060","name":"Iraya","type":"Stratovolcano","country":"Philippines","region":"Philippines and SE Asia","subregion":"North of Luzon","elevation_m":1009,"last_eruption":1454},"geometry":{"type":"Point","coordinates":[122.01,20.47]}},{"type":"Feature","properties":{"id":"275001","name":"Hainan Volcanic Field","type":"Pyroclastic cone(s)","country":"China","region":"Philippines and SE Asia","subregion":"Southeast Asia","elevation_m":196,"last_eruption":1933},"geometry":{"type":"Point","coordinates":[110.23,19.91]}},{"type":"Feature","properties":{"id":"275020","name":"Ly Son Group","type":"Volcanic field","country":"Vietnam","region":"Philippines and SE Asia","subregion":"Southeast Asia","elevation_m":157,"last_eruption":null},"geometry":{"type":"Point","coordinates":[109.12,15.38]}},{"type":"Feature","properties":{"id":"275030","name":"Toroeng Prong","type":"Pyroclastic cone","country":"Vietnam","region":"Philippines and SE Asia","subregion":"Southeast Asia","elevation_m":800,"last_eruption":null},"geometry":{"type":"Point","coordinates":[108,14.93]}},{"type":"Feature","properties":{"id":"275040","name":"Haut Dong Nai","type":"Volcanic field","country":"Vietnam","region":"Philippines and SE Asia","subregion":"Southeast Asia","elevation_m":1000,"last_eruption":null},"geometry":{"type":"Point","coordinates":[108.2,11.6]}},{"type":"Feature","properties":{"id":"275050","name":"Bas Dong Nai","type":"Volcanic field","country":"Vietnam","region":"Philippines and SE Asia","subregion":"Southeast Asia","elevation_m":392,"last_eruption":null},"geometry":{"type":"Point","coordinates":[107.2,10.8]}},{"type":"Feature","properties":{"id":"275060","name":"Cendres, Ile des","type":"Submarine","country":"Vietnam","region":"Philippines and SE Asia","subregion":"Southeast Asia","elevation_m":-20,"last_eruption":1923},"geometry":{"type":"Point","coordinates":[109.01,10.16]}},{"type":"Feature","properties":{"id":"275070","name":"Veteran","type":"Submarine","country":"Vietnam","region":"Philippines and SE Asia","subregion":"Southeast Asia","elevation_m":-50,"last_eruption":null},"geometry":{"type":"Point","coordinates":[109.05,9.83]}},{"type":"Feature","properties":{"id":"275080","name":"Popa","type":"Stratovolcano","country":"Burma (Myanmar)","region":"Philippines and SE Asia","subregion":"Southeast Asia","elevation_m":1518,"last_eruption":-442},"geometry":{"type":"Point","coordinates":[95.25,20.92]}},{"type":"Feature","properties":{"id":"275100","name":"Singu Plateau","type":"Fissure vent(s)","country":"Burma (Myanmar)","region":"Philippines and SE Asia","subregion":"Southeast Asia","elevation_m":507,"last_eruption":null},"geometry":{"type":"Point","coordinates":[95.98,22.7]}},{"type":"Feature","properties":{"id":"275110","name":"Tengchong","type":"Pyroclastic cone(s)","country":"China","region":"Philippines and SE Asia","subregion":"Southeast Asia","elevation_m":2865,"last_eruption":-5750},"geometry":{"type":"Point","coordinates":[98.5,25.23]}},{"type":"Feature","properties":{"id":"281020","name":"Unnamed","type":"Submarine","country":"Taiwan","region":"Japan, Taiwan, Marianas","subregion":"Taiwan","elevation_m":-115,"last_eruption":null},"geometry":{"type":"Point","coordinates":[121.18,21.83]}},{"type":"Feature","properties":{"id":"281031","name":"Kueishantao","type":"Stratovolcano","country":"Taiwan","region":"Japan, Taiwan, Marianas","subregion":"Taiwan","elevation_m":361,"last_eruption":1785},"geometry":{"type":"Point","coordinates":[121.95,24.84]}},{"type":"Feature","properties":{"id":"281032","name":"Tatun Group","type":"Lava dome(s)","country":"Taiwan","region":"Japan, Taiwan, Marianas","subregion":"Taiwan","elevation_m":1120,"last_eruption":648},"geometry":{"type":"Point","coordinates":[121.52,25.17]}},{"type":"Feature","properties":{"id":"281030","name":"Unnamed","type":"Submarine","country":"Taiwan","region":"Japan, Taiwan, Marianas","subregion":"Taiwan","elevation_m":-1640,"last_eruption":1853},"geometry":{"type":"Point","coordinates":[121.93,24.13]}},{"type":"Feature","properties":{"id":"282010","name":"Submarine Volcano NNE of Iriomotejima","type":"Submarine","country":"Japan","region":"Japan, Taiwan, Marianas","subregion":"Ryukyu Islands and Kyushu","elevation_m":-200,"last_eruption":1924},"geometry":{"type":"Point","coordinates":[123.93,24.57]}},{"type":"Feature","properties":{"id":"282021","name":"Yokoate-jima","type":"Stratovolcano(es)","country":"Japan","region":"Japan, Taiwan, Marianas","subregion":"Ryukyu Islands and Kyushu","elevation_m":495,"last_eruption":1835},"geometry":{"type":"Point","coordinates":[129,28.8]}},{"type":"Feature","properties":{"id":"282022","name":"Akusekijima","type":"Stratovolcano(es)","country":"Japan","region":"Japan, Taiwan, Marianas","subregion":"Ryukyu Islands and Kyushu","elevation_m":555,"last_eruption":null},"geometry":{"type":"Point","coordinates":[129.59,29.47]}},{"type":"Feature","properties":{"id":"282020","name":"Io-Torishima","type":"Complex","country":"Japan","region":"Japan, Taiwan, Marianas","subregion":"Ryukyu Islands and Kyushu","elevation_m":212,"last_eruption":1968},"geometry":{"type":"Point","coordinates":[128.22,27.88]}},{"type":"Feature","properties":{"id":"282030","name":"Suwanosejima","type":"Stratovolcano(es)","country":"Japan","region":"Japan, Taiwan, Marianas","subregion":"Ryukyu Islands and Kyushu","elevation_m":796,"last_eruption":2018},"geometry":{"type":"Point","coordinates":[129.71,29.64]}},{"type":"Feature","properties":{"id":"282043","name":"Kuchinoshima","type":"Stratovolcano(es)","country":"Japan","region":"Japan, Taiwan, Marianas","subregion":"Ryukyu Islands and Kyushu","elevation_m":628,"last_eruption":1190},"geometry":{"type":"Point","coordinates":[129.93,29.97]}},{"type":"Feature","properties":{"id":"282040","name":"Nakanoshima","type":"Stratovolcano(es)","country":"Japan","region":"Japan, Taiwan, Marianas","subregion":"Ryukyu Islands and Kyushu","elevation_m":979,"last_eruption":1914},"geometry":{"type":"Point","coordinates":[129.86,29.86]}},{"type":"Feature","properties":{"id":"282050","name":"Kuchinoerabujima","type":"Stratovolcano(es)","country":"Japan","region":"Japan, Taiwan, Marianas","subregion":"Ryukyu Islands and Kyushu","elevation_m":657,"last_eruption":2015},"geometry":{"type":"Point","coordinates":[130.22,30.44]}},{"type":"Feature","properties":{"id":"282060","name":"Kikai","type":"Caldera","country":"Japan","region":"Japan, Taiwan, Marianas","subregion":"Ryukyu Islands and Kyushu","elevation_m":704,"last_eruption":2013},"geometry":{"type":"Point","coordinates":[130.31,30.79]}},{"type":"Feature","properties":{"id":"282070","name":"Ata","type":"Caldera(s)","country":"Japan","region":"Japan, Taiwan, Marianas","subregion":"Ryukyu Islands and Kyushu","elevation_m":924,"last_eruption":885},"geometry":{"type":"Point","coordinates":[130.57,31.22]}},{"type":"Feature","properties":{"id":"282081","name":"Yonemaru-Sumiyoshiike","type":"Maar(s)","country":"Japan","region":"Japan, Taiwan, Marianas","subregion":"Ryukyu Islands and Kyushu","elevation_m":40,"last_eruption":-6200},"geometry":{"type":"Point","coordinates":[130.59,31.77]}},{"type":"Feature","properties":{"id":"282080","name":"Aira","type":"Caldera","country":"Japan","region":"Japan, Taiwan, Marianas","subregion":"Ryukyu Islands and Kyushu","elevation_m":1117,"last_eruption":2018},"geometry":{"type":"Point","coordinates":[130.66,31.59]}},{"type":"Feature","properties":{"id":"282091","name":"Fukue","type":"Shield(s)","country":"Japan","region":"Japan, Taiwan, Marianas","subregion":"Ryukyu Islands and Kyushu","elevation_m":315,"last_eruption":-400},"geometry":{"type":"Point","coordinates":[128.85,32.66]}},{"type":"Feature","properties":{"id":"282090","name":"Kirishimayama","type":"Shield","country":"Japan","region":"Japan, Taiwan, Marianas","subregion":"Ryukyu Islands and Kyushu","elevation_m":1700,"last_eruption":2018},"geometry":{"type":"Point","coordinates":[130.86,31.93]}},{"type":"Feature","properties":{"id":"282100","name":"Unzendake","type":"Complex","country":"Japan","region":"Japan, Taiwan, Marianas","subregion":"Ryukyu Islands and Kyushu","elevation_m":1483,"last_eruption":1996},"geometry":{"type":"Point","coordinates":[130.3,32.76]}},{"type":"Feature","properties":{"id":"282110","name":"Asosan","type":"Caldera","country":"Japan","region":"Japan, Taiwan, Marianas","subregion":"Ryukyu Islands and Kyushu","elevation_m":1592,"last_eruption":2016},"geometry":{"type":"Point","coordinates":[131.1,32.88]}},{"type":"Feature","properties":{"id":"282120","name":"Kujusan","type":"Stratovolcano(es)","country":"Japan","region":"Japan, Taiwan, Marianas","subregion":"Ryukyu Islands and Kyushu","elevation_m":1791,"last_eruption":1996},"geometry":{"type":"Point","coordinates":[131.25,33.09]}},{"type":"Feature","properties":{"id":"282130","name":"Yufu-Tsurumi","type":"Lava dome(s)","country":"Japan","region":"Japan, Taiwan, Marianas","subregion":"Ryukyu Islands and Kyushu","elevation_m":1584,"last_eruption":867},"geometry":{"type":"Point","coordinates":[131.39,33.28]}},{"type":"Feature","properties":{"id":"283001","name":"Abu","type":"Shield(s)","country":"Japan","region":"Japan, Taiwan, Marianas","subregion":"Honshu","elevation_m":641,"last_eruption":-6850},"geometry":{"type":"Point","coordinates":[131.6,34.5]}},{"type":"Feature","properties":{"id":"283002","name":"Sanbesan","type":"Stratovolcano","country":"Japan","region":"Japan, Taiwan, Marianas","subregion":"Honshu","elevation_m":1126,"last_eruption":650},"geometry":{"type":"Point","coordinates":[132.62,35.14]}},{"type":"Feature","properties":{"id":"283003","name":"Oki-Dogo","type":"Shield","country":"Japan","region":"Japan, Taiwan, Marianas","subregion":"Honshu","elevation_m":151,"last_eruption":null},"geometry":{"type":"Point","coordinates":[133.33,36.18]}},{"type":"Feature","properties":{"id":"283010","name":"Izu-Tobu","type":"Pyroclastic cone(s)","country":"Japan","region":"Japan, Taiwan, Marianas","subregion":"Honshu","elevation_m":1406,"last_eruption":1989},"geometry":{"type":"Point","coordinates":[139.1,34.9]}},{"type":"Feature","properties":{"id":"283020","name":"Hakoneyama","type":"Complex","country":"Japan","region":"Japan, Taiwan, Marianas","subregion":"Honshu","elevation_m":1438,"last_eruption":2015},"geometry":{"type":"Point","coordinates":[139.02,35.23]}},{"type":"Feature","properties":{"id":"283031","name":"Yokodake","type":"Stratovolcano(es)","country":"Japan","region":"Japan, Taiwan, Marianas","subregion":"Honshu","elevation_m":2480,"last_eruption":1200},"geometry":{"type":"Point","coordinates":[138.32,36.09]}},{"type":"Feature","properties":{"id":"283030","name":"Fujisan","type":"Stratovolcano","country":"Japan","region":"Japan, Taiwan, Marianas","subregion":"Honshu","elevation_m":3776,"last_eruption":1708},"geometry":{"type":"Point","coordinates":[138.73,35.36]}},{"type":"Feature","properties":{"id":"283040","name":"Ontakesan","type":"Complex","country":"Japan","region":"Japan, Taiwan, Marianas","subregion":"Honshu","elevation_m":3067,"last_eruption":2014},"geometry":{"type":"Point","coordinates":[137.48,35.89]}},{"type":"Feature","properties":{"id":"283050","name":"Hakusan","type":"Stratovolcano","country":"Japan","region":"Japan, Taiwan, Marianas","subregion":"Honshu","elevation_m":2702,"last_eruption":1659},"geometry":{"type":"Point","coordinates":[136.77,36.16]}},{"type":"Feature","properties":{"id":"283060","name":"Norikuradake","type":"Stratovolcano(es)","country":"Japan","region":"Japan, Taiwan, Marianas","subregion":"Honshu","elevation_m":3026,"last_eruption":-50},"geometry":{"type":"Point","coordinates":[137.55,36.11]}},{"type":"Feature","properties":{"id":"283071","name":"Washiba-Kumonotaira","type":"Shield(s)","country":"Japan","region":"Japan, Taiwan, Marianas","subregion":"Honshu","elevation_m":2924,"last_eruption":null},"geometry":{"type":"Point","coordinates":[137.59,36.41]}},{"type":"Feature","properties":{"id":"283070","name":"Yakedake","type":"Stratovolcano(es)","country":"Japan","region":"Japan, Taiwan, Marianas","subregion":"Honshu","elevation_m":2455,"last_eruption":1995},"geometry":{"type":"Point","coordinates":[137.59,36.23]}},{"type":"Feature","properties":{"id":"283080","name":"Midagahara","type":"Stratovolcano","country":"Japan","region":"Japan, Taiwan, Marianas","subregion":"Honshu","elevation_m":2621,"last_eruption":1839},"geometry":{"type":"Point","coordinates":[137.59,36.57]}},{"type":"Feature","properties":{"id":"283090","name":"Niigata-Yakeyama","type":"Lava dome","country":"Japan","region":"Japan, Taiwan, Marianas","subregion":"Honshu","elevation_m":2400,"last_eruption":1998},"geometry":{"type":"Point","coordinates":[138.04,36.92]}},{"type":"Feature","properties":{"id":"283100","name":"Myokosan","type":"Stratovolcano","country":"Japan","region":"Japan, Taiwan, Marianas","subregion":"Honshu","elevation_m":2454,"last_eruption":-750},"geometry":{"type":"Point","coordinates":[138.11,36.89]}},{"type":"Feature","properties":{"id":"283110","name":"Asamayama","type":"Complex","country":"Japan","region":"Japan, Taiwan, Marianas","subregion":"Honshu","elevation_m":2568,"last_eruption":2015},"geometry":{"type":"Point","coordinates":[138.52,36.41]}},{"type":"Feature","properties":{"id":"283121","name":"Shiga","type":"Shield(s)","country":"Japan","region":"Japan, Taiwan, Marianas","subregion":"Honshu","elevation_m":2041,"last_eruption":null},"geometry":{"type":"Point","coordinates":[138.52,36.69]}},{"type":"Feature","properties":{"id":"283122","name":"Harunasan","type":"Stratovolcano","country":"Japan","region":"Japan, Taiwan, Marianas","subregion":"Honshu","elevation_m":1449,"last_eruption":550},"geometry":{"type":"Point","coordinates":[138.85,36.48]}},{"type":"Feature","properties":{"id":"283120","name":"Kusatsu-Shiranesan","type":"Stratovolcano(es)","country":"Japan","region":"Japan, Taiwan, Marianas","subregion":"Honshu","elevation_m":2165,"last_eruption":2018},"geometry":{"type":"Point","coordinates":[138.53,36.62]}},{"type":"Feature","properties":{"id":"283131","name":"Hiuchigatake","type":"Stratovolcano","country":"Japan","region":"Japan, Taiwan, Marianas","subregion":"Honshu","elevation_m":2356,"last_eruption":1544},"geometry":{"type":"Point","coordinates":[139.29,36.96]}},{"type":"Feature","properties":{"id":"283130","name":"Akagisan","type":"Stratovolcano","country":"Japan","region":"Japan, Taiwan, Marianas","subregion":"Honshu","elevation_m":1828,"last_eruption":null},"geometry":{"type":"Point","coordinates":[139.19,36.56]}},{"type":"Feature","properties":{"id":"283141","name":"Nantai","type":"Stratovolcano","country":"Japan","region":"Japan, Taiwan, Marianas","subregion":"Honshu","elevation_m":2486,"last_eruption":-9540},"geometry":{"type":"Point","coordinates":[139.49,36.77]}},{"type":"Feature","properties":{"id":"283142","name":"Omanago Group","type":"Lava dome(s)","country":"Japan","region":"Japan, Taiwan, Marianas","subregion":"Honshu","elevation_m":2341,"last_eruption":-3050},"geometry":{"type":"Point","coordinates":[139.51,36.8]}},{"type":"Feature","properties":{"id":"283143","name":"Takaharayama","type":"Stratovolcano","country":"Japan","region":"Japan, Taiwan, Marianas","subregion":"Honshu","elevation_m":1795,"last_eruption":-4570},"geometry":{"type":"Point","coordinates":[139.78,36.9]}},{"type":"Feature","properties":{"id":"283140","name":"Nikko-Shiranesan","type":"Shield","country":"Japan","region":"Japan, Taiwan, Marianas","subregion":"Honshu","elevation_m":2578,"last_eruption":1952},"geometry":{"type":"Point","coordinates":[139.38,36.8]}},{"type":"Feature","properties":{"id":"283151","name":"Numazawa","type":"Shield","country":"Japan","region":"Japan, Taiwan, Marianas","subregion":"Honshu","elevation_m":835,"last_eruption":-3400},"geometry":{"type":"Point","coordinates":[139.57,37.44]}},{"type":"Feature","properties":{"id":"283150","name":"Nasudake","type":"Stratovolcano(es)","country":"Japan","region":"Japan, Taiwan, Marianas","subregion":"Honshu","elevation_m":1915,"last_eruption":1963},"geometry":{"type":"Point","coordinates":[139.96,37.13]}},{"type":"Feature","properties":{"id":"283160","name":"Bandaisan","type":"Stratovolcano","country":"Japan","region":"Japan, Taiwan, Marianas","subregion":"Honshu","elevation_m":1816,"last_eruption":1888},"geometry":{"type":"Point","coordinates":[140.07,37.6]}},{"type":"Feature","properties":{"id":"283170","name":"Adatarayama","type":"Stratovolcano(es)","country":"Japan","region":"Japan, Taiwan, Marianas","subregion":"Honshu","elevation_m":1728,"last_eruption":1996},"geometry":{"type":"Point","coordinates":[140.28,37.65]}},{"type":"Feature","properties":{"id":"283180","name":"Azumayama","type":"Stratovolcano(es)","country":"Japan","region":"Japan, Taiwan, Marianas","subregion":"Honshu","elevation_m":1949,"last_eruption":1977},"geometry":{"type":"Point","coordinates":[140.24,37.74]}},{"type":"Feature","properties":{"id":"283191","name":"Hijiori","type":"Caldera","country":"Japan","region":"Japan, Taiwan, Marianas","subregion":"Honshu","elevation_m":552,"last_eruption":null},"geometry":{"type":"Point","coordinates":[140.16,38.6]}},{"type":"Feature","properties":{"id":"283190","name":"Zaozan","type":"Complex","country":"Japan","region":"Japan, Taiwan, Marianas","subregion":"Honshu","elevation_m":1841,"last_eruption":1940},"geometry":{"type":"Point","coordinates":[140.44,38.14]}},{"type":"Feature","properties":{"id":"283200","name":"Naruko","type":"Caldera","country":"Japan","region":"Japan, Taiwan, Marianas","subregion":"Honshu","elevation_m":470,"last_eruption":837},"geometry":{"type":"Point","coordinates":[140.73,38.73]}},{"type":"Feature","properties":{"id":"283210","name":"Kurikomayama","type":"Stratovolcano","country":"Japan","region":"Japan, Taiwan, Marianas","subregion":"Honshu","elevation_m":1627,"last_eruption":1950},"geometry":{"type":"Point","coordinates":[140.79,38.96]}},{"type":"Feature","properties":{"id":"283220","name":"Chokaisan","type":"Stratovolcano(es)","country":"Japan","region":"Japan, Taiwan, Marianas","subregion":"Honshu","elevation_m":2236,"last_eruption":1974},"geometry":{"type":"Point","coordinates":[140.05,39.1]}},{"type":"Feature","properties":{"id":"283230","name":"Akita-Komagatake","type":"Stratovolcano(es)","country":"Japan","region":"Japan, Taiwan, Marianas","subregion":"Honshu","elevation_m":1637,"last_eruption":1971},"geometry":{"type":"Point","coordinates":[140.8,39.76]}},{"type":"Feature","properties":{"id":"283240","name":"Iwatesan","type":"Complex","country":"Japan","region":"Japan, Taiwan, Marianas","subregion":"Honshu","elevation_m":2038,"last_eruption":1919},"geometry":{"type":"Point","coordinates":[141,39.85]}},{"type":"Feature","properties":{"id":"283250","name":"Hachimantai","type":"Stratovolcano","country":"Japan","region":"Japan, Taiwan, Marianas","subregion":"Honshu","elevation_m":1613,"last_eruption":-5350},"geometry":{"type":"Point","coordinates":[140.85,39.96]}},{"type":"Feature","properties":{"id":"283262","name":"Megata","type":"Maar(s)","country":"Japan","region":"Japan, Taiwan, Marianas","subregion":"Honshu","elevation_m":291,"last_eruption":-2050},"geometry":{"type":"Point","coordinates":[139.73,39.95]}},{"type":"Feature","properties":{"id":"283260","name":"Akita-Yakeyama","type":"Stratovolcano","country":"Japan","region":"Japan, Taiwan, Marianas","subregion":"Honshu","elevation_m":1366,"last_eruption":1997},"geometry":{"type":"Point","coordinates":[140.76,39.96]}},{"type":"Feature","properties":{"id":"283271","name":"Towada","type":"Caldera","country":"Japan","region":"Japan, Taiwan, Marianas","subregion":"Honshu","elevation_m":1011,"last_eruption":915},"geometry":{"type":"Point","coordinates":[140.88,40.51]}},{"type":"Feature","properties":{"id":"283270","name":"Iwakisan","type":"Stratovolcano","country":"Japan","region":"Japan, Taiwan, Marianas","subregion":"Honshu","elevation_m":1625,"last_eruption":1863},"geometry":{"type":"Point","coordinates":[140.3,40.66]}},{"type":"Feature","properties":{"id":"283280","name":"Hakkodasan","type":"Stratovolcano(es)","country":"Japan","region":"Japan, Taiwan, Marianas","subregion":"Honshu","elevation_m":1585,"last_eruption":1550},"geometry":{"type":"Point","coordinates":[140.88,40.66]}},{"type":"Feature","properties":{"id":"283290","name":"Osorezan","type":"Stratovolcano","country":"Japan","region":"Japan, Taiwan, Marianas","subregion":"Honshu","elevation_m":878,"last_eruption":1787},"geometry":{"type":"Point","coordinates":[141.12,41.28]}},{"type":"Feature","properties":{"id":"284011","name":"Toshima","type":"Stratovolcano","country":"Japan","region":"Japan, Taiwan, Marianas","subregion":"Izu, Volcano, and Mariana Islands","elevation_m":508,"last_eruption":-4550},"geometry":{"type":"Point","coordinates":[139.28,34.52]}},{"type":"Feature","properties":{"id":"284010","name":"Izu-Oshima","type":"Stratovolcano","country":"Japan","region":"Japan, Taiwan, Marianas","subregion":"Izu, Volcano, and Mariana Islands","elevation_m":758,"last_eruption":1990},"geometry":{"type":"Point","coordinates":[139.39,34.72]}},{"type":"Feature","properties":{"id":"284020","name":"Niijima","type":"Lava dome(s)","country":"Japan","region":"Japan, Taiwan, Marianas","subregion":"Izu, Volcano, and Mariana Islands","elevation_m":432,"last_eruption":886},"geometry":{"type":"Point","coordinates":[139.27,34.4]}},{"type":"Feature","properties":{"id":"284030","name":"Kozushima","type":"Lava dome(s)","country":"Japan","region":"Japan, Taiwan, Marianas","subregion":"Izu, Volcano, and Mariana Islands","elevation_m":572,"last_eruption":838},"geometry":{"type":"Point","coordinates":[139.15,34.22]}},{"type":"Feature","properties":{"id":"284041","name":"Mikurajima","type":"Stratovolcano","country":"Japan","region":"Japan, Taiwan, Marianas","subregion":"Izu, Volcano, and Mariana Islands","elevation_m":851,"last_eruption":-4100},"geometry":{"type":"Point","coordinates":[139.6,33.87]}},{"type":"Feature","properties":{"id":"284042","name":"Kurose Hole","type":"Submarine","country":"Japan","region":"Japan, Taiwan, Marianas","subregion":"Izu, Volcano, and Mariana Islands","elevation_m":-107,"last_eruption":null},"geometry":{"type":"Point","coordinates":[139.68,33.4]}},{"type":"Feature","properties":{"id":"284040","name":"Miyakejima","type":"Stratovolcano","country":"Japan","region":"Japan, Taiwan, Marianas","subregion":"Izu, Volcano, and Mariana Islands","elevation_m":775,"last_eruption":2010},"geometry":{"type":"Point","coordinates":[139.53,34.09]}},{"type":"Feature","properties":{"id":"284050","name":"Hachijojima","type":"Stratovolcano(es)","country":"Japan","region":"Japan, Taiwan, Marianas","subregion":"Izu, Volcano, and Mariana Islands","elevation_m":854,"last_eruption":1606},"geometry":{"type":"Point","coordinates":[139.77,33.14]}},{"type":"Feature","properties":{"id":"284061","name":"Kita-Bayonnaise","type":"Submarine","country":"Japan","region":"Japan, Taiwan, Marianas","subregion":"Izu, Volcano, and Mariana Islands","elevation_m":-360,"last_eruption":null},"geometry":{"type":"Point","coordinates":[139.85,32.1]}},{"type":"Feature","properties":{"id":"284060","name":"Aogashima","type":"Stratovolcano","country":"Japan","region":"Japan, Taiwan, Marianas","subregion":"Izu, Volcano, and Mariana Islands","elevation_m":423,"last_eruption":1785},"geometry":{"type":"Point","coordinates":[139.76,32.46]}},{"type":"Feature","properties":{"id":"284070","name":"Myojinsho","type":"Submarine","country":"Japan","region":"Japan, Taiwan, Marianas","subregion":"Izu, Volcano, and Mariana Islands","elevation_m":11,"last_eruption":1970},"geometry":{"type":"Point","coordinates":[139.92,31.89]}},{"type":"Feature","properties":{"id":"284080","name":"Sumisujima","type":"Submarine","country":"Japan","region":"Japan, Taiwan, Marianas","subregion":"Izu, Volcano, and Mariana Islands","elevation_m":136,"last_eruption":1916},"geometry":{"type":"Point","coordinates":[140.05,31.44]}},{"type":"Feature","properties":{"id":"284091","name":"Sofugan","type":"Stratovolcano","country":"Japan","region":"Japan, Taiwan, Marianas","subregion":"Izu, Volcano, and Mariana Islands","elevation_m":99,"last_eruption":null},"geometry":{"type":"Point","coordinates":[140.34,29.79]}},{"type":"Feature","properties":{"id":"284093","name":"Suiyo Seamount","type":"Submarine","country":"Japan","region":"Japan, Taiwan, Marianas","subregion":"Izu, Volcano, and Mariana Islands","elevation_m":-991,"last_eruption":null},"geometry":{"type":"Point","coordinates":[140.63,28.58]}},{"type":"Feature","properties":{"id":"284094","name":"Mokuyo Seamount","type":"Submarine","country":"Japan","region":"Japan, Taiwan, Marianas","subregion":"Izu, Volcano, and Mariana Islands","elevation_m":-933,"last_eruption":null},"geometry":{"type":"Point","coordinates":[140.57,28.33]}},{"type":"Feature","properties":{"id":"284095","name":"Doyo Seamount","type":"Submarine","country":"Japan","region":"Japan, Taiwan, Marianas","subregion":"Izu, Volcano, and Mariana Islands","elevation_m":-590,"last_eruption":null},"geometry":{"type":"Point","coordinates":[140.8,27.68]}},{"type":"Feature","properties":{"id":"284096","name":"Nishinoshima","type":"Caldera","country":"Japan","region":"Japan, Taiwan, Marianas","subregion":"Izu, Volcano, and Mariana Islands","elevation_m":25,"last_eruption":2017},"geometry":{"type":"Point","coordinates":[140.87,27.25]}},{"type":"Feature","properties":{"id":"284097","name":"Kaikata Seamount","type":"Submarine","country":"Japan","region":"Japan, Taiwan, Marianas","subregion":"Izu, Volcano, and Mariana Islands","elevation_m":-165,"last_eruption":null},"geometry":{"type":"Point","coordinates":[140.93,26.67]}},{"type":"Feature","properties":{"id":"284090","name":"Izu-Torishima","type":"Stratovolcano","country":"Japan","region":"Japan, Taiwan, Marianas","subregion":"Izu, Volcano, and Mariana Islands","elevation_m":394,"last_eruption":2002},"geometry":{"type":"Point","coordinates":[140.3,30.48]}},{"type":"Feature","properties":{"id":"284100","name":"Kaitoku Seamount","type":"Submarine","country":"Japan","region":"Japan, Taiwan, Marianas","subregion":"Izu, Volcano, and Mariana Islands","elevation_m":-95,"last_eruption":1984},"geometry":{"type":"Point","coordinates":[141.1,26.13]}},{"type":"Feature","properties":{"id":"284110","name":"Kita-Ioto","type":"Stratovolcano","country":"Japan","region":"Japan, Taiwan, Marianas","subregion":"Izu, Volcano, and Mariana Islands","elevation_m":792,"last_eruption":1945},"geometry":{"type":"Point","coordinates":[141.28,25.42]}},{"type":"Feature","properties":{"id":"284121","name":"Kita-Fukutokutai","type":"Submarine","country":"Japan","region":"Japan, Taiwan, Marianas","subregion":"Izu, Volcano, and Mariana Islands","elevation_m":-73,"last_eruption":1954},"geometry":{"type":"Point","coordinates":[141.42,24.42]}},{"type":"Feature","properties":{"id":"284120","name":"Ioto","type":"Caldera","country":"Japan","region":"Japan, Taiwan, Marianas","subregion":"Izu, Volcano, and Mariana Islands","elevation_m":169,"last_eruption":2012},"geometry":{"type":"Point","coordinates":[141.29,24.75]}},{"type":"Feature","properties":{"id":"284131","name":"Minami-Hiyoshi","type":"Submarine","country":"Japan","region":"Japan, Taiwan, Marianas","subregion":"Izu, Volcano, and Mariana Islands","elevation_m":-107,"last_eruption":1975},"geometry":{"type":"Point","coordinates":[141.94,23.5]}},{"type":"Feature","properties":{"id":"284132","name":"Nikko","type":"Submarine","country":"Japan","region":"Japan, Taiwan, Marianas","subregion":"Izu, Volcano, and Mariana Islands","elevation_m":-392,"last_eruption":null},"geometry":{"type":"Point","coordinates":[142.33,23.08]}},{"type":"Feature","properties":{"id":"284133","name":"Fukujin","type":"Submarine","country":"United States","region":"Japan, Taiwan, Marianas","subregion":"Izu, Volcano, and Mariana Islands","elevation_m":-217,"last_eruption":1974},"geometry":{"type":"Point","coordinates":[143.47,21.93]}},{"type":"Feature","properties":{"id":"284134","name":"Kasuga 1","type":"Submarine","country":"United States","region":"Japan, Taiwan, Marianas","subregion":"Izu, Volcano, and Mariana Islands","elevation_m":-598,"last_eruption":1959},"geometry":{"type":"Point","coordinates":[143.71,21.77]}},{"type":"Feature","properties":{"id":"284135","name":"Kasuga 2","type":"Submarine","country":"United States","region":"Japan, Taiwan, Marianas","subregion":"Izu, Volcano, and Mariana Islands","elevation_m":-274,"last_eruption":null},"geometry":{"type":"Point","coordinates":[143.64,21.6]}},{"type":"Feature","properties":{"id":"284136","name":"NW Eifuku","type":"Submarine","country":"United States","region":"Japan, Taiwan, Marianas","subregion":"Izu, Volcano, and Mariana Islands","elevation_m":-1535,"last_eruption":null},"geometry":{"type":"Point","coordinates":[144.04,21.49]}},{"type":"Feature","properties":{"id":"284137","name":"Daikoku","type":"Submarine","country":"United States","region":"Japan, Taiwan, Marianas","subregion":"Izu, Volcano, and Mariana Islands","elevation_m":-323,"last_eruption":null},"geometry":{"type":"Point","coordinates":[144.19,21.32]}},{"type":"Feature","properties":{"id":"284130","name":"Fukutoku-Oka-no-Ba","type":"Submarine","country":"Japan","region":"Japan, Taiwan, Marianas","subregion":"Izu, Volcano, and Mariana Islands","elevation_m":-29,"last_eruption":2010},"geometry":{"type":"Point","coordinates":[141.48,24.29]}},{"type":"Feature","properties":{"id":"284141","name":"Ahyi","type":"Submarine","country":"United States","region":"Japan, Taiwan, Marianas","subregion":"Izu, Volcano, and Mariana Islands","elevation_m":-75,"last_eruption":2014},"geometry":{"type":"Point","coordinates":[145.03,20.42]}},{"type":"Feature","properties":{"id":"284142","name":"Supply Reef","type":"Submarine","country":"United States","region":"Japan, Taiwan, Marianas","subregion":"Izu, Volcano, and Mariana Islands","elevation_m":-8,"last_eruption":1989},"geometry":{"type":"Point","coordinates":[145.1,20.13]}},{"type":"Feature","properties":{"id":"284143","name":"Maug Islands","type":"Stratovolcano","country":"United States","region":"Japan, Taiwan, Marianas","subregion":"Izu, Volcano, and Mariana Islands","elevation_m":227,"last_eruption":null},"geometry":{"type":"Point","coordinates":[145.22,20.02]}},{"type":"Feature","properties":{"id":"284140","name":"Farallon de Pajaros","type":"Stratovolcano","country":"United States","region":"Japan, Taiwan, Marianas","subregion":"Izu, Volcano, and Mariana Islands","elevation_m":337,"last_eruption":1967},"geometry":{"type":"Point","coordinates":[144.89,20.55]}},{"type":"Feature","properties":{"id":"284150","name":"Asuncion","type":"Stratovolcano","country":"United States","region":"Japan, Taiwan, Marianas","subregion":"Izu, Volcano, and Mariana Islands","elevation_m":857,"last_eruption":1906},"geometry":{"type":"Point","coordinates":[145.41,19.67]}},{"type":"Feature","properties":{"id":"284160","name":"Agrigan","type":"Stratovolcano","country":"United States","region":"Japan, Taiwan, Marianas","subregion":"Izu, Volcano, and Mariana Islands","elevation_m":965,"last_eruption":1917},"geometry":{"type":"Point","coordinates":[145.67,18.77]}},{"type":"Feature","properties":{"id":"284170","name":"Pagan","type":"Stratovolcano(es)","country":"United States","region":"Japan, Taiwan, Marianas","subregion":"Izu, Volcano, and Mariana Islands","elevation_m":570,"last_eruption":2012},"geometry":{"type":"Point","coordinates":[145.8,18.13]}},{"type":"Feature","properties":{"id":"284180","name":"Alamagan","type":"Stratovolcano","country":"United States","region":"Japan, Taiwan, Marianas","subregion":"Izu, Volcano, and Mariana Islands","elevation_m":744,"last_eruption":870},"geometry":{"type":"Point","coordinates":[145.83,17.6]}},{"type":"Feature","properties":{"id":"284191","name":"Zealandia Bank","type":"Stratovolcano","country":"United States","region":"Japan, Taiwan, Marianas","subregion":"Izu, Volcano, and Mariana Islands","elevation_m":0,"last_eruption":null},"geometry":{"type":"Point","coordinates":[145.85,16.88]}},{"type":"Feature","properties":{"id":"284192","name":"Sarigan","type":"Stratovolcano","country":"United States","region":"Japan, Taiwan, Marianas","subregion":"Izu, Volcano, and Mariana Islands","elevation_m":538,"last_eruption":null},"geometry":{"type":"Point","coordinates":[145.78,16.71]}},{"type":"Feature","properties":{"id":"284190","name":"Guguan","type":"Stratovolcano","country":"United States","region":"Japan, Taiwan, Marianas","subregion":"Izu, Volcano, and Mariana Islands","elevation_m":287,"last_eruption":1883},"geometry":{"type":"Point","coordinates":[145.85,17.31]}},{"type":"Feature","properties":{"id":"284201","name":"East Diamante","type":"Submarine","country":"United States","region":"Japan, Taiwan, Marianas","subregion":"Izu, Volcano, and Mariana Islands","elevation_m":-127,"last_eruption":null},"geometry":{"type":"Point","coordinates":[145.67,15.93]}},{"type":"Feature","properties":{"id":"284202","name":"Ruby","type":"Submarine","country":"United States","region":"Japan, Taiwan, Marianas","subregion":"Izu, Volcano, and Mariana Islands","elevation_m":-230,"last_eruption":1995},"geometry":{"type":"Point","coordinates":[145.57,15.62]}},{"type":"Feature","properties":{"id":"284200","name":"Anatahan","type":"Stratovolcano","country":"United States","region":"Japan, Taiwan, Marianas","subregion":"Izu, Volcano, and Mariana Islands","elevation_m":790,"last_eruption":2008},"geometry":{"type":"Point","coordinates":[145.67,16.35]}},{"type":"Feature","properties":{"id":"284211","name":"NW Rota-1","type":"Submarine","country":"United States","region":"Japan, Taiwan, Marianas","subregion":"Izu, Volcano, and Mariana Islands","elevation_m":-517,"last_eruption":2010},"geometry":{"type":"Point","coordinates":[144.78,14.6]}},{"type":"Feature","properties":{"id":"284210","name":"Esmeralda Bank","type":"Submarine","country":"United States","region":"Japan, Taiwan, Marianas","subregion":"Izu, Volcano, and Mariana Islands","elevation_m":-43,"last_eruption":null},"geometry":{"type":"Point","coordinates":[145.25,15]}},{"type":"Feature","properties":{"id":"284220","name":"Forecast Seamount","type":"Submarine","country":"United States","region":"Japan, Taiwan, Marianas","subregion":"Izu, Volcano, and Mariana Islands","elevation_m":-1456,"last_eruption":null},"geometry":{"type":"Point","coordinates":[143.92,13.4]}},{"type":"Feature","properties":{"id":"284230","name":"Seamount X","type":"Submarine","country":"United States","region":"Japan, Taiwan, Marianas","subregion":"Izu, Volcano, and Mariana Islands","elevation_m":-1230,"last_eruption":null},"geometry":{"type":"Point","coordinates":[144.02,13.25]}},{"type":"Feature","properties":{"id":"285011","name":"Esan","type":"Lava dome(s)","country":"Japan","region":"Japan, Taiwan, Marianas","subregion":"Hokkaido","elevation_m":618,"last_eruption":1874},"geometry":{"type":"Point","coordinates":[141.17,41.81]}},{"type":"Feature","properties":{"id":"285010","name":"Oshima-Oshima","type":"Stratovolcano","country":"Japan","region":"Japan, Taiwan, Marianas","subregion":"Hokkaido","elevation_m":732,"last_eruption":1790},"geometry":{"type":"Point","coordinates":[139.37,41.51]}},{"type":"Feature","properties":{"id":"285020","name":"Hokkaido-Komagatake","type":"Stratovolcano","country":"Japan","region":"Japan, Taiwan, Marianas","subregion":"Hokkaido","elevation_m":1131,"last_eruption":2000},"geometry":{"type":"Point","coordinates":[140.68,42.06]}},{"type":"Feature","properties":{"id":"285031","name":"Niseko","type":"Stratovolcano(es)","country":"Japan","region":"Japan, Taiwan, Marianas","subregion":"Hokkaido","elevation_m":1308,"last_eruption":-4900},"geometry":{"type":"Point","coordinates":[140.66,42.88]}},{"type":"Feature","properties":{"id":"285032","name":"Yoteizan","type":"Stratovolcano","country":"Japan","region":"Japan, Taiwan, Marianas","subregion":"Hokkaido","elevation_m":1888,"last_eruption":-1050},"geometry":{"type":"Point","coordinates":[140.81,42.83]}},{"type":"Feature","properties":{"id":"285034","name":"Kuttara","type":"Stratovolcano(es)","country":"Japan","region":"Japan, Taiwan, Marianas","subregion":"Hokkaido","elevation_m":549,"last_eruption":1820},"geometry":{"type":"Point","coordinates":[141.16,42.49]}},{"type":"Feature","properties":{"id":"285030","name":"Toya","type":"Stratovolcano","country":"Japan","region":"Japan, Taiwan, Marianas","subregion":"Hokkaido","elevation_m":733,"last_eruption":2001},"geometry":{"type":"Point","coordinates":[140.84,42.54]}},{"type":"Feature","properties":{"id":"285041","name":"Rishirizan","type":"Stratovolcano","country":"Japan","region":"Japan, Taiwan, Marianas","subregion":"Hokkaido","elevation_m":1721,"last_eruption":-5830},"geometry":{"type":"Point","coordinates":[141.24,45.18]}},{"type":"Feature","properties":{"id":"285040","name":"Shikotsu","type":"Caldera","country":"Japan","region":"Japan, Taiwan, Marianas","subregion":"Hokkaido","elevation_m":1320,"last_eruption":1981},"geometry":{"type":"Point","coordinates":[141.38,42.69]}},{"type":"Feature","properties":{"id":"285050","name":"Tokachidake","type":"Stratovolcano(es)","country":"Japan","region":"Japan, Taiwan, Marianas","subregion":"Hokkaido","elevation_m":2077,"last_eruption":2004},"geometry":{"type":"Point","coordinates":[142.69,43.42]}},{"type":"Feature","properties":{"id":"285061","name":"Maruyama","type":"Stratovolcano(es)","country":"Japan","region":"Japan, Taiwan, Marianas","subregion":"Hokkaido","elevation_m":2013,"last_eruption":1898},"geometry":{"type":"Point","coordinates":[143.04,43.45]}},{"type":"Feature","properties":{"id":"285062","name":"Shikaribetsu Group","type":"Lava dome(s)","country":"Japan","region":"Japan, Taiwan, Marianas","subregion":"Hokkaido","elevation_m":1401,"last_eruption":null},"geometry":{"type":"Point","coordinates":[143.1,43.31]}},{"type":"Feature","properties":{"id":"285060","name":"Taisetsuzan","type":"Stratovolcano(es)","country":"Japan","region":"Japan, Taiwan, Marianas","subregion":"Hokkaido","elevation_m":2291,"last_eruption":1739},"geometry":{"type":"Point","coordinates":[142.85,43.66]}},{"type":"Feature","properties":{"id":"285070","name":"Akan","type":"Caldera","country":"Japan","region":"Japan, Taiwan, Marianas","subregion":"Hokkaido","elevation_m":1499,"last_eruption":2008},"geometry":{"type":"Point","coordinates":[144.01,43.38]}},{"type":"Feature","properties":{"id":"285081","name":"Mashu","type":"Caldera","country":"Japan","region":"Japan, Taiwan, Marianas","subregion":"Hokkaido","elevation_m":857,"last_eruption":1080},"geometry":{"type":"Point","coordinates":[144.56,43.57]}},{"type":"Feature","properties":{"id":"285082","name":"Rausudake","type":"Stratovolcano","country":"Japan","region":"Japan, Taiwan, Marianas","subregion":"Hokkaido","elevation_m":1660,"last_eruption":1800},"geometry":{"type":"Point","coordinates":[145.12,44.08]}},{"type":"Feature","properties":{"id":"285080","name":"Kussharo","type":"Caldera","country":"Japan","region":"Japan, Taiwan, Marianas","subregion":"Hokkaido","elevation_m":574,"last_eruption":1320},"geometry":{"type":"Point","coordinates":[144.43,43.62]}},{"type":"Feature","properties":{"id":"285090","name":"Shiretoko-Iozan","type":"Stratovolcano","country":"Japan","region":"Japan, Taiwan, Marianas","subregion":"Hokkaido","elevation_m":1562,"last_eruption":1936},"geometry":{"type":"Point","coordinates":[145.16,44.13]}},{"type":"Feature","properties":{"id":"290010","name":"Tomariyama [Golovnin]","type":"Caldera","country":"Japan - administered by Russia","region":"Kuril Islands","subregion":"Kuril Islands","elevation_m":535,"last_eruption":1848},"geometry":{"type":"Point","coordinates":[145.5,43.84]}},{"type":"Feature","properties":{"id":"290021","name":"Ruruidake [Smirnov]","type":"Stratovolcano","country":"Japan - administered by Russia","region":"Kuril Islands","subregion":"Kuril Islands","elevation_m":1486,"last_eruption":null},"geometry":{"type":"Point","coordinates":[146.14,44.45]}},{"type":"Feature","properties":{"id":"290020","name":"Raususan [Mendeleev]","type":"Stratovolcano","country":"Japan - administered by Russia","region":"Kuril Islands","subregion":"Kuril Islands","elevation_m":882,"last_eruption":1880},"geometry":{"type":"Point","coordinates":[145.73,43.98]}},{"type":"Feature","properties":{"id":"290030","name":"Chachadake [Tiatia]","type":"Stratovolcano","country":"Japan - administered by Russia","region":"Kuril Islands","subregion":"Kuril Islands","elevation_m":1822,"last_eruption":1981},"geometry":{"type":"Point","coordinates":[146.25,44.35]}},{"type":"Feature","properties":{"id":"290041","name":"Moekeshiwan [Lvinaya Past]","type":"Stratovolcano","country":"Japan - administered by Russia","region":"Kuril Islands","subregion":"Kuril Islands","elevation_m":528,"last_eruption":-7480},"geometry":{"type":"Point","coordinates":[146.99,44.61]}},{"type":"Feature","properties":{"id":"290040","name":"Berutarubesan [Berutarube]","type":"Stratovolcano","country":"Japan - administered by Russia","region":"Kuril Islands","subregion":"Kuril Islands","elevation_m":1221,"last_eruption":null},"geometry":{"type":"Point","coordinates":[146.93,44.46]}},{"type":"Feature","properties":{"id":"290050","name":"Etorofu-Atosanupuri [Atosanupuri]","type":"Stratovolcano","country":"Japan - administered by Russia","region":"Kuril Islands","subregion":"Kuril Islands","elevation_m":1206,"last_eruption":1932},"geometry":{"type":"Point","coordinates":[147.13,44.81]}},{"type":"Feature","properties":{"id":"290060","name":"Nishihitokappuyama [Bogatyr Ridge]","type":"Stratovolcano","country":"Japan - administered by Russia","region":"Kuril Islands","subregion":"Kuril Islands","elevation_m":1634,"last_eruption":null},"geometry":{"type":"Point","coordinates":[147.34,44.83]}},{"type":"Feature","properties":{"id":"290061","name":"Unnamed","type":"Submarine","country":"Japan - administered by Russia","region":"Kuril Islands","subregion":"Kuril Islands","elevation_m":-195,"last_eruption":null},"geometry":{"type":"Point","coordinates":[147.02,45.02]}},{"type":"Feature","properties":{"id":"290070","name":"Etorofu-Yakeyama [Grozny Group]","type":"Complex(es)","country":"Japan - administered by Russia","region":"Kuril Islands","subregion":"Kuril Islands","elevation_m":1158,"last_eruption":2013},"geometry":{"type":"Point","coordinates":[147.87,45.01]}},{"type":"Feature","properties":{"id":"290080","name":"Sashiusudake [Baransky]","type":"Stratovolcano","country":"Japan - administered by Russia","region":"Kuril Islands","subregion":"Kuril Islands","elevation_m":1125,"last_eruption":1951},"geometry":{"type":"Point","coordinates":[148.02,45.1]}},{"type":"Feature","properties":{"id":"290091","name":"Rucharuyama [Golets-Tornyi Group]","type":"Pyroclastic cone(s)","country":"Japan - administered by Russia","region":"Kuril Islands","subregion":"Kuril Islands","elevation_m":442,"last_eruption":null},"geometry":{"type":"Point","coordinates":[148.35,45.25]}},{"type":"Feature","properties":{"id":"290090","name":"Chirippusan [Chirip]","type":"Stratovolcano(es)","country":"Japan - administered by Russia","region":"Kuril Islands","subregion":"Kuril Islands","elevation_m":1587,"last_eruption":1860},"geometry":{"type":"Point","coordinates":[147.92,45.34]}},{"type":"Feature","properties":{"id":"290100","name":"Moyorodake [Medvezhia]","type":"Stratovolcano","country":"Japan - administered by Russia","region":"Kuril Islands","subregion":"Kuril Islands","elevation_m":1124,"last_eruption":1999},"geometry":{"type":"Point","coordinates":[148.84,45.39]}},{"type":"Feature","properties":{"id":"290110","name":"Rakkibetsudake [Demon]","type":"Stratovolcano","country":"Japan - administered by Russia","region":"Kuril Islands","subregion":"Kuril Islands","elevation_m":1205,"last_eruption":null},"geometry":{"type":"Point","coordinates":[148.85,45.5]}},{"type":"Feature","properties":{"id":"290111","name":"Ivao Group","type":"Pyroclastic cone(s)","country":"Russia","region":"Kuril Islands","subregion":"Kuril Islands","elevation_m":1426,"last_eruption":null},"geometry":{"type":"Point","coordinates":[149.68,45.77]}},{"type":"Feature","properties":{"id":"290112","name":"Rudakov","type":"Stratovolcano","country":"Russia","region":"Kuril Islands","subregion":"Kuril Islands","elevation_m":532,"last_eruption":null},"geometry":{"type":"Point","coordinates":[149.82,45.87]}},{"type":"Feature","properties":{"id":"290113","name":"Tri Sestry","type":"Stratovolcano","country":"Russia","region":"Kuril Islands","subregion":"Kuril Islands","elevation_m":998,"last_eruption":null},"geometry":{"type":"Point","coordinates":[149.92,45.93]}},{"type":"Feature","properties":{"id":"290120","name":"Kolokol Group","type":"Stratovolcano","country":"Russia","region":"Kuril Islands","subregion":"Kuril Islands","elevation_m":1328,"last_eruption":1973},"geometry":{"type":"Point","coordinates":[150.08,46.04]}},{"type":"Feature","properties":{"id":"290150","name":"Chirpoi","type":"Caldera","country":"Russia","region":"Kuril Islands","subregion":"Kuril Islands","elevation_m":742,"last_eruption":2016},"geometry":{"type":"Point","coordinates":[150.87,46.53]}},{"type":"Feature","properties":{"id":"290160","name":"Unnamed","type":"Submarine","country":"Russia","region":"Kuril Islands","subregion":"Kuril Islands","elevation_m":-502,"last_eruption":1972},"geometry":{"type":"Point","coordinates":[151.28,46.47]}},{"type":"Feature","properties":{"id":"290161","name":"Milna","type":"Stratovolcano","country":"Russia","region":"Kuril Islands","subregion":"Kuril Islands","elevation_m":1504,"last_eruption":1914},"geometry":{"type":"Point","coordinates":[151.79,46.82]}},{"type":"Feature","properties":{"id":"290180","name":"Zavaritzki Caldera","type":"Caldera","country":"Russia","region":"Kuril Islands","subregion":"Kuril Islands","elevation_m":624,"last_eruption":1957},"geometry":{"type":"Point","coordinates":[151.95,46.93]}},{"type":"Feature","properties":{"id":"290191","name":"Uratman","type":"Stratovolcano","country":"Russia","region":"Kuril Islands","subregion":"Kuril Islands","elevation_m":678,"last_eruption":null},"geometry":{"type":"Point","coordinates":[152.25,47.12]}},{"type":"Feature","properties":{"id":"290190","name":"Prevo Peak","type":"Stratovolcano","country":"Russia","region":"Kuril Islands","subregion":"Kuril Islands","elevation_m":1360,"last_eruption":1825},"geometry":{"type":"Point","coordinates":[152.12,47.02]}},{"type":"Feature","properties":{"id":"290200","name":"Ketoi","type":"Stratovolcano","country":"Russia","region":"Kuril Islands","subregion":"Kuril Islands","elevation_m":1172,"last_eruption":1960},"geometry":{"type":"Point","coordinates":[152.48,47.35]}},{"type":"Feature","properties":{"id":"290211","name":"Srednii","type":"Submarine","country":"Russia","region":"Kuril Islands","subregion":"Kuril Islands","elevation_m":36,"last_eruption":null},"geometry":{"type":"Point","coordinates":[152.92,47.6]}},{"type":"Feature","properties":{"id":"290210","name":"Ushishur","type":"Caldera","country":"Russia","region":"Kuril Islands","subregion":"Kuril Islands","elevation_m":401,"last_eruption":1884},"geometry":{"type":"Point","coordinates":[152.8,47.52]}},{"type":"Feature","properties":{"id":"290220","name":"Rasshua","type":"Stratovolcano","country":"Russia","region":"Kuril Islands","subregion":"Kuril Islands","elevation_m":956,"last_eruption":1957},"geometry":{"type":"Point","coordinates":[153.02,47.77]}},{"type":"Feature","properties":{"id":"290240","name":"Sarychev Peak","type":"Stratovolcano","country":"Russia","region":"Kuril Islands","subregion":"Kuril Islands","elevation_m":1496,"last_eruption":2009},"geometry":{"type":"Point","coordinates":[153.2,48.09]}},{"type":"Feature","properties":{"id":"290250","name":"Raikoke","type":"Stratovolcano","country":"Russia","region":"Kuril Islands","subregion":"Kuril Islands","elevation_m":551,"last_eruption":1924},"geometry":{"type":"Point","coordinates":[153.25,48.29]}},{"type":"Feature","properties":{"id":"290260","name":"Chirinkotan","type":"Stratovolcano","country":"Russia","region":"Kuril Islands","subregion":"Kuril Islands","elevation_m":724,"last_eruption":2017},"geometry":{"type":"Point","coordinates":[153.48,48.98]}},{"type":"Feature","properties":{"id":"290270","name":"Ekarma","type":"Stratovolcano","country":"Russia","region":"Kuril Islands","subregion":"Kuril Islands","elevation_m":1170,"last_eruption":2010},"geometry":{"type":"Point","coordinates":[153.93,48.96]}},{"type":"Feature","properties":{"id":"290290","name":"Sinarka","type":"Stratovolcano","country":"Russia","region":"Kuril Islands","subregion":"Kuril Islands","elevation_m":911,"last_eruption":1878},"geometry":{"type":"Point","coordinates":[154.18,48.87]}},{"type":"Feature","properties":{"id":"290300","name":"Kharimkotan","type":"Stratovolcano","country":"Russia","region":"Kuril Islands","subregion":"Kuril Islands","elevation_m":1145,"last_eruption":1933},"geometry":{"type":"Point","coordinates":[154.51,49.12]}},{"type":"Feature","properties":{"id":"290310","name":"Tao-Rusyr Caldera","type":"Stratovolcano","country":"Russia","region":"Kuril Islands","subregion":"Kuril Islands","elevation_m":1325,"last_eruption":1952},"geometry":{"type":"Point","coordinates":[154.7,49.35]}},{"type":"Feature","properties":{"id":"290320","name":"Nemo Peak","type":"Caldera","country":"Russia","region":"Kuril Islands","subregion":"Kuril Islands","elevation_m":1018,"last_eruption":1938},"geometry":{"type":"Point","coordinates":[154.81,49.57]}},{"type":"Feature","properties":{"id":"290331","name":"Shirinki","type":"Stratovolcano","country":"Russia","region":"Kuril Islands","subregion":"Kuril Islands","elevation_m":761,"last_eruption":null},"geometry":{"type":"Point","coordinates":[154.98,50.2]}},{"type":"Feature","properties":{"id":"290340","name":"Fuss Peak","type":"Stratovolcano","country":"Russia","region":"Kuril Islands","subregion":"Kuril Islands","elevation_m":1742,"last_eruption":1854},"geometry":{"type":"Point","coordinates":[155.25,50.27]}},{"type":"Feature","properties":{"id":"290350","name":"Karpinsky Group","type":"Cone(s)","country":"Russia","region":"Kuril Islands","subregion":"Kuril Islands","elevation_m":1326,"last_eruption":1952},"geometry":{"type":"Point","coordinates":[155.37,50.15]}},{"type":"Feature","properties":{"id":"290360","name":"Chikurachki","type":"Stratovolcano(es)","country":"Russia","region":"Kuril Islands","subregion":"Kuril Islands","elevation_m":1781,"last_eruption":2016},"geometry":{"type":"Point","coordinates":[155.46,50.32]}},{"type":"Feature","properties":{"id":"290370","name":"Vernadskii Ridge","type":"Pyroclastic cone(s)","country":"Russia","region":"Kuril Islands","subregion":"Kuril Islands","elevation_m":1183,"last_eruption":null},"geometry":{"type":"Point","coordinates":[155.97,50.55]}},{"type":"Feature","properties":{"id":"290380","name":"Ebeko","type":"Stratovolcano","country":"Russia","region":"Kuril Islands","subregion":"Kuril Islands","elevation_m":1103,"last_eruption":2018},"geometry":{"type":"Point","coordinates":[156.01,50.69]}},{"type":"Feature","properties":{"id":"290390","name":"Alaid","type":"Stratovolcano","country":"Russia","region":"Kuril Islands","subregion":"Kuril Islands","elevation_m":2285,"last_eruption":2016},"geometry":{"type":"Point","coordinates":[155.57,50.86]}},{"type":"Feature","properties":{"id":"300001","name":"Mashkovtsev","type":"Stratovolcano","country":"Russia","region":"Kamchatka and Mainland Asia","subregion":"Kamchatka Peninsula","elevation_m":503,"last_eruption":null},"geometry":{"type":"Point","coordinates":[156.72,51.1]}},{"type":"Feature","properties":{"id":"300010","name":"Kambalny","type":"Stratovolcano","country":"Russia","region":"Kamchatka and Mainland Asia","subregion":"Kamchatka Peninsula","elevation_m":2116,"last_eruption":2017},"geometry":{"type":"Point","coordinates":[156.88,51.31]}},{"type":"Feature","properties":{"id":"300021","name":"Yavinsky","type":"Stratovolcano","country":"Russia","region":"Kamchatka and Mainland Asia","subregion":"Kamchatka Peninsula","elevation_m":646,"last_eruption":-4050},"geometry":{"type":"Point","coordinates":[156.63,51.53]}},{"type":"Feature","properties":{"id":"300022","name":"Diky Greben","type":"Lava dome(s)","country":"Russia","region":"Kamchatka and Mainland Asia","subregion":"Kamchatka Peninsula","elevation_m":1040,"last_eruption":350},"geometry":{"type":"Point","coordinates":[156.98,51.45]}},{"type":"Feature","properties":{"id":"300023","name":"Kurile Lake","type":"Caldera","country":"Russia","region":"Kamchatka and Mainland Asia","subregion":"Kamchatka Peninsula","elevation_m":81,"last_eruption":-6440},"geometry":{"type":"Point","coordinates":[157.12,51.45]}},{"type":"Feature","properties":{"id":"300020","name":"Koshelev","type":"Stratovolcano","country":"Russia","region":"Kamchatka and Mainland Asia","subregion":"Kamchatka Peninsula","elevation_m":1822,"last_eruption":1690},"geometry":{"type":"Point","coordinates":[156.75,51.36]}},{"type":"Feature","properties":{"id":"300030","name":"Iliinsky","type":"Stratovolcano","country":"Russia","region":"Kamchatka and Mainland Asia","subregion":"Kamchatka Peninsula","elevation_m":1555,"last_eruption":1901},"geometry":{"type":"Point","coordinates":[157.2,51.5]}},{"type":"Feature","properties":{"id":"300041","name":"Kell","type":"Stratovolcano(es)","country":"Russia","region":"Kamchatka and Mainland Asia","subregion":"Kamchatka Peninsula","elevation_m":900,"last_eruption":null},"geometry":{"type":"Point","coordinates":[157.35,51.65]}},{"type":"Feature","properties":{"id":"300042","name":"Belenkaya","type":"Stratovolcano","country":"Russia","region":"Kamchatka and Mainland Asia","subregion":"Kamchatka Peninsula","elevation_m":892,"last_eruption":null},"geometry":{"type":"Point","coordinates":[157.27,51.75]}},{"type":"Feature","properties":{"id":"300040","name":"Zheltovsky","type":"Stratovolcano","country":"Russia","region":"Kamchatka and Mainland Asia","subregion":"Kamchatka Peninsula","elevation_m":1926,"last_eruption":1923},"geometry":{"type":"Point","coordinates":[157.33,51.58]}},{"type":"Feature","properties":{"id":"300051","name":"Ozernoy","type":"Shield","country":"Russia","region":"Kamchatka and Mainland Asia","subregion":"Kamchatka Peninsula","elevation_m":562,"last_eruption":null},"geometry":{"type":"Point","coordinates":[157.38,51.88]}},{"type":"Feature","properties":{"id":"300052","name":"Olkoviy Volcanic Group","type":"Volcanic field","country":"Russia","region":"Kamchatka and Mainland Asia","subregion":"Kamchatka Peninsula","elevation_m":681,"last_eruption":null},"geometry":{"type":"Point","coordinates":[157.53,52.02]}},{"type":"Feature","properties":{"id":"300053","name":"Khodutka","type":"Stratovolcano(es)","country":"Russia","region":"Kamchatka and Mainland Asia","subregion":"Kamchatka Peninsula","elevation_m":2039,"last_eruption":-300},"geometry":{"type":"Point","coordinates":[157.71,52.06]}},{"type":"Feature","properties":{"id":"300054","name":"Piratkovsky","type":"Stratovolcano","country":"Russia","region":"Kamchatka and Mainland Asia","subregion":"Kamchatka Peninsula","elevation_m":1322,"last_eruption":null},"geometry":{"type":"Point","coordinates":[157.85,52.11]}},{"type":"Feature","properties":{"id":"300055","name":"Ostanets","type":"Shield(s)","country":"Russia","region":"Kamchatka and Mainland Asia","subregion":"Kamchatka Peninsula","elevation_m":719,"last_eruption":null},"geometry":{"type":"Point","coordinates":[157.32,52.15]}},{"type":"Feature","properties":{"id":"300056","name":"Otdelniy","type":"Shield(s)","country":"Russia","region":"Kamchatka and Mainland Asia","subregion":"Kamchatka Peninsula","elevation_m":814,"last_eruption":null},"geometry":{"type":"Point","coordinates":[157.44,52.22]}},{"type":"Feature","properties":{"id":"300057","name":"Golaya","type":"Stratovolcano","country":"Russia","region":"Kamchatka and Mainland Asia","subregion":"Kamchatka Peninsula","elevation_m":858,"last_eruption":null},"geometry":{"type":"Point","coordinates":[157.79,52.26]}},{"type":"Feature","properties":{"id":"300058","name":"Asacha","type":"Complex","country":"Russia","region":"Kamchatka and Mainland Asia","subregion":"Kamchatka Peninsula","elevation_m":1910,"last_eruption":null},"geometry":{"type":"Point","coordinates":[157.83,52.36]}},{"type":"Feature","properties":{"id":"300059","name":"Visokiy","type":"Stratovolcano","country":"Russia","region":"Kamchatka and Mainland Asia","subregion":"Kamchatka Peninsula","elevation_m":1234,"last_eruption":null},"geometry":{"type":"Point","coordinates":[157.93,52.43]}},{"type":"Feature","properties":{"id":"300050","name":"Ksudach","type":"Stratovolcano","country":"Russia","region":"Kamchatka and Mainland Asia","subregion":"Kamchatka Peninsula","elevation_m":1079,"last_eruption":1907},"geometry":{"type":"Point","coordinates":[157.57,51.84]}},{"type":"Feature","properties":{"id":"300060","name":"Mutnovsky","type":"Complex","country":"Russia","region":"Kamchatka and Mainland Asia","subregion":"Kamchatka Peninsula","elevation_m":2288,"last_eruption":2000},"geometry":{"type":"Point","coordinates":[158.2,52.45]}},{"type":"Feature","properties":{"id":"300070","name":"Gorely","type":"Caldera","country":"Russia","region":"Kamchatka and Mainland Asia","subregion":"Kamchatka Peninsula","elevation_m":1799,"last_eruption":2010},"geometry":{"type":"Point","coordinates":[158.03,52.56]}},{"type":"Feature","properties":{"id":"300082","name":"Tolmachev Dol","type":"Pyroclastic cone(s)","country":"Russia","region":"Kamchatka and Mainland Asia","subregion":"Kamchatka Peninsula","elevation_m":1021,"last_eruption":300},"geometry":{"type":"Point","coordinates":[157.58,52.63]}},{"type":"Feature","properties":{"id":"300083","name":"Vilyuchik","type":"Stratovolcano","country":"Russia","region":"Kamchatka and Mainland Asia","subregion":"Kamchatka Peninsula","elevation_m":2173,"last_eruption":-8050},"geometry":{"type":"Point","coordinates":[158.28,52.7]}},{"type":"Feature","properties":{"id":"300084","name":"Barkhatnaya Sopka","type":"Lava dome(s)","country":"Russia","region":"Kamchatka and Mainland Asia","subregion":"Kamchatka Peninsula","elevation_m":874,"last_eruption":-3550},"geometry":{"type":"Point","coordinates":[158.24,52.8]}},{"type":"Feature","properties":{"id":"300087","name":"Bolshe-Bannaya","type":"Lava dome(s)","country":"Russia","region":"Kamchatka and Mainland Asia","subregion":"Kamchatka Peninsula","elevation_m":1200,"last_eruption":null},"geometry":{"type":"Point","coordinates":[157.78,52.9]}},{"type":"Feature","properties":{"id":"300080","name":"Opala","type":"Caldera","country":"Russia","region":"Kamchatka and Mainland Asia","subregion":"Kamchatka Peninsula","elevation_m":2439,"last_eruption":1776},"geometry":{"type":"Point","coordinates":[157.34,52.54]}},{"type":"Feature","properties":{"id":"300090","name":"Koryaksky","type":"Stratovolcano","country":"Russia","region":"Kamchatka and Mainland Asia","subregion":"Kamchatka Peninsula","elevation_m":3430,"last_eruption":2009},"geometry":{"type":"Point","coordinates":[158.71,53.32]}},{"type":"Feature","properties":{"id":"300100","name":"Avachinsky","type":"Stratovolcano","country":"Russia","region":"Kamchatka and Mainland Asia","subregion":"Kamchatka Peninsula","elevation_m":2717,"last_eruption":2001},"geometry":{"type":"Point","coordinates":[158.84,53.26]}},{"type":"Feature","properties":{"id":"300110","name":"Dzenzursky","type":"Compound","country":"Russia","region":"Kamchatka and Mainland Asia","subregion":"Kamchatka Peninsula","elevation_m":2285,"last_eruption":null},"geometry":{"type":"Point","coordinates":[158.92,53.64]}},{"type":"Feature","properties":{"id":"300121","name":"Veer","type":"Pyroclastic cone(s)","country":"Russia","region":"Kamchatka and Mainland Asia","subregion":"Kamchatka Peninsula","elevation_m":520,"last_eruption":390},"geometry":{"type":"Point","coordinates":[158.45,53.75]}},{"type":"Feature","properties":{"id":"300122","name":"Kostakan","type":"Pyroclastic cone(s)","country":"Russia","region":"Kamchatka and Mainland Asia","subregion":"Kamchatka Peninsula","elevation_m":1150,"last_eruption":1350},"geometry":{"type":"Point","coordinates":[158.05,53.83]}},{"type":"Feature","properties":{"id":"300123","name":"Bakening","type":"Stratovolcano","country":"Russia","region":"Kamchatka and Mainland Asia","subregion":"Kamchatka Peninsula","elevation_m":2278,"last_eruption":-550},"geometry":{"type":"Point","coordinates":[158.07,53.91]}},{"type":"Feature","properties":{"id":"300124","name":"Zavaritsky","type":"Pyroclastic cone(s)","country":"Russia","region":"Kamchatka and Mainland Asia","subregion":"Kamchatka Peninsula","elevation_m":1567,"last_eruption":-800},"geometry":{"type":"Point","coordinates":[158.39,53.91]}},{"type":"Feature","properties":{"id":"300125","name":"Akademia Nauk","type":"Stratovolcano(es)","country":"Russia","region":"Kamchatka and Mainland Asia","subregion":"Kamchatka Peninsula","elevation_m":1180,"last_eruption":1996},"geometry":{"type":"Point","coordinates":[159.45,53.98]}},{"type":"Feature","properties":{"id":"300120","name":"Zhupanovsky","type":"Compound","country":"Russia","region":"Kamchatka and Mainland Asia","subregion":"Kamchatka Peninsula","elevation_m":2899,"last_eruption":2016},"geometry":{"type":"Point","coordinates":[159.15,53.59]}},{"type":"Feature","properties":{"id":"300130","name":"Karymsky","type":"Stratovolcano","country":"Russia","region":"Kamchatka and Mainland Asia","subregion":"Kamchatka Peninsula","elevation_m":1513,"last_eruption":2018},"geometry":{"type":"Point","coordinates":[159.44,54.05]}},{"type":"Feature","properties":{"id":"300140","name":"Maly Semyachik","type":"Caldera","country":"Russia","region":"Kamchatka and Mainland Asia","subregion":"Kamchatka Peninsula","elevation_m":1527,"last_eruption":1952},"geometry":{"type":"Point","coordinates":[159.67,54.14]}},{"type":"Feature","properties":{"id":"300150","name":"Bolshoi Semiachik","type":"Stratovolcano(es)","country":"Russia","region":"Kamchatka and Mainland Asia","subregion":"Kamchatka Peninsula","elevation_m":1720,"last_eruption":-4450},"geometry":{"type":"Point","coordinates":[160.02,54.32]}},{"type":"Feature","properties":{"id":"300160","name":"Taunshits","type":"Stratovolcano","country":"Russia","region":"Kamchatka and Mainland Asia","subregion":"Kamchatka Peninsula","elevation_m":2301,"last_eruption":-550},"geometry":{"type":"Point","coordinates":[159.8,54.53]}},{"type":"Feature","properties":{"id":"300170","name":"Uzon","type":"Caldera(s)","country":"Russia","region":"Kamchatka and Mainland Asia","subregion":"Kamchatka Peninsula","elevation_m":1617,"last_eruption":200},"geometry":{"type":"Point","coordinates":[159.97,54.5]}},{"type":"Feature","properties":{"id":"300180","name":"Kikhpinych","type":"Stratovolcano(es)","country":"Russia","region":"Kamchatka and Mainland Asia","subregion":"Kamchatka Peninsula","elevation_m":1506,"last_eruption":1550},"geometry":{"type":"Point","coordinates":[160.25,54.49]}},{"type":"Feature","properties":{"id":"300190","name":"Krasheninnikov","type":"Caldera","country":"Russia","region":"Kamchatka and Mainland Asia","subregion":"Kamchatka Peninsula","elevation_m":1816,"last_eruption":1550},"geometry":{"type":"Point","coordinates":[160.27,54.6]}},{"type":"Feature","properties":{"id":"300201","name":"Schmidt","type":"Shield","country":"Russia","region":"Kamchatka and Mainland Asia","subregion":"Kamchatka Peninsula","elevation_m":2020,"last_eruption":null},"geometry":{"type":"Point","coordinates":[160.63,54.92]}},{"type":"Feature","properties":{"id":"300200","name":"Kronotsky","type":"Stratovolcano","country":"Russia","region":"Kamchatka and Mainland Asia","subregion":"Kamchatka Peninsula","elevation_m":3482,"last_eruption":1923},"geometry":{"type":"Point","coordinates":[160.53,54.75]}},{"type":"Feature","properties":{"id":"300210","name":"Gamchen","type":"Complex","country":"Russia","region":"Kamchatka and Mainland Asia","subregion":"Kamchatka Peninsula","elevation_m":2539,"last_eruption":-550},"geometry":{"type":"Point","coordinates":[160.7,54.97]}},{"type":"Feature","properties":{"id":"300221","name":"Vysoky","type":"Stratovolcano","country":"Russia","region":"Kamchatka and Mainland Asia","subregion":"Kamchatka Peninsula","elevation_m":2129,"last_eruption":-550},"geometry":{"type":"Point","coordinates":[160.76,55.06]}},{"type":"Feature","properties":{"id":"300220","name":"Komarov","type":"Stratovolcano","country":"Russia","region":"Kamchatka and Mainland Asia","subregion":"Kamchatka Peninsula","elevation_m":2065,"last_eruption":950},"geometry":{"type":"Point","coordinates":[160.73,55.03]}},{"type":"Feature","properties":{"id":"300230","name":"Kizimen","type":"Stratovolcano","country":"Russia","region":"Kamchatka and Mainland Asia","subregion":"Kamchatka Peninsula","elevation_m":2334,"last_eruption":2013},"geometry":{"type":"Point","coordinates":[160.32,55.13]}},{"type":"Feature","properties":{"id":"300241","name":"Udina","type":"Stratovolcano(es)","country":"Russia","region":"Kamchatka and Mainland Asia","subregion":"Kamchatka Peninsula","elevation_m":2886,"last_eruption":null},"geometry":{"type":"Point","coordinates":[160.53,55.76]}},{"type":"Feature","properties":{"id":"300242","name":"Zimina","type":"Stratovolcano(es)","country":"Russia","region":"Kamchatka and Mainland Asia","subregion":"Kamchatka Peninsula","elevation_m":3057,"last_eruption":null},"geometry":{"type":"Point","coordinates":[160.6,55.86]}},{"type":"Feature","properties":{"id":"300240","name":"Tolbachik","type":"Shield","country":"Russia","region":"Kamchatka and Mainland Asia","subregion":"Kamchatka Peninsula","elevation_m":3611,"last_eruption":2013},"geometry":{"type":"Point","coordinates":[160.33,55.83]}},{"type":"Feature","properties":{"id":"300251","name":"Kamen","type":"Stratovolcano","country":"Russia","region":"Kamchatka and Mainland Asia","subregion":"Kamchatka Peninsula","elevation_m":4585,"last_eruption":null},"geometry":{"type":"Point","coordinates":[160.59,56.02]}},{"type":"Feature","properties":{"id":"300250","name":"Bezymianny","type":"Stratovolcano","country":"Russia","region":"Kamchatka and Mainland Asia","subregion":"Kamchatka Peninsula","elevation_m":2882,"last_eruption":2018},"geometry":{"type":"Point","coordinates":[160.6,55.97]}},{"type":"Feature","properties":{"id":"300261","name":"Ushkovsky","type":"Compound","country":"Russia","region":"Kamchatka and Mainland Asia","subregion":"Kamchatka Peninsula","elevation_m":3943,"last_eruption":1890},"geometry":{"type":"Point","coordinates":[160.51,56.11]}},{"type":"Feature","properties":{"id":"300260","name":"Klyuchevskoy","type":"Stratovolcano","country":"Russia","region":"Kamchatka and Mainland Asia","subregion":"Kamchatka Peninsula","elevation_m":4754,"last_eruption":2018},"geometry":{"type":"Point","coordinates":[160.64,56.06]}},{"type":"Feature","properties":{"id":"300271","name":"Piip","type":"Submarine","country":"Russia","region":"Kamchatka and Mainland Asia","subregion":"Kamchatka Peninsula","elevation_m":-300,"last_eruption":-5050},"geometry":{"type":"Point","coordinates":[167.33,55.42]}},{"type":"Feature","properties":{"id":"300272","name":"Khangar","type":"Stratovolcano","country":"Russia","region":"Kamchatka and Mainland Asia","subregion":"Kamchatka Peninsula","elevation_m":1967,"last_eruption":1500},"geometry":{"type":"Point","coordinates":[157.41,54.76]}},{"type":"Feature","properties":{"id":"300273","name":"Cherpuk Group","type":"Pyroclastic cone(s)","country":"Russia","region":"Kamchatka and Mainland Asia","subregion":"Kamchatka Peninsula","elevation_m":1868,"last_eruption":-4550},"geometry":{"type":"Point","coordinates":[157.47,55.55]}},{"type":"Feature","properties":{"id":"300270","name":"Sheveluch","type":"Stratovolcano","country":"Russia","region":"Kamchatka and Mainland Asia","subregion":"Kamchatka Peninsula","elevation_m":3283,"last_eruption":2018},"geometry":{"type":"Point","coordinates":[161.36,56.65]}},{"type":"Feature","properties":{"id":"300280","name":"Ichinsky","type":"Stratovolcano","country":"Russia","region":"Kamchatka and Mainland Asia","subregion":"Kamchatka Peninsula","elevation_m":3596,"last_eruption":1740},"geometry":{"type":"Point","coordinates":[157.72,55.68]}},{"type":"Feature","properties":{"id":"300290","name":"Maly Payalpan","type":"Shield(s)","country":"Russia","region":"Kamchatka and Mainland Asia","subregion":"Kamchatka Peninsula","elevation_m":1802,"last_eruption":null},"geometry":{"type":"Point","coordinates":[157.98,55.82]}},{"type":"Feature","properties":{"id":"300300","name":"Bolshoi Payalpan","type":"Shield(s)","country":"Russia","region":"Kamchatka and Mainland Asia","subregion":"Kamchatka Peninsula","elevation_m":1906,"last_eruption":null},"geometry":{"type":"Point","coordinates":[157.78,55.88]}},{"type":"Feature","properties":{"id":"300310","name":"Plosky","type":"Shield","country":"Russia","region":"Kamchatka and Mainland Asia","subregion":"Kamchatka Peninsula","elevation_m":1236,"last_eruption":null},"geometry":{"type":"Point","coordinates":[158.47,55.2]}},{"type":"Feature","properties":{"id":"300320","name":"Akhtang","type":"Shield","country":"Russia","region":"Kamchatka and Mainland Asia","subregion":"Kamchatka Peninsula","elevation_m":1956,"last_eruption":null},"geometry":{"type":"Point","coordinates":[158.65,55.43]}},{"type":"Feature","properties":{"id":"300330","name":"Kozyrevsky","type":"Shield","country":"Russia","region":"Kamchatka and Mainland Asia","subregion":"Kamchatka Peninsula","elevation_m":2016,"last_eruption":null},"geometry":{"type":"Point","coordinates":[158.38,55.58]}},{"type":"Feature","properties":{"id":"300340","name":"Romanovka","type":"Stratovolcano","country":"Russia","region":"Kamchatka and Mainland Asia","subregion":"Kamchatka Peninsula","elevation_m":1442,"last_eruption":null},"geometry":{"type":"Point","coordinates":[158.8,55.65]}},{"type":"Feature","properties":{"id":"300350","name":"Uksichan","type":"Shield","country":"Russia","region":"Kamchatka and Mainland Asia","subregion":"Kamchatka Peninsula","elevation_m":1692,"last_eruption":null},"geometry":{"type":"Point","coordinates":[158.38,56.08]}},{"type":"Feature","properties":{"id":"300360","name":"Bolshoi-Kekuknaysky","type":"Shield(s)","country":"Russia","region":"Kamchatka and Mainland Asia","subregion":"Kamchatka Peninsula","elevation_m":1401,"last_eruption":-5310},"geometry":{"type":"Point","coordinates":[157.92,56.48]}},{"type":"Feature","properties":{"id":"300370","name":"Kulkev","type":"Shield","country":"Russia","region":"Kamchatka and Mainland Asia","subregion":"Kamchatka Peninsula","elevation_m":915,"last_eruption":null},"geometry":{"type":"Point","coordinates":[158.37,56.37]}},{"type":"Feature","properties":{"id":"300380","name":"Geodesistoy","type":"Shield","country":"Russia","region":"Kamchatka and Mainland Asia","subregion":"Kamchatka Peninsula","elevation_m":1170,"last_eruption":null},"geometry":{"type":"Point","coordinates":[158.67,56.33]}},{"type":"Feature","properties":{"id":"300390","name":"Anaun","type":"Stratovolcano","country":"Russia","region":"Kamchatka and Mainland Asia","subregion":"Kamchatka Peninsula","elevation_m":1828,"last_eruption":null},"geometry":{"type":"Point","coordinates":[158.83,56.32]}},{"type":"Feature","properties":{"id":"300400","name":"Krainy","type":"Shield","country":"Russia","region":"Kamchatka and Mainland Asia","subregion":"Kamchatka Peninsula","elevation_m":1554,"last_eruption":null},"geometry":{"type":"Point","coordinates":[159.03,56.37]}},{"type":"Feature","properties":{"id":"300410","name":"Kekurny","type":"Shield(s)","country":"Russia","region":"Kamchatka and Mainland Asia","subregion":"Kamchatka Peninsula","elevation_m":1377,"last_eruption":null},"geometry":{"type":"Point","coordinates":[158.85,56.4]}},{"type":"Feature","properties":{"id":"300420","name":"Eggella","type":"Shield","country":"Russia","region":"Kamchatka and Mainland Asia","subregion":"Kamchatka Peninsula","elevation_m":1046,"last_eruption":null},"geometry":{"type":"Point","coordinates":[158.52,56.57]}},{"type":"Feature","properties":{"id":"300440","name":"Verkhovoy","type":"Shield","country":"Russia","region":"Kamchatka and Mainland Asia","subregion":"Kamchatka Peninsula","elevation_m":1400,"last_eruption":null},"geometry":{"type":"Point","coordinates":[159.53,56.52]}},{"type":"Feature","properties":{"id":"300450","name":"Alney-Chashakondzha","type":"Stratovolcano","country":"Russia","region":"Kamchatka and Mainland Asia","subregion":"Kamchatka Peninsula","elevation_m":2570,"last_eruption":1600},"geometry":{"type":"Point","coordinates":[159.65,56.66]}},{"type":"Feature","properties":{"id":"300460","name":"Cherny","type":"Stratovolcano","country":"Russia","region":"Kamchatka and Mainland Asia","subregion":"Kamchatka Peninsula","elevation_m":1778,"last_eruption":null},"geometry":{"type":"Point","coordinates":[159.67,56.82]}},{"type":"Feature","properties":{"id":"300470","name":"Pogranychny","type":"Shield(s)","country":"Russia","region":"Kamchatka and Mainland Asia","subregion":"Kamchatka Peninsula","elevation_m":1427,"last_eruption":null},"geometry":{"type":"Point","coordinates":[159.8,56.85]}},{"type":"Feature","properties":{"id":"300480","name":"Zaozerny","type":"Shield(s)","country":"Russia","region":"Kamchatka and Mainland Asia","subregion":"Kamchatka Peninsula","elevation_m":1349,"last_eruption":null},"geometry":{"type":"Point","coordinates":[159.95,56.88]}},{"type":"Feature","properties":{"id":"300490","name":"Bliznets","type":"Stratovolcano","country":"Russia","region":"Kamchatka and Mainland Asia","subregion":"Kamchatka Peninsula","elevation_m":1244,"last_eruption":null},"geometry":{"type":"Point","coordinates":[159.78,56.97]}},{"type":"Feature","properties":{"id":"300500","name":"Kebeney","type":"Shield","country":"Russia","region":"Kamchatka and Mainland Asia","subregion":"Kamchatka Peninsula","elevation_m":1527,"last_eruption":null},"geometry":{"type":"Point","coordinates":[159.93,57.1]}},{"type":"Feature","properties":{"id":"300510","name":"Fedotych","type":"Shield","country":"Russia","region":"Kamchatka and Mainland Asia","subregion":"Kamchatka Peninsula","elevation_m":965,"last_eruption":null},"geometry":{"type":"Point","coordinates":[160.4,57.13]}},{"type":"Feature","properties":{"id":"300511","name":"Shisheika","type":"Lava dome","country":"Russia","region":"Kamchatka and Mainland Asia","subregion":"Kamchatka Peninsula","elevation_m":355,"last_eruption":-2240},"geometry":{"type":"Point","coordinates":[161.09,57.15]}},{"type":"Feature","properties":{"id":"300512","name":"Terpuk","type":"Shield","country":"Russia","region":"Kamchatka and Mainland Asia","subregion":"Kamchatka Peninsula","elevation_m":765,"last_eruption":-800},"geometry":{"type":"Point","coordinates":[159.83,57.2]}},{"type":"Feature","properties":{"id":"300520","name":"Sedankinsky","type":"Shield","country":"Russia","region":"Kamchatka and Mainland Asia","subregion":"Kamchatka Peninsula","elevation_m":1241,"last_eruption":-7050},"geometry":{"type":"Point","coordinates":[160.08,57.27]}},{"type":"Feature","properties":{"id":"300530","name":"Leutongey","type":"Shield","country":"Russia","region":"Kamchatka and Mainland Asia","subregion":"Kamchatka Peninsula","elevation_m":1318,"last_eruption":null},"geometry":{"type":"Point","coordinates":[159.83,57.31]}},{"type":"Feature","properties":{"id":"300540","name":"Tuzovsky","type":"Shield(s)","country":"Russia","region":"Kamchatka and Mainland Asia","subregion":"Kamchatka Peninsula","elevation_m":1516,"last_eruption":null},"geometry":{"type":"Point","coordinates":[159.97,57.32]}},{"type":"Feature","properties":{"id":"300550","name":"Gorny Institute","type":"Stratovolcano","country":"Russia","region":"Kamchatka and Mainland Asia","subregion":"Kamchatka Peninsula","elevation_m":2125,"last_eruption":1250},"geometry":{"type":"Point","coordinates":[160.2,57.33]}},{"type":"Feature","properties":{"id":"300551","name":"Kinenin","type":"Maar","country":"Russia","region":"Kamchatka and Mainland Asia","subregion":"Kamchatka Peninsula","elevation_m":583,"last_eruption":850},"geometry":{"type":"Point","coordinates":[160.97,57.35]}},{"type":"Feature","properties":{"id":"300552","name":"Bliznetsy","type":"Lava cone","country":"Russia","region":"Kamchatka and Mainland Asia","subregion":"Kamchatka Peninsula","elevation_m":265,"last_eruption":-1060},"geometry":{"type":"Point","coordinates":[161.37,57.35]}},{"type":"Feature","properties":{"id":"300560","name":"Titila","type":"Shield(s)","country":"Russia","region":"Kamchatka and Mainland Asia","subregion":"Kamchatka Peninsula","elevation_m":1523,"last_eruption":-550},"geometry":{"type":"Point","coordinates":[160.11,57.41]}},{"type":"Feature","properties":{"id":"300570","name":"Mezhdusopochny","type":"Shield","country":"Russia","region":"Kamchatka and Mainland Asia","subregion":"Kamchatka Peninsula","elevation_m":1641,"last_eruption":null},"geometry":{"type":"Point","coordinates":[160.25,57.47]}},{"type":"Feature","properties":{"id":"300580","name":"Shishel","type":"Shield","country":"Russia","region":"Kamchatka and Mainland Asia","subregion":"Kamchatka Peninsula","elevation_m":2525,"last_eruption":null},"geometry":{"type":"Point","coordinates":[160.37,57.45]}},{"type":"Feature","properties":{"id":"300590","name":"Elovsky","type":"Shield(s)","country":"Russia","region":"Kamchatka and Mainland Asia","subregion":"Kamchatka Peninsula","elevation_m":1381,"last_eruption":-7550},"geometry":{"type":"Point","coordinates":[160.53,57.55]}},{"type":"Feature","properties":{"id":"300600","name":"Alngey","type":"Stratovolcano","country":"Russia","region":"Kamchatka and Mainland Asia","subregion":"Kamchatka Peninsula","elevation_m":1822,"last_eruption":null},"geometry":{"type":"Point","coordinates":[160.42,57.7]}},{"type":"Feature","properties":{"id":"300610","name":"Uka","type":"Shield","country":"Russia","region":"Kamchatka and Mainland Asia","subregion":"Kamchatka Peninsula","elevation_m":1607,"last_eruption":null},"geometry":{"type":"Point","coordinates":[160.59,57.71]}},{"type":"Feature","properties":{"id":"300620","name":"Kaileney","type":"Shield","country":"Russia","region":"Kamchatka and Mainland Asia","subregion":"Kamchatka Peninsula","elevation_m":1582,"last_eruption":null},"geometry":{"type":"Point","coordinates":[160.67,57.8]}},{"type":"Feature","properties":{"id":"300630","name":"Plosky","type":"Shield","country":"Russia","region":"Kamchatka and Mainland Asia","subregion":"Kamchatka Peninsula","elevation_m":1255,"last_eruption":null},"geometry":{"type":"Point","coordinates":[160.25,57.83]}},{"type":"Feature","properties":{"id":"300640","name":"Bely","type":"Shield(s)","country":"Russia","region":"Kamchatka and Mainland Asia","subregion":"Kamchatka Peninsula","elevation_m":2080,"last_eruption":null},"geometry":{"type":"Point","coordinates":[160.53,57.88]}},{"type":"Feature","properties":{"id":"300650","name":"Nylgimelkin","type":"Shield(s)","country":"Russia","region":"Kamchatka and Mainland Asia","subregion":"Kamchatka Peninsula","elevation_m":1764,"last_eruption":-3550},"geometry":{"type":"Point","coordinates":[160.65,57.97]}},{"type":"Feature","properties":{"id":"300660","name":"Snezhniy","type":"Shield","country":"Russia","region":"Kamchatka and Mainland Asia","subregion":"Kamchatka Peninsula","elevation_m":2169,"last_eruption":null},"geometry":{"type":"Point","coordinates":[160.8,58.02]}},{"type":"Feature","properties":{"id":"300670","name":"Iktunup","type":"Shield(s)","country":"Russia","region":"Kamchatka and Mainland Asia","subregion":"Kamchatka Peninsula","elevation_m":2300,"last_eruption":null},"geometry":{"type":"Point","coordinates":[160.77,58.08]}},{"type":"Feature","properties":{"id":"300671","name":"Spokoiny","type":"Stratovolcano","country":"Russia","region":"Kamchatka and Mainland Asia","subregion":"Kamchatka Peninsula","elevation_m":2171,"last_eruption":-3450},"geometry":{"type":"Point","coordinates":[160.82,58.13]}},{"type":"Feature","properties":{"id":"300680","name":"Ostry","type":"Stratovolcano","country":"Russia","region":"Kamchatka and Mainland Asia","subregion":"Kamchatka Peninsula","elevation_m":2552,"last_eruption":-2050},"geometry":{"type":"Point","coordinates":[160.82,58.18]}},{"type":"Feature","properties":{"id":"300690","name":"Snegovoy","type":"Shield","country":"Russia","region":"Kamchatka and Mainland Asia","subregion":"Kamchatka Peninsula","elevation_m":2169,"last_eruption":null},"geometry":{"type":"Point","coordinates":[160.97,58.2]}},{"type":"Feature","properties":{"id":"300700","name":"Severny","type":"Shield","country":"Russia","region":"Kamchatka and Mainland Asia","subregion":"Kamchatka Peninsula","elevation_m":1936,"last_eruption":-1550},"geometry":{"type":"Point","coordinates":[160.87,58.28]}},{"type":"Feature","properties":{"id":"300710","name":"Iettunup","type":"Shield(s)","country":"Russia","region":"Kamchatka and Mainland Asia","subregion":"Kamchatka Peninsula","elevation_m":1340,"last_eruption":null},"geometry":{"type":"Point","coordinates":[161.08,58.4]}},{"type":"Feature","properties":{"id":"300720","name":"Voyampolsky","type":"Shield(s)","country":"Russia","region":"Kamchatka and Mainland Asia","subregion":"Kamchatka Peninsula","elevation_m":1103,"last_eruption":null},"geometry":{"type":"Point","coordinates":[160.63,58.37]}},{"type":"Feature","properties":{"id":"302030","name":"Udokan Plateau","type":"Pyroclastic cone(s)","country":"Russia","region":"Kamchatka and Mainland Asia","subregion":"Russia (southeastern)","elevation_m":2180,"last_eruption":-220},"geometry":{"type":"Point","coordinates":[117.77,56.28]}},{"type":"Feature","properties":{"id":"302040","name":"Vitim Plateau","type":"Pyroclastic cone(s)","country":"Russia","region":"Kamchatka and Mainland Asia","subregion":"Russia (southeastern)","elevation_m":1250,"last_eruption":null},"geometry":{"type":"Point","coordinates":[113.3,53.7]}},{"type":"Feature","properties":{"id":"302050","name":"Tunkin Depression","type":"Volcanic field","country":"Russia","region":"Kamchatka and Mainland Asia","subregion":"Russia (southeastern)","elevation_m":1200,"last_eruption":null},"geometry":{"type":"Point","coordinates":[102.5,51.5]}},{"type":"Feature","properties":{"id":"302060","name":"Jom-Bolok","type":"Volcanic field","country":"Russia","region":"Kamchatka and Mainland Asia","subregion":"Russia (southeastern)","elevation_m":2047,"last_eruption":-5180},"geometry":{"type":"Point","coordinates":[99.02,52.71]}},{"type":"Feature","properties":{"id":"302070","name":"Azas Plateau","type":"Volcanic field","country":"Russia","region":"Kamchatka and Mainland Asia","subregion":"Russia (southeastern)","elevation_m":2765,"last_eruption":null},"geometry":{"type":"Point","coordinates":[98.3,52.43]}},{"type":"Feature","properties":{"id":"303010","name":"Taryatu-Chulutu","type":"Volcanic field","country":"Mongolia","region":"Kamchatka and Mainland Asia","subregion":"Mongolia","elevation_m":2326,"last_eruption":-2980},"geometry":{"type":"Point","coordinates":[99.95,48.13]}},{"type":"Feature","properties":{"id":"303020","name":"Khanuy Gol","type":"Volcanic field","country":"Mongolia","region":"Kamchatka and Mainland Asia","subregion":"Mongolia","elevation_m":1886,"last_eruption":null},"geometry":{"type":"Point","coordinates":[102.75,48.67]}},{"type":"Feature","properties":{"id":"303030","name":"Bus-Obo","type":"Pyroclastic cone","country":"Mongolia","region":"Kamchatka and Mainland Asia","subregion":"Mongolia","elevation_m":1301,"last_eruption":null},"geometry":{"type":"Point","coordinates":[109.36,47]}},{"type":"Feature","properties":{"id":"303040","name":"Dariganga Volcanic Field","type":"Pyroclastic cone(s)","country":"Mongolia","region":"Kamchatka and Mainland Asia","subregion":"Mongolia","elevation_m":1778,"last_eruption":null},"geometry":{"type":"Point","coordinates":[114.28,45.75]}},{"type":"Feature","properties":{"id":"303050","name":"Middle Gobi","type":"Pyroclastic cone(s)","country":"Mongolia","region":"Kamchatka and Mainland Asia","subregion":"Mongolia","elevation_m":1120,"last_eruption":null},"geometry":{"type":"Point","coordinates":[106.7,45.28]}},{"type":"Feature","properties":{"id":"304030","name":"Kunlun Volcanic Group","type":"Pyroclastic cone(s)","country":"China","region":"Kamchatka and Mainland Asia","subregion":"China (western)","elevation_m":5808,"last_eruption":1951},"geometry":{"type":"Point","coordinates":[80.2,35.52]}},{"type":"Feature","properties":{"id":"305010","name":"Honggeertu","type":"Pyroclastic cone(s)","country":"China","region":"Kamchatka and Mainland Asia","subregion":"China (eastern)","elevation_m":1700,"last_eruption":null},"geometry":{"type":"Point","coordinates":[113,41.47]}},{"type":"Feature","properties":{"id":"305011","name":"Arxan-Chaihe","type":"Pyroclastic cone(s)","country":"China","region":"Kamchatka and Mainland Asia","subregion":"China (eastern)","elevation_m":1677,"last_eruption":0},"geometry":{"type":"Point","coordinates":[120.8,47.45]}},{"type":"Feature","properties":{"id":"305020","name":"Keluo Group","type":"Pyroclastic cone(s)","country":"China","region":"Kamchatka and Mainland Asia","subregion":"China (eastern)","elevation_m":670,"last_eruption":null},"geometry":{"type":"Point","coordinates":[125.92,49.37]}},{"type":"Feature","properties":{"id":"305030","name":"Wudalianchi","type":"Volcanic field","country":"China","region":"Kamchatka and Mainland Asia","subregion":"China (eastern)","elevation_m":597,"last_eruption":1776},"geometry":{"type":"Point","coordinates":[126.12,48.72]}},{"type":"Feature","properties":{"id":"305040","name":"Jingbo","type":"Volcanic field","country":"China","region":"Kamchatka and Mainland Asia","subregion":"China (eastern)","elevation_m":1000,"last_eruption":-520},"geometry":{"type":"Point","coordinates":[128.83,44.08]}},{"type":"Feature","properties":{"id":"305050","name":"Longgang Group","type":"Pyroclastic cone(s)","country":"China","region":"Kamchatka and Mainland Asia","subregion":"China (eastern)","elevation_m":1000,"last_eruption":350},"geometry":{"type":"Point","coordinates":[126.5,42.33]}},{"type":"Feature","properties":{"id":"305060","name":"Changbaishan","type":"Stratovolcano","country":"China-North Korea","region":"Kamchatka and Mainland Asia","subregion":"China (eastern)","elevation_m":2744,"last_eruption":1903},"geometry":{"type":"Point","coordinates":[128.08,41.98]}},{"type":"Feature","properties":{"id":"306020","name":"Ch'uga-ryong","type":"Shield","country":"North Korea-South Korea","region":"Kamchatka and Mainland Asia","subregion":"Korea","elevation_m":452,"last_eruption":null},"geometry":{"type":"Point","coordinates":[127.33,38.33]}},{"type":"Feature","properties":{"id":"306030","name":"Ulreung","type":"Stratovolcano","country":"South Korea","region":"Kamchatka and Mainland Asia","subregion":"Korea","elevation_m":984,"last_eruption":-2990},"geometry":{"type":"Point","coordinates":[130.87,37.5]}},{"type":"Feature","properties":{"id":"306040","name":"Halla","type":"Shield","country":"South Korea","region":"Kamchatka and Mainland Asia","subregion":"Korea","elevation_m":1919,"last_eruption":1007},"geometry":{"type":"Point","coordinates":[126.53,33.36]}},{"type":"Feature","properties":{"id":"311010","name":"Buldir","type":"Stratovolcano","country":"United States","region":"Alaska","subregion":"Aleutian Islands","elevation_m":656,"last_eruption":null},"geometry":{"type":"Point","coordinates":[175.91,52.35]}},{"type":"Feature","properties":{"id":"311020","name":"Kiska","type":"Stratovolcano","country":"United States","region":"Alaska","subregion":"Aleutian Islands","elevation_m":1220,"last_eruption":1990},"geometry":{"type":"Point","coordinates":[177.6,52.1]}},{"type":"Feature","properties":{"id":"311030","name":"Segula","type":"Stratovolcano","country":"United States","region":"Alaska","subregion":"Aleutian Islands","elevation_m":1160,"last_eruption":null},"geometry":{"type":"Point","coordinates":[178.14,52.02]}},{"type":"Feature","properties":{"id":"311040","name":"Davidof","type":"Stratovolcano","country":"United States","region":"Alaska","subregion":"Aleutian Islands","elevation_m":328,"last_eruption":null},"geometry":{"type":"Point","coordinates":[178.33,51.97]}},{"type":"Feature","properties":{"id":"311050","name":"Little Sitkin","type":"Stratovolcano","country":"United States","region":"Alaska","subregion":"Aleutian Islands","elevation_m":1174,"last_eruption":1830},"geometry":{"type":"Point","coordinates":[178.54,51.95]}},{"type":"Feature","properties":{"id":"311060","name":"Semisopochnoi","type":"Stratovolcano","country":"United States","region":"Alaska","subregion":"Aleutian Islands","elevation_m":1221,"last_eruption":1987},"geometry":{"type":"Point","coordinates":[179.58,51.93]}},{"type":"Feature","properties":{"id":"311070","name":"Gareloi","type":"Stratovolcano","country":"United States","region":"Alaska","subregion":"Aleutian Islands","elevation_m":1573,"last_eruption":1989},"geometry":{"type":"Point","coordinates":[-178.79,51.79]}},{"type":"Feature","properties":{"id":"311080","name":"Tanaga","type":"Stratovolcano(es)","country":"United States","region":"Alaska","subregion":"Aleutian Islands","elevation_m":1806,"last_eruption":1914},"geometry":{"type":"Point","coordinates":[-178.15,51.89]}},{"type":"Feature","properties":{"id":"311090","name":"Takawangha","type":"Stratovolcano","country":"United States","region":"Alaska","subregion":"Aleutian Islands","elevation_m":1449,"last_eruption":1550},"geometry":{"type":"Point","coordinates":[-178.01,51.87]}},{"type":"Feature","properties":{"id":"311100","name":"Bobrof","type":"Stratovolcano","country":"United States","region":"Alaska","subregion":"Aleutian Islands","elevation_m":738,"last_eruption":null},"geometry":{"type":"Point","coordinates":[-177.44,51.91]}},{"type":"Feature","properties":{"id":"311110","name":"Kanaga","type":"Stratovolcano","country":"United States","region":"Alaska","subregion":"Aleutian Islands","elevation_m":1307,"last_eruption":2012},"geometry":{"type":"Point","coordinates":[-177.17,51.92]}},{"type":"Feature","properties":{"id":"311111","name":"Moffett","type":"Stratovolcano","country":"United States","region":"Alaska","subregion":"Aleutian Islands","elevation_m":1196,"last_eruption":-1600},"geometry":{"type":"Point","coordinates":[-176.75,51.94]}},{"type":"Feature","properties":{"id":"311120","name":"Great Sitkin","type":"Stratovolcano","country":"United States","region":"Alaska","subregion":"Aleutian Islands","elevation_m":1740,"last_eruption":1974},"geometry":{"type":"Point","coordinates":[-176.13,52.08]}},{"type":"Feature","properties":{"id":"311130","name":"Kasatochi","type":"Stratovolcano","country":"United States","region":"Alaska","subregion":"Aleutian Islands","elevation_m":314,"last_eruption":2008},"geometry":{"type":"Point","coordinates":[-175.51,52.18]}},{"type":"Feature","properties":{"id":"311140","name":"Koniuji","type":"Stratovolcano","country":"United States","region":"Alaska","subregion":"Aleutian Islands","elevation_m":273,"last_eruption":-1150},"geometry":{"type":"Point","coordinates":[-175.13,52.22]}},{"type":"Feature","properties":{"id":"311160","name":"Atka","type":"Stratovolcano(es)","country":"United States","region":"Alaska","subregion":"Aleutian Islands","elevation_m":1448,"last_eruption":1812},"geometry":{"type":"Point","coordinates":[-174.14,52.33]}},{"type":"Feature","properties":{"id":"311161","name":"Korovin","type":"Stratovolcano(es)","country":"United States","region":"Alaska","subregion":"Aleutian Islands","elevation_m":1518,"last_eruption":2007},"geometry":{"type":"Point","coordinates":[-174.17,52.38]}},{"type":"Feature","properties":{"id":"311180","name":"Seguam","type":"Stratovolcano(es)","country":"United States","region":"Alaska","subregion":"Aleutian Islands","elevation_m":1054,"last_eruption":1993},"geometry":{"type":"Point","coordinates":[-172.51,52.32]}},{"type":"Feature","properties":{"id":"311190","name":"Amukta","type":"Stratovolcano","country":"United States","region":"Alaska","subregion":"Aleutian Islands","elevation_m":1066,"last_eruption":1997},"geometry":{"type":"Point","coordinates":[-171.25,52.5]}},{"type":"Feature","properties":{"id":"311200","name":"Chagulak","type":"Stratovolcano","country":"United States","region":"Alaska","subregion":"Aleutian Islands","elevation_m":1142,"last_eruption":null},"geometry":{"type":"Point","coordinates":[-171.13,52.58]}},{"type":"Feature","properties":{"id":"311210","name":"Yunaska","type":"Shield","country":"United States","region":"Alaska","subregion":"Aleutian Islands","elevation_m":550,"last_eruption":1937},"geometry":{"type":"Point","coordinates":[-170.63,52.64]}},{"type":"Feature","properties":{"id":"311220","name":"Herbert","type":"Stratovolcano","country":"United States","region":"Alaska","subregion":"Aleutian Islands","elevation_m":1280,"last_eruption":null},"geometry":{"type":"Point","coordinates":[-170.11,52.74]}},{"type":"Feature","properties":{"id":"311230","name":"Carlisle","type":"Stratovolcano","country":"United States","region":"Alaska","subregion":"Aleutian Islands","elevation_m":1620,"last_eruption":1828},"geometry":{"type":"Point","coordinates":[-170.05,52.89]}},{"type":"Feature","properties":{"id":"311240","name":"Cleveland","type":"Stratovolcano","country":"United States","region":"Alaska","subregion":"Aleutian Islands","elevation_m":1730,"last_eruption":2018},"geometry":{"type":"Point","coordinates":[-169.94,52.83]}},{"type":"Feature","properties":{"id":"311241","name":"Tana","type":"Stratovolcano(es)","country":"United States","region":"Alaska","subregion":"Aleutian Islands","elevation_m":1170,"last_eruption":null},"geometry":{"type":"Point","coordinates":[-169.77,52.83]}},{"type":"Feature","properties":{"id":"311250","name":"Uliaga","type":"Stratovolcano","country":"United States","region":"Alaska","subregion":"Aleutian Islands","elevation_m":888,"last_eruption":null},"geometry":{"type":"Point","coordinates":[-169.77,53.07]}},{"type":"Feature","properties":{"id":"311260","name":"Kagamil","type":"Stratovolcano","country":"United States","region":"Alaska","subregion":"Aleutian Islands","elevation_m":893,"last_eruption":1929},"geometry":{"type":"Point","coordinates":[-169.72,52.97]}},{"type":"Feature","properties":{"id":"311270","name":"Vsevidof","type":"Stratovolcano","country":"United States","region":"Alaska","subregion":"Aleutian Islands","elevation_m":2149,"last_eruption":1878},"geometry":{"type":"Point","coordinates":[-168.69,53.13]}},{"type":"Feature","properties":{"id":"311280","name":"Recheschnoi","type":"Stratovolcano","country":"United States","region":"Alaska","subregion":"Aleutian Islands","elevation_m":1984,"last_eruption":null},"geometry":{"type":"Point","coordinates":[-168.54,53.16]}},{"type":"Feature","properties":{"id":"311290","name":"Okmok","type":"Shield","country":"United States","region":"Alaska","subregion":"Aleutian Islands","elevation_m":1073,"last_eruption":2008},"geometry":{"type":"Point","coordinates":[-168.13,53.43]}},{"type":"Feature","properties":{"id":"311300","name":"Bogoslof","type":"Submarine","country":"United States","region":"Alaska","subregion":"Aleutian Islands","elevation_m":150,"last_eruption":2017},"geometry":{"type":"Point","coordinates":[-168.03,53.93]}},{"type":"Feature","properties":{"id":"311310","name":"Makushin","type":"Stratovolcano","country":"United States","region":"Alaska","subregion":"Aleutian Islands","elevation_m":1800,"last_eruption":1995},"geometry":{"type":"Point","coordinates":[-166.92,53.89]}},{"type":"Feature","properties":{"id":"311320","name":"Akutan","type":"Stratovolcano","country":"United States","region":"Alaska","subregion":"Aleutian Islands","elevation_m":1303,"last_eruption":1992},"geometry":{"type":"Point","coordinates":[-165.99,54.13]}},{"type":"Feature","properties":{"id":"311340","name":"Westdahl","type":"Stratovolcano?","country":"United States","region":"Alaska","subregion":"Aleutian Islands","elevation_m":1563,"last_eruption":1992},"geometry":{"type":"Point","coordinates":[-164.65,54.52]}},{"type":"Feature","properties":{"id":"311350","name":"Fisher","type":"Stratovolcano","country":"United States","region":"Alaska","subregion":"Aleutian Islands","elevation_m":1112,"last_eruption":1830},"geometry":{"type":"Point","coordinates":[-164.43,54.65]}},{"type":"Feature","properties":{"id":"311360","name":"Shishaldin","type":"Stratovolcano","country":"United States","region":"Alaska","subregion":"Aleutian Islands","elevation_m":2857,"last_eruption":2015},"geometry":{"type":"Point","coordinates":[-163.97,54.76]}},{"type":"Feature","properties":{"id":"311370","name":"Isanotski","type":"Stratovolcano","country":"United States","region":"Alaska","subregion":"Aleutian Islands","elevation_m":2446,"last_eruption":null},"geometry":{"type":"Point","coordinates":[-163.72,54.77]}},{"type":"Feature","properties":{"id":"311380","name":"Roundtop","type":"Stratovolcano","country":"United States","region":"Alaska","subregion":"Aleutian Islands","elevation_m":1871,"last_eruption":-7600},"geometry":{"type":"Point","coordinates":[-163.59,54.8]}},{"type":"Feature","properties":{"id":"311390","name":"Amak","type":"Stratovolcano","country":"United States","region":"Alaska","subregion":"Aleutian Islands","elevation_m":488,"last_eruption":1796},"geometry":{"type":"Point","coordinates":[-163.15,55.42]}},{"type":"Feature","properties":{"id":"312010","name":"Frosty","type":"Stratovolcano(es)","country":"United States","region":"Alaska","subregion":"Alaska Peninsula","elevation_m":1728,"last_eruption":null},"geometry":{"type":"Point","coordinates":[-162.83,55.07]}},{"type":"Feature","properties":{"id":"312011","name":"Dutton","type":"Stratovolcano","country":"United States","region":"Alaska","subregion":"Alaska Peninsula","elevation_m":1465,"last_eruption":null},"geometry":{"type":"Point","coordinates":[-162.28,55.18]}},{"type":"Feature","properties":{"id":"312020","name":"Emmons Lake","type":"Caldera","country":"United States","region":"Alaska","subregion":"Alaska Peninsula","elevation_m":1436,"last_eruption":null},"geometry":{"type":"Point","coordinates":[-162.07,55.34]}},{"type":"Feature","properties":{"id":"312030","name":"Pavlof","type":"Stratovolcano","country":"United States","region":"Alaska","subregion":"Alaska Peninsula","elevation_m":2493,"last_eruption":2016},"geometry":{"type":"Point","coordinates":[-161.89,55.42]}},{"type":"Feature","properties":{"id":"312040","name":"Pavlof Sister","type":"Stratovolcano","country":"United States","region":"Alaska","subregion":"Alaska Peninsula","elevation_m":2142,"last_eruption":null},"geometry":{"type":"Point","coordinates":[-161.85,55.46]}},{"type":"Feature","properties":{"id":"312050","name":"Dana","type":"Stratovolcano","country":"United States","region":"Alaska","subregion":"Alaska Peninsula","elevation_m":1354,"last_eruption":-1890},"geometry":{"type":"Point","coordinates":[-161.21,55.64]}},{"type":"Feature","properties":{"id":"312051","name":"Stepovak Bay 2","type":"Pyroclastic cone","country":"United States","region":"Alaska","subregion":"Alaska Peninsula","elevation_m":1323,"last_eruption":null},"geometry":{"type":"Point","coordinates":[-160.04,55.91]}},{"type":"Feature","properties":{"id":"312052","name":"Stepovak Bay 3","type":"Pyroclastic cone","country":"United States","region":"Alaska","subregion":"Alaska Peninsula","elevation_m":1555,"last_eruption":null},"geometry":{"type":"Point","coordinates":[-160,55.93]}},{"type":"Feature","properties":{"id":"312053","name":"Stepovak Bay 4","type":"Stratovolcano","country":"United States","region":"Alaska","subregion":"Alaska Peninsula","elevation_m":1557,"last_eruption":null},"geometry":{"type":"Point","coordinates":[-159.95,55.95]}},{"type":"Feature","properties":{"id":"312060","name":"Kupreanof","type":"Stratovolcano","country":"United States","region":"Alaska","subregion":"Alaska Peninsula","elevation_m":1895,"last_eruption":1987},"geometry":{"type":"Point","coordinates":[-159.8,56.01]}},{"type":"Feature","properties":{"id":"312070","name":"Veniaminof","type":"Stratovolcano","country":"United States","region":"Alaska","subregion":"Alaska Peninsula","elevation_m":2507,"last_eruption":2013},"geometry":{"type":"Point","coordinates":[-159.38,56.17]}},{"type":"Feature","properties":{"id":"312080","name":"Black Peak","type":"Stratovolcano","country":"United States","region":"Alaska","subregion":"Alaska Peninsula","elevation_m":1032,"last_eruption":-1900},"geometry":{"type":"Point","coordinates":[-158.78,56.55]}},{"type":"Feature","properties":{"id":"312090","name":"Aniakchak","type":"Caldera","country":"United States","region":"Alaska","subregion":"Alaska Peninsula","elevation_m":1341,"last_eruption":1931},"geometry":{"type":"Point","coordinates":[-158.17,56.88]}},{"type":"Feature","properties":{"id":"312100","name":"Yantarni","type":"Stratovolcano","country":"United States","region":"Alaska","subregion":"Alaska Peninsula","elevation_m":1345,"last_eruption":-800},"geometry":{"type":"Point","coordinates":[-157.18,57.02]}},{"type":"Feature","properties":{"id":"312110","name":"Chiginagak","type":"Stratovolcano","country":"United States","region":"Alaska","subregion":"Alaska Peninsula","elevation_m":2221,"last_eruption":1998},"geometry":{"type":"Point","coordinates":[-156.99,57.14]}},{"type":"Feature","properties":{"id":"312120","name":"Kialagvik","type":"Stratovolcano","country":"United States","region":"Alaska","subregion":"Alaska Peninsula","elevation_m":1677,"last_eruption":null},"geometry":{"type":"Point","coordinates":[-156.74,57.2]}},{"type":"Feature","properties":{"id":"312130","name":"Ugashik-Peulik","type":"Stratovolcano","country":"United States","region":"Alaska","subregion":"Alaska Peninsula","elevation_m":1474,"last_eruption":1814},"geometry":{"type":"Point","coordinates":[-156.37,57.75]}},{"type":"Feature","properties":{"id":"312131","name":"Ukinrek Maars","type":"Maar(s)","country":"United States","region":"Alaska","subregion":"Alaska Peninsula","elevation_m":91,"last_eruption":1977},"geometry":{"type":"Point","coordinates":[-156.51,57.83]}},{"type":"Feature","properties":{"id":"312132","name":"Unnamed","type":"Lava dome","country":"United States","region":"Alaska","subregion":"Alaska Peninsula","elevation_m":402,"last_eruption":null},"geometry":{"type":"Point","coordinates":[-155.41,57.87]}},{"type":"Feature","properties":{"id":"312140","name":"Martin","type":"Stratovolcano","country":"United States","region":"Alaska","subregion":"Alaska Peninsula","elevation_m":1863,"last_eruption":1953},"geometry":{"type":"Point","coordinates":[-155.36,58.17]}},{"type":"Feature","properties":{"id":"312150","name":"Mageik","type":"Stratovolcano","country":"United States","region":"Alaska","subregion":"Alaska Peninsula","elevation_m":2165,"last_eruption":-500},"geometry":{"type":"Point","coordinates":[-155.25,58.2]}},{"type":"Feature","properties":{"id":"312160","name":"Trident","type":"Stratovolcano","country":"United States","region":"Alaska","subregion":"Alaska Peninsula","elevation_m":1864,"last_eruption":1974},"geometry":{"type":"Point","coordinates":[-155.1,58.24]}},{"type":"Feature","properties":{"id":"312170","name":"Katmai","type":"Stratovolcano","country":"United States","region":"Alaska","subregion":"Alaska Peninsula","elevation_m":2047,"last_eruption":1912},"geometry":{"type":"Point","coordinates":[-154.96,58.28]}},{"type":"Feature","properties":{"id":"312180","name":"Novarupta","type":"Caldera","country":"United States","region":"Alaska","subregion":"Alaska Peninsula","elevation_m":841,"last_eruption":1912},"geometry":{"type":"Point","coordinates":[-155.16,58.27]}},{"type":"Feature","properties":{"id":"312190","name":"Griggs","type":"Stratovolcano","country":"United States","region":"Alaska","subregion":"Alaska Peninsula","elevation_m":2317,"last_eruption":-1790},"geometry":{"type":"Point","coordinates":[-155.09,58.35]}},{"type":"Feature","properties":{"id":"312200","name":"Snowy Mountain","type":"Stratovolcano(es)","country":"United States","region":"Alaska","subregion":"Alaska Peninsula","elevation_m":2162,"last_eruption":1710},"geometry":{"type":"Point","coordinates":[-154.68,58.34]}},{"type":"Feature","properties":{"id":"312210","name":"Denison","type":"Stratovolcano","country":"United States","region":"Alaska","subregion":"Alaska Peninsula","elevation_m":2287,"last_eruption":null},"geometry":{"type":"Point","coordinates":[-154.45,58.42]}},{"type":"Feature","properties":{"id":"312220","name":"Steller","type":"Stratovolcano","country":"United States","region":"Alaska","subregion":"Alaska Peninsula","elevation_m":2272,"last_eruption":null},"geometry":{"type":"Point","coordinates":[-154.4,58.43]}},{"type":"Feature","properties":{"id":"312230","name":"Kukak","type":"Stratovolcano","country":"United States","region":"Alaska","subregion":"Alaska Peninsula","elevation_m":2043,"last_eruption":null},"geometry":{"type":"Point","coordinates":[-154.35,58.45]}},{"type":"Feature","properties":{"id":"312250","name":"Kaguyak","type":"Lava dome(s)","country":"United States","region":"Alaska","subregion":"Alaska Peninsula","elevation_m":901,"last_eruption":-3850},"geometry":{"type":"Point","coordinates":[-154.03,58.61]}},{"type":"Feature","properties":{"id":"312260","name":"Fourpeaked","type":"Stratovolcano","country":"United States","region":"Alaska","subregion":"Alaska Peninsula","elevation_m":2105,"last_eruption":2006},"geometry":{"type":"Point","coordinates":[-153.67,58.77]}},{"type":"Feature","properties":{"id":"312270","name":"Douglas","type":"Stratovolcano","country":"United States","region":"Alaska","subregion":"Alaska Peninsula","elevation_m":2140,"last_eruption":null},"geometry":{"type":"Point","coordinates":[-153.54,58.86]}},{"type":"Feature","properties":{"id":"313010","name":"Augustine","type":"Lava dome(s)","country":"United States","region":"Alaska","subregion":"Alaska (southwestern)","elevation_m":1252,"last_eruption":2006},"geometry":{"type":"Point","coordinates":[-153.43,59.36]}},{"type":"Feature","properties":{"id":"313020","name":"Iliamna","type":"Stratovolcano","country":"United States","region":"Alaska","subregion":"Alaska (southwestern)","elevation_m":3053,"last_eruption":1876},"geometry":{"type":"Point","coordinates":[-153.09,60.03]}},{"type":"Feature","properties":{"id":"313030","name":"Redoubt","type":"Stratovolcano","country":"United States","region":"Alaska","subregion":"Alaska (southwestern)","elevation_m":3108,"last_eruption":2009},"geometry":{"type":"Point","coordinates":[-152.74,60.49]}},{"type":"Feature","properties":{"id":"313040","name":"Spurr","type":"Stratovolcano","country":"United States","region":"Alaska","subregion":"Alaska (southwestern)","elevation_m":3374,"last_eruption":1992},"geometry":{"type":"Point","coordinates":[-152.25,61.3]}},{"type":"Feature","properties":{"id":"313050","name":"Hayes","type":"Stratovolcano","country":"United States","region":"Alaska","subregion":"Alaska (southwestern)","elevation_m":3034,"last_eruption":1200},"geometry":{"type":"Point","coordinates":[-152.41,61.64]}},{"type":"Feature","properties":{"id":"314010","name":"St. Paul Island","type":"Shield","country":"United States","region":"Alaska","subregion":"Alaska (western)","elevation_m":203,"last_eruption":-1280},"geometry":{"type":"Point","coordinates":[-170.3,57.18]}},{"type":"Feature","properties":{"id":"314030","name":"Ingakslugwat Hills","type":"Pyroclastic cone(s)","country":"United States","region":"Alaska","subregion":"Alaska (western)","elevation_m":190,"last_eruption":null},"geometry":{"type":"Point","coordinates":[-164.47,61.43]}},{"type":"Feature","properties":{"id":"314040","name":"St. Michael","type":"Shield(s)","country":"United States","region":"Alaska","subregion":"Alaska (western)","elevation_m":715,"last_eruption":null},"geometry":{"type":"Point","coordinates":[-162.12,63.45]}},{"type":"Feature","properties":{"id":"314060","name":"Imuruk Lake","type":"Shield(s)","country":"United States","region":"Alaska","subregion":"Alaska (western)","elevation_m":610,"last_eruption":300},"geometry":{"type":"Point","coordinates":[-163.45,65.52]}},{"type":"Feature","properties":{"id":"315001","name":"Buzzard Creek","type":"Tuff ring(s)","country":"United States","region":"Alaska","subregion":"Alaska (eastern)","elevation_m":830,"last_eruption":-1050},"geometry":{"type":"Point","coordinates":[-148.43,64.06]}},{"type":"Feature","properties":{"id":"315020","name":"Wrangell","type":"Shield","country":"United States","region":"Alaska","subregion":"Alaska (eastern)","elevation_m":4278,"last_eruption":1912},"geometry":{"type":"Point","coordinates":[-144.02,62.01]}},{"type":"Feature","properties":{"id":"315030","name":"Churchill","type":"Stratovolcano","country":"United States","region":"Alaska","subregion":"Alaska (eastern)","elevation_m":5005,"last_eruption":847},"geometry":{"type":"Point","coordinates":[-141.75,61.38]}},{"type":"Feature","properties":{"id":"315040","name":"Edgecumbe","type":"Stratovolcano(es)","country":"United States","region":"Alaska","subregion":"Alaska (eastern)","elevation_m":970,"last_eruption":-2220},"geometry":{"type":"Point","coordinates":[-135.75,57.05]}},{"type":"Feature","properties":{"id":"315050","name":"Duncan Canal","type":"Volcanic field","country":"United States","region":"Alaska","subregion":"Alaska (eastern)","elevation_m":15,"last_eruption":null},"geometry":{"type":"Point","coordinates":[-133.1,56.5]}},{"type":"Feature","properties":{"id":"315060","name":"Tlevak Strait-Suemez Is.","type":"Volcanic field","country":"United States","region":"Alaska","subregion":"Alaska (eastern)","elevation_m":50,"last_eruption":null},"geometry":{"type":"Point","coordinates":[-133.3,55.25]}},{"type":"Feature","properties":{"id":"315070","name":"Behm Canal-Rudyerd Bay","type":"Pyroclastic cone(s)","country":"United States","region":"Alaska","subregion":"Alaska (eastern)","elevation_m":500,"last_eruption":null},"geometry":{"type":"Point","coordinates":[-131.05,55.32]}},{"type":"Feature","properties":{"id":"320010","name":"Fort Selkirk","type":"Volcanic field","country":"Canada","region":"Canada and Western USA","subregion":"Canada","elevation_m":1239,"last_eruption":null},"geometry":{"type":"Point","coordinates":[-137.38,62.93]}},{"type":"Feature","properties":{"id":"320020","name":"Alligator Lake","type":"Volcanic field","country":"Canada","region":"Canada and Western USA","subregion":"Canada","elevation_m":2217,"last_eruption":null},"geometry":{"type":"Point","coordinates":[-135.42,60.42]}},{"type":"Feature","properties":{"id":"320030","name":"Atlin Volcanic Field","type":"Pyroclastic cone(s)","country":"Canada","region":"Canada and Western USA","subregion":"Canada","elevation_m":1880,"last_eruption":null},"geometry":{"type":"Point","coordinates":[-133.32,59.68]}},{"type":"Feature","properties":{"id":"320031","name":"Tuya Volcanic Field","type":"Volcanic field","country":"Canada","region":"Canada and Western USA","subregion":"Canada","elevation_m":2123,"last_eruption":null},"geometry":{"type":"Point","coordinates":[-130.58,59.37]}},{"type":"Feature","properties":{"id":"320040","name":"Heart Peaks","type":"Shield","country":"Canada","region":"Canada and Western USA","subregion":"Canada","elevation_m":2012,"last_eruption":null},"geometry":{"type":"Point","coordinates":[-131.97,58.6]}},{"type":"Feature","properties":{"id":"320050","name":"Level Mountain","type":"Shield","country":"Canada","region":"Canada and Western USA","subregion":"Canada","elevation_m":2190,"last_eruption":null},"geometry":{"type":"Point","coordinates":[-131.35,58.42]}},{"type":"Feature","properties":{"id":"320060","name":"Edziza","type":"Stratovolcano","country":"Canada","region":"Canada and Western USA","subregion":"Canada","elevation_m":2786,"last_eruption":950},"geometry":{"type":"Point","coordinates":[-130.63,57.72]}},{"type":"Feature","properties":{"id":"320070","name":"Spectrum Range","type":"Shield","country":"Canada","region":"Canada and Western USA","subregion":"Canada","elevation_m":2430,"last_eruption":null},"geometry":{"type":"Point","coordinates":[-130.68,57.43]}},{"type":"Feature","properties":{"id":"320080","name":"Hoodoo Mountain","type":"Subglacial","country":"Canada","region":"Canada and Western USA","subregion":"Canada","elevation_m":1850,"last_eruption":-7050},"geometry":{"type":"Point","coordinates":[-131.28,56.78]}},{"type":"Feature","properties":{"id":"320090","name":"Iskut-Unuk River Cones","type":"Pyroclastic cone(s)","country":"Canada","region":"Canada and Western USA","subregion":"Canada","elevation_m":1880,"last_eruption":1800},"geometry":{"type":"Point","coordinates":[-130.55,56.58]}},{"type":"Feature","properties":{"id":"320100","name":"Tseax River Cone","type":"Pyroclastic cone","country":"Canada","region":"Canada and Western USA","subregion":"Canada","elevation_m":609,"last_eruption":1690},"geometry":{"type":"Point","coordinates":[-128.9,55.12]}},{"type":"Feature","properties":{"id":"320110","name":"Crow Lagoon","type":"Pyroclastic cone","country":"Canada","region":"Canada and Western USA","subregion":"Canada","elevation_m":335,"last_eruption":null},"geometry":{"type":"Point","coordinates":[-130.23,54.7]}},{"type":"Feature","properties":{"id":"320120","name":"Milbanke Sound Group","type":"Pyroclastic cone(s)","country":"Canada","region":"Canada and Western USA","subregion":"Canada","elevation_m":335,"last_eruption":null},"geometry":{"type":"Point","coordinates":[-128.73,52.5]}},{"type":"Feature","properties":{"id":"320140","name":"Nazko","type":"Pyroclastic cone(s)","country":"Canada","region":"Canada and Western USA","subregion":"Canada","elevation_m":1238,"last_eruption":-5220},"geometry":{"type":"Point","coordinates":[-123.73,52.93]}},{"type":"Feature","properties":{"id":"320150","name":"Wells Gray-Clearwater","type":"Pyroclastic cone(s)","country":"Canada","region":"Canada and Western USA","subregion":"Canada","elevation_m":2576,"last_eruption":1550},"geometry":{"type":"Point","coordinates":[-120.57,52.33]}},{"type":"Feature","properties":{"id":"320160","name":"Silverthrone","type":"Caldera","country":"Canada","region":"Canada and Western USA","subregion":"Canada","elevation_m":3160,"last_eruption":null},"geometry":{"type":"Point","coordinates":[-126.3,51.43]}},{"type":"Feature","properties":{"id":"320170","name":"Bridge River Cones","type":"Volcanic field","country":"Canada","region":"Canada and Western USA","subregion":"Canada","elevation_m":2500,"last_eruption":null},"geometry":{"type":"Point","coordinates":[-123.4,50.8]}},{"type":"Feature","properties":{"id":"320180","name":"Meager","type":"Complex","country":"Canada","region":"Canada and Western USA","subregion":"Canada","elevation_m":2680,"last_eruption":-410},"geometry":{"type":"Point","coordinates":[-123.5,50.63]}},{"type":"Feature","properties":{"id":"320190","name":"Garibaldi Lake","type":"Volcanic field","country":"Canada","region":"Canada and Western USA","subregion":"Canada","elevation_m":2316,"last_eruption":null},"geometry":{"type":"Point","coordinates":[-123,49.93]}},{"type":"Feature","properties":{"id":"320200","name":"Garibaldi","type":"Stratovolcano","country":"Canada","region":"Canada and Western USA","subregion":"Canada","elevation_m":2678,"last_eruption":-8060},"geometry":{"type":"Point","coordinates":[-123,49.85]}},{"type":"Feature","properties":{"id":"320811","name":"Cayley Volcanic Field","type":"Volcanic field","country":"Canada","region":"Canada and Western USA","subregion":"Canada","elevation_m":2375,"last_eruption":null},"geometry":{"type":"Point","coordinates":[-123.28,50.12]}},{"type":"Feature","properties":{"id":"321010","name":"Baker","type":"Stratovolcano(es)","country":"United States","region":"Canada and Western USA","subregion":"USA (Washington)","elevation_m":3285,"last_eruption":1880},"geometry":{"type":"Point","coordinates":[-121.81,48.78]}},{"type":"Feature","properties":{"id":"321020","name":"Glacier Peak","type":"Stratovolcano","country":"United States","region":"Canada and Western USA","subregion":"USA (Washington)","elevation_m":3213,"last_eruption":1700},"geometry":{"type":"Point","coordinates":[-121.11,48.11]}},{"type":"Feature","properties":{"id":"321030","name":"Rainier","type":"Stratovolcano","country":"United States","region":"Canada and Western USA","subregion":"USA (Washington)","elevation_m":4392,"last_eruption":1450},"geometry":{"type":"Point","coordinates":[-121.76,46.85]}},{"type":"Feature","properties":{"id":"321040","name":"Adams","type":"Stratovolcano","country":"United States","region":"Canada and Western USA","subregion":"USA (Washington)","elevation_m":3742,"last_eruption":950},"geometry":{"type":"Point","coordinates":[-121.49,46.21]}},{"type":"Feature","properties":{"id":"321050","name":"St. Helens","type":"Stratovolcano","country":"United States","region":"Canada and Western USA","subregion":"USA (Washington)","elevation_m":2549,"last_eruption":2008},"geometry":{"type":"Point","coordinates":[-122.18,46.2]}},{"type":"Feature","properties":{"id":"321060","name":"West Crater","type":"Volcanic field","country":"United States","region":"Canada and Western USA","subregion":"USA (Washington)","elevation_m":1329,"last_eruption":-5750},"geometry":{"type":"Point","coordinates":[-122.08,45.88]}},{"type":"Feature","properties":{"id":"321070","name":"Indian Heaven","type":"Shield(s)","country":"United States","region":"Canada and Western USA","subregion":"USA (Washington)","elevation_m":1806,"last_eruption":-6250},"geometry":{"type":"Point","coordinates":[-121.82,45.93]}},{"type":"Feature","properties":{"id":"322010","name":"Hood","type":"Stratovolcano","country":"United States","region":"Canada and Western USA","subregion":"USA (Oregon)","elevation_m":3426,"last_eruption":1866},"geometry":{"type":"Point","coordinates":[-121.69,45.37]}},{"type":"Feature","properties":{"id":"322020","name":"Jefferson","type":"Stratovolcano","country":"United States","region":"Canada and Western USA","subregion":"USA (Oregon)","elevation_m":3199,"last_eruption":950},"geometry":{"type":"Point","coordinates":[-121.8,44.67]}},{"type":"Feature","properties":{"id":"322030","name":"Blue Lake Crater","type":"Maar","country":"United States","region":"Canada and Western USA","subregion":"USA (Oregon)","elevation_m":1230,"last_eruption":680},"geometry":{"type":"Point","coordinates":[-121.77,44.41]}},{"type":"Feature","properties":{"id":"322040","name":"Sand Mountain Field","type":"Pyroclastic cone(s)","country":"United States","region":"Canada and Western USA","subregion":"USA (Oregon)","elevation_m":1664,"last_eruption":-950},"geometry":{"type":"Point","coordinates":[-121.93,44.38]}},{"type":"Feature","properties":{"id":"322060","name":"Belknap","type":"Shield(s)","country":"United States","region":"Canada and Western USA","subregion":"USA (Oregon)","elevation_m":2095,"last_eruption":480},"geometry":{"type":"Point","coordinates":[-121.84,44.29]}},{"type":"Feature","properties":{"id":"322070","name":"Three Sisters","type":"Complex","country":"United States","region":"Canada and Western USA","subregion":"USA (Oregon)","elevation_m":3159,"last_eruption":440},"geometry":{"type":"Point","coordinates":[-121.77,44.13]}},{"type":"Feature","properties":{"id":"322090","name":"Bachelor","type":"Stratovolcano","country":"United States","region":"Canada and Western USA","subregion":"USA (Oregon)","elevation_m":2763,"last_eruption":-5800},"geometry":{"type":"Point","coordinates":[-121.69,43.98]}},{"type":"Feature","properties":{"id":"322100","name":"Davis Lake","type":"Volcanic field","country":"United States","region":"Canada and Western USA","subregion":"USA (Oregon)","elevation_m":2163,"last_eruption":-2790},"geometry":{"type":"Point","coordinates":[-121.82,43.57]}},{"type":"Feature","properties":{"id":"322110","name":"Newberry","type":"Shield","country":"United States","region":"Canada and Western USA","subregion":"USA (Oregon)","elevation_m":2434,"last_eruption":690},"geometry":{"type":"Point","coordinates":[-121.23,43.72]}},{"type":"Feature","properties":{"id":"322120","name":"Devils Garden","type":"Volcanic field","country":"United States","region":"Canada and Western USA","subregion":"USA (Oregon)","elevation_m":1698,"last_eruption":null},"geometry":{"type":"Point","coordinates":[-120.86,43.51]}},{"type":"Feature","properties":{"id":"322150","name":"Cinnamon Butte","type":"Pyroclastic cone(s)","country":"United States","region":"Canada and Western USA","subregion":"USA (Oregon)","elevation_m":1956,"last_eruption":null},"geometry":{"type":"Point","coordinates":[-122.11,43.24]}},{"type":"Feature","properties":{"id":"322160","name":"Crater Lake","type":"Caldera","country":"United States","region":"Canada and Western USA","subregion":"USA (Oregon)","elevation_m":2487,"last_eruption":-2850},"geometry":{"type":"Point","coordinates":[-122.12,42.93]}},{"type":"Feature","properties":{"id":"322170","name":"Diamond Craters","type":"Volcanic field","country":"United States","region":"Canada and Western USA","subregion":"USA (Oregon)","elevation_m":1435,"last_eruption":-5610},"geometry":{"type":"Point","coordinates":[-118.75,43.1]}},{"type":"Feature","properties":{"id":"322190","name":"Jordan Craters","type":"Volcanic field","country":"United States","region":"Canada and Western USA","subregion":"USA (Oregon)","elevation_m":1473,"last_eruption":-1250},"geometry":{"type":"Point","coordinates":[-117.46,43.15]}},{"type":"Feature","properties":{"id":"323010","name":"Shasta","type":"Stratovolcano","country":"United States","region":"Canada and Western USA","subregion":"USA (California)","elevation_m":4317,"last_eruption":1786},"geometry":{"type":"Point","coordinates":[-122.19,41.41]}},{"type":"Feature","properties":{"id":"323020","name":"Medicine Lake","type":"Shield","country":"United States","region":"Canada and Western USA","subregion":"USA (California)","elevation_m":2412,"last_eruption":1060},"geometry":{"type":"Point","coordinates":[-121.55,41.61]}},{"type":"Feature","properties":{"id":"323080","name":"Lassen Volcanic Center","type":"Stratovolcano","country":"United States","region":"Canada and Western USA","subregion":"USA (California)","elevation_m":3187,"last_eruption":1917},"geometry":{"type":"Point","coordinates":[-121.51,40.49]}},{"type":"Feature","properties":{"id":"323100","name":"Clear Lake","type":"Volcanic field","country":"United States","region":"Canada and Western USA","subregion":"USA (California)","elevation_m":1439,"last_eruption":null},"geometry":{"type":"Point","coordinates":[-122.77,38.97]}},{"type":"Feature","properties":{"id":"323110","name":"Mono Lake Volcanic Field","type":"Pyroclastic cone(s)","country":"United States","region":"Canada and Western USA","subregion":"USA (California)","elevation_m":2121,"last_eruption":1790},"geometry":{"type":"Point","coordinates":[-119.03,38]}},{"type":"Feature","properties":{"id":"323120","name":"Mono-Inyo Craters","type":"Lava dome(s)","country":"United States","region":"Canada and Western USA","subregion":"USA (California)","elevation_m":2796,"last_eruption":1380},"geometry":{"type":"Point","coordinates":[-119.03,37.8]}},{"type":"Feature","properties":{"id":"323150","name":"Mammoth Mountain","type":"Lava dome(s)","country":"United States","region":"Canada and Western USA","subregion":"USA (California)","elevation_m":3369,"last_eruption":1260},"geometry":{"type":"Point","coordinates":[-119.03,37.63]}},{"type":"Feature","properties":{"id":"323160","name":"Ubehebe Craters","type":"Maar(s)","country":"United States","region":"Canada and Western USA","subregion":"USA (California)","elevation_m":752,"last_eruption":-150},"geometry":{"type":"Point","coordinates":[-117.45,37.02]}},{"type":"Feature","properties":{"id":"323170","name":"Golden Trout Creek","type":"Volcanic field","country":"United States","region":"Canada and Western USA","subregion":"USA (California)","elevation_m":2886,"last_eruption":-5550},"geometry":{"type":"Point","coordinates":[-118.32,36.36]}},{"type":"Feature","properties":{"id":"323190","name":"Lavic Lake","type":"Volcanic field","country":"United States","region":"Canada and Western USA","subregion":"USA (California)","elevation_m":1495,"last_eruption":null},"geometry":{"type":"Point","coordinates":[-116.62,34.75]}},{"type":"Feature","properties":{"id":"323200","name":"Salton Buttes","type":"Lava dome(s)","country":"United States","region":"Canada and Western USA","subregion":"USA (California)","elevation_m":-40,"last_eruption":210},"geometry":{"type":"Point","coordinates":[-115.62,33.2]}},{"type":"Feature","properties":{"id":"324010","name":"Black Butte Crater Lava Field","type":"Shield","country":"United States","region":"Canada and Western USA","subregion":"USA (Idaho)","elevation_m":1478,"last_eruption":-8400},"geometry":{"type":"Point","coordinates":[-114.35,43.18]}},{"type":"Feature","properties":{"id":"324020","name":"Craters of the Moon","type":"Pyroclastic cone(s)","country":"United States","region":"Canada and Western USA","subregion":"USA (Idaho)","elevation_m":2005,"last_eruption":-130},"geometry":{"type":"Point","coordinates":[-113.5,43.42]}},{"type":"Feature","properties":{"id":"324030","name":"Wapi Lava Field","type":"Shield","country":"United States","region":"Canada and Western USA","subregion":"USA (Idaho)","elevation_m":1604,"last_eruption":-300},"geometry":{"type":"Point","coordinates":[-113.22,42.88]}},{"type":"Feature","properties":{"id":"324040","name":"Hell's Half Acre","type":"Shield","country":"United States","region":"Canada and Western USA","subregion":"USA (Idaho)","elevation_m":1631,"last_eruption":-3250},"geometry":{"type":"Point","coordinates":[-112.45,43.5]}},{"type":"Feature","properties":{"id":"325010","name":"Yellowstone","type":"Caldera(s)","country":"United States","region":"Canada and Western USA","subregion":"USA (Wyoming)","elevation_m":2805,"last_eruption":-1350},"geometry":{"type":"Point","coordinates":[-110.67,44.43]}},{"type":"Feature","properties":{"id":"326010","name":"Soda Lakes","type":"Maar(s)","country":"United States","region":"Canada and Western USA","subregion":"USA (Nevada)","elevation_m":1251,"last_eruption":null},"geometry":{"type":"Point","coordinates":[-118.87,39.53]}},{"type":"Feature","properties":{"id":"327040","name":"Markagunt Plateau","type":"Volcanic field","country":"United States","region":"Canada and Western USA","subregion":"USA (Utah)","elevation_m":2840,"last_eruption":1050},"geometry":{"type":"Point","coordinates":[-112.67,37.58]}},{"type":"Feature","properties":{"id":"327050","name":"Black Rock Desert","type":"Volcanic field","country":"United States","region":"Canada and Western USA","subregion":"USA (Utah)","elevation_m":1800,"last_eruption":1290},"geometry":{"type":"Point","coordinates":[-112.5,38.97]}},{"type":"Feature","properties":{"id":"328010","name":"Dotsero","type":"Maar","country":"United States","region":"Canada and Western USA","subregion":"USA (Colorado)","elevation_m":2230,"last_eruption":-2200},"geometry":{"type":"Point","coordinates":[-107.03,39.66]}},{"type":"Feature","properties":{"id":"329010","name":"Uinkaret Field","type":"Volcanic field","country":"United States","region":"Canada and Western USA","subregion":"USA (Arizona)","elevation_m":1555,"last_eruption":1100},"geometry":{"type":"Point","coordinates":[-113.13,36.38]}},{"type":"Feature","properties":{"id":"329020","name":"San Francisco Volcanic Field","type":"Pyroclastic cone","country":"United States","region":"Canada and Western USA","subregion":"USA (Arizona)","elevation_m":3850,"last_eruption":1075},"geometry":{"type":"Point","coordinates":[-111.68,35.35]}},{"type":"Feature","properties":{"id":"327110","name":"Carrizozo","type":"Pyroclastic cone(s)","country":"United States","region":"Canada and Western USA","subregion":"USA (New Mexico)","elevation_m":1731,"last_eruption":-3250},"geometry":{"type":"Point","coordinates":[-105.93,33.78]}},{"type":"Feature","properties":{"id":"327120","name":"Zuni-Bandera","type":"Volcanic field","country":"United States","region":"Canada and Western USA","subregion":"USA (New Mexico)","elevation_m":2550,"last_eruption":-1170},"geometry":{"type":"Point","coordinates":[-108,34.8]}},{"type":"Feature","properties":{"id":"327812","name":"Red Hill","type":"Volcanic field","country":"United States","region":"Canada and Western USA","subregion":"USA (New Mexico)","elevation_m":2300,"last_eruption":-9450},"geometry":{"type":"Point","coordinates":[-108.83,34.25]}},{"type":"Feature","properties":{"id":"331010","name":"Endeavour Segment","type":"Submarine","country":"Canada","region":"Hawaii and Pacific Ocean","subregion":"Pacific Ocean (northern)","elevation_m":-2050,"last_eruption":-3490},"geometry":{"type":"Point","coordinates":[-129.1,47.95]}},{"type":"Feature","properties":{"id":"331011","name":"Cobb Segment","type":"Submarine","country":"Canada","region":"Hawaii and Pacific Ocean","subregion":"Pacific Ocean (northern)","elevation_m":-2100,"last_eruption":-1180},"geometry":{"type":"Point","coordinates":[-129.33,46.88]}},{"type":"Feature","properties":{"id":"331020","name":"CoAxial Segment","type":"Submarine","country":"Undersea Features","region":"Hawaii and Pacific Ocean","subregion":"Pacific Ocean (northern)","elevation_m":-2400,"last_eruption":1993},"geometry":{"type":"Point","coordinates":[-129.58,46.52]}},{"type":"Feature","properties":{"id":"331021","name":"Axial Seamount","type":"Submarine","country":"Undersea Features","region":"Hawaii and Pacific Ocean","subregion":"Pacific Ocean (northern)","elevation_m":-1410,"last_eruption":2015},"geometry":{"type":"Point","coordinates":[-130,45.95]}},{"type":"Feature","properties":{"id":"331030","name":"Cleft Segment","type":"Submarine","country":"Undersea Features","region":"Hawaii and Pacific Ocean","subregion":"Pacific Ocean (northern)","elevation_m":-2140,"last_eruption":1986},"geometry":{"type":"Point","coordinates":[-130.3,44.83]}},{"type":"Feature","properties":{"id":"331031","name":"North Gorda Ridge Segment","type":"Submarine","country":"Undersea Features","region":"Hawaii and Pacific Ocean","subregion":"Pacific Ocean (northern)","elevation_m":-3000,"last_eruption":1996},"geometry":{"type":"Point","coordinates":[-126.78,42.67]}},{"type":"Feature","properties":{"id":"331040","name":"Escanaba Segment","type":"Submarine","country":"Undersea Features","region":"Hawaii and Pacific Ocean","subregion":"Pacific Ocean (northern)","elevation_m":-1700,"last_eruption":-2260},"geometry":{"type":"Point","coordinates":[-127.5,40.98]}},{"type":"Feature","properties":{"id":"332000","name":"Loihi","type":"Submarine","country":"United States","region":"Hawaii and Pacific Ocean","subregion":"Hawaiian Islands","elevation_m":-975,"last_eruption":1996},"geometry":{"type":"Point","coordinates":[-155.27,18.92]}},{"type":"Feature","properties":{"id":"332010","name":"Kilauea","type":"Shield","country":"United States","region":"Hawaii and Pacific Ocean","subregion":"Hawaiian Islands","elevation_m":1222,"last_eruption":2018},"geometry":{"type":"Point","coordinates":[-155.29,19.42]}},{"type":"Feature","properties":{"id":"332020","name":"Mauna Loa","type":"Shield","country":"United States","region":"Hawaii and Pacific Ocean","subregion":"Hawaiian Islands","elevation_m":4170,"last_eruption":1984},"geometry":{"type":"Point","coordinates":[-155.61,19.48]}},{"type":"Feature","properties":{"id":"332030","name":"Mauna Kea","type":"Shield","country":"United States","region":"Hawaii and Pacific Ocean","subregion":"Hawaiian Islands","elevation_m":4205,"last_eruption":-2460},"geometry":{"type":"Point","coordinates":[-155.47,19.82]}},{"type":"Feature","properties":{"id":"332040","name":"Hualalai","type":"Shield","country":"United States","region":"Hawaii and Pacific Ocean","subregion":"Hawaiian Islands","elevation_m":2523,"last_eruption":1801},"geometry":{"type":"Point","coordinates":[-155.87,19.69]}},{"type":"Feature","properties":{"id":"332060","name":"Haleakala","type":"Shield","country":"United States","region":"Hawaii and Pacific Ocean","subregion":"Hawaiian Islands","elevation_m":3055,"last_eruption":1750},"geometry":{"type":"Point","coordinates":[-156.25,20.71]}},{"type":"Feature","properties":{"id":"333010","name":"Teahitia","type":"Submarine","country":"France","region":"Hawaii and Pacific Ocean","subregion":"Pacific Ocean (central)","elevation_m":-1743,"last_eruption":1985},"geometry":{"type":"Point","coordinates":[-148.82,-17.56]}},{"type":"Feature","properties":{"id":"333020","name":"Rocard","type":"Submarine","country":"France","region":"Hawaii and Pacific Ocean","subregion":"Pacific Ocean (central)","elevation_m":-2515,"last_eruption":1972},"geometry":{"type":"Point","coordinates":[-148.59,-17.66]}},{"type":"Feature","properties":{"id":"333030","name":"Moua Pihaa","type":"Submarine","country":"France","region":"Hawaii and Pacific Ocean","subregion":"Pacific Ocean (central)","elevation_m":-312,"last_eruption":1970},"geometry":{"type":"Point","coordinates":[-148.52,-18.32]}},{"type":"Feature","properties":{"id":"333040","name":"Mehetia","type":"Stratovolcano","country":"France","region":"Hawaii and Pacific Ocean","subregion":"Pacific Ocean (central)","elevation_m":389,"last_eruption":null},"geometry":{"type":"Point","coordinates":[-148.07,-17.87]}},{"type":"Feature","properties":{"id":"333050","name":"Adams Seamount","type":"Submarine","country":"Undersea Features","region":"Hawaii and Pacific Ocean","subregion":"Pacific Ocean (central)","elevation_m":-39,"last_eruption":-50},"geometry":{"type":"Point","coordinates":[-129.27,-25.37]}},{"type":"Feature","properties":{"id":"333060","name":"Macdonald","type":"Submarine","country":"Undersea Features","region":"Hawaii and Pacific Ocean","subregion":"Pacific Ocean (central)","elevation_m":-39,"last_eruption":1989},"geometry":{"type":"Point","coordinates":[-140.25,-28.98]}},{"type":"Feature","properties":{"id":"334020","name":"Northern EPR at 17°N","type":"Submarine","country":"Undersea Features","region":"Hawaii and Pacific Ocean","subregion":"Pacific Ocean (eastern)","elevation_m":-2700,"last_eruption":-50},"geometry":{"type":"Point","coordinates":[-105.32,16.55]}},{"type":"Feature","properties":{"id":"334021","name":"Northern EPR at 16°N","type":"Submarine","country":"Undersea Features","region":"Hawaii and Pacific Ocean","subregion":"Pacific Ocean (eastern)","elevation_m":-2300,"last_eruption":-50},"geometry":{"type":"Point","coordinates":[-105.43,15.83]}},{"type":"Feature","properties":{"id":"334040","name":"Northern EPR at 10.7°N","type":"Submarine","country":"Undersea Features","region":"Hawaii and Pacific Ocean","subregion":"Pacific Ocean (eastern)","elevation_m":-2900,"last_eruption":2003},"geometry":{"type":"Point","coordinates":[-103.58,10.73]}},{"type":"Feature","properties":{"id":"334050","name":"Northern EPR at 9.8°N","type":"Submarine","country":"Undersea Features","region":"Hawaii and Pacific Ocean","subregion":"Pacific Ocean (eastern)","elevation_m":-2500,"last_eruption":2006},"geometry":{"type":"Point","coordinates":[-104.3,9.83]}},{"type":"Feature","properties":{"id":"334070","name":"Galapagos Rift","type":"Submarine","country":"Undersea Features","region":"Hawaii and Pacific Ocean","subregion":"Pacific Ocean (eastern)","elevation_m":-2430,"last_eruption":1996},"geometry":{"type":"Point","coordinates":[-86.15,0.79]}},{"type":"Feature","properties":{"id":"334100","name":"Southern EPR at 8°S","type":"Submarine","country":"Undersea Features","region":"Hawaii and Pacific Ocean","subregion":"Pacific Ocean (eastern)","elevation_m":-2800,"last_eruption":1969},"geometry":{"type":"Point","coordinates":[-107.95,-8.27]}},{"type":"Feature","properties":{"id":"334120","name":"Southern EPR-Segment K","type":"Submarine","country":"Undersea Features","region":"Hawaii and Pacific Ocean","subregion":"Pacific Ocean (eastern)","elevation_m":-2566,"last_eruption":1990},"geometry":{"type":"Point","coordinates":[-113.21,-17.44]}},{"type":"Feature","properties":{"id":"334130","name":"Southern EPR-Segment J","type":"Submarine","country":"Undersea Features","region":"Hawaii and Pacific Ocean","subregion":"Pacific Ocean (eastern)","elevation_m":-2650,"last_eruption":1890},"geometry":{"type":"Point","coordinates":[-113.35,-18.17]}},{"type":"Feature","properties":{"id":"334140","name":"Southern EPR-Segment I","type":"Submarine","country":"Undersea Features","region":"Hawaii and Pacific Ocean","subregion":"Pacific Ocean (eastern)","elevation_m":-2600,"last_eruption":1915},"geometry":{"type":"Point","coordinates":[-113.42,-18.53]}},{"type":"Feature","properties":{"id":"335020","name":"Hollister Ridge","type":"Submarine","country":"Undersea Features","region":"Hawaii and Pacific Ocean","subregion":"Pacific Ocean (southern)","elevation_m":-1000,"last_eruption":null},"geometry":{"type":"Point","coordinates":[-139.84,-54]}},{"type":"Feature","properties":{"id":"335030","name":"Udintsev Transform","type":"Submarine","country":"Undersea Features","region":"Hawaii and Pacific Ocean","subregion":"Pacific Ocean (southern)","elevation_m":-5700,"last_eruption":null},"geometry":{"type":"Point","coordinates":[-143.37,-56.15]}},{"type":"Feature","properties":{"id":"341000","name":"Prieto, Cerro","type":"Lava dome","country":"Mexico","region":"México and Central America","subregion":"Mexico","elevation_m":223,"last_eruption":null},"geometry":{"type":"Point","coordinates":[-115.3,32.42]}},{"type":"Feature","properties":{"id":"341001","name":"Pinacate","type":"Pyroclastic cone(s)","country":"Mexico","region":"México and Central America","subregion":"Mexico","elevation_m":1200,"last_eruption":null},"geometry":{"type":"Point","coordinates":[-113.5,31.77]}},{"type":"Feature","properties":{"id":"341002","name":"San Quintin Volcanic Field","type":"Pyroclastic cone(s)","country":"Mexico","region":"México and Central America","subregion":"Mexico","elevation_m":260,"last_eruption":null},"geometry":{"type":"Point","coordinates":[-116,30.47]}},{"type":"Feature","properties":{"id":"341003","name":"San Luis, Isla","type":"Tuff cone","country":"Mexico","region":"México and Central America","subregion":"Mexico","elevation_m":180,"last_eruption":null},"geometry":{"type":"Point","coordinates":[-114.4,29.97]}},{"type":"Feature","properties":{"id":"341004","name":"Jaraguay Volcanic Field","type":"Pyroclastic cone(s)","country":"Mexico","region":"México and Central America","subregion":"Mexico","elevation_m":960,"last_eruption":null},"geometry":{"type":"Point","coordinates":[-114.5,29.33]}},{"type":"Feature","properties":{"id":"341005","name":"Coronado","type":"Stratovolcano","country":"Mexico","region":"México and Central America","subregion":"Mexico","elevation_m":440,"last_eruption":null},"geometry":{"type":"Point","coordinates":[-113.51,29.08]}},{"type":"Feature","properties":{"id":"341006","name":"Guadalupe","type":"Shield","country":"Mexico","region":"México and Central America","subregion":"Mexico","elevation_m":1100,"last_eruption":null},"geometry":{"type":"Point","coordinates":[-118.28,29.07]}},{"type":"Feature","properties":{"id":"341007","name":"San Borja Volcanic Field","type":"Pyroclastic cone(s)","country":"Mexico","region":"México and Central America","subregion":"Mexico","elevation_m":1360,"last_eruption":null},"geometry":{"type":"Point","coordinates":[-113.75,28.5]}},{"type":"Feature","properties":{"id":"341011","name":"Tortuga, Isla","type":"Shield","country":"Mexico","region":"México and Central America","subregion":"Mexico","elevation_m":224,"last_eruption":null},"geometry":{"type":"Point","coordinates":[-111.88,27.44]}},{"type":"Feature","properties":{"id":"341012","name":"Comondu-La Purisima","type":"Volcanic field","country":"Mexico","region":"México and Central America","subregion":"Mexico","elevation_m":780,"last_eruption":null},"geometry":{"type":"Point","coordinates":[-111.92,26]}},{"type":"Feature","properties":{"id":"341010","name":"Tres Virgenes","type":"Stratovolcano(es)","country":"Mexico","region":"México and Central America","subregion":"Mexico","elevation_m":1934,"last_eruption":null},"geometry":{"type":"Point","coordinates":[-112.59,27.47]}},{"type":"Feature","properties":{"id":"341021","name":"Socorro","type":"Shield","country":"Mexico","region":"México and Central America","subregion":"Mexico","elevation_m":1050,"last_eruption":1994},"geometry":{"type":"Point","coordinates":[-110.95,18.78]}},{"type":"Feature","properties":{"id":"341022","name":"Durango Volcanic Field","type":"Pyroclastic cone(s)","country":"Mexico","region":"México and Central America","subregion":"Mexico","elevation_m":2075,"last_eruption":null},"geometry":{"type":"Point","coordinates":[-104.45,24.15]}},{"type":"Feature","properties":{"id":"341023","name":"Isabel, Isla","type":"Tuff cone(s)","country":"Mexico","region":"México and Central America","subregion":"Mexico","elevation_m":95,"last_eruption":null},"geometry":{"type":"Point","coordinates":[-105.89,21.85]}},{"type":"Feature","properties":{"id":"341024","name":"Sanganguey","type":"Stratovolcano","country":"Mexico","region":"México and Central America","subregion":"Mexico","elevation_m":2340,"last_eruption":null},"geometry":{"type":"Point","coordinates":[-104.73,21.45]}},{"type":"Feature","properties":{"id":"341020","name":"Barcena","type":"Pyroclastic cone(s)","country":"Mexico","region":"México and Central America","subregion":"Mexico","elevation_m":332,"last_eruption":1953},"geometry":{"type":"Point","coordinates":[-110.82,19.3]}},{"type":"Feature","properties":{"id":"341031","name":"Mascota Volcanic Field","type":"Pyroclastic cone(s)","country":"Mexico","region":"México and Central America","subregion":"Mexico","elevation_m":2560,"last_eruption":null},"geometry":{"type":"Point","coordinates":[-104.83,20.62]}},{"type":"Feature","properties":{"id":"341030","name":"Ceboruco","type":"Stratovolcano","country":"Mexico","region":"México and Central America","subregion":"Mexico","elevation_m":2280,"last_eruption":1875},"geometry":{"type":"Point","coordinates":[-104.51,21.13]}},{"type":"Feature","properties":{"id":"341040","name":"Colima","type":"Stratovolcano(es)","country":"Mexico","region":"México and Central America","subregion":"Mexico","elevation_m":3850,"last_eruption":2017},"geometry":{"type":"Point","coordinates":[-103.62,19.51]}},{"type":"Feature","properties":{"id":"341061","name":"Zitacuaro-Valle de Bravo","type":"Caldera","country":"Mexico","region":"México and Central America","subregion":"Mexico","elevation_m":3500,"last_eruption":-3050},"geometry":{"type":"Point","coordinates":[-100.25,19.4]}},{"type":"Feature","properties":{"id":"341062","name":"Jocotitlan","type":"Stratovolcano","country":"Mexico","region":"México and Central America","subregion":"Mexico","elevation_m":3900,"last_eruption":1270},"geometry":{"type":"Point","coordinates":[-99.76,19.73]}},{"type":"Feature","properties":{"id":"341060","name":"Michoacan-Guanajuato","type":"Pyroclastic cone(s)","country":"Mexico","region":"México and Central America","subregion":"Mexico","elevation_m":3860,"last_eruption":1952},"geometry":{"type":"Point","coordinates":[-101.75,19.85]}},{"type":"Feature","properties":{"id":"341070","name":"Toluca, Nevado de","type":"Stratovolcano","country":"Mexico","region":"México and Central America","subregion":"Mexico","elevation_m":4680,"last_eruption":-1350},"geometry":{"type":"Point","coordinates":[-99.76,19.11]}},{"type":"Feature","properties":{"id":"341081","name":"Papayo","type":"Lava dome","country":"Mexico","region":"México and Central America","subregion":"Mexico","elevation_m":3600,"last_eruption":null},"geometry":{"type":"Point","coordinates":[-98.7,19.31]}},{"type":"Feature","properties":{"id":"341082","name":"Iztaccihuatl","type":"Stratovolcano","country":"Mexico","region":"México and Central America","subregion":"Mexico","elevation_m":5230,"last_eruption":null},"geometry":{"type":"Point","coordinates":[-98.64,19.18]}},{"type":"Feature","properties":{"id":"341080","name":"Chichinautzin","type":"Volcanic field","country":"Mexico","region":"México and Central America","subregion":"Mexico","elevation_m":3930,"last_eruption":400},"geometry":{"type":"Point","coordinates":[-99.13,19.08]}},{"type":"Feature","properties":{"id":"341091","name":"Malinche, La","type":"Stratovolcano","country":"Mexico","region":"México and Central America","subregion":"Mexico","elevation_m":4461,"last_eruption":-1170},"geometry":{"type":"Point","coordinates":[-98.03,19.23]}},{"type":"Feature","properties":{"id":"341092","name":"Serdan-Oriental","type":"Tuff cone(s)","country":"Mexico","region":"México and Central America","subregion":"Mexico","elevation_m":3485,"last_eruption":null},"geometry":{"type":"Point","coordinates":[-97.47,19.27]}},{"type":"Feature","properties":{"id":"341093","name":"Humeros, Los","type":"Caldera(s)","country":"Mexico","region":"México and Central America","subregion":"Mexico","elevation_m":3150,"last_eruption":-4470},"geometry":{"type":"Point","coordinates":[-97.45,19.68]}},{"type":"Feature","properties":{"id":"341094","name":"Atlixcos, Los","type":"Shield","country":"Mexico","region":"México and Central America","subregion":"Mexico","elevation_m":800,"last_eruption":null},"geometry":{"type":"Point","coordinates":[-96.53,19.81]}},{"type":"Feature","properties":{"id":"341095","name":"Naolinco Volcanic Field","type":"Pyroclastic cone(s)","country":"Mexico","region":"México and Central America","subregion":"Mexico","elevation_m":2000,"last_eruption":-1200},"geometry":{"type":"Point","coordinates":[-96.75,19.67]}},{"type":"Feature","properties":{"id":"341096","name":"Cofre de Perote","type":"Shield(s)","country":"Mexico","region":"México and Central America","subregion":"Mexico","elevation_m":4282,"last_eruption":1150},"geometry":{"type":"Point","coordinates":[-97.15,19.49]}},{"type":"Feature","properties":{"id":"341097","name":"Gloria, La","type":"Volcanic field","country":"Mexico","region":"México and Central America","subregion":"Mexico","elevation_m":3500,"last_eruption":null},"geometry":{"type":"Point","coordinates":[-97.25,19.33]}},{"type":"Feature","properties":{"id":"341098","name":"Cumbres,  Las","type":"Stratovolcano","country":"Mexico","region":"México and Central America","subregion":"Mexico","elevation_m":3940,"last_eruption":-3920},"geometry":{"type":"Point","coordinates":[-97.27,19.15]}},{"type":"Feature","properties":{"id":"341090","name":"Popocatepetl","type":"Stratovolcano(es)","country":"Mexico","region":"México and Central America","subregion":"Mexico","elevation_m":5393,"last_eruption":2018},"geometry":{"type":"Point","coordinates":[-98.62,19.02]}},{"type":"Feature","properties":{"id":"341100","name":"Orizaba, Pico de","type":"Stratovolcano","country":"Mexico","region":"México and Central America","subregion":"Mexico","elevation_m":5564,"last_eruption":1846},"geometry":{"type":"Point","coordinates":[-97.27,19.03]}},{"type":"Feature","properties":{"id":"341110","name":"San Martin","type":"Shield","country":"Mexico","region":"México and Central America","subregion":"Mexico","elevation_m":1650,"last_eruption":1796},"geometry":{"type":"Point","coordinates":[-95.2,18.57]}},{"type":"Feature","properties":{"id":"341120","name":"Chichon, El","type":"Lava dome(s)","country":"Mexico","region":"México and Central America","subregion":"Mexico","elevation_m":1150,"last_eruption":1982},"geometry":{"type":"Point","coordinates":[-93.23,17.36]}},{"type":"Feature","properties":{"id":"341130","name":"Tacana","type":"Stratovolcano","country":"Mexico-Guatemala","region":"México and Central America","subregion":"Mexico","elevation_m":4064,"last_eruption":1986},"geometry":{"type":"Point","coordinates":[-92.11,15.13]}},{"type":"Feature","properties":{"id":"342020","name":"Tajumulco","type":"Stratovolcano","country":"Guatemala","region":"México and Central America","subregion":"Guatemala","elevation_m":4203,"last_eruption":null},"geometry":{"type":"Point","coordinates":[-91.9,15.04]}},{"type":"Feature","properties":{"id":"342030","name":"Santa Maria","type":"Stratovolcano","country":"Guatemala","region":"México and Central America","subregion":"Guatemala","elevation_m":3745,"last_eruption":2018},"geometry":{"type":"Point","coordinates":[-91.55,14.76]}},{"type":"Feature","properties":{"id":"342040","name":"Almolonga","type":"Stratovolcano","country":"Guatemala","region":"México and Central America","subregion":"Guatemala","elevation_m":3173,"last_eruption":1818},"geometry":{"type":"Point","coordinates":[-91.52,14.8]}},{"type":"Feature","properties":{"id":"342060","name":"Atitlan","type":"Stratovolcano(es)","country":"Guatemala","region":"México and Central America","subregion":"Guatemala","elevation_m":3535,"last_eruption":1853},"geometry":{"type":"Point","coordinates":[-91.19,14.58]}},{"type":"Feature","properties":{"id":"342070","name":"Toliman","type":"Stratovolcano(es)","country":"Guatemala","region":"México and Central America","subregion":"Guatemala","elevation_m":3158,"last_eruption":null},"geometry":{"type":"Point","coordinates":[-91.19,14.61]}},{"type":"Feature","properties":{"id":"342080","name":"Acatenango","type":"Stratovolcano(es)","country":"Guatemala","region":"México and Central America","subregion":"Guatemala","elevation_m":3976,"last_eruption":1972},"geometry":{"type":"Point","coordinates":[-90.88,14.5]}},{"type":"Feature","properties":{"id":"342090","name":"Fuego","type":"Stratovolcano(es)","country":"Guatemala","region":"México and Central America","subregion":"Guatemala","elevation_m":3763,"last_eruption":2018},"geometry":{"type":"Point","coordinates":[-90.88,14.47]}},{"type":"Feature","properties":{"id":"342100","name":"Agua","type":"Stratovolcano","country":"Guatemala","region":"México and Central America","subregion":"Guatemala","elevation_m":3760,"last_eruption":null},"geometry":{"type":"Point","coordinates":[-90.74,14.47]}},{"type":"Feature","properties":{"id":"342111","name":"Cuilapa-Barbarena","type":"Volcanic field","country":"Guatemala","region":"México and Central America","subregion":"Guatemala","elevation_m":1454,"last_eruption":null},"geometry":{"type":"Point","coordinates":[-90.4,14.33]}},{"type":"Feature","properties":{"id":"342110","name":"Pacaya","type":"Complex","country":"Guatemala","region":"México and Central America","subregion":"Guatemala","elevation_m":2569,"last_eruption":2018},"geometry":{"type":"Point","coordinates":[-90.6,14.38]}},{"type":"Feature","properties":{"id":"342121","name":"Jumaytepeque","type":"Stratovolcano","country":"Guatemala","region":"México and Central America","subregion":"Guatemala","elevation_m":1815,"last_eruption":null},"geometry":{"type":"Point","coordinates":[-90.27,14.34]}},{"type":"Feature","properties":{"id":"342120","name":"Tecuamburro","type":"Stratovolcano","country":"Guatemala","region":"México and Central America","subregion":"Guatemala","elevation_m":1845,"last_eruption":-960},"geometry":{"type":"Point","coordinates":[-90.41,14.16]}},{"type":"Feature","properties":{"id":"342130","name":"Moyuta","type":"Stratovolcano","country":"Guatemala","region":"México and Central America","subregion":"Guatemala","elevation_m":1662,"last_eruption":null},"geometry":{"type":"Point","coordinates":[-90.1,14.03]}},{"type":"Feature","properties":{"id":"342140","name":"Flores","type":"Volcanic field","country":"Guatemala","region":"México and Central America","subregion":"Guatemala","elevation_m":1600,"last_eruption":null},"geometry":{"type":"Point","coordinates":[-89.99,14.31]}},{"type":"Feature","properties":{"id":"342141","name":"Tahual","type":"Stratovolcano","country":"Guatemala","region":"México and Central America","subregion":"Guatemala","elevation_m":1716,"last_eruption":null},"geometry":{"type":"Point","coordinates":[-89.9,14.43]}},{"type":"Feature","properties":{"id":"342150","name":"Santiago, Cerro","type":"Volcanic field","country":"Guatemala","region":"México and Central America","subregion":"Guatemala","elevation_m":1192,"last_eruption":null},"geometry":{"type":"Point","coordinates":[-89.87,14.33]}},{"type":"Feature","properties":{"id":"342160","name":"Suchitan","type":"Stratovolcano(es)","country":"Guatemala","region":"México and Central America","subregion":"Guatemala","elevation_m":2042,"last_eruption":null},"geometry":{"type":"Point","coordinates":[-89.78,14.4]}},{"type":"Feature","properties":{"id":"342170","name":"Chingo","type":"Stratovolcano","country":"Guatemala-El Salvador","region":"México and Central America","subregion":"Guatemala","elevation_m":1775,"last_eruption":null},"geometry":{"type":"Point","coordinates":[-89.73,14.12]}},{"type":"Feature","properties":{"id":"342180","name":"Ixtepeque","type":"Lava dome(s)","country":"Guatemala","region":"México and Central America","subregion":"Guatemala","elevation_m":1292,"last_eruption":null},"geometry":{"type":"Point","coordinates":[-89.68,14.42]}},{"type":"Feature","properties":{"id":"342190","name":"Ipala","type":"Stratovolcano","country":"Guatemala","region":"México and Central America","subregion":"Guatemala","elevation_m":1650,"last_eruption":null},"geometry":{"type":"Point","coordinates":[-89.63,14.55]}},{"type":"Feature","properties":{"id":"342200","name":"Chiquimula Volcanic Field","type":"Pyroclastic cone(s)","country":"Guatemala","region":"México and Central America","subregion":"Guatemala","elevation_m":1192,"last_eruption":null},"geometry":{"type":"Point","coordinates":[-89.55,14.83]}},{"type":"Feature","properties":{"id":"342210","name":"Quezaltepeque","type":"Volcanic field","country":"Guatemala","region":"México and Central America","subregion":"Guatemala","elevation_m":1200,"last_eruption":null},"geometry":{"type":"Point","coordinates":[-89.45,14.57]}},{"type":"Feature","properties":{"id":"343001","name":"San Diego","type":"Volcanic field","country":"El Salvador-Guatemala","region":"México and Central America","subregion":"El Salvador and Honduras","elevation_m":781,"last_eruption":null},"geometry":{"type":"Point","coordinates":[-89.48,14.27]}},{"type":"Feature","properties":{"id":"343002","name":"Singuil, Cerro","type":"Pyroclastic cone(s)","country":"El Salvador","region":"México and Central America","subregion":"El Salvador and Honduras","elevation_m":926,"last_eruption":null},"geometry":{"type":"Point","coordinates":[-89.63,14.05]}},{"type":"Feature","properties":{"id":"343010","name":"Apaneca Range","type":"Stratovolcano(es)","country":"El Salvador","region":"México and Central America","subregion":"El Salvador and Honduras","elevation_m":2036,"last_eruption":null},"geometry":{"type":"Point","coordinates":[-89.79,13.89]}},{"type":"Feature","properties":{"id":"343020","name":"Santa Ana","type":"Stratovolcano","country":"El Salvador","region":"México and Central America","subregion":"El Salvador and Honduras","elevation_m":2381,"last_eruption":2005},"geometry":{"type":"Point","coordinates":[-89.63,13.85]}},{"type":"Feature","properties":{"id":"343030","name":"Izalco","type":"Stratovolcano","country":"El Salvador","region":"México and Central America","subregion":"El Salvador and Honduras","elevation_m":1950,"last_eruption":1966},"geometry":{"type":"Point","coordinates":[-89.63,13.81]}},{"type":"Feature","properties":{"id":"343041","name":"Coatepeque Caldera","type":"Caldera","country":"El Salvador","region":"México and Central America","subregion":"El Salvador and Honduras","elevation_m":746,"last_eruption":null},"geometry":{"type":"Point","coordinates":[-89.55,13.87]}},{"type":"Feature","properties":{"id":"343051","name":"Cinotepeque, Cerro","type":"Volcanic field","country":"El Salvador","region":"México and Central America","subregion":"El Salvador and Honduras","elevation_m":665,"last_eruption":null},"geometry":{"type":"Point","coordinates":[-89.25,14.02]}},{"type":"Feature","properties":{"id":"343052","name":"Guazapa","type":"Stratovolcano","country":"El Salvador","region":"México and Central America","subregion":"El Salvador and Honduras","elevation_m":1438,"last_eruption":null},"geometry":{"type":"Point","coordinates":[-89.12,13.9]}},{"type":"Feature","properties":{"id":"343050","name":"San Salvador","type":"Stratovolcano","country":"El Salvador","region":"México and Central America","subregion":"El Salvador and Honduras","elevation_m":1893,"last_eruption":1917},"geometry":{"type":"Point","coordinates":[-89.29,13.73]}},{"type":"Feature","properties":{"id":"343060","name":"Ilopango","type":"Caldera","country":"El Salvador","region":"México and Central America","subregion":"El Salvador and Honduras","elevation_m":450,"last_eruption":1880},"geometry":{"type":"Point","coordinates":[-89.05,13.67]}},{"type":"Feature","properties":{"id":"343071","name":"Apastepeque Field","type":"Volcanic field","country":"El Salvador","region":"México and Central America","subregion":"El Salvador and Honduras","elevation_m":700,"last_eruption":null},"geometry":{"type":"Point","coordinates":[-88.77,13.72]}},{"type":"Feature","properties":{"id":"343072","name":"Taburete","type":"Stratovolcano","country":"El Salvador","region":"México and Central America","subregion":"El Salvador and Honduras","elevation_m":1172,"last_eruption":null},"geometry":{"type":"Point","coordinates":[-88.53,13.44]}},{"type":"Feature","properties":{"id":"343070","name":"San Vicente","type":"Stratovolcano","country":"El Salvador","region":"México and Central America","subregion":"El Salvador and Honduras","elevation_m":2182,"last_eruption":null},"geometry":{"type":"Point","coordinates":[-88.84,13.6]}},{"type":"Feature","properties":{"id":"343081","name":"Usulutan","type":"Stratovolcano","country":"El Salvador","region":"México and Central America","subregion":"El Salvador and Honduras","elevation_m":1449,"last_eruption":null},"geometry":{"type":"Point","coordinates":[-88.47,13.42]}},{"type":"Feature","properties":{"id":"343082","name":"Tigre, El","type":"Stratovolcano","country":"El Salvador","region":"México and Central America","subregion":"El Salvador and Honduras","elevation_m":1640,"last_eruption":null},"geometry":{"type":"Point","coordinates":[-88.43,13.47]}},{"type":"Feature","properties":{"id":"343080","name":"Tecapa","type":"Stratovolcano","country":"El Salvador","region":"México and Central America","subregion":"El Salvador and Honduras","elevation_m":1593,"last_eruption":null},"geometry":{"type":"Point","coordinates":[-88.5,13.49]}},{"type":"Feature","properties":{"id":"343090","name":"Chinameca","type":"Stratovolcano","country":"El Salvador","region":"México and Central America","subregion":"El Salvador and Honduras","elevation_m":1300,"last_eruption":null},"geometry":{"type":"Point","coordinates":[-88.33,13.48]}},{"type":"Feature","properties":{"id":"343101","name":"Aramuaca, Laguna","type":"Maar","country":"El Salvador","region":"México and Central America","subregion":"El Salvador and Honduras","elevation_m":181,"last_eruption":null},"geometry":{"type":"Point","coordinates":[-88.1,13.43]}},{"type":"Feature","properties":{"id":"343100","name":"San Miguel","type":"Stratovolcano","country":"El Salvador","region":"México and Central America","subregion":"El Salvador and Honduras","elevation_m":2130,"last_eruption":2018},"geometry":{"type":"Point","coordinates":[-88.27,13.43]}},{"type":"Feature","properties":{"id":"343130","name":"Tigre, Isla el","type":"Stratovolcano","country":"Honduras","region":"México and Central America","subregion":"El Salvador and Honduras","elevation_m":783,"last_eruption":null},"geometry":{"type":"Point","coordinates":[-87.64,13.27]}},{"type":"Feature","properties":{"id":"343140","name":"Zacate Grande, Isla","type":"Stratovolcano","country":"Honduras","region":"México and Central America","subregion":"El Salvador and Honduras","elevation_m":640,"last_eruption":null},"geometry":{"type":"Point","coordinates":[-87.63,13.33]}},{"type":"Feature","properties":{"id":"343150","name":"Yojoa, Lake","type":"Volcanic field","country":"Honduras","region":"México and Central America","subregion":"El Salvador and Honduras","elevation_m":1090,"last_eruption":null},"geometry":{"type":"Point","coordinates":[-87.98,14.98]}},{"type":"Feature","properties":{"id":"343160","name":"Utila Island","type":"Pyroclastic cone(s)","country":"Honduras","region":"México and Central America","subregion":"El Salvador and Honduras","elevation_m":74,"last_eruption":null},"geometry":{"type":"Point","coordinates":[-86.88,16.12]}},{"type":"Feature","properties":{"id":"344010","name":"Cosiguina","type":"Stratovolcano","country":"Nicaragua","region":"México and Central America","subregion":"Nicaragua","elevation_m":872,"last_eruption":1859},"geometry":{"type":"Point","coordinates":[-87.57,12.98]}},{"type":"Feature","properties":{"id":"344020","name":"San Cristobal","type":"Stratovolcano","country":"Nicaragua","region":"México and Central America","subregion":"Nicaragua","elevation_m":1745,"last_eruption":2017},"geometry":{"type":"Point","coordinates":[-87,12.7]}},{"type":"Feature","properties":{"id":"344040","name":"Telica","type":"Stratovolcano(es)","country":"Nicaragua","region":"México and Central America","subregion":"Nicaragua","elevation_m":1036,"last_eruption":2016},"geometry":{"type":"Point","coordinates":[-86.84,12.61]}},{"type":"Feature","properties":{"id":"344060","name":"Rota","type":"Stratovolcano","country":"Nicaragua","region":"México and Central America","subregion":"Nicaragua","elevation_m":832,"last_eruption":null},"geometry":{"type":"Point","coordinates":[-86.75,12.55]}},{"type":"Feature","properties":{"id":"344070","name":"Negro, Cerro","type":"Pyroclastic cone(s)","country":"Nicaragua","region":"México and Central America","subregion":"Nicaragua","elevation_m":728,"last_eruption":1999},"geometry":{"type":"Point","coordinates":[-86.7,12.51]}},{"type":"Feature","properties":{"id":"344080","name":"Pilas, Las","type":"Complex","country":"Nicaragua","region":"México and Central America","subregion":"Nicaragua","elevation_m":1088,"last_eruption":1954},"geometry":{"type":"Point","coordinates":[-86.69,12.5]}},{"type":"Feature","properties":{"id":"344091","name":"Apoyeque","type":"Pyroclastic shield","country":"Nicaragua","region":"México and Central America","subregion":"Nicaragua","elevation_m":518,"last_eruption":-50},"geometry":{"type":"Point","coordinates":[-86.34,12.24]}},{"type":"Feature","properties":{"id":"344092","name":"Nejapa-Miraflores","type":"Fissure vent(s)","country":"Nicaragua","region":"México and Central America","subregion":"Nicaragua","elevation_m":360,"last_eruption":1060},"geometry":{"type":"Point","coordinates":[-86.32,12.12]}},{"type":"Feature","properties":{"id":"344090","name":"Momotombo","type":"Stratovolcano","country":"Nicaragua","region":"México and Central America","subregion":"Nicaragua","elevation_m":1270,"last_eruption":2016},"geometry":{"type":"Point","coordinates":[-86.54,12.42]}},{"type":"Feature","properties":{"id":"344101","name":"Granada","type":"Fissure vent(s)","country":"Nicaragua","region":"México and Central America","subregion":"Nicaragua","elevation_m":300,"last_eruption":null},"geometry":{"type":"Point","coordinates":[-85.98,11.92]}},{"type":"Feature","properties":{"id":"344100","name":"Masaya","type":"Caldera","country":"Nicaragua","region":"México and Central America","subregion":"Nicaragua","elevation_m":635,"last_eruption":2018},"geometry":{"type":"Point","coordinates":[-86.16,11.98]}},{"type":"Feature","properties":{"id":"344111","name":"Zapatera","type":"Shield","country":"Nicaragua","region":"México and Central America","subregion":"Nicaragua","elevation_m":629,"last_eruption":null},"geometry":{"type":"Point","coordinates":[-85.82,11.73]}},{"type":"Feature","properties":{"id":"344110","name":"Mombacho","type":"Stratovolcano","country":"Nicaragua","region":"México and Central America","subregion":"Nicaragua","elevation_m":1344,"last_eruption":null},"geometry":{"type":"Point","coordinates":[-85.97,11.83]}},{"type":"Feature","properties":{"id":"344120","name":"Concepcion","type":"Stratovolcano","country":"Nicaragua","region":"México and Central America","subregion":"Nicaragua","elevation_m":1700,"last_eruption":2011},"geometry":{"type":"Point","coordinates":[-85.62,11.54]}},{"type":"Feature","properties":{"id":"344131","name":"Esteli","type":"Fissure vent(s)","country":"Nicaragua","region":"México and Central America","subregion":"Nicaragua","elevation_m":899,"last_eruption":null},"geometry":{"type":"Point","coordinates":[-86.4,13.17]}},{"type":"Feature","properties":{"id":"344132","name":"Ciguatepe, Cerro el","type":"Stratovolcano","country":"Nicaragua","region":"México and Central America","subregion":"Nicaragua","elevation_m":603,"last_eruption":null},"geometry":{"type":"Point","coordinates":[-86.14,12.53]}},{"type":"Feature","properties":{"id":"344133","name":"Lajas, Las","type":"Shield","country":"Nicaragua","region":"México and Central America","subregion":"Nicaragua","elevation_m":926,"last_eruption":null},"geometry":{"type":"Point","coordinates":[-85.73,12.3]}},{"type":"Feature","properties":{"id":"344140","name":"Azul, Volcan","type":"Pyroclastic cone(s)","country":"Nicaragua","region":"México and Central America","subregion":"Nicaragua","elevation_m":201,"last_eruption":null},"geometry":{"type":"Point","coordinates":[-83.87,12.53]}},{"type":"Feature","properties":{"id":"345010","name":"Orosi","type":"Stratovolcano(es)","country":"Costa Rica","region":"México and Central America","subregion":"Costa Rica","elevation_m":1659,"last_eruption":null},"geometry":{"type":"Point","coordinates":[-85.47,10.98]}},{"type":"Feature","properties":{"id":"345020","name":"Rincon de la Vieja","type":"Complex","country":"Costa Rica","region":"México and Central America","subregion":"Costa Rica","elevation_m":1916,"last_eruption":2018},"geometry":{"type":"Point","coordinates":[-85.32,10.83]}},{"type":"Feature","properties":{"id":"345031","name":"Tenorio","type":"Stratovolcano(es)","country":"Costa Rica","region":"México and Central America","subregion":"Costa Rica","elevation_m":1916,"last_eruption":null},"geometry":{"type":"Point","coordinates":[-85.01,10.67]}},{"type":"Feature","properties":{"id":"345033","name":"Arenal","type":"Stratovolcano","country":"Costa Rica","region":"México and Central America","subregion":"Costa Rica","elevation_m":1670,"last_eruption":2010},"geometry":{"type":"Point","coordinates":[-84.7,10.46]}},{"type":"Feature","properties":{"id":"345034","name":"Platanar","type":"Stratovolcano(es)","country":"Costa Rica","region":"México and Central America","subregion":"Costa Rica","elevation_m":2267,"last_eruption":null},"geometry":{"type":"Point","coordinates":[-84.37,10.3]}},{"type":"Feature","properties":{"id":"345030","name":"Miravalles","type":"Stratovolcano","country":"Costa Rica","region":"México and Central America","subregion":"Costa Rica","elevation_m":2028,"last_eruption":1946},"geometry":{"type":"Point","coordinates":[-85.15,10.75]}},{"type":"Feature","properties":{"id":"345040","name":"Poas","type":"Stratovolcano","country":"Costa Rica","region":"México and Central America","subregion":"Costa Rica","elevation_m":2708,"last_eruption":2017},"geometry":{"type":"Point","coordinates":[-84.23,10.2]}},{"type":"Feature","properties":{"id":"345050","name":"Barva","type":"Complex","country":"Costa Rica","region":"México and Central America","subregion":"Costa Rica","elevation_m":2906,"last_eruption":-6050},"geometry":{"type":"Point","coordinates":[-84.1,10.14]}},{"type":"Feature","properties":{"id":"345060","name":"Irazu","type":"Stratovolcano","country":"Costa Rica","region":"México and Central America","subregion":"Costa Rica","elevation_m":3432,"last_eruption":1994},"geometry":{"type":"Point","coordinates":[-83.85,9.98]}},{"type":"Feature","properties":{"id":"345070","name":"Turrialba","type":"Stratovolcano","country":"Costa Rica","region":"México and Central America","subregion":"Costa Rica","elevation_m":3340,"last_eruption":2018},"geometry":{"type":"Point","coordinates":[-83.77,10.03]}},{"type":"Feature","properties":{"id":"346010","name":"Baru","type":"Stratovolcano","country":"Panama","region":"México and Central America","subregion":"Panama","elevation_m":3474,"last_eruption":1550},"geometry":{"type":"Point","coordinates":[-82.54,8.81]}},{"type":"Feature","properties":{"id":"346030","name":"Valle, El","type":"Stratovolcano","country":"Panama","region":"México and Central America","subregion":"Panama","elevation_m":1185,"last_eruption":null},"geometry":{"type":"Point","coordinates":[-80.17,8.58]}},{"type":"Feature","properties":{"id":"351011","name":"Romeral","type":"Stratovolcano","country":"Colombia","region":"South America","subregion":"Colombia","elevation_m":3769,"last_eruption":-5390},"geometry":{"type":"Point","coordinates":[-75.36,5.2]}},{"type":"Feature","properties":{"id":"351012","name":"Bravo, Cerro","type":"Stratovolcano","country":"Colombia","region":"South America","subregion":"Colombia","elevation_m":3985,"last_eruption":1720},"geometry":{"type":"Point","coordinates":[-75.29,5.09]}},{"type":"Feature","properties":{"id":"351021","name":"Santa Isabel","type":"Shield","country":"Colombia","region":"South America","subregion":"Colombia","elevation_m":4944,"last_eruption":-850},"geometry":{"type":"Point","coordinates":[-75.36,4.82]}},{"type":"Feature","properties":{"id":"351020","name":"Ruiz, Nevado del","type":"Stratovolcano","country":"Colombia","region":"South America","subregion":"Colombia","elevation_m":5279,"last_eruption":2017},"geometry":{"type":"Point","coordinates":[-75.32,4.89]}},{"type":"Feature","properties":{"id":"351030","name":"Tolima, Nevado del","type":"Stratovolcano","country":"Colombia","region":"South America","subregion":"Colombia","elevation_m":5215,"last_eruption":1943},"geometry":{"type":"Point","coordinates":[-75.33,4.66]}},{"type":"Feature","properties":{"id":"351040","name":"Machin","type":"Stratovolcano","country":"Colombia","region":"South America","subregion":"Colombia","elevation_m":2749,"last_eruption":1180},"geometry":{"type":"Point","coordinates":[-75.39,4.49]}},{"type":"Feature","properties":{"id":"351050","name":"Huila, Nevado del","type":"Stratovolcano","country":"Colombia","region":"South America","subregion":"Colombia","elevation_m":5364,"last_eruption":2012},"geometry":{"type":"Point","coordinates":[-76.03,2.93]}},{"type":"Feature","properties":{"id":"351061","name":"Sotara","type":"Stratovolcano","country":"Colombia","region":"South America","subregion":"Colombia","elevation_m":4400,"last_eruption":null},"geometry":{"type":"Point","coordinates":[-76.59,2.11]}},{"type":"Feature","properties":{"id":"351062","name":"Petacas","type":"Lava dome","country":"Colombia","region":"South America","subregion":"Colombia","elevation_m":3280,"last_eruption":null},"geometry":{"type":"Point","coordinates":[-76.81,1.67]}},{"type":"Feature","properties":{"id":"351060","name":"Purace","type":"Stratovolcano(es)","country":"Colombia","region":"South America","subregion":"Colombia","elevation_m":4650,"last_eruption":1977},"geometry":{"type":"Point","coordinates":[-76.4,2.32]}},{"type":"Feature","properties":{"id":"351070","name":"Dona Juana","type":"Stratovolcano","country":"Colombia","region":"South America","subregion":"Colombia","elevation_m":4137,"last_eruption":1906},"geometry":{"type":"Point","coordinates":[-76.94,1.5]}},{"type":"Feature","properties":{"id":"351080","name":"Galeras","type":"Complex","country":"Colombia","region":"South America","subregion":"Colombia","elevation_m":4276,"last_eruption":2014},"geometry":{"type":"Point","coordinates":[-77.37,1.22]}},{"type":"Feature","properties":{"id":"351090","name":"Azufral","type":"Stratovolcano","country":"Colombia","region":"South America","subregion":"Colombia","elevation_m":4070,"last_eruption":-930},"geometry":{"type":"Point","coordinates":[-77.68,1.08]}},{"type":"Feature","properties":{"id":"351100","name":"Cumbal","type":"Stratovolcano","country":"Colombia","region":"South America","subregion":"Colombia","elevation_m":4764,"last_eruption":1926},"geometry":{"type":"Point","coordinates":[-77.87,0.95]}},{"type":"Feature","properties":{"id":"351110","name":"Chiles-Cerro Negro","type":"Stratovolcano","country":"Colombia-Ecuador","region":"South America","subregion":"Colombia","elevation_m":4698,"last_eruption":1936},"geometry":{"type":"Point","coordinates":[-77.94,0.82]}},{"type":"Feature","properties":{"id":"352001","name":"Soche","type":"Stratovolcano","country":"Ecuador","region":"South America","subregion":"Ecuador","elevation_m":3955,"last_eruption":-6650},"geometry":{"type":"Point","coordinates":[-77.58,0.55]}},{"type":"Feature","properties":{"id":"352002","name":"Chachimbiro","type":"Stratovolcano","country":"Ecuador","region":"South America","subregion":"Ecuador","elevation_m":4106,"last_eruption":-3740},"geometry":{"type":"Point","coordinates":[-78.29,0.47]}},{"type":"Feature","properties":{"id":"352003","name":"Cuicocha","type":"Caldera","country":"Ecuador","region":"South America","subregion":"Ecuador","elevation_m":3246,"last_eruption":650},"geometry":{"type":"Point","coordinates":[-78.36,0.31]}},{"type":"Feature","properties":{"id":"352004","name":"Imbabura","type":"Compound","country":"Ecuador","region":"South America","subregion":"Ecuador","elevation_m":4609,"last_eruption":-5550},"geometry":{"type":"Point","coordinates":[-78.18,0.26]}},{"type":"Feature","properties":{"id":"352005","name":"Mojanda","type":"Stratovolcano(es)","country":"Ecuador","region":"South America","subregion":"Ecuador","elevation_m":4263,"last_eruption":null},"geometry":{"type":"Point","coordinates":[-78.27,0.13]}},{"type":"Feature","properties":{"id":"352006","name":"Cayambe","type":"Compound","country":"Ecuador","region":"South America","subregion":"Ecuador","elevation_m":5790,"last_eruption":1786},"geometry":{"type":"Point","coordinates":[-77.99,0.03]}},{"type":"Feature","properties":{"id":"352011","name":"Pululagua","type":"Caldera","country":"Ecuador","region":"South America","subregion":"Ecuador","elevation_m":3356,"last_eruption":290},"geometry":{"type":"Point","coordinates":[-78.46,0.04]}},{"type":"Feature","properties":{"id":"352010","name":"Reventador","type":"Stratovolcano","country":"Ecuador","region":"South America","subregion":"Ecuador","elevation_m":3562,"last_eruption":2018},"geometry":{"type":"Point","coordinates":[-77.66,-0.08]}},{"type":"Feature","properties":{"id":"352021","name":"Atacazo","type":"Stratovolcano","country":"Ecuador","region":"South America","subregion":"Ecuador","elevation_m":4463,"last_eruption":-320},"geometry":{"type":"Point","coordinates":[-78.62,-0.35]}},{"type":"Feature","properties":{"id":"352022","name":"Chacana","type":"Caldera","country":"Ecuador","region":"South America","subregion":"Ecuador","elevation_m":4643,"last_eruption":1773},"geometry":{"type":"Point","coordinates":[-78.25,-0.37]}},{"type":"Feature","properties":{"id":"352020","name":"Guagua Pichincha","type":"Stratovolcano","country":"Ecuador","region":"South America","subregion":"Ecuador","elevation_m":4784,"last_eruption":2002},"geometry":{"type":"Point","coordinates":[-78.6,-0.17]}},{"type":"Feature","properties":{"id":"352031","name":"Aliso","type":"Stratovolcano","country":"Ecuador","region":"South America","subregion":"Ecuador","elevation_m":4267,"last_eruption":-2450},"geometry":{"type":"Point","coordinates":[-78,-0.53]}},{"type":"Feature","properties":{"id":"352030","name":"Antisana","type":"Stratovolcano","country":"Ecuador","region":"South America","subregion":"Ecuador","elevation_m":5753,"last_eruption":1802},"geometry":{"type":"Point","coordinates":[-78.14,-0.48]}},{"type":"Feature","properties":{"id":"352041","name":"Illiniza","type":"Stratovolcano","country":"Ecuador","region":"South America","subregion":"Ecuador","elevation_m":5248,"last_eruption":null},"geometry":{"type":"Point","coordinates":[-78.71,-0.66]}},{"type":"Feature","properties":{"id":"352040","name":"Sumaco","type":"Stratovolcano","country":"Ecuador","region":"South America","subregion":"Ecuador","elevation_m":3990,"last_eruption":1895},"geometry":{"type":"Point","coordinates":[-77.63,-0.54]}},{"type":"Feature","properties":{"id":"352050","name":"Cotopaxi","type":"Stratovolcano","country":"Ecuador","region":"South America","subregion":"Ecuador","elevation_m":5911,"last_eruption":2016},"geometry":{"type":"Point","coordinates":[-78.44,-0.68]}},{"type":"Feature","properties":{"id":"352060","name":"Quilotoa","type":"Caldera","country":"Ecuador","region":"South America","subregion":"Ecuador","elevation_m":3914,"last_eruption":1280},"geometry":{"type":"Point","coordinates":[-78.9,-0.85]}},{"type":"Feature","properties":{"id":"352071","name":"Chimborazo","type":"Stratovolcano","country":"Ecuador","region":"South America","subregion":"Ecuador","elevation_m":6310,"last_eruption":550},"geometry":{"type":"Point","coordinates":[-78.81,-1.46]}},{"type":"Feature","properties":{"id":"352081","name":"Licto","type":"Pyroclastic cone(s)","country":"Ecuador","region":"South America","subregion":"Ecuador","elevation_m":3336,"last_eruption":null},"geometry":{"type":"Point","coordinates":[-78.61,-1.78]}},{"type":"Feature","properties":{"id":"352080","name":"Tungurahua","type":"Stratovolcano","country":"Ecuador","region":"South America","subregion":"Ecuador","elevation_m":5023,"last_eruption":2016},"geometry":{"type":"Point","coordinates":[-78.44,-1.47]}},{"type":"Feature","properties":{"id":"352090","name":"Sangay","type":"Stratovolcano","country":"Ecuador","region":"South America","subregion":"Ecuador","elevation_m":5286,"last_eruption":2018},"geometry":{"type":"Point","coordinates":[-78.34,-2]}},{"type":"Feature","properties":{"id":"353011","name":"Ecuador","type":"Shield","country":"Ecuador","region":"South America","subregion":"Galapagos Islands","elevation_m":790,"last_eruption":1150},"geometry":{"type":"Point","coordinates":[-91.55,-0.02]}},{"type":"Feature","properties":{"id":"353010","name":"Fernandina","type":"Shield","country":"Ecuador","region":"South America","subregion":"Galapagos Islands","elevation_m":1476,"last_eruption":2017},"geometry":{"type":"Point","coordinates":[-91.55,-0.37]}},{"type":"Feature","properties":{"id":"353020","name":"Wolf","type":"Shield","country":"Ecuador","region":"South America","subregion":"Galapagos Islands","elevation_m":1710,"last_eruption":2015},"geometry":{"type":"Point","coordinates":[-91.35,0.02]}},{"type":"Feature","properties":{"id":"353030","name":"Darwin","type":"Shield","country":"Ecuador","region":"South America","subregion":"Galapagos Islands","elevation_m":1330,"last_eruption":1813},"geometry":{"type":"Point","coordinates":[-91.28,-0.18]}},{"type":"Feature","properties":{"id":"353040","name":"Alcedo","type":"Shield","country":"Ecuador","region":"South America","subregion":"Galapagos Islands","elevation_m":1130,"last_eruption":1993},"geometry":{"type":"Point","coordinates":[-91.12,-0.43]}},{"type":"Feature","properties":{"id":"353050","name":"Negra, Sierra","type":"Shield","country":"Ecuador","region":"South America","subregion":"Galapagos Islands","elevation_m":1124,"last_eruption":2005},"geometry":{"type":"Point","coordinates":[-91.17,-0.83]}},{"type":"Feature","properties":{"id":"353060","name":"Azul, Cerro","type":"Shield","country":"Ecuador","region":"South America","subregion":"Galapagos Islands","elevation_m":1640,"last_eruption":2008},"geometry":{"type":"Point","coordinates":[-91.41,-0.92]}},{"type":"Feature","properties":{"id":"353070","name":"Pinta","type":"Shield","country":"Ecuador","region":"South America","subregion":"Galapagos Islands","elevation_m":780,"last_eruption":1928},"geometry":{"type":"Point","coordinates":[-90.75,0.58]}},{"type":"Feature","properties":{"id":"353081","name":"Genovesa","type":"Shield","country":"Ecuador","region":"South America","subregion":"Galapagos Islands","elevation_m":64,"last_eruption":null},"geometry":{"type":"Point","coordinates":[-89.96,0.32]}},{"type":"Feature","properties":{"id":"353080","name":"Marchena","type":"Shield","country":"Ecuador","region":"South America","subregion":"Galapagos Islands","elevation_m":343,"last_eruption":1991},"geometry":{"type":"Point","coordinates":[-90.47,0.33]}},{"type":"Feature","properties":{"id":"353091","name":"Santa Cruz","type":"Shield","country":"Ecuador","region":"South America","subregion":"Galapagos Islands","elevation_m":864,"last_eruption":null},"geometry":{"type":"Point","coordinates":[-90.33,-0.62]}},{"type":"Feature","properties":{"id":"353090","name":"Santiago","type":"Shield","country":"Ecuador","region":"South America","subregion":"Galapagos Islands","elevation_m":920,"last_eruption":1906},"geometry":{"type":"Point","coordinates":[-90.77,-0.22]}},{"type":"Feature","properties":{"id":"353120","name":"San Cristobal","type":"Shield","country":"Ecuador","region":"South America","subregion":"Galapagos Islands","elevation_m":759,"last_eruption":null},"geometry":{"type":"Point","coordinates":[-89.5,-0.88]}},{"type":"Feature","properties":{"id":"354000","name":"Quimsachata","type":"Lava dome","country":"Peru","region":"South America","subregion":"Peru","elevation_m":3693,"last_eruption":-4450},"geometry":{"type":"Point","coordinates":[-71.35,-14.18]}},{"type":"Feature","properties":{"id":"354001","name":"Auquihuato, Cerro","type":"Pyroclastic cone","country":"Peru","region":"South America","subregion":"Peru","elevation_m":4980,"last_eruption":null},"geometry":{"type":"Point","coordinates":[-73.18,-15.07]}},{"type":"Feature","properties":{"id":"354002","name":"Sara Sara","type":"Stratovolcano","country":"Peru","region":"South America","subregion":"Peru","elevation_m":5522,"last_eruption":null},"geometry":{"type":"Point","coordinates":[-73.45,-15.33]}},{"type":"Feature","properties":{"id":"354003","name":"Coropuna","type":"Stratovolcano","country":"Peru","region":"South America","subregion":"Peru","elevation_m":6377,"last_eruption":null},"geometry":{"type":"Point","coordinates":[-72.65,-15.52]}},{"type":"Feature","properties":{"id":"354004","name":"Andahua-Orcopampa","type":"Pyroclastic cone(s)","country":"Peru","region":"South America","subregion":"Peru","elevation_m":4713,"last_eruption":1490},"geometry":{"type":"Point","coordinates":[-72.33,-15.42]}},{"type":"Feature","properties":{"id":"354005","name":"Huambo","type":"Volcanic field","country":"Peru","region":"South America","subregion":"Peru","elevation_m":4550,"last_eruption":-700},"geometry":{"type":"Point","coordinates":[-72.13,-15.83]}},{"type":"Feature","properties":{"id":"354006","name":"Sabancaya","type":"Stratovolcano(es)","country":"Peru","region":"South America","subregion":"Peru","elevation_m":5960,"last_eruption":2018},"geometry":{"type":"Point","coordinates":[-71.86,-15.79]}},{"type":"Feature","properties":{"id":"354007","name":"Chachani, Nevado","type":"Stratovolcano","country":"Peru","region":"South America","subregion":"Peru","elevation_m":6057,"last_eruption":null},"geometry":{"type":"Point","coordinates":[-71.53,-16.19]}},{"type":"Feature","properties":{"id":"354008","name":"Nicholson, Cerro","type":"Pyroclastic cone","country":"Peru","region":"South America","subregion":"Peru","elevation_m":2525,"last_eruption":null},"geometry":{"type":"Point","coordinates":[-71.75,-16.26]}},{"type":"Feature","properties":{"id":"354010","name":"Misti, El","type":"Stratovolcano","country":"Peru","region":"South America","subregion":"Peru","elevation_m":5822,"last_eruption":1985},"geometry":{"type":"Point","coordinates":[-71.41,-16.29]}},{"type":"Feature","properties":{"id":"354020","name":"Ubinas","type":"Stratovolcano","country":"Peru","region":"South America","subregion":"Peru","elevation_m":5672,"last_eruption":2017},"geometry":{"type":"Point","coordinates":[-70.9,-16.35]}},{"type":"Feature","properties":{"id":"354031","name":"Ticsani","type":"Lava dome(s)","country":"Peru","region":"South America","subregion":"Peru","elevation_m":5408,"last_eruption":1800},"geometry":{"type":"Point","coordinates":[-70.59,-16.75]}},{"type":"Feature","properties":{"id":"354030","name":"Huaynaputina","type":"Stratovolcano","country":"Peru","region":"South America","subregion":"Peru","elevation_m":4850,"last_eruption":1600},"geometry":{"type":"Point","coordinates":[-70.85,-16.61]}},{"type":"Feature","properties":{"id":"354040","name":"Tutupaca","type":"Stratovolcano(es)","country":"Peru","region":"South America","subregion":"Peru","elevation_m":5801,"last_eruption":1802},"geometry":{"type":"Point","coordinates":[-70.37,-17.03]}},{"type":"Feature","properties":{"id":"354050","name":"Yucamane","type":"Stratovolcano(es)","country":"Peru","region":"South America","subregion":"Peru","elevation_m":5495,"last_eruption":-1320},"geometry":{"type":"Point","coordinates":[-70.2,-17.18]}},{"type":"Feature","properties":{"id":"354060","name":"Casiri, Nevados","type":"Stratovolcano(es)","country":"Peru","region":"South America","subregion":"Peru","elevation_m":5650,"last_eruption":null},"geometry":{"type":"Point","coordinates":[-69.81,-17.47]}},{"type":"Feature","properties":{"id":"355011","name":"Taapaca","type":"Complex","country":"Chile","region":"South America","subregion":"Northern Chile, Bolivia and Argentina","elevation_m":5860,"last_eruption":-320},"geometry":{"type":"Point","coordinates":[-69.5,-18.1]}},{"type":"Feature","properties":{"id":"355012","name":"Parinacota","type":"Stratovolcano","country":"Chile-Bolivia","region":"South America","subregion":"Northern Chile, Bolivia and Argentina","elevation_m":6336,"last_eruption":290},"geometry":{"type":"Point","coordinates":[-69.14,-18.17]}},{"type":"Feature","properties":{"id":"355010","name":"Tacora","type":"Stratovolcano(es)","country":"Chile-Peru","region":"South America","subregion":"Northern Chile, Bolivia and Argentina","elevation_m":5980,"last_eruption":null},"geometry":{"type":"Point","coordinates":[-69.77,-17.72]}},{"type":"Feature","properties":{"id":"355021","name":"Tambo Quemado","type":"Pyroclastic shield","country":"Bolivia","region":"South America","subregion":"Northern Chile, Bolivia and Argentina","elevation_m":4215,"last_eruption":null},"geometry":{"type":"Point","coordinates":[-68.75,-18.62]}},{"type":"Feature","properties":{"id":"355020","name":"Guallatiri","type":"Stratovolcano","country":"Chile","region":"South America","subregion":"Northern Chile, Bolivia and Argentina","elevation_m":6071,"last_eruption":1960},"geometry":{"type":"Point","coordinates":[-69.09,-18.42]}},{"type":"Feature","properties":{"id":"355032","name":"Tata Sabaya","type":"Stratovolcano","country":"Bolivia","region":"South America","subregion":"Northern Chile, Bolivia and Argentina","elevation_m":5430,"last_eruption":null},"geometry":{"type":"Point","coordinates":[-68.53,-19.13]}},{"type":"Feature","properties":{"id":"355035","name":"Jayu Khota, Laguna","type":"Maar(s)","country":"Bolivia","region":"South America","subregion":"Northern Chile, Bolivia and Argentina","elevation_m":3650,"last_eruption":null},"geometry":{"type":"Point","coordinates":[-67.43,-19.46]}},{"type":"Feature","properties":{"id":"355036","name":"Jatun Mundo Quri Warani","type":"Lava dome(s)","country":"Bolivia","region":"South America","subregion":"Northern Chile, Bolivia and Argentina","elevation_m":5438,"last_eruption":null},"geometry":{"type":"Point","coordinates":[-66.48,-19.78]}},{"type":"Feature","properties":{"id":"355030","name":"Isluga","type":"Stratovolcano","country":"Chile","region":"South America","subregion":"Northern Chile, Bolivia and Argentina","elevation_m":5550,"last_eruption":1913},"geometry":{"type":"Point","coordinates":[-68.83,-19.15]}},{"type":"Feature","properties":{"id":"355042","name":"Pampa Luxsar","type":"Volcanic field","country":"Bolivia","region":"South America","subregion":"Northern Chile, Bolivia and Argentina","elevation_m":5543,"last_eruption":null},"geometry":{"type":"Point","coordinates":[-68.2,-20.85]}},{"type":"Feature","properties":{"id":"355040","name":"Irruputuncu","type":"Stratovolcano","country":"Chile-Bolivia","region":"South America","subregion":"Northern Chile, Bolivia and Argentina","elevation_m":5163,"last_eruption":1995},"geometry":{"type":"Point","coordinates":[-68.55,-20.73]}},{"type":"Feature","properties":{"id":"355050","name":"Olca-Paruma","type":"Stratovolcano(es)","country":"Chile-Bolivia","region":"South America","subregion":"Northern Chile, Bolivia and Argentina","elevation_m":5705,"last_eruption":1867},"geometry":{"type":"Point","coordinates":[-68.41,-20.94]}},{"type":"Feature","properties":{"id":"355061","name":"Azufre, Cerro del","type":"Stratovolcano","country":"Chile","region":"South America","subregion":"Northern Chile, Bolivia and Argentina","elevation_m":5846,"last_eruption":null},"geometry":{"type":"Point","coordinates":[-68.24,-21.79]}},{"type":"Feature","properties":{"id":"355070","name":"San Pedro-San Pablo","type":"Stratovolcano(es)","country":"Chile","region":"South America","subregion":"Northern Chile, Bolivia and Argentina","elevation_m":6142,"last_eruption":1960},"geometry":{"type":"Point","coordinates":[-68.39,-21.89]}},{"type":"Feature","properties":{"id":"355091","name":"Sairecabur","type":"Stratovolcano(es)","country":"Chile-Bolivia","region":"South America","subregion":"Northern Chile, Bolivia and Argentina","elevation_m":5971,"last_eruption":null},"geometry":{"type":"Point","coordinates":[-67.89,-22.72]}},{"type":"Feature","properties":{"id":"355092","name":"Licancabur","type":"Stratovolcano","country":"Chile-Bolivia","region":"South America","subregion":"Northern Chile, Bolivia and Argentina","elevation_m":5916,"last_eruption":null},"geometry":{"type":"Point","coordinates":[-67.88,-22.83]}},{"type":"Feature","properties":{"id":"355093","name":"Guayaques","type":"Lava dome(s)","country":"Chile-Bolivia","region":"South America","subregion":"Northern Chile, Bolivia and Argentina","elevation_m":5598,"last_eruption":null},"geometry":{"type":"Point","coordinates":[-67.57,-22.89]}},{"type":"Feature","properties":{"id":"355094","name":"Purico Complex","type":"Pyroclastic shield","country":"Chile","region":"South America","subregion":"Northern Chile, Bolivia and Argentina","elevation_m":5703,"last_eruption":null},"geometry":{"type":"Point","coordinates":[-67.75,-23]}},{"type":"Feature","properties":{"id":"355095","name":"Colachi","type":"Stratovolcano","country":"Chile","region":"South America","subregion":"Northern Chile, Bolivia and Argentina","elevation_m":5631,"last_eruption":null},"geometry":{"type":"Point","coordinates":[-67.64,-23.24]}},{"type":"Feature","properties":{"id":"355096","name":"Acamarachi","type":"Stratovolcano","country":"Chile","region":"South America","subregion":"Northern Chile, Bolivia and Argentina","elevation_m":6023,"last_eruption":null},"geometry":{"type":"Point","coordinates":[-67.62,-23.29]}},{"type":"Feature","properties":{"id":"355097","name":"Overo, Cerro","type":"Maar","country":"Chile","region":"South America","subregion":"Northern Chile, Bolivia and Argentina","elevation_m":4555,"last_eruption":null},"geometry":{"type":"Point","coordinates":[-67.67,-23.52]}},{"type":"Feature","properties":{"id":"355098","name":"Chiliques","type":"Stratovolcano","country":"Chile","region":"South America","subregion":"Northern Chile, Bolivia and Argentina","elevation_m":5778,"last_eruption":null},"geometry":{"type":"Point","coordinates":[-67.7,-23.58]}},{"type":"Feature","properties":{"id":"355090","name":"Putana","type":"Stratovolcano","country":"Chile","region":"South America","subregion":"Northern Chile, Bolivia and Argentina","elevation_m":5884,"last_eruption":1810},"geometry":{"type":"Point","coordinates":[-67.85,-22.56]}},{"type":"Feature","properties":{"id":"355101","name":"Cordon de Puntas Negras","type":"Stratovolcano(es)","country":"Chile","region":"South America","subregion":"Northern Chile, Bolivia and Argentina","elevation_m":5852,"last_eruption":null},"geometry":{"type":"Point","coordinates":[-67.53,-23.74]}},{"type":"Feature","properties":{"id":"355102","name":"Miniques","type":"Stratovolcano(es)","country":"Chile","region":"South America","subregion":"Northern Chile, Bolivia and Argentina","elevation_m":5910,"last_eruption":null},"geometry":{"type":"Point","coordinates":[-67.77,-23.82]}},{"type":"Feature","properties":{"id":"355103","name":"Tujle, Cerro","type":"Maar","country":"Chile","region":"South America","subregion":"Northern Chile, Bolivia and Argentina","elevation_m":3550,"last_eruption":null},"geometry":{"type":"Point","coordinates":[-67.95,-23.83]}},{"type":"Feature","properties":{"id":"355104","name":"Caichinque","type":"Stratovolcano(es)","country":"Chile","region":"South America","subregion":"Northern Chile, Bolivia and Argentina","elevation_m":4458,"last_eruption":null},"geometry":{"type":"Point","coordinates":[-67.74,-23.95]}},{"type":"Feature","properties":{"id":"355105","name":"Tilocalar","type":"Stratovolcano(es)","country":"Chile","region":"South America","subregion":"Northern Chile, Bolivia and Argentina","elevation_m":3116,"last_eruption":null},"geometry":{"type":"Point","coordinates":[-68.13,-23.97]}},{"type":"Feature","properties":{"id":"355106","name":"Negrillar, El","type":"Pyroclastic cone(s)","country":"Chile","region":"South America","subregion":"Northern Chile, Bolivia and Argentina","elevation_m":3500,"last_eruption":null},"geometry":{"type":"Point","coordinates":[-68.25,-24.18]}},{"type":"Feature","properties":{"id":"355107","name":"Pular","type":"Stratovolcano(es)","country":"Chile","region":"South America","subregion":"Northern Chile, Bolivia and Argentina","elevation_m":6233,"last_eruption":null},"geometry":{"type":"Point","coordinates":[-68.05,-24.19]}},{"type":"Feature","properties":{"id":"355108","name":"Negrillar, La","type":"Pyroclastic cone(s)","country":"Chile","region":"South America","subregion":"Northern Chile, Bolivia and Argentina","elevation_m":4220,"last_eruption":null},"geometry":{"type":"Point","coordinates":[-68.59,-24.32]}},{"type":"Feature","properties":{"id":"355109","name":"Socompa","type":"Stratovolcano","country":"Chile-Argentina","region":"South America","subregion":"Northern Chile, Bolivia and Argentina","elevation_m":6031,"last_eruption":-5250},"geometry":{"type":"Point","coordinates":[-68.25,-24.4]}},{"type":"Feature","properties":{"id":"355100","name":"Lascar","type":"Stratovolcano(es)","country":"Chile","region":"South America","subregion":"Northern Chile, Bolivia and Argentina","elevation_m":5592,"last_eruption":2017},"geometry":{"type":"Point","coordinates":[-67.73,-23.37]}},{"type":"Feature","properties":{"id":"355112","name":"Escorial","type":"Stratovolcano","country":"Chile-Argentina","region":"South America","subregion":"Northern Chile, Bolivia and Argentina","elevation_m":5451,"last_eruption":null},"geometry":{"type":"Point","coordinates":[-68.37,-25.08]}},{"type":"Feature","properties":{"id":"355110","name":"Llullaillaco","type":"Stratovolcano","country":"Chile-Argentina","region":"South America","subregion":"Northern Chile, Bolivia and Argentina","elevation_m":6739,"last_eruption":1877},"geometry":{"type":"Point","coordinates":[-68.53,-24.72]}},{"type":"Feature","properties":{"id":"355121","name":"Cordon del Azufre","type":"Complex","country":"Chile-Argentina","region":"South America","subregion":"Northern Chile, Bolivia and Argentina","elevation_m":5481,"last_eruption":null},"geometry":{"type":"Point","coordinates":[-68.52,-25.34]}},{"type":"Feature","properties":{"id":"355122","name":"Bayo Gorbea, Cerro","type":"Complex","country":"Chile-Argentina","region":"South America","subregion":"Northern Chile, Bolivia and Argentina","elevation_m":5413,"last_eruption":null},"geometry":{"type":"Point","coordinates":[-68.59,-25.41]}},{"type":"Feature","properties":{"id":"355123","name":"Nevada, Sierra","type":"Complex","country":"Chile-Argentina","region":"South America","subregion":"Northern Chile, Bolivia and Argentina","elevation_m":6173,"last_eruption":null},"geometry":{"type":"Point","coordinates":[-68.58,-26.48]}},{"type":"Feature","properties":{"id":"355124","name":"Falso Azufre","type":"Complex","country":"Chile-Argentina","region":"South America","subregion":"Northern Chile, Bolivia and Argentina","elevation_m":5906,"last_eruption":null},"geometry":{"type":"Point","coordinates":[-68.37,-26.8]}},{"type":"Feature","properties":{"id":"355125","name":"Incahuasi, Nevado de","type":"Stratovolcano(es)","country":"Chile-Argentina","region":"South America","subregion":"Northern Chile, Bolivia and Argentina","elevation_m":6638,"last_eruption":null},"geometry":{"type":"Point","coordinates":[-68.3,-27.03]}},{"type":"Feature","properties":{"id":"355120","name":"Lastarria","type":"Stratovolcano","country":"Chile-Argentina","region":"South America","subregion":"Northern Chile, Bolivia and Argentina","elevation_m":5706,"last_eruption":null},"geometry":{"type":"Point","coordinates":[-68.51,-25.17]}},{"type":"Feature","properties":{"id":"355131","name":"Solo, El","type":"Stratovolcano","country":"Chile-Argentina","region":"South America","subregion":"Northern Chile, Bolivia and Argentina","elevation_m":6205,"last_eruption":null},"geometry":{"type":"Point","coordinates":[-68.71,-27.1]}},{"type":"Feature","properties":{"id":"355130","name":"Ojos del Salado, Nevados","type":"Stratovolcano","country":"Chile-Argentina","region":"South America","subregion":"Northern Chile, Bolivia and Argentina","elevation_m":6879,"last_eruption":750},"geometry":{"type":"Point","coordinates":[-68.54,-27.11]}},{"type":"Feature","properties":{"id":"355150","name":"Tuzgle","type":"Stratovolcano","country":"Argentina","region":"South America","subregion":"Northern Chile, Bolivia and Argentina","elevation_m":5486,"last_eruption":null},"geometry":{"type":"Point","coordinates":[-66.48,-24.05]}},{"type":"Feature","properties":{"id":"355160","name":"Aracar","type":"Stratovolcano","country":"Argentina","region":"South America","subregion":"Northern Chile, Bolivia and Argentina","elevation_m":6095,"last_eruption":null},"geometry":{"type":"Point","coordinates":[-67.78,-24.29]}},{"type":"Feature","properties":{"id":"355161","name":"Unnamed","type":"Pyroclastic cone","country":"Argentina","region":"South America","subregion":"Northern Chile, Bolivia and Argentina","elevation_m":4652,"last_eruption":null},"geometry":{"type":"Point","coordinates":[-68.27,-25.08]}},{"type":"Feature","properties":{"id":"355180","name":"Antofagasta Volcanic Field","type":"Pyroclastic cone(s)","country":"Argentina","region":"South America","subregion":"Northern Chile, Bolivia and Argentina","elevation_m":3495,"last_eruption":null},"geometry":{"type":"Point","coordinates":[-67.4,-26.12]}},{"type":"Feature","properties":{"id":"355190","name":"Condor, El","type":"Stratovolcano","country":"Argentina","region":"South America","subregion":"Northern Chile, Bolivia and Argentina","elevation_m":6373,"last_eruption":null},"geometry":{"type":"Point","coordinates":[-68.36,-26.63]}},{"type":"Feature","properties":{"id":"355200","name":"Peinado","type":"Stratovolcano","country":"Argentina","region":"South America","subregion":"Northern Chile, Bolivia and Argentina","elevation_m":5741,"last_eruption":null},"geometry":{"type":"Point","coordinates":[-68.12,-26.62]}},{"type":"Feature","properties":{"id":"355210","name":"Blanco, Cerro","type":"Caldera","country":"Argentina","region":"South America","subregion":"Northern Chile, Bolivia and Argentina","elevation_m":4670,"last_eruption":-2300},"geometry":{"type":"Point","coordinates":[-67.76,-26.79]}},{"type":"Feature","properties":{"id":"355220","name":"Tipas","type":"Complex","country":"Argentina","region":"South America","subregion":"Northern Chile, Bolivia and Argentina","elevation_m":6658,"last_eruption":null},"geometry":{"type":"Point","coordinates":[-68.56,-27.2]}},{"type":"Feature","properties":{"id":"356011","name":"Easter Island","type":"Shield(s)","country":"Chile","region":"South America","subregion":"Pacific Ocean (Chilean Islands)","elevation_m":511,"last_eruption":null},"geometry":{"type":"Point","coordinates":[-109.38,-27.15]}},{"type":"Feature","properties":{"id":"357010","name":"Tupungatito","type":"Stratovolcano","country":"Chile-Argentina","region":"South America","subregion":"Central Chile and Argentina","elevation_m":5660,"last_eruption":1987},"geometry":{"type":"Point","coordinates":[-69.8,-33.42]}},{"type":"Feature","properties":{"id":"357021","name":"Maipo","type":"Caldera","country":"Chile-Argentina","region":"South America","subregion":"Central Chile and Argentina","elevation_m":5323,"last_eruption":1912},"geometry":{"type":"Point","coordinates":[-69.83,-34.16]}},{"type":"Feature","properties":{"id":"357022","name":"Palomo","type":"Stratovolcano","country":"Chile","region":"South America","subregion":"Central Chile and Argentina","elevation_m":4860,"last_eruption":null},"geometry":{"type":"Point","coordinates":[-70.29,-34.61]}},{"type":"Feature","properties":{"id":"357023","name":"Atuel, Caldera del","type":"Caldera","country":"Argentina","region":"South America","subregion":"Central Chile and Argentina","elevation_m":5189,"last_eruption":null},"geometry":{"type":"Point","coordinates":[-70.05,-34.65]}},{"type":"Feature","properties":{"id":"357024","name":"Risco Plateado","type":"Stratovolcano","country":"Argentina","region":"South America","subregion":"Central Chile and Argentina","elevation_m":4999,"last_eruption":null},"geometry":{"type":"Point","coordinates":[-69.98,-34.92]}},{"type":"Feature","properties":{"id":"357020","name":"San Jose","type":"Stratovolcano(es)","country":"Chile-Argentina","region":"South America","subregion":"Central Chile and Argentina","elevation_m":6070,"last_eruption":1960},"geometry":{"type":"Point","coordinates":[-69.89,-33.79]}},{"type":"Feature","properties":{"id":"357030","name":"Tinguiririca","type":"Stratovolcano","country":"Chile","region":"South America","subregion":"Central Chile and Argentina","elevation_m":4280,"last_eruption":1917},"geometry":{"type":"Point","coordinates":[-70.35,-34.81]}},{"type":"Feature","properties":{"id":"357041","name":"Infiernillo","type":"Volcanic field","country":"Argentina","region":"South America","subregion":"Central Chile and Argentina","elevation_m":3007,"last_eruption":-6890},"geometry":{"type":"Point","coordinates":[-69.9,-35.12]}},{"type":"Feature","properties":{"id":"357042","name":"Calabozos","type":"Caldera","country":"Chile","region":"South America","subregion":"Central Chile and Argentina","elevation_m":3508,"last_eruption":null},"geometry":{"type":"Point","coordinates":[-70.5,-35.56]}},{"type":"Feature","properties":{"id":"357040","name":"Planchon-Peteroa","type":"Stratovolcano(es)","country":"Chile","region":"South America","subregion":"Central Chile and Argentina","elevation_m":3977,"last_eruption":2011},"geometry":{"type":"Point","coordinates":[-70.57,-35.22]}},{"type":"Feature","properties":{"id":"357050","name":"Descabezado Grande","type":"Stratovolcano(es)","country":"Chile","region":"South America","subregion":"Central Chile and Argentina","elevation_m":3953,"last_eruption":1933},"geometry":{"type":"Point","coordinates":[-70.75,-35.58]}},{"type":"Feature","properties":{"id":"357061","name":"Maule, Laguna del","type":"Caldera","country":"Chile","region":"South America","subregion":"Central Chile and Argentina","elevation_m":2162,"last_eruption":-50},"geometry":{"type":"Point","coordinates":[-70.49,-36.06]}},{"type":"Feature","properties":{"id":"357062","name":"San Pedro-Pellado","type":"Stratovolcano(es)","country":"Chile","region":"South America","subregion":"Central Chile and Argentina","elevation_m":3621,"last_eruption":null},"geometry":{"type":"Point","coordinates":[-70.85,-35.99]}},{"type":"Feature","properties":{"id":"357063","name":"Longavi, Nevado de","type":"Stratovolcano","country":"Chile","region":"South America","subregion":"Central Chile and Argentina","elevation_m":3242,"last_eruption":-4890},"geometry":{"type":"Point","coordinates":[-71.16,-36.19]}},{"type":"Feature","properties":{"id":"357064","name":"Blancas, Lomas","type":"Stratovolcano","country":"Chile","region":"South America","subregion":"Central Chile and Argentina","elevation_m":2268,"last_eruption":null},"geometry":{"type":"Point","coordinates":[-71.01,-36.29]}},{"type":"Feature","properties":{"id":"357065","name":"Resago, Volcan","type":"Pyroclastic cone","country":"Chile","region":"South America","subregion":"Central Chile and Argentina","elevation_m":1890,"last_eruption":null},"geometry":{"type":"Point","coordinates":[-70.92,-36.45]}},{"type":"Feature","properties":{"id":"357066","name":"Payun Matru","type":"Shield","country":"Argentina","region":"South America","subregion":"Central Chile and Argentina","elevation_m":3715,"last_eruption":-5050},"geometry":{"type":"Point","coordinates":[-69.24,-36.42]}},{"type":"Feature","properties":{"id":"357067","name":"Domuyo","type":"Stratovolcano","country":"Argentina","region":"South America","subregion":"Central Chile and Argentina","elevation_m":4702,"last_eruption":null},"geometry":{"type":"Point","coordinates":[-70.43,-36.64]}},{"type":"Feature","properties":{"id":"357060","name":"Azul, Cerro","type":"Stratovolcano","country":"Chile","region":"South America","subregion":"Central Chile and Argentina","elevation_m":3788,"last_eruption":1967},"geometry":{"type":"Point","coordinates":[-70.76,-35.65]}},{"type":"Feature","properties":{"id":"357072","name":"Tromen","type":"Stratovolcano(es)","country":"Argentina","region":"South America","subregion":"Central Chile and Argentina","elevation_m":4114,"last_eruption":1822},"geometry":{"type":"Point","coordinates":[-70.03,-37.14]}},{"type":"Feature","properties":{"id":"357070","name":"Chillan, Nevados de","type":"Stratovolcano","country":"Chile","region":"South America","subregion":"Central Chile and Argentina","elevation_m":3180,"last_eruption":2018},"geometry":{"type":"Point","coordinates":[-71.38,-36.87]}},{"type":"Feature","properties":{"id":"357081","name":"Trolon","type":"Lava dome(s)","country":"Argentina","region":"South America","subregion":"Central Chile and Argentina","elevation_m":2360,"last_eruption":null},"geometry":{"type":"Point","coordinates":[-70.91,-37.74]}},{"type":"Feature","properties":{"id":"357080","name":"Antuco","type":"Stratovolcano","country":"Chile","region":"South America","subregion":"Central Chile and Argentina","elevation_m":2979,"last_eruption":1869},"geometry":{"type":"Point","coordinates":[-71.35,-37.41]}},{"type":"Feature","properties":{"id":"357091","name":"Callaqui","type":"Stratovolcano","country":"Chile","region":"South America","subregion":"Central Chile and Argentina","elevation_m":3164,"last_eruption":1980},"geometry":{"type":"Point","coordinates":[-71.45,-37.92]}},{"type":"Feature","properties":{"id":"357092","name":"Mariñaqui, Laguna","type":"Pyroclastic cone(s)","country":"Chile","region":"South America","subregion":"Central Chile and Argentina","elevation_m":2108,"last_eruption":null},"geometry":{"type":"Point","coordinates":[-71.17,-38.26]}},{"type":"Feature","properties":{"id":"357093","name":"Tolhuaca","type":"Stratovolcano","country":"Chile","region":"South America","subregion":"Central Chile and Argentina","elevation_m":2739,"last_eruption":-4000},"geometry":{"type":"Point","coordinates":[-71.64,-38.31]}},{"type":"Feature","properties":{"id":"357090","name":"Copahue","type":"Stratovolcano","country":"Chile-Argentina","region":"South America","subregion":"Central Chile and Argentina","elevation_m":2953,"last_eruption":2017},"geometry":{"type":"Point","coordinates":[-71.18,-37.86]}},{"type":"Feature","properties":{"id":"357101","name":"Tralihue","type":"Stratovolcano","country":"Argentina","region":"South America","subregion":"Central Chile and Argentina","elevation_m":2448,"last_eruption":null},"geometry":{"type":"Point","coordinates":[-70.9,-38.51]}},{"type":"Feature","properties":{"id":"357102","name":"Blanca, Laguna","type":"Volcanic field","country":"Argentina","region":"South America","subregion":"Central Chile and Argentina","elevation_m":1700,"last_eruption":null},"geometry":{"type":"Point","coordinates":[-70.37,-39.02]}},{"type":"Feature","properties":{"id":"357100","name":"Lonquimay","type":"Stratovolcano","country":"Chile","region":"South America","subregion":"Central Chile and Argentina","elevation_m":2832,"last_eruption":1990},"geometry":{"type":"Point","coordinates":[-71.59,-38.38]}},{"type":"Feature","properties":{"id":"357111","name":"Sollipulli","type":"Caldera","country":"Chile","region":"South America","subregion":"Central Chile and Argentina","elevation_m":2282,"last_eruption":1240},"geometry":{"type":"Point","coordinates":[-71.52,-38.97]}},{"type":"Feature","properties":{"id":"357112","name":"Caburgua-Huelemolle","type":"Pyroclastic cone(s)","country":"Chile","region":"South America","subregion":"Central Chile and Argentina","elevation_m":1652,"last_eruption":-5050},"geometry":{"type":"Point","coordinates":[-71.75,-39.25]}},{"type":"Feature","properties":{"id":"357110","name":"Llaima","type":"Stratovolcano","country":"Chile","region":"South America","subregion":"Central Chile and Argentina","elevation_m":3125,"last_eruption":2009},"geometry":{"type":"Point","coordinates":[-71.73,-38.69]}},{"type":"Feature","properties":{"id":"357121","name":"Quetrupillan","type":"Stratovolcano","country":"Chile","region":"South America","subregion":"Central Chile and Argentina","elevation_m":2360,"last_eruption":1872},"geometry":{"type":"Point","coordinates":[-71.7,-39.5]}},{"type":"Feature","properties":{"id":"357122","name":"Lanin","type":"Stratovolcano","country":"Chile-Argentina","region":"South America","subregion":"Central Chile and Argentina","elevation_m":3776,"last_eruption":560},"geometry":{"type":"Point","coordinates":[-71.5,-39.64]}},{"type":"Feature","properties":{"id":"357123","name":"Huanquihue Group","type":"Stratovolcano(es)","country":"Argentina","region":"South America","subregion":"Central Chile and Argentina","elevation_m":2189,"last_eruption":1750},"geometry":{"type":"Point","coordinates":[-71.58,-39.89]}},{"type":"Feature","properties":{"id":"357120","name":"Villarrica","type":"Stratovolcano","country":"Chile","region":"South America","subregion":"Central Chile and Argentina","elevation_m":2847,"last_eruption":2018},"geometry":{"type":"Point","coordinates":[-71.93,-39.42]}},{"type":"Feature","properties":{"id":"357130","name":"Mocho-Choshuenco","type":"Stratovolcano(es)","country":"Chile","region":"South America","subregion":"Central Chile and Argentina","elevation_m":2422,"last_eruption":1937},"geometry":{"type":"Point","coordinates":[-72.03,-39.93]}},{"type":"Feature","properties":{"id":"357140","name":"Carrán-Los Venados","type":"Pyroclastic cone(s)","country":"Chile","region":"South America","subregion":"Central Chile and Argentina","elevation_m":1114,"last_eruption":1979},"geometry":{"type":"Point","coordinates":[-72.07,-40.35]}},{"type":"Feature","properties":{"id":"357152","name":"Pantojo, Cerro","type":"Stratovolcano","country":"Chile-Argentina","region":"South America","subregion":"Central Chile and Argentina","elevation_m":1897,"last_eruption":null},"geometry":{"type":"Point","coordinates":[-71.94,-40.77]}},{"type":"Feature","properties":{"id":"357153","name":"Antillanca Group","type":"Stratovolcano(es)","country":"Chile","region":"South America","subregion":"Central Chile and Argentina","elevation_m":1990,"last_eruption":-230},"geometry":{"type":"Point","coordinates":[-72.15,-40.77]}},{"type":"Feature","properties":{"id":"357150","name":"Puyehue-Cordon Caulle","type":"Stratovolcano","country":"Chile","region":"South America","subregion":"Central Chile and Argentina","elevation_m":2236,"last_eruption":2012},"geometry":{"type":"Point","coordinates":[-72.12,-40.59]}},{"type":"Feature","properties":{"id":"357160","name":"Puntiagudo-Cordon Cenizos","type":"Stratovolcano","country":"Chile","region":"South America","subregion":"Central Chile and Argentina","elevation_m":2493,"last_eruption":1850},"geometry":{"type":"Point","coordinates":[-72.26,-40.97]}},{"type":"Feature","properties":{"id":"358011","name":"Tronador","type":"Stratovolcano","country":"Chile-Argentina","region":"South America","subregion":"Southern Chile and Argentina","elevation_m":3478,"last_eruption":null},"geometry":{"type":"Point","coordinates":[-71.89,-41.16]}},{"type":"Feature","properties":{"id":"358012","name":"Cayutue-La Vigueria","type":"Pyroclastic cone(s)","country":"Chile","region":"South America","subregion":"Southern Chile and Argentina","elevation_m":506,"last_eruption":-190},"geometry":{"type":"Point","coordinates":[-72.27,-41.25]}},{"type":"Feature","properties":{"id":"358010","name":"Osorno","type":"Stratovolcano","country":"Chile","region":"South America","subregion":"Southern Chile and Argentina","elevation_m":2659,"last_eruption":1869},"geometry":{"type":"Point","coordinates":[-72.5,-41.1]}},{"type":"Feature","properties":{"id":"358022","name":"Yate","type":"Stratovolcano","country":"Chile","region":"South America","subregion":"Southern Chile and Argentina","elevation_m":2187,"last_eruption":1090},"geometry":{"type":"Point","coordinates":[-72.4,-41.75]}},{"type":"Feature","properties":{"id":"358023","name":"Hornopiren","type":"Stratovolcano","country":"Chile","region":"South America","subregion":"Southern Chile and Argentina","elevation_m":1572,"last_eruption":340},"geometry":{"type":"Point","coordinates":[-72.43,-41.87]}},{"type":"Feature","properties":{"id":"358024","name":"Apagado","type":"Pyroclastic cone","country":"Chile","region":"South America","subregion":"Southern Chile and Argentina","elevation_m":1210,"last_eruption":-590},"geometry":{"type":"Point","coordinates":[-72.58,-41.88]}},{"type":"Feature","properties":{"id":"358025","name":"Crater Basalt Volcanic Field","type":"Pyroclastic cone(s)","country":"Argentina","region":"South America","subregion":"Southern Chile and Argentina","elevation_m":1344,"last_eruption":null},"geometry":{"type":"Point","coordinates":[-70.19,-42.02]}},{"type":"Feature","properties":{"id":"358020","name":"Calbuco","type":"Stratovolcano","country":"Chile","region":"South America","subregion":"Southern Chile and Argentina","elevation_m":1974,"last_eruption":2015},"geometry":{"type":"Point","coordinates":[-72.62,-41.33]}},{"type":"Feature","properties":{"id":"358030","name":"Huequi","type":"Lava dome(s)","country":"Chile","region":"South America","subregion":"Southern Chile and Argentina","elevation_m":1318,"last_eruption":1920},"geometry":{"type":"Point","coordinates":[-72.58,-42.38]}},{"type":"Feature","properties":{"id":"358041","name":"Chaiten","type":"Caldera","country":"Chile","region":"South America","subregion":"Southern Chile and Argentina","elevation_m":1122,"last_eruption":2011},"geometry":{"type":"Point","coordinates":[-72.65,-42.83]}},{"type":"Feature","properties":{"id":"358040","name":"Michinmahuida","type":"Stratovolcano","country":"Chile","region":"South America","subregion":"Southern Chile and Argentina","elevation_m":2452,"last_eruption":1835},"geometry":{"type":"Point","coordinates":[-72.44,-42.8]}},{"type":"Feature","properties":{"id":"358049","name":"Yanteles","type":"Stratovolcano(es)","country":"Chile","region":"South America","subregion":"Southern Chile and Argentina","elevation_m":2049,"last_eruption":-6650},"geometry":{"type":"Point","coordinates":[-72.81,-43.5]}},{"type":"Feature","properties":{"id":"358051","name":"Palena Volcanic Group","type":"Pyroclastic cone(s)","country":"Chile","region":"South America","subregion":"Southern Chile and Argentina","elevation_m":2991,"last_eruption":null},"geometry":{"type":"Point","coordinates":[-72.47,-43.78]}},{"type":"Feature","properties":{"id":"358052","name":"Melimoyu","type":"Stratovolcano","country":"Chile","region":"South America","subregion":"Southern Chile and Argentina","elevation_m":2400,"last_eruption":200},"geometry":{"type":"Point","coordinates":[-72.88,-44.08]}},{"type":"Feature","properties":{"id":"358053","name":"Puyuhuapi","type":"Pyroclastic cone(s)","country":"Chile","region":"South America","subregion":"Southern Chile and Argentina","elevation_m":524,"last_eruption":null},"geometry":{"type":"Point","coordinates":[-72.53,-44.3]}},{"type":"Feature","properties":{"id":"358054","name":"Mentolat","type":"Stratovolcano","country":"Chile","region":"South America","subregion":"Southern Chile and Argentina","elevation_m":1660,"last_eruption":1710},"geometry":{"type":"Point","coordinates":[-73.08,-44.7]}},{"type":"Feature","properties":{"id":"358055","name":"Cay","type":"Stratovolcano","country":"Chile","region":"South America","subregion":"Southern Chile and Argentina","elevation_m":2090,"last_eruption":null},"geometry":{"type":"Point","coordinates":[-72.98,-45.06]}},{"type":"Feature","properties":{"id":"358056","name":"Maca","type":"Stratovolcano","country":"Chile","region":"South America","subregion":"Southern Chile and Argentina","elevation_m":2960,"last_eruption":1560},"geometry":{"type":"Point","coordinates":[-73.17,-45.1]}},{"type":"Feature","properties":{"id":"358057","name":"Hudson, Cerro","type":"Stratovolcano","country":"Chile","region":"South America","subregion":"Southern Chile and Argentina","elevation_m":1905,"last_eruption":2011},"geometry":{"type":"Point","coordinates":[-72.97,-45.9]}},{"type":"Feature","properties":{"id":"358059","name":"Arenales","type":"Stratovolcano","country":"Chile","region":"South America","subregion":"Southern Chile and Argentina","elevation_m":3437,"last_eruption":1979},"geometry":{"type":"Point","coordinates":[-73.48,-47.2]}},{"type":"Feature","properties":{"id":"358050","name":"Corcovado","type":"Stratovolcano","country":"Chile","region":"South America","subregion":"Southern Chile and Argentina","elevation_m":1826,"last_eruption":-4920},"geometry":{"type":"Point","coordinates":[-72.79,-43.19]}},{"type":"Feature","properties":{"id":"358061","name":"Viedma","type":"Subglacial","country":"Argentina","region":"South America","subregion":"Southern Chile and Argentina","elevation_m":1500,"last_eruption":1988},"geometry":{"type":"Point","coordinates":[-73.28,-49.36]}},{"type":"Feature","properties":{"id":"358062","name":"Aguilera","type":"Stratovolcano","country":"Chile","region":"South America","subregion":"Southern Chile and Argentina","elevation_m":2546,"last_eruption":-1250},"geometry":{"type":"Point","coordinates":[-73.75,-50.33]}},{"type":"Feature","properties":{"id":"358063","name":"Reclus","type":"Pyroclastic cone","country":"Chile","region":"South America","subregion":"Southern Chile and Argentina","elevation_m":1000,"last_eruption":1908},"geometry":{"type":"Point","coordinates":[-73.58,-50.96]}},{"type":"Feature","properties":{"id":"358060","name":"Lautaro","type":"Stratovolcano","country":"Chile","region":"South America","subregion":"Southern Chile and Argentina","elevation_m":3607,"last_eruption":1979},"geometry":{"type":"Point","coordinates":[-73.55,-49.02]}},{"type":"Feature","properties":{"id":"358070","name":"Burney, Monte","type":"Stratovolcano","country":"Chile","region":"South America","subregion":"Southern Chile and Argentina","elevation_m":1758,"last_eruption":1910},"geometry":{"type":"Point","coordinates":[-73.4,-52.33]}},{"type":"Feature","properties":{"id":"358080","name":"Pali-Aike Volcanic Field","type":"Pyroclastic cone(s)","country":"Chile-Argentina","region":"South America","subregion":"Southern Chile and Argentina","elevation_m":282,"last_eruption":-5550},"geometry":{"type":"Point","coordinates":[-69.7,-52.08]}},{"type":"Feature","properties":{"id":"358090","name":"Fueguino","type":"Lava dome(s)","country":"Chile","region":"South America","subregion":"Southern Chile and Argentina","elevation_m":157,"last_eruption":1820},"geometry":{"type":"Point","coordinates":[-70.26,-54.97]}},{"type":"Feature","properties":{"id":"360010","name":"Saba","type":"Stratovolcano","country":"Netherlands","region":"West Indies","subregion":"West Indies","elevation_m":887,"last_eruption":1640},"geometry":{"type":"Point","coordinates":[-63.23,17.63]}},{"type":"Feature","properties":{"id":"360020","name":"Quill, The","type":"Stratovolcano","country":"Netherlands","region":"West Indies","subregion":"West Indies","elevation_m":601,"last_eruption":250},"geometry":{"type":"Point","coordinates":[-62.96,17.48]}},{"type":"Feature","properties":{"id":"360030","name":"Liamuiga","type":"Stratovolcano","country":"Saint Kitts and Nevis","region":"West Indies","subregion":"West Indies","elevation_m":1156,"last_eruption":160},"geometry":{"type":"Point","coordinates":[-62.8,17.37]}},{"type":"Feature","properties":{"id":"360040","name":"Nevis Peak","type":"Stratovolcano","country":"Saint Kitts and Nevis","region":"West Indies","subregion":"West Indies","elevation_m":985,"last_eruption":null},"geometry":{"type":"Point","coordinates":[-62.58,17.15]}},{"type":"Feature","properties":{"id":"360050","name":"Soufriere Hills","type":"Stratovolcano","country":"United Kingdom","region":"West Indies","subregion":"West Indies","elevation_m":915,"last_eruption":2013},"geometry":{"type":"Point","coordinates":[-62.18,16.72]}},{"type":"Feature","properties":{"id":"360060","name":"Soufriere Guadeloupe","type":"Stratovolcano","country":"France","region":"West Indies","subregion":"West Indies","elevation_m":1467,"last_eruption":1977},"geometry":{"type":"Point","coordinates":[-61.66,16.04]}},{"type":"Feature","properties":{"id":"360080","name":"Diables, Morne aux","type":"Lava dome(s)","country":"Dominica","region":"West Indies","subregion":"West Indies","elevation_m":861,"last_eruption":null},"geometry":{"type":"Point","coordinates":[-61.43,15.61]}},{"type":"Feature","properties":{"id":"360090","name":"Diablotins, Morne","type":"Stratovolcano","country":"Dominica","region":"West Indies","subregion":"West Indies","elevation_m":1430,"last_eruption":null},"geometry":{"type":"Point","coordinates":[-61.4,15.5]}},{"type":"Feature","properties":{"id":"360101","name":"Watt, Morne","type":"Stratovolcano(es)","country":"Dominica","region":"West Indies","subregion":"West Indies","elevation_m":1224,"last_eruption":1997},"geometry":{"type":"Point","coordinates":[-61.3,15.31]}},{"type":"Feature","properties":{"id":"360100","name":"Trois Pitons, Morne","type":"Complex","country":"Dominica","region":"West Indies","subregion":"West Indies","elevation_m":1387,"last_eruption":920},"geometry":{"type":"Point","coordinates":[-61.33,15.37]}},{"type":"Feature","properties":{"id":"360110","name":"Plat Pays, Morne","type":"Stratovolcano","country":"Dominica","region":"West Indies","subregion":"West Indies","elevation_m":940,"last_eruption":1270},"geometry":{"type":"Point","coordinates":[-61.34,15.26]}},{"type":"Feature","properties":{"id":"360120","name":"Pelee","type":"Stratovolcano","country":"France","region":"West Indies","subregion":"West Indies","elevation_m":1394,"last_eruption":1932},"geometry":{"type":"Point","coordinates":[-61.16,14.81]}},{"type":"Feature","properties":{"id":"360140","name":"Qualibou","type":"Caldera","country":"Saint Lucia","region":"West Indies","subregion":"West Indies","elevation_m":777,"last_eruption":1766},"geometry":{"type":"Point","coordinates":[-61.05,13.83]}},{"type":"Feature","properties":{"id":"360150","name":"Soufriere St. Vincent","type":"Stratovolcano","country":"Saint Vincent and the Grenadines","region":"West Indies","subregion":"West Indies","elevation_m":1220,"last_eruption":1979},"geometry":{"type":"Point","coordinates":[-61.18,13.33]}},{"type":"Feature","properties":{"id":"360160","name":"Kick 'em Jenny","type":"Submarine","country":"Grenada","region":"West Indies","subregion":"West Indies","elevation_m":-185,"last_eruption":2017},"geometry":{"type":"Point","coordinates":[-61.64,12.3]}},{"type":"Feature","properties":{"id":"360170","name":"St. Catherine","type":"Stratovolcano","country":"Grenada","region":"West Indies","subregion":"West Indies","elevation_m":840,"last_eruption":null},"geometry":{"type":"Point","coordinates":[-61.67,12.15]}},{"type":"Feature","properties":{"id":"370010","name":"Snaefellsjokull","type":"Stratovolcano","country":"Iceland","region":"Iceland and Arctic Ocean","subregion":"Iceland (western)","elevation_m":1446,"last_eruption":200},"geometry":{"type":"Point","coordinates":[-23.78,64.8]}},{"type":"Feature","properties":{"id":"370020","name":"Helgrindur","type":"Pyroclastic cone(s)","country":"Iceland","region":"Iceland and Arctic Ocean","subregion":"Iceland (western)","elevation_m":986,"last_eruption":null},"geometry":{"type":"Point","coordinates":[-23.28,64.87]}},{"type":"Feature","properties":{"id":"370030","name":"Ljosufjoll","type":"Fissure vent(s)","country":"Iceland","region":"Iceland and Arctic Ocean","subregion":"Iceland (western)","elevation_m":1063,"last_eruption":960},"geometry":{"type":"Point","coordinates":[-22.48,64.9]}},{"type":"Feature","properties":{"id":"371020","name":"Reykjanes","type":"Crater rows","country":"Iceland","region":"Iceland and Arctic Ocean","subregion":"Iceland (southwestern)","elevation_m":140,"last_eruption":1926},"geometry":{"type":"Point","coordinates":[-22.57,63.85]}},{"type":"Feature","properties":{"id":"371030","name":"Krysuvik","type":"Crater rows","country":"Iceland","region":"Iceland and Arctic Ocean","subregion":"Iceland (southwestern)","elevation_m":360,"last_eruption":1340},"geometry":{"type":"Point","coordinates":[-22.08,63.88]}},{"type":"Feature","properties":{"id":"371040","name":"Brennisteinsfjoll","type":"Crater rows","country":"Iceland","region":"Iceland and Arctic Ocean","subregion":"Iceland (southwestern)","elevation_m":610,"last_eruption":1341},"geometry":{"type":"Point","coordinates":[-21.78,63.93]}},{"type":"Feature","properties":{"id":"371051","name":"Hromundartindur","type":"Stratovolcano","country":"Iceland","region":"Iceland and Arctic Ocean","subregion":"Iceland (southwestern)","elevation_m":550,"last_eruption":null},"geometry":{"type":"Point","coordinates":[-21.33,64.08]}},{"type":"Feature","properties":{"id":"371050","name":"Hengill","type":"Crater rows","country":"Iceland","region":"Iceland and Arctic Ocean","subregion":"Iceland (southwestern)","elevation_m":803,"last_eruption":150},"geometry":{"type":"Point","coordinates":[-21.42,64.08]}},{"type":"Feature","properties":{"id":"371060","name":"Grimsnes","type":"Crater rows","country":"Iceland","region":"Iceland and Arctic Ocean","subregion":"Iceland (southwestern)","elevation_m":200,"last_eruption":-3500},"geometry":{"type":"Point","coordinates":[-20.88,64.05]}},{"type":"Feature","properties":{"id":"371070","name":"Prestahnukur","type":"Subglacial","country":"Iceland","region":"Iceland and Arctic Ocean","subregion":"Iceland (southwestern)","elevation_m":1385,"last_eruption":-3350},"geometry":{"type":"Point","coordinates":[-20.67,64.58]}},{"type":"Feature","properties":{"id":"371080","name":"Langjokull","type":"Subglacial","country":"Iceland","region":"Iceland and Arctic Ocean","subregion":"Iceland (southwestern)","elevation_m":1100,"last_eruption":950},"geometry":{"type":"Point","coordinates":[-19.7,64.85]}},{"type":"Feature","properties":{"id":"371090","name":"Hofsjokull","type":"Subglacial","country":"Iceland","region":"Iceland and Arctic Ocean","subregion":"Iceland (southwestern)","elevation_m":1765,"last_eruption":null},"geometry":{"type":"Point","coordinates":[-18.77,64.83]}},{"type":"Feature","properties":{"id":"372010","name":"Vestmannaeyjar","type":"Submarine","country":"Iceland","region":"Iceland and Arctic Ocean","subregion":"Iceland (southern)","elevation_m":283,"last_eruption":1973},"geometry":{"type":"Point","coordinates":[-20.27,63.42]}},{"type":"Feature","properties":{"id":"372020","name":"Eyjafjallajokull","type":"Stratovolcano","country":"Iceland","region":"Iceland and Arctic Ocean","subregion":"Iceland (southern)","elevation_m":1651,"last_eruption":2010},"geometry":{"type":"Point","coordinates":[-19.63,63.63]}},{"type":"Feature","properties":{"id":"372030","name":"Katla","type":"Subglacial","country":"Iceland","region":"Iceland and Arctic Ocean","subregion":"Iceland (southern)","elevation_m":1490,"last_eruption":1918},"geometry":{"type":"Point","coordinates":[-19.08,63.63]}},{"type":"Feature","properties":{"id":"372040","name":"Tindfjallajokull","type":"Stratovolcano","country":"Iceland","region":"Iceland and Arctic Ocean","subregion":"Iceland (southern)","elevation_m":1464,"last_eruption":null},"geometry":{"type":"Point","coordinates":[-19.72,63.78]}},{"type":"Feature","properties":{"id":"372050","name":"Torfajokull","type":"Stratovolcano","country":"Iceland","region":"Iceland and Arctic Ocean","subregion":"Iceland (southern)","elevation_m":1280,"last_eruption":1477},"geometry":{"type":"Point","coordinates":[-19.12,63.89]}},{"type":"Feature","properties":{"id":"372070","name":"Hekla","type":"Stratovolcano","country":"Iceland","region":"Iceland and Arctic Ocean","subregion":"Iceland (southern)","elevation_m":1490,"last_eruption":2000},"geometry":{"type":"Point","coordinates":[-19.67,63.98]}},{"type":"Feature","properties":{"id":"373010","name":"Grimsvotn","type":"Caldera","country":"Iceland","region":"Iceland and Arctic Ocean","subregion":"Iceland (northeastern)","elevation_m":1719,"last_eruption":2011},"geometry":{"type":"Point","coordinates":[-17.32,64.42]}},{"type":"Feature","properties":{"id":"373030","name":"Bardarbunga","type":"Stratovolcano","country":"Iceland","region":"Iceland and Arctic Ocean","subregion":"Iceland (northeastern)","elevation_m":2000,"last_eruption":2015},"geometry":{"type":"Point","coordinates":[-17.52,64.63]}},{"type":"Feature","properties":{"id":"373040","name":"Tungnafellsjokull","type":"Stratovolcano","country":"Iceland","region":"Iceland and Arctic Ocean","subregion":"Iceland (northeastern)","elevation_m":1523,"last_eruption":null},"geometry":{"type":"Point","coordinates":[-17.92,64.75]}},{"type":"Feature","properties":{"id":"373050","name":"Kverkfjoll","type":"Stratovolcano","country":"Iceland","region":"Iceland and Arctic Ocean","subregion":"Iceland (northeastern)","elevation_m":1930,"last_eruption":1968},"geometry":{"type":"Point","coordinates":[-16.65,64.65]}},{"type":"Feature","properties":{"id":"373060","name":"Askja","type":"Stratovolcano","country":"Iceland","region":"Iceland and Arctic Ocean","subregion":"Iceland (northeastern)","elevation_m":1080,"last_eruption":1961},"geometry":{"type":"Point","coordinates":[-16.78,65.03]}},{"type":"Feature","properties":{"id":"373070","name":"Fremrinamar","type":"Stratovolcano","country":"Iceland","region":"Iceland and Arctic Ocean","subregion":"Iceland (northeastern)","elevation_m":970,"last_eruption":-1200},"geometry":{"type":"Point","coordinates":[-16.67,65.42]}},{"type":"Feature","properties":{"id":"373080","name":"Krafla","type":"Caldera","country":"Iceland","region":"Iceland and Arctic Ocean","subregion":"Iceland (northeastern)","elevation_m":800,"last_eruption":1984},"geometry":{"type":"Point","coordinates":[-16.73,65.72]}},{"type":"Feature","properties":{"id":"373090","name":"Theistareykir","type":"Shield","country":"Iceland","region":"Iceland and Arctic Ocean","subregion":"Iceland (northeastern)","elevation_m":540,"last_eruption":-900},"geometry":{"type":"Point","coordinates":[-17.17,65.83]}},{"type":"Feature","properties":{"id":"373100","name":"Tjornes Fracture Zone","type":"Submarine","country":"Iceland","region":"Iceland and Arctic Ocean","subregion":"Iceland (northeastern)","elevation_m":-75,"last_eruption":1868},"geometry":{"type":"Point","coordinates":[-17.12,66.31]}},{"type":"Feature","properties":{"id":"374010","name":"Oraefajokull","type":"Stratovolcano","country":"Iceland","region":"Iceland and Arctic Ocean","subregion":"Iceland (southeastern)","elevation_m":2010,"last_eruption":1728},"geometry":{"type":"Point","coordinates":[-16.63,64.05]}},{"type":"Feature","properties":{"id":"374020","name":"Esjufjoll","type":"Stratovolcano","country":"Iceland","region":"Iceland and Arctic Ocean","subregion":"Iceland (southeastern)","elevation_m":1620,"last_eruption":null},"geometry":{"type":"Point","coordinates":[-16.58,64.25]}},{"type":"Feature","properties":{"id":"375010","name":"Kolbeinsey Ridge","type":"Submarine","country":"Iceland","region":"Iceland and Arctic Ocean","subregion":"North of Iceland","elevation_m":5,"last_eruption":1755},"geometry":{"type":"Point","coordinates":[-18.5,66.67]}},{"type":"Feature","properties":{"id":"376010","name":"Jan Mayen","type":"Stratovolcano","country":"Norway","region":"Iceland and Arctic Ocean","subregion":"Atlantic Ocean (Jan Mayen)","elevation_m":2085,"last_eruption":1985},"geometry":{"type":"Point","coordinates":[-8.15,71.09]}},{"type":"Feature","properties":{"id":"377020","name":"East Gakkel Ridge at 85°E","type":"Submarine","country":"Undersea Features","region":"Iceland and Arctic Ocean","subregion":"Arctic Ocean","elevation_m":-3800,"last_eruption":1999},"geometry":{"type":"Point","coordinates":[85.25,85.61]}},{"type":"Feature","properties":{"id":"381040","name":"Pico Fracture Zone","type":"Submarine","country":"Undersea Features","region":"Atlantic Ocean","subregion":"Atlantic Ocean (northern)","elevation_m":-4200,"last_eruption":1865},"geometry":{"type":"Point","coordinates":[-38.08,38.75]}},{"type":"Feature","properties":{"id":"382001","name":"Flores","type":"Stratovolcano(es)","country":"Portugal","region":"Atlantic Ocean","subregion":"Azores","elevation_m":914,"last_eruption":-950},"geometry":{"type":"Point","coordinates":[-31.22,39.46]}},{"type":"Feature","properties":{"id":"382002","name":"Corvo","type":"Stratovolcano","country":"Portugal","region":"Atlantic Ocean","subregion":"Azores","elevation_m":718,"last_eruption":null},"geometry":{"type":"Point","coordinates":[-31.11,39.7]}},{"type":"Feature","properties":{"id":"382010","name":"Fayal","type":"Stratovolcano","country":"Portugal","region":"Atlantic Ocean","subregion":"Azores","elevation_m":1043,"last_eruption":1958},"geometry":{"type":"Point","coordinates":[-28.73,38.6]}},{"type":"Feature","properties":{"id":"382020","name":"Pico","type":"Stratovolcano","country":"Portugal","region":"Atlantic Ocean","subregion":"Azores","elevation_m":2351,"last_eruption":1720},"geometry":{"type":"Point","coordinates":[-28.4,38.47]}},{"type":"Feature","properties":{"id":"382030","name":"San Jorge","type":"Fissure vent","country":"Portugal","region":"Atlantic Ocean","subregion":"Azores","elevation_m":1053,"last_eruption":1907},"geometry":{"type":"Point","coordinates":[-28.08,38.65]}},{"type":"Feature","properties":{"id":"382040","name":"Graciosa","type":"Stratovolcano","country":"Portugal","region":"Atlantic Ocean","subregion":"Azores","elevation_m":402,"last_eruption":-1950},"geometry":{"type":"Point","coordinates":[-27.97,39.02]}},{"type":"Feature","properties":{"id":"382050","name":"Terceira","type":"Stratovolcano(es)","country":"Portugal","region":"Atlantic Ocean","subregion":"Azores","elevation_m":1023,"last_eruption":2000},"geometry":{"type":"Point","coordinates":[-27.32,38.73]}},{"type":"Feature","properties":{"id":"382070","name":"Don Joao de Castro Bank","type":"Submarine","country":"Portugal","region":"Atlantic Ocean","subregion":"Azores","elevation_m":-13,"last_eruption":1720},"geometry":{"type":"Point","coordinates":[-26.63,38.23]}},{"type":"Feature","properties":{"id":"382081","name":"Picos Volcanic System","type":"Pyroclastic cone(s)","country":"Portugal","region":"Atlantic Ocean","subregion":"Azores","elevation_m":350,"last_eruption":1652},"geometry":{"type":"Point","coordinates":[-25.67,37.78]}},{"type":"Feature","properties":{"id":"382080","name":"Sete Cidades","type":"Stratovolcano","country":"Portugal","region":"Atlantic Ocean","subregion":"Azores","elevation_m":856,"last_eruption":1880},"geometry":{"type":"Point","coordinates":[-25.78,37.87]}},{"type":"Feature","properties":{"id":"382090","name":"Agua de Pau","type":"Stratovolcano","country":"Portugal","region":"Atlantic Ocean","subregion":"Azores","elevation_m":947,"last_eruption":1564},"geometry":{"type":"Point","coordinates":[-25.47,37.77]}},{"type":"Feature","properties":{"id":"382100","name":"Furnas","type":"Stratovolcano","country":"Portugal","region":"Atlantic Ocean","subregion":"Azores","elevation_m":805,"last_eruption":1630},"geometry":{"type":"Point","coordinates":[-25.32,37.77]}},{"type":"Feature","properties":{"id":"382110","name":"Monaco Bank","type":"Submarine","country":"Portugal","region":"Atlantic Ocean","subregion":"Azores","elevation_m":-197,"last_eruption":1911},"geometry":{"type":"Point","coordinates":[-25.88,37.6]}},{"type":"Feature","properties":{"id":"382120","name":"Madeira","type":"Shield","country":"Portugal","region":"Atlantic Ocean","subregion":"Azores","elevation_m":1862,"last_eruption":-4500},"geometry":{"type":"Point","coordinates":[-16.97,32.73]}},{"type":"Feature","properties":{"id":"383010","name":"La Palma","type":"Stratovolcano(es)","country":"Spain","region":"Atlantic Ocean","subregion":"Canary Islands","elevation_m":2426,"last_eruption":1971},"geometry":{"type":"Point","coordinates":[-17.83,28.57]}},{"type":"Feature","properties":{"id":"383020","name":"Hierro","type":"Shield","country":"Spain","region":"Atlantic Ocean","subregion":"Canary Islands","elevation_m":1500,"last_eruption":2012},"geometry":{"type":"Point","coordinates":[-18.03,27.73]}},{"type":"Feature","properties":{"id":"383030","name":"Tenerife","type":"Stratovolcano","country":"Spain","region":"Atlantic Ocean","subregion":"Canary Islands","elevation_m":3715,"last_eruption":1909},"geometry":{"type":"Point","coordinates":[-16.64,28.27]}},{"type":"Feature","properties":{"id":"383040","name":"Gran Canaria","type":"Fissure vent(s)","country":"Spain","region":"Atlantic Ocean","subregion":"Canary Islands","elevation_m":1950,"last_eruption":40},"geometry":{"type":"Point","coordinates":[-15.58,28]}},{"type":"Feature","properties":{"id":"383050","name":"Fuerteventura","type":"Fissure vent(s)","country":"Spain","region":"Atlantic Ocean","subregion":"Canary Islands","elevation_m":529,"last_eruption":null},"geometry":{"type":"Point","coordinates":[-14.02,28.36]}},{"type":"Feature","properties":{"id":"383060","name":"Lanzarote","type":"Fissure vent(s)","country":"Spain","region":"Atlantic Ocean","subregion":"Canary Islands","elevation_m":670,"last_eruption":1824},"geometry":{"type":"Point","coordinates":[-13.63,29.03]}},{"type":"Feature","properties":{"id":"384010","name":"Fogo","type":"Stratovolcano","country":"Cape Verde","region":"Atlantic Ocean","subregion":"Cape Verde Islands","elevation_m":2829,"last_eruption":2015},"geometry":{"type":"Point","coordinates":[-24.35,14.95]}},{"type":"Feature","properties":{"id":"384020","name":"Brava","type":"Stratovolcano","country":"Cape Verde","region":"Atlantic Ocean","subregion":"Cape Verde Islands","elevation_m":900,"last_eruption":null},"geometry":{"type":"Point","coordinates":[-24.72,14.85]}},{"type":"Feature","properties":{"id":"385030","name":"Romanche Fracture Zone","type":"Submarine","country":"Undersea Features","region":"Atlantic Ocean","subregion":"Atlantic Ocean (central)","elevation_m":-1528,"last_eruption":null},"geometry":{"type":"Point","coordinates":[-19.6,-0.43]}},{"type":"Feature","properties":{"id":"385050","name":"Ascension","type":"Stratovolcano","country":"United Kingdom","region":"Atlantic Ocean","subregion":"Atlantic Ocean (central)","elevation_m":858,"last_eruption":null},"geometry":{"type":"Point","coordinates":[-14.37,-7.95]}},{"type":"Feature","properties":{"id":"386011","name":"Nightingale Island","type":"Stratovolcano","country":"United Kingdom","region":"Atlantic Ocean","subregion":"Atlantic Ocean (southern)","elevation_m":365,"last_eruption":2004},"geometry":{"type":"Point","coordinates":[-12.48,-37.42]}},{"type":"Feature","properties":{"id":"386010","name":"Tristan da Cunha","type":"Shield","country":"United Kingdom","region":"Atlantic Ocean","subregion":"Atlantic Ocean (southern)","elevation_m":2060,"last_eruption":1962},"geometry":{"type":"Point","coordinates":[-12.28,-37.09]}},{"type":"Feature","properties":{"id":"386020","name":"Bouvet","type":"Shield","country":"Norway","region":"Atlantic Ocean","subregion":"Atlantic Ocean (southern)","elevation_m":741,"last_eruption":-50},"geometry":{"type":"Point","coordinates":[3.35,-54.41]}},{"type":"Feature","properties":{"id":"390011","name":"Young Island","type":"Stratovolcano","country":"Antarctica","region":"Antarctica","subregion":"Antarctica and South Sandwich Islands","elevation_m":1340,"last_eruption":null},"geometry":{"type":"Point","coordinates":[162.47,-66.42]}},{"type":"Feature","properties":{"id":"390012","name":"Sturge Island","type":"Stratovolcano","country":"Antarctica","region":"Antarctica","subregion":"Antarctica and South Sandwich Islands","elevation_m":1167,"last_eruption":null},"geometry":{"type":"Point","coordinates":[164.83,-67.4]}},{"type":"Feature","properties":{"id":"390013","name":"Pleiades, The","type":"Stratovolcano","country":"Antarctica","region":"Antarctica","subregion":"Antarctica and South Sandwich Islands","elevation_m":3040,"last_eruption":-1050},"geometry":{"type":"Point","coordinates":[165.5,-72.67]}},{"type":"Feature","properties":{"id":"390015","name":"Melbourne","type":"Stratovolcano","country":"Antarctica","region":"Antarctica","subregion":"Antarctica and South Sandwich Islands","elevation_m":2732,"last_eruption":1892},"geometry":{"type":"Point","coordinates":[164.7,-74.35]}},{"type":"Feature","properties":{"id":"390016","name":"Unnamed","type":"Submarine","country":"Antarctica","region":"Antarctica","subregion":"Antarctica and South Sandwich Islands","elevation_m":-500,"last_eruption":null},"geometry":{"type":"Point","coordinates":[163,-76.83]}},{"type":"Feature","properties":{"id":"390010","name":"Buckle Island","type":"Stratovolcano","country":"Antarctica","region":"Antarctica","subregion":"Antarctica and South Sandwich Islands","elevation_m":1239,"last_eruption":1899},"geometry":{"type":"Point","coordinates":[163.25,-66.78]}},{"type":"Feature","properties":{"id":"390017","name":"Morning","type":"Shield","country":"Antarctica","region":"Antarctica","subregion":"Antarctica and South Sandwich Islands","elevation_m":2723,"last_eruption":null},"geometry":{"type":"Point","coordinates":[163.53,-78.5]}},{"type":"Feature","properties":{"id":"390021","name":"Royal Society Range","type":"Pyroclastic cone(s)","country":"Antarctica","region":"Antarctica","subregion":"Antarctica and South Sandwich Islands","elevation_m":3000,"last_eruption":null},"geometry":{"type":"Point","coordinates":[163.33,-78.25]}},{"type":"Feature","properties":{"id":"390022","name":"Berlin","type":"Shield(s)","country":"Antarctica","region":"Antarctica","subregion":"Antarctica and South Sandwich Islands","elevation_m":3478,"last_eruption":-8350},"geometry":{"type":"Point","coordinates":[-136,-76.05]}},{"type":"Feature","properties":{"id":"390023","name":"Andrus","type":"Shield(s)","country":"Antarctica","region":"Antarctica","subregion":"Antarctica and South Sandwich Islands","elevation_m":2978,"last_eruption":null},"geometry":{"type":"Point","coordinates":[-132.33,-75.8]}},{"type":"Feature","properties":{"id":"390024","name":"Waesche","type":"Shield(s)","country":"Antarctica","region":"Antarctica","subregion":"Antarctica and South Sandwich Islands","elevation_m":3292,"last_eruption":null},"geometry":{"type":"Point","coordinates":[-126.88,-77.17]}},{"type":"Feature","properties":{"id":"390025","name":"Siple","type":"Shield","country":"Antarctica","region":"Antarctica","subregion":"Antarctica and South Sandwich Islands","elevation_m":3110,"last_eruption":null},"geometry":{"type":"Point","coordinates":[-126.67,-73.43]}},{"type":"Feature","properties":{"id":"390026","name":"Toney Mountain","type":"Shield","country":"Antarctica","region":"Antarctica","subregion":"Antarctica and South Sandwich Islands","elevation_m":3595,"last_eruption":null},"geometry":{"type":"Point","coordinates":[-115.83,-75.8]}},{"type":"Feature","properties":{"id":"390027","name":"Takahe","type":"Shield","country":"Antarctica","region":"Antarctica","subregion":"Antarctica and South Sandwich Islands","elevation_m":3460,"last_eruption":-5550},"geometry":{"type":"Point","coordinates":[-112.08,-76.28]}},{"type":"Feature","properties":{"id":"390028","name":"Hudson Mountains","type":"Stratovolcano(es)","country":"Antarctica","region":"Antarctica","subregion":"Antarctica and South Sandwich Islands","elevation_m":749,"last_eruption":-210},"geometry":{"type":"Point","coordinates":[-99.42,-74.33]}},{"type":"Feature","properties":{"id":"390029","name":"Peter I Island","type":"Shield","country":"Antarctica","region":"Antarctica","subregion":"Antarctica and South Sandwich Islands","elevation_m":1640,"last_eruption":null},"geometry":{"type":"Point","coordinates":[-90.58,-68.85]}},{"type":"Feature","properties":{"id":"390020","name":"Erebus","type":"Stratovolcano","country":"Antarctica","region":"Antarctica","subregion":"Antarctica and South Sandwich Islands","elevation_m":3794,"last_eruption":2018},"geometry":{"type":"Point","coordinates":[167.17,-77.53]}},{"type":"Feature","properties":{"id":"390031","name":"Penguin Island","type":"Stratovolcano","country":"Antarctica","region":"Antarctica","subregion":"Antarctica and South Sandwich Islands","elevation_m":180,"last_eruption":1905},"geometry":{"type":"Point","coordinates":[-57.93,-62.1]}},{"type":"Feature","properties":{"id":"390030","name":"Deception Island","type":"Caldera","country":"Antarctica","region":"Antarctica","subregion":"Antarctica and South Sandwich Islands","elevation_m":602,"last_eruption":1970},"geometry":{"type":"Point","coordinates":[-60.65,-63]}},{"type":"Feature","properties":{"id":"390041","name":"Paulet","type":"Pyroclastic cone","country":"Antarctica","region":"Antarctica","subregion":"Antarctica and South Sandwich Islands","elevation_m":353,"last_eruption":null},"geometry":{"type":"Point","coordinates":[-55.78,-63.58]}},{"type":"Feature","properties":{"id":"390040","name":"Bridgeman Island","type":"Stratovolcano","country":"Antarctica","region":"Antarctica","subregion":"Antarctica and South Sandwich Islands","elevation_m":240,"last_eruption":null},"geometry":{"type":"Point","coordinates":[-56.72,-62.06]}},{"type":"Feature","properties":{"id":"390050","name":"Seal Nunataks Group","type":"Pyroclastic cone(s)","country":"Antarctica","region":"Antarctica","subregion":"Antarctica and South Sandwich Islands","elevation_m":368,"last_eruption":null},"geometry":{"type":"Point","coordinates":[-60.05,-65.03]}},{"type":"Feature","properties":{"id":"390070","name":"Southern Thule","type":"Stratovolcano(es)","country":"United Kingdom","region":"Antarctica","subregion":"Antarctica and South Sandwich Islands","elevation_m":1075,"last_eruption":1975},"geometry":{"type":"Point","coordinates":[-27.22,-59.44]}},{"type":"Feature","properties":{"id":"390081","name":"Montagu Island","type":"Shield","country":"United Kingdom","region":"Antarctica","subregion":"Antarctica and South Sandwich Islands","elevation_m":1370,"last_eruption":2007},"geometry":{"type":"Point","coordinates":[-26.37,-58.44]}},{"type":"Feature","properties":{"id":"390080","name":"Bristol Island","type":"Stratovolcano","country":"United Kingdom","region":"Antarctica","subregion":"Antarctica and South Sandwich Islands","elevation_m":1100,"last_eruption":2016},"geometry":{"type":"Point","coordinates":[-26.53,-59.02]}},{"type":"Feature","properties":{"id":"390090","name":"Saunders","type":"Stratovolcano","country":"United Kingdom","region":"Antarctica","subregion":"Antarctica and South Sandwich Islands","elevation_m":843,"last_eruption":2015},"geometry":{"type":"Point","coordinates":[-26.48,-57.8]}},{"type":"Feature","properties":{"id":"390100","name":"Candlemas Island","type":"Stratovolcano","country":"United Kingdom","region":"Antarctica","subregion":"Antarctica and South Sandwich Islands","elevation_m":550,"last_eruption":1911},"geometry":{"type":"Point","coordinates":[-26.67,-57.08]}},{"type":"Feature","properties":{"id":"390110","name":"Hodson","type":"Stratovolcano","country":"United Kingdom","region":"Antarctica","subregion":"Antarctica and South Sandwich Islands","elevation_m":835,"last_eruption":null},"geometry":{"type":"Point","coordinates":[-27.18,-56.71]}},{"type":"Feature","properties":{"id":"390120","name":"Leskov Island","type":"Stratovolcano","country":"United Kingdom","region":"Antarctica","subregion":"Antarctica and South Sandwich Islands","elevation_m":190,"last_eruption":null},"geometry":{"type":"Point","coordinates":[-28.14,-56.66]}},{"type":"Feature","properties":{"id":"390130","name":"Zavodovski","type":"Stratovolcano","country":"United Kingdom","region":"Antarctica","subregion":"Antarctica and South Sandwich Islands","elevation_m":551,"last_eruption":2016},"geometry":{"type":"Point","coordinates":[-27.57,-56.3]}},{"type":"Feature","properties":{"id":"390140","name":"Protector Seamounts","type":"Submarine","country":"United Kingdom","region":"Antarctica","subregion":"Antarctica and South Sandwich Islands","elevation_m":-55,"last_eruption":1962},"geometry":{"type":"Point","coordinates":[-28.17,-55.91]}},{"type":"Feature","properties":{"id":"390847","name":"Melville","type":"Stratovolcano","country":"Antarctica","region":"Antarctica","subregion":"Antarctica and South Sandwich Islands","elevation_m":549,"last_eruption":null},"geometry":{"type":"Point","coordinates":[-57.67,-62.02]}},{"type":"Feature","properties":{"id":"390829","name":"James Ross Island","type":"Shield","country":"Antarctica","region":"Antarctica","subregion":"Antarctica and South Sandwich Islands","elevation_m":1630,"last_eruption":null},"geometry":{"type":"Point","coordinates":[-57.75,-64.15]}},{"type":"Feature","properties":{"id":"331032","name":"Jackson Segment","type":"Submarine","country":"Undersea Features","region":"Hawaii and Pacific Ocean","subregion":"Pacific Ocean (northern)","elevation_m":-3100,"last_eruption":null},"geometry":{"type":"Point","coordinates":[-127.05,42.15]}},{"type":"Feature","properties":{"id":"284193","name":"South Sarigan Seamount","type":"Submarine","country":"United States","region":"Japan, Taiwan, Marianas","subregion":"Izu, Volcano, and Mariana Islands","elevation_m":-184,"last_eruption":2010},"geometry":{"type":"Point","coordinates":[145.78,16.58]}},{"type":"Feature","properties":{"id":"385052","name":"Unnamed","type":"Submarine","country":"Undersea Features","region":"Atlantic Ocean","subregion":"Atlantic Ocean (central)","elevation_m":-1200,"last_eruption":2002},"geometry":{"type":"Point","coordinates":[-5.22,-32.96]}},{"type":"Feature","properties":{"id":"242005","name":"Havre Seamount","type":"Submarine","country":"New Zealand","region":"New Zealand to Fiji","subregion":"Kermadec Islands","elevation_m":-897,"last_eruption":2012},"geometry":{"type":"Point","coordinates":[-179.03,-31.08]}},{"type":"Feature","properties":{"id":"290072","name":"Odamoisan [Tebenkov]","type":"Stratovolcano","country":"Japan - administered by Russia","region":"Kuril Islands","subregion":"Kuril Islands","elevation_m":1208,"last_eruption":null},"geometry":{"type":"Point","coordinates":[147.92,45.03]}},{"type":"Feature","properties":{"id":"243140","name":"Niuatahi","type":"Caldera","country":"Tonga","region":"New Zealand to Fiji","subregion":"Tonga Islands","elevation_m":-1270,"last_eruption":null},"geometry":{"type":"Point","coordinates":[-174,-15.38]}},{"type":"Feature","properties":{"id":"285083","name":"Tenchozan","type":"Crater rows","country":"Japan","region":"Japan, Taiwan, Marianas","subregion":"Hokkaido","elevation_m":1046,"last_eruption":null},"geometry":{"type":"Point","coordinates":[145.09,44.04]}},{"type":"Feature","properties":{"id":"283069","name":"Akandanayama","type":"Stratovolcano","country":"Japan","region":"Japan, Taiwan, Marianas","subregion":"Honshu","elevation_m":2109,"last_eruption":null},"geometry":{"type":"Point","coordinates":[137.57,36.2]}},{"type":"Feature","properties":{"id":"243111","name":"Dugong","type":"Submarine","country":"Tonga","region":"New Zealand to Fiji","subregion":"Tonga Islands","elevation_m":-1170,"last_eruption":null},"geometry":{"type":"Point","coordinates":[-175.72,-15.43]}},{"type":"Feature","properties":{"id":"243112","name":"Lobster","type":"Submarine","country":"Tonga","region":"New Zealand to Fiji","subregion":"Tonga Islands","elevation_m":-1500,"last_eruption":null},"geometry":{"type":"Point","coordinates":[-176.28,-15.33]}},{"type":"Feature","properties":{"id":"358064","name":"Meullin","type":"Volcanic field","country":"Chile","region":"South America","subregion":"Southern Chile and Argentina","elevation_m":1080,"last_eruption":null},"geometry":{"type":"Point","coordinates":[-73.05,-45.22]}},{"type":"Feature","properties":{"id":"331005","name":"West Valley Segment","type":"Submarine","country":"Canada","region":"Hawaii and Pacific Ocean","subregion":"Pacific Ocean (northern)","elevation_m":-2550,"last_eruption":null},"geometry":{"type":"Point","coordinates":[-128.64,48.78]}},{"type":"Feature","properties":{"id":"331060","name":"East Blanco Depression","type":"Submarine","country":"Undersea Features","region":"Hawaii and Pacific Ocean","subregion":"Pacific Ocean (northern)","elevation_m":-3000,"last_eruption":null},"geometry":{"type":"Point","coordinates":[-129.88,44.27]}},{"type":"Feature","properties":{"id":"211080","name":"Marsili","type":"Submarine","country":"Italy","region":"Mediterranean and Western Asia","subregion":"Italy","elevation_m":-779,"last_eruption":-1050},"geometry":{"type":"Point","coordinates":[14.4,39.28]}},{"type":"Feature","properties":{"id":"284305","name":"Mariana Back-Arc Segment at 15.5°N","type":"Submarine","country":"United States","region":"Japan, Taiwan, Marianas","subregion":"Izu, Volcano, and Mariana Islands","elevation_m":-4100,"last_eruption":2015},"geometry":{"type":"Point","coordinates":[144.51,15.41]}}]}